
 ⛅️ wrangler 4.113.0
────────────────────
Your Worker has access to the following bindings:
Binding                                                            Resource                      Mode
env.TOURNAMENT_ROOMS (TournamentRoom)                              Durable Object                local
env.ONLINE_CAPACITY (OnlineCapacityCoordinator)                    Durable Object                local
env.CHALLENGE_DB (world-256-palestine-challenge)                   D1 Database                   local
env.ONLINE_ANALYTICS (world_256_online)                            Analytics Engine Dataset      local
env.ROOM_CREATE_LIMITER (6 requests/60s)                           Rate Limit                    local
env.ROOM_JOIN_LIMITER (20 requests/60s)                            Rate Limit                    local
env.ROOM_API_LIMITER (300 requests/60s)                            Rate Limit                    local
env.BUG_REPORT_LIMITER (5 requests/60s)                            Rate Limit                    local
env.CHALLENGE_AUTH_LIMITER (10 requests/60s)                       Rate Limit                    local
env.CHALLENGE_API_LIMITER (120 requests/60s)                       Rate Limit                    local
env.ASSETS                                                         Assets                        local
env.ONLINE_MODE_ENABLED ("true")                                   Environment Variable          local
env.ONLINE_MAX_ACTIVE_MATCHES ("64")                               Environment Variable          local

Wrangler detected this dev session is running in an AI agent.
The Local Explorer API is available at http://127.0.0.1:8793/cdn-cgi/explorer/api
Useful routes:
  GET http://127.0.0.1:8793/cdn-cgi/explorer/api - OpenAPI schema
  GET http://127.0.0.1:8793/cdn-cgi/explorer/api/d1/database - D1 databases
  GET http://127.0.0.1:8793/cdn-cgi/explorer/api/local/workers - local Workers and bindings
  GET http://127.0.0.1:8793/cdn-cgi/explorer/api/r2/buckets - R2 buckets
  GET http://127.0.0.1:8793/cdn-cgi/explorer/api/storage/kv/namespaces - KV namespaces
  GET http://127.0.0.1:8793/cdn-cgi/explorer/api/workers/durable_objects/namespaces - Durable Object namespaces
  GET http://127.0.0.1:8793/cdn-cgi/explorer/api/workflows - Workflows
⎔ Starting local server...
[wrangler:info] ✨ Parsed 3 valid header rules.
[wrangler:info] Ready on http://127.0.0.1:8793
{"type":"worker-request","timestamp":"2026-07-22T21:58:10.752Z","requestId":"630994c3-f4bf-4351-a51a-a7925517b529","method":"GET","route":"/api/challenge"}
{"type":"worker-request-complete","timestamp":"2026-07-22T21:58:10.888Z","requestId":"630994c3-f4bf-4351-a51a-a7925517b529","method":"GET","route":"/api/challenge","status":200,"elapsedMs":136}
[wrangler:info] GET /api/challenge 200 OK (150ms)
{"type":"worker-request","timestamp":"2026-07-22T21:58:10.922Z","requestId":"50d48428-e612-479a-aef3-8dbe28994f1a","method":"POST","route":"/api/challenge/register"}
{"type":"worker-request-complete","timestamp":"2026-07-22T21:58:11.217Z","requestId":"50d48428-e612-479a-aef3-8dbe28994f1a","method":"POST","route":"/api/challenge/register","status":201,"elapsedMs":295}
[wrangler:info] POST /api/challenge/register 201 Created (299ms)
{"type":"worker-request","timestamp":"2026-07-22T21:58:11.236Z","requestId":"97e42cc1-2d2c-450e-873b-f6657b6ff2b7","method":"POST","route":"/api/challenge/register"}
[wrangler:error] Error: That username is already taken.
    at register (file:///C:/Users/moham/Documents/256%20team%20wc%20tourney/challenge-service.mjs:143:63)
    at async Object.fetch (file:///C:/Users/moham/Documents/256%20team%20wc%20tourney/worker.mjs:70:22)
    at async jsonError (file:///C:/Users/moham/AppData/Local/npm-cache/_npx/32026684e21afda6/node_modules/wrangler/templates/middleware/middleware-miniflare3-json-error.ts:22:10)
    at async drainBody (file:///C:/Users/moham/AppData/Local/npm-cache/_npx/32026684e21afda6/node_modules/wrangler/templates/middleware/middleware-ensure-req-body-drained.ts:5:10)
[wrangler:info] POST /api/challenge/register 500 Internal Server Error (1775ms)
{"type":"worker-request","timestamp":"2026-07-22T21:58:22.015Z","requestId":"3aa63e60-f6e5-4784-9b69-dd34df294d20","method":"GET","route":"/api/challenge"}
{"type":"worker-request-complete","timestamp":"2026-07-22T21:58:22.025Z","requestId":"3aa63e60-f6e5-4784-9b69-dd34df294d20","method":"GET","route":"/api/challenge","status":200,"elapsedMs":10}
[wrangler:info] GET /api/challenge 200 OK (13ms)
⎔ Reloading local server...
[wrangler:info] ✨ Parsed 3 valid header rules.
⎔ Local server updated and ready
{"type":"worker-request","timestamp":"2026-07-22T21:58:45.092Z","requestId":"b4148d74-f46f-46cc-a816-d7dbf3c18d42","method":"GET","route":"/api/challenge"}
{"type":"worker-request-complete","timestamp":"2026-07-22T21:58:45.169Z","requestId":"b4148d74-f46f-46cc-a816-d7dbf3c18d42","method":"GET","route":"/api/challenge","status":200,"elapsedMs":77}
[wrangler:info] GET /api/challenge 200 OK (90ms)
{"type":"worker-request","timestamp":"2026-07-22T21:58:45.207Z","requestId":"31d7c3cf-63ec-481d-8bea-120991c7b984","method":"POST","route":"/api/challenge/register"}
{"type":"worker-request-complete","timestamp":"2026-07-22T21:58:45.625Z","requestId":"31d7c3cf-63ec-481d-8bea-120991c7b984","method":"POST","route":"/api/challenge/register","status":201,"elapsedMs":418}
[wrangler:info] POST /api/challenge/register 201 Created (428ms)
{"type":"worker-request","timestamp":"2026-07-22T21:58:45.638Z","requestId":"95085159-92ec-47a6-ba8d-d7218ae4c5b0","method":"POST","route":"/api/challenge/register"}
{"type":"worker-request-complete","timestamp":"2026-07-22T21:58:46.198Z","requestId":"95085159-92ec-47a6-ba8d-d7218ae4c5b0","method":"POST","route":"/api/challenge/register","status":409,"elapsedMs":560}
[wrangler:info] POST /api/challenge/register 409 Conflict (571ms)
{"type":"worker-request","timestamp":"2026-07-22T21:58:46.211Z","requestId":"b487cdda-f3dd-417f-ae7e-07d91e9eb1a7","method":"GET","route":"/api/challenge"}
{"type":"worker-request-complete","timestamp":"2026-07-22T21:58:46.243Z","requestId":"b487cdda-f3dd-417f-ae7e-07d91e9eb1a7","method":"GET","route":"/api/challenge","status":200,"elapsedMs":32}
[wrangler:info] GET /api/challenge 200 OK (35ms)
{"type":"worker-request","timestamp":"2026-07-22T21:58:46.248Z","requestId":"77c2a8f7-7a18-4caa-bad3-3305b050711c","method":"POST","route":"/api/challenge/runs"}
{"type":"worker-request-complete","timestamp":"2026-07-22T21:58:46.254Z","requestId":"77c2a8f7-7a18-4caa-bad3-3305b050711c","method":"POST","route":"/api/challenge/runs","status":403,"elapsedMs":6}
[wrangler:info] POST /api/challenge/runs 403 Forbidden (9ms)
{"type":"worker-request","timestamp":"2026-07-22T21:58:46.273Z","requestId":"466d98f6-f807-490d-9aff-d31eaef921ab","method":"POST","route":"/api/challenge/runs"}
{"type":"worker-request-complete","timestamp":"2026-07-22T21:58:46.526Z","requestId":"466d98f6-f807-490d-9aff-d31eaef921ab","method":"POST","route":"/api/challenge/runs","status":201,"elapsedMs":253}
[wrangler:info] POST /api/challenge/runs 201 Created (270ms)
{"type":"worker-request","timestamp":"2026-07-22T21:58:46.545Z","requestId":"9bd30d1b-dac9-407d-a7bf-ade004268347","method":"POST","route":"/api/challenge/runs"}
{"type":"worker-request-complete","timestamp":"2026-07-22T21:58:46.589Z","requestId":"9bd30d1b-dac9-407d-a7bf-ade004268347","method":"POST","route":"/api/challenge/runs","status":200,"elapsedMs":44}
[wrangler:info] POST /api/challenge/runs 200 OK (60ms)
{"type":"worker-request","timestamp":"2026-07-22T21:58:46.604Z","requestId":"eb9fbffb-2fbb-4fee-a885-f53d1ab25563","method":"POST","route":"/api/challenge/runs"}
{"type":"worker-request-complete","timestamp":"2026-07-22T21:58:46.625Z","requestId":"eb9fbffb-2fbb-4fee-a885-f53d1ab25563","method":"POST","route":"/api/challenge/runs","status":200,"elapsedMs":21}
[wrangler:info] POST /api/challenge/runs 200 OK (33ms)
{"type":"worker-request","timestamp":"2026-07-22T21:58:46.633Z","requestId":"c003f97c-fd14-4a17-9c5b-291ebcfb4077","method":"POST","route":"/api/challenge/runs/a443903f-4a5d-49d9-b478-f55219e59e60/play"}
{"type":"worker-request-complete","timestamp":"2026-07-22T21:58:46.660Z","requestId":"c003f97c-fd14-4a17-9c5b-291ebcfb4077","method":"POST","route":"/api/challenge/runs/a443903f-4a5d-49d9-b478-f55219e59e60/play","status":200,"elapsedMs":27}
[wrangler:info] POST /api/challenge/runs/a443903f-4a5d-49d9-b478-f55219e59e60/play 200 OK (32ms)
{"type":"worker-request","timestamp":"2026-07-22T21:58:46.665Z","requestId":"5e30ee69-d5c4-4728-8fcb-95aaf52f8572","method":"POST","route":"/api/challenge/logout"}
{"type":"worker-request-complete","timestamp":"2026-07-22T21:58:46.671Z","requestId":"5e30ee69-d5c4-4728-8fcb-95aaf52f8572","method":"POST","route":"/api/challenge/logout","status":200,"elapsedMs":6}
[wrangler:info] POST /api/challenge/logout 200 OK (10ms)
{"type":"worker-request","timestamp":"2026-07-22T21:58:46.675Z","requestId":"1a874056-45e9-449d-b05c-d08aa8bb4d2e","method":"GET","route":"/api/challenge"}
{"type":"worker-request-complete","timestamp":"2026-07-22T21:58:46.679Z","requestId":"1a874056-45e9-449d-b05c-d08aa8bb4d2e","method":"GET","route":"/api/challenge","status":200,"elapsedMs":4}
[wrangler:info] GET /api/challenge 200 OK (7ms)
{"type":"worker-request","timestamp":"2026-07-22T21:58:46.685Z","requestId":"43e42a55-89aa-4037-a620-6fd6d6cddb3b","method":"POST","route":"/api/challenge/login"}
{"type":"worker-request-complete","timestamp":"2026-07-22T21:58:46.813Z","requestId":"43e42a55-89aa-4037-a620-6fd6d6cddb3b","method":"POST","route":"/api/challenge/login","status":401,"elapsedMs":128}
[wrangler:info] POST /api/challenge/login 401 Unauthorized (132ms)
{"type":"worker-request","timestamp":"2026-07-22T21:58:46.821Z","requestId":"6055ab7e-f175-4513-9fb7-5cc8438eada4","method":"POST","route":"/api/challenge/login"}
{"type":"worker-request-complete","timestamp":"2026-07-22T21:58:46.960Z","requestId":"6055ab7e-f175-4513-9fb7-5cc8438eada4","method":"POST","route":"/api/challenge/login","status":200,"elapsedMs":139}
[wrangler:info] POST /api/challenge/login 200 OK (145ms)
{"type":"worker-request","timestamp":"2026-07-22T21:59:30.049Z","requestId":"d53e63be-e2b3-46a7-bfb1-f512cbb18724","method":"GET","route":"/palestine-challenge"}
{"type":"worker-request-complete","timestamp":"2026-07-22T21:59:30.077Z","requestId":"d53e63be-e2b3-46a7-bfb1-f512cbb18724","method":"GET","route":"/palestine-challenge","status":200,"elapsedMs":28}
[wrangler:info] GET /palestine-challenge 200 OK (32ms)
[wrangler:info] GET /clean.css 200 OK (23ms)
[wrangler:info] GET /data.js 200 OK (40ms)
[wrangler:info] GET /app.js 200 OK (120ms)
[wrangler:info] GET /styles.css 304 Not Modified (129ms)
[wrangler:info] GET /challenge.js 200 OK (162ms)
[wrangler:info] GET /legacy-data/catalog.generated.js 200 OK (53ms)
[wrangler:info] GET /player-pools.generated.js 200 OK (209ms)
[wrangler:info] GET /simulation-engine.js 304 Not Modified (111ms)
[wrangler:info] GET /presentation-engine.js 304 Not Modified (105ms)
[wrangler:info] GET /redirect.js 304 Not Modified (34ms)
[wrangler:info] GET /assets/flags/belarus.svg 200 OK (8ms)
{"type":"worker-request","timestamp":"2026-07-22T21:59:30.655Z","requestId":"4c82a698-8fa9-43e8-86b9-d5e75b17d5da","method":"GET","route":"/api/challenge"}
{"type":"worker-request-complete","timestamp":"2026-07-22T21:59:30.664Z","requestId":"4c82a698-8fa9-43e8-86b9-d5e75b17d5da","method":"GET","route":"/api/challenge","status":200,"elapsedMs":9}
[wrangler:info] GET /api/challenge 200 OK (12ms)
⎔ Reloading local server...
[wrangler:info] ✨ Parsed 3 valid header rules.
⎔ Local server updated and ready
⎔ Reloading local server...
[wrangler:info] ✨ Parsed 3 valid header rules.
⎔ Local server updated and ready
{"type":"worker-request","timestamp":"2026-07-22T22:01:36.006Z","requestId":"64a0768b-386b-4e36-9dd5-9a9fa3cf184b","method":"GET","route":"/palestine-challenge"}
{"type":"worker-request-complete","timestamp":"2026-07-22T22:01:36.035Z","requestId":"64a0768b-386b-4e36-9dd5-9a9fa3cf184b","method":"GET","route":"/palestine-challenge","status":200,"elapsedMs":29}
[wrangler:info] GET /palestine-challenge 200 OK (37ms)
[wrangler:info] GET /redirect.js 200 OK (18ms)
[wrangler:info] GET /styles.css 200 OK (27ms)
[wrangler:info] GET /clean.css 200 OK (42ms)
[wrangler:info] GET /player-pools.generated.js 200 OK (83ms)
[wrangler:info] GET /data.js 200 OK (111ms)
[wrangler:info] GET /presentation-engine.js 200 OK (138ms)
[wrangler:info] GET /simulation-engine.js 200 OK (166ms)
[wrangler:info] GET /legacy-data/catalog.generated.js 200 OK (30ms)
[wrangler:info] GET /app.js 200 OK (112ms)
[wrangler:info] GET /challenge.js 200 OK (142ms)
[wrangler:info] GET /assets/flags/belarus.svg 200 OK (13ms)
{"type":"worker-request","timestamp":"2026-07-22T22:01:37.432Z","requestId":"a875c81d-3200-4fbf-ade1-7ee3db97f2d7","method":"GET","route":"/api/challenge"}
{"type":"worker-request-complete","timestamp":"2026-07-22T22:01:37.466Z","requestId":"a875c81d-3200-4fbf-ade1-7ee3db97f2d7","method":"GET","route":"/api/challenge","status":200,"elapsedMs":34}
[wrangler:info] GET /api/challenge 200 OK (38ms)
{"type":"worker-request","timestamp":"2026-07-22T22:01:39.432Z","requestId":"a971ace1-67fe-4b7a-88a2-b48a462cba97","method":"GET","route":"/palestine-challenge"}
{"type":"worker-request-complete","timestamp":"2026-07-22T22:01:39.434Z","requestId":"a971ace1-67fe-4b7a-88a2-b48a462cba97","method":"GET","route":"/palestine-challenge","status":200,"elapsedMs":2}
[wrangler:info] GET /palestine-challenge 200 OK (7ms)
[wrangler:info] GET /redirect.js 200 OK (5ms)
[wrangler:info] GET /styles.css 200 OK (8ms)
[wrangler:info] GET /clean.css 200 OK (10ms)
[wrangler:info] GET /player-pools.generated.js 200 OK (14ms)
[wrangler:info] GET /data.js 200 OK (19ms)
[wrangler:info] GET /presentation-engine.js 200 OK (23ms)
[wrangler:info] GET /simulation-engine.js 200 OK (29ms)
[wrangler:info] GET /legacy-data/catalog.generated.js 200 OK (25ms)
[wrangler:info] GET /challenge.js 200 OK (4ms)
[wrangler:info] GET /app.js 200 OK (9ms)
[wrangler:info] GET /assets/flags/belarus.svg 200 OK (5ms)
{"type":"worker-request","timestamp":"2026-07-22T22:01:39.706Z","requestId":"f6c9f083-78df-44e1-9695-45f76e8d37a2","method":"GET","route":"/api/challenge"}
{"type":"worker-request-complete","timestamp":"2026-07-22T22:01:39.714Z","requestId":"f6c9f083-78df-44e1-9695-45f76e8d37a2","method":"GET","route":"/api/challenge","status":200,"elapsedMs":8}
[wrangler:info] GET /api/challenge 200 OK (12ms)
{"type":"worker-request","timestamp":"2026-07-22T22:01:41.465Z","requestId":"abcb5cac-3c90-4963-8a82-fcafb7a527af","method":"GET","route":"/palestine-challenge"}
{"type":"worker-request-complete","timestamp":"2026-07-22T22:01:41.467Z","requestId":"abcb5cac-3c90-4963-8a82-fcafb7a527af","method":"GET","route":"/palestine-challenge","status":200,"elapsedMs":2}
[wrangler:info] GET /palestine-challenge 200 OK (6ms)
[wrangler:info] GET /redirect.js 200 OK (9ms)
[wrangler:info] GET /styles.css 200 OK (12ms)
[wrangler:info] GET /clean.css 200 OK (12ms)
[wrangler:info] GET /player-pools.generated.js 200 OK (16ms)
[wrangler:info] GET /data.js 200 OK (21ms)
[wrangler:info] GET /presentation-engine.js 200 OK (26ms)
[wrangler:info] GET /simulation-engine.js 200 OK (34ms)
[wrangler:info] GET /legacy-data/catalog.generated.js 200 OK (17ms)
[wrangler:info] GET /challenge.js 200 OK (30ms)
[wrangler:info] GET /app.js 200 OK (46ms)
[wrangler:info] GET /assets/flags/belarus.svg 200 OK (6ms)
{"type":"worker-request","timestamp":"2026-07-22T22:01:41.898Z","requestId":"e04880eb-acd4-47fc-b099-42a3fe43e95c","method":"GET","route":"/api/challenge"}
{"type":"worker-request-complete","timestamp":"2026-07-22T22:01:41.903Z","requestId":"e04880eb-acd4-47fc-b099-42a3fe43e95c","method":"GET","route":"/api/challenge","status":200,"elapsedMs":5}
[wrangler:info] GET /api/challenge 200 OK (8ms)
⎔ Reloading local server...
[wrangler:info] ✨ Parsed 3 valid header rules.
⎔ Local server updated and ready
⎔ Reloading local server...
[wrangler:info] ✨ Parsed 3 valid header rules.
⎔ Local server updated and ready
⎔ Reloading local server...
[wrangler:info] ✨ Parsed 3 valid header rules.
⎔ Local server updated and ready
⎔ Reloading local server...
[wrangler:info] ✨ Parsed 3 valid header rules.
⎔ Local server updated and ready
{"type":"worker-request","timestamp":"2026-07-22T22:04:24.296Z","requestId":"9184cc3e-56b4-4aee-95b0-4c5750dc6ea9","method":"GET","route":"/api/challenge"}
{"type":"worker-request-complete","timestamp":"2026-07-22T22:04:24.372Z","requestId":"9184cc3e-56b4-4aee-95b0-4c5750dc6ea9","method":"GET","route":"/api/challenge","status":200,"elapsedMs":76}
[wrangler:info] GET /api/challenge 200 OK (85ms)
{"type":"worker-request","timestamp":"2026-07-22T22:04:24.412Z","requestId":"2b6269f2-ba62-48c2-9264-a75122beadeb","method":"POST","route":"/api/challenge/register"}
{"type":"worker-request-complete","timestamp":"2026-07-22T22:04:24.734Z","requestId":"2b6269f2-ba62-48c2-9264-a75122beadeb","method":"POST","route":"/api/challenge/register","status":201,"elapsedMs":322}
[wrangler:info] POST /api/challenge/register 201 Created (325ms)
{"type":"worker-request","timestamp":"2026-07-22T22:04:24.742Z","requestId":"036c160b-729c-4fda-8b32-3e90b1510c9c","method":"POST","route":"/api/challenge/register"}
{"type":"worker-request-complete","timestamp":"2026-07-22T22:04:25.388Z","requestId":"036c160b-729c-4fda-8b32-3e90b1510c9c","method":"POST","route":"/api/challenge/register","status":409,"elapsedMs":646}
[wrangler:info] POST /api/challenge/register 409 Conflict (650ms)
{"type":"worker-request","timestamp":"2026-07-22T22:04:25.393Z","requestId":"9e311af3-c92c-4c96-a27f-c93cd60118c8","method":"GET","route":"/api/challenge"}
{"type":"worker-request-complete","timestamp":"2026-07-22T22:04:25.425Z","requestId":"9e311af3-c92c-4c96-a27f-c93cd60118c8","method":"GET","route":"/api/challenge","status":200,"elapsedMs":32}
[wrangler:info] GET /api/challenge 200 OK (35ms)
{"type":"worker-request","timestamp":"2026-07-22T22:04:25.430Z","requestId":"e7cd826d-6ffd-444e-863f-0d9846cfa3a5","method":"POST","route":"/api/challenge/runs"}
{"type":"worker-request-complete","timestamp":"2026-07-22T22:04:25.461Z","requestId":"e7cd826d-6ffd-444e-863f-0d9846cfa3a5","method":"POST","route":"/api/challenge/runs","status":403,"elapsedMs":31}
[wrangler:info] POST /api/challenge/runs 403 Forbidden (33ms)
{"type":"worker-request","timestamp":"2026-07-22T22:04:25.474Z","requestId":"d91bf20d-7ff1-4f95-9826-1c6cdc0afba5","method":"POST","route":"/api/challenge/runs"}
{"type":"worker-request-complete","timestamp":"2026-07-22T22:04:25.502Z","requestId":"d91bf20d-7ff1-4f95-9826-1c6cdc0afba5","method":"POST","route":"/api/challenge/runs","status":201,"elapsedMs":28}
[wrangler:info] POST /api/challenge/runs 201 Created (41ms)
{"type":"worker-request","timestamp":"2026-07-22T22:04:25.514Z","requestId":"04d72228-62cb-4eb5-a3d1-95cdd3663dd6","method":"POST","route":"/api/challenge/runs"}
{"type":"worker-request-complete","timestamp":"2026-07-22T22:04:25.534Z","requestId":"04d72228-62cb-4eb5-a3d1-95cdd3663dd6","method":"POST","route":"/api/challenge/runs","status":200,"elapsedMs":19}
[wrangler:info] POST /api/challenge/runs 200 OK (24ms)
{"type":"worker-request","timestamp":"2026-07-22T22:04:25.546Z","requestId":"53e084cd-aeab-4498-b04c-c48949e61bcb","method":"POST","route":"/api/challenge/runs"}
{"type":"worker-request-complete","timestamp":"2026-07-22T22:04:25.583Z","requestId":"53e084cd-aeab-4498-b04c-c48949e61bcb","method":"POST","route":"/api/challenge/runs","status":200,"elapsedMs":37}
[wrangler:info] POST /api/challenge/runs 200 OK (46ms)
{"type":"worker-request","timestamp":"2026-07-22T22:04:25.590Z","requestId":"842884bc-c12b-4df3-adf5-58603c8238a6","method":"POST","route":"/api/challenge/runs/fd83be05-8e9c-41c6-b854-3dd987e3a901/play"}
{"type":"worker-request-complete","timestamp":"2026-07-22T22:04:25.697Z","requestId":"842884bc-c12b-4df3-adf5-58603c8238a6","method":"POST","route":"/api/challenge/runs/fd83be05-8e9c-41c6-b854-3dd987e3a901/play","status":200,"elapsedMs":107}
[wrangler:info] POST /api/challenge/runs/fd83be05-8e9c-41c6-b854-3dd987e3a901/play 200 OK (110ms)
{"type":"worker-request","timestamp":"2026-07-22T22:04:25.702Z","requestId":"c1ba93b8-1efc-466d-b648-fb10e87e43d2","method":"POST","route":"/api/challenge/runs/fd83be05-8e9c-41c6-b854-3dd987e3a901/play"}
{"type":"worker-request-complete","timestamp":"2026-07-22T22:04:25.753Z","requestId":"c1ba93b8-1efc-466d-b648-fb10e87e43d2","method":"POST","route":"/api/challenge/runs/fd83be05-8e9c-41c6-b854-3dd987e3a901/play","status":429,"elapsedMs":51}
[wrangler:info] POST /api/challenge/runs/fd83be05-8e9c-41c6-b854-3dd987e3a901/play 429 Too Many Requests (60ms)
{"type":"worker-request","timestamp":"2026-07-22T22:04:25.763Z","requestId":"eaac4aec-8ac7-4dbc-9bc2-b7ef2ea67ffc","method":"POST","route":"/api/challenge/logout"}
{"type":"worker-request-complete","timestamp":"2026-07-22T22:04:25.776Z","requestId":"eaac4aec-8ac7-4dbc-9bc2-b7ef2ea67ffc","method":"POST","route":"/api/challenge/logout","status":200,"elapsedMs":13}
[wrangler:info] POST /api/challenge/logout 200 OK (15ms)
{"type":"worker-request","timestamp":"2026-07-22T22:04:25.780Z","requestId":"a00336b3-af06-4834-bdbc-81f8860f5b09","method":"GET","route":"/api/challenge"}
{"type":"worker-request-complete","timestamp":"2026-07-22T22:04:25.784Z","requestId":"a00336b3-af06-4834-bdbc-81f8860f5b09","method":"GET","route":"/api/challenge","status":200,"elapsedMs":4}
{"type":"worker-request","timestamp":"2026-07-22T22:04:25.789Z","requestId":"23569a30-988c-402a-8ac4-a3c2f4d44523","method":"POST","route":"/api/challenge/login"}
[wrangler:info] GET /api/challenge 200 OK (6ms)
{"type":"worker-request-complete","timestamp":"2026-07-22T22:04:26.111Z","requestId":"23569a30-988c-402a-8ac4-a3c2f4d44523","method":"POST","route":"/api/challenge/login","status":401,"elapsedMs":322}
{"type":"worker-request","timestamp":"2026-07-22T22:04:26.115Z","requestId":"e9bab026-80f5-4453-95de-e026a06a1fe6","method":"POST","route":"/api/challenge/login"}
[wrangler:info] POST /api/challenge/login 401 Unauthorized (325ms)
{"type":"worker-request-complete","timestamp":"2026-07-22T22:04:26.372Z","requestId":"e9bab026-80f5-4453-95de-e026a06a1fe6","method":"POST","route":"/api/challenge/login","status":200,"elapsedMs":257}
[wrangler:info] POST /api/challenge/login 200 OK (260ms)
{"type":"worker-request","timestamp":"2026-07-22T22:06:03.008Z","requestId":"92c788c6-01b0-4bcc-a020-ea2568f2a78c","method":"GET","route":"/palestine-challenge"}
{"type":"worker-request-complete","timestamp":"2026-07-22T22:06:03.056Z","requestId":"92c788c6-01b0-4bcc-a020-ea2568f2a78c","method":"GET","route":"/palestine-challenge","status":200,"elapsedMs":48}
[wrangler:info] GET /palestine-challenge 200 OK (53ms)
[wrangler:info] GET /redirect.js 200 OK (22ms)
[wrangler:info] GET /styles.css 200 OK (53ms)
[wrangler:info] GET /clean.css 200 OK (80ms)
[wrangler:info] GET /assets/flags/palestine.svg 200 OK (98ms)
[wrangler:info] GET /player-pools.generated.js 200 OK (278ms)
[wrangler:info] GET /presentation-engine.js 200 OK (310ms)
[wrangler:info] GET /data.js 200 OK (353ms)
[wrangler:info] GET /simulation-engine.js 200 OK (94ms)
[wrangler:info] GET /app.js 200 OK (200ms)
[wrangler:info] GET /legacy-data/catalog.generated.js 200 OK (223ms)
[wrangler:info] GET /challenge.js 200 OK (164ms)
[wrangler:info] GET /assets/flags/belarus.svg 200 OK (11ms)
{"type":"worker-request","timestamp":"2026-07-22T22:06:03.878Z","requestId":"f84bb5e5-f64e-4069-9462-2f16a63fb276","method":"GET","route":"/api/challenge"}
{"type":"worker-request-complete","timestamp":"2026-07-22T22:06:03.894Z","requestId":"f84bb5e5-f64e-4069-9462-2f16a63fb276","method":"GET","route":"/api/challenge","status":200,"elapsedMs":16}
[wrangler:info] GET /api/challenge 200 OK (19ms)
{"type":"worker-request","timestamp":"2026-07-22T22:06:06.345Z","requestId":"9cfcc64f-3ee5-4ff6-8ac7-6c37ac434ae2","method":"GET","route":"/palestine-challenge"}
{"type":"worker-request-complete","timestamp":"2026-07-22T22:06:06.347Z","requestId":"9cfcc64f-3ee5-4ff6-8ac7-6c37ac434ae2","method":"GET","route":"/palestine-challenge","status":200,"elapsedMs":2}
[wrangler:info] GET /palestine-challenge 200 OK (7ms)
[wrangler:info] GET /redirect.js 200 OK (6ms)
[wrangler:info] GET /styles.css 200 OK (4ms)
[wrangler:info] GET /clean.css 200 OK (5ms)
[wrangler:info] GET /assets/flags/palestine.svg 200 OK (9ms)
[wrangler:info] GET /player-pools.generated.js 200 OK (13ms)
[wrangler:info] GET /data.js 200 OK (13ms)
[wrangler:info] GET /presentation-engine.js 200 OK (15ms)
[wrangler:info] GET /simulation-engine.js 200 OK (10ms)
[wrangler:info] GET /legacy-data/catalog.generated.js 200 OK (13ms)
[wrangler:info] GET /challenge.js 200 OK (10ms)
[wrangler:info] GET /app.js 200 OK (12ms)
[wrangler:info] GET /assets/flags/belarus.svg 200 OK (5ms)
{"type":"worker-request","timestamp":"2026-07-22T22:06:06.685Z","requestId":"4a1a04c4-3996-4816-a445-5780f409ee19","method":"GET","route":"/api/challenge"}
{"type":"worker-request-complete","timestamp":"2026-07-22T22:06:06.698Z","requestId":"4a1a04c4-3996-4816-a445-5780f409ee19","method":"GET","route":"/api/challenge","status":200,"elapsedMs":13}
[wrangler:info] GET /api/challenge 200 OK (16ms)
{"type":"worker-request","timestamp":"2026-07-22T22:06:08.021Z","requestId":"5fb045ea-24df-483b-ace7-45ab07fcd002","method":"GET","route":"/palestine-challenge"}
{"type":"worker-request-complete","timestamp":"2026-07-22T22:06:08.026Z","requestId":"5fb045ea-24df-483b-ace7-45ab07fcd002","method":"GET","route":"/palestine-challenge","status":200,"elapsedMs":5}
[wrangler:info] GET /palestine-challenge 200 OK (13ms)
[wrangler:info] GET /redirect.js 200 OK (4ms)
[wrangler:info] GET /styles.css 200 OK (24ms)
[wrangler:info] GET /clean.css 200 OK (33ms)
[wrangler:info] GET /assets/flags/palestine.svg 200 OK (34ms)
[wrangler:info] GET /player-pools.generated.js 200 OK (27ms)
[wrangler:info] GET /data.js 200 OK (34ms)
[wrangler:info] GET /presentation-engine.js 200 OK (37ms)
[wrangler:info] GET /simulation-engine.js 200 OK (21ms)
[wrangler:info] GET /legacy-data/catalog.generated.js 200 OK (32ms)
[wrangler:info] GET /app.js 200 OK (36ms)
[wrangler:info] GET /challenge.js 200 OK (32ms)
[wrangler:info] GET /assets/flags/belarus.svg 200 OK (5ms)
{"type":"worker-request","timestamp":"2026-07-22T22:06:08.460Z","requestId":"6eb9ac5a-ba9f-4b4c-9773-1fe6f17636be","method":"GET","route":"/api/challenge"}
{"type":"worker-request-complete","timestamp":"2026-07-22T22:06:08.475Z","requestId":"6eb9ac5a-ba9f-4b4c-9773-1fe6f17636be","method":"GET","route":"/api/challenge","status":200,"elapsedMs":15}
[wrangler:info] GET /api/challenge 200 OK (18ms)
⎔ Reloading local server...
[wrangler:info] ✨ Parsed 3 valid header rules.
⎔ Local server updated and ready
⎔ Reloading local server...
[wrangler:info] ✨ Parsed 3 valid header rules.
⎔ Local server updated and ready
⎔ Reloading local server...
[wrangler:info] ✨ Parsed 3 valid header rules.
⎔ Local server updated and ready
{"type":"worker-request","timestamp":"2026-07-22T22:08:00.089Z","requestId":"13169539-427f-4136-93c9-0f4a66786654","method":"GET","route":"/palestine-challenge"}
{"type":"worker-request-complete","timestamp":"2026-07-22T22:08:00.231Z","requestId":"13169539-427f-4136-93c9-0f4a66786654","method":"GET","route":"/palestine-challenge","status":200,"elapsedMs":142}
[wrangler:info] GET /palestine-challenge 200 OK (179ms)
[wrangler:info] GET /redirect.js 200 OK (32ms)
[wrangler:info] GET /styles.css 200 OK (61ms)
[wrangler:info] GET /clean.css 200 OK (105ms)
[wrangler:info] GET /assets/flags/palestine.svg 200 OK (131ms)
[wrangler:info] GET /player-pools.generated.js 200 OK (301ms)
[wrangler:info] GET /presentation-engine.js 200 OK (415ms)
[wrangler:info] GET /data.js 200 OK (534ms)
[wrangler:info] GET /simulation-engine.js 200 OK (126ms)
[wrangler:info] GET /app.js 200 OK (323ms)
[wrangler:info] GET /legacy-data/catalog.generated.js 200 OK (416ms)
[wrangler:info] GET /challenge.js 200 OK (492ms)
[wrangler:info] GET /assets/flags/belarus.svg 200 OK (30ms)
{"type":"worker-request","timestamp":"2026-07-22T22:08:01.875Z","requestId":"fa4bcdd7-82c7-45c0-b135-0edcf406e56b","method":"GET","route":"/api/challenge"}
{"type":"worker-request-complete","timestamp":"2026-07-22T22:08:01.987Z","requestId":"fa4bcdd7-82c7-45c0-b135-0edcf406e56b","method":"GET","route":"/api/challenge","status":200,"elapsedMs":112}
[wrangler:info] GET /api/challenge 200 OK (155ms)
{"type":"worker-request","timestamp":"2026-07-22T22:08:05.238Z","requestId":"9e27ba8e-c1ac-444d-aa8f-609949f20b62","method":"GET","route":"/palestine-challenge"}
{"type":"worker-request-complete","timestamp":"2026-07-22T22:08:05.240Z","requestId":"9e27ba8e-c1ac-444d-aa8f-609949f20b62","method":"GET","route":"/palestine-challenge","status":200,"elapsedMs":2}
[wrangler:info] GET /palestine-challenge 200 OK (8ms)
[wrangler:info] GET /redirect.js 200 OK (16ms)
[wrangler:info] GET /clean.css 200 OK (15ms)
[wrangler:info] GET /styles.css 200 OK (14ms)
[wrangler:info] GET /assets/flags/palestine.svg 200 OK (14ms)
[wrangler:info] GET /player-pools.generated.js 200 OK (24ms)
[wrangler:info] GET /data.js 200 OK (30ms)
[wrangler:info] GET /presentation-engine.js 200 OK (35ms)
[wrangler:info] GET /simulation-engine.js 200 OK (39ms)
[wrangler:info] GET /legacy-data/catalog.generated.js 200 OK (38ms)
[wrangler:info] GET /challenge.js 200 OK (28ms)
[wrangler:info] GET /app.js 200 OK (38ms)
[wrangler:info] GET /assets/flags/belarus.svg 200 OK (7ms)
{"type":"worker-request","timestamp":"2026-07-22T22:08:05.683Z","requestId":"ffa302f7-2412-4f97-a088-eabb1465d64c","method":"GET","route":"/api/challenge"}
{"type":"worker-request-complete","timestamp":"2026-07-22T22:08:05.711Z","requestId":"ffa302f7-2412-4f97-a088-eabb1465d64c","method":"GET","route":"/api/challenge","status":200,"elapsedMs":28}
[wrangler:info] GET /api/challenge 200 OK (32ms)
⎔ Reloading local server...
[wrangler:info] ✨ Parsed 3 valid header rules.
⎔ Local server updated and ready
⎔ Reloading local server...
[wrangler:info] ✨ Parsed 3 valid header rules.
⎔ Local server updated and ready
{"type":"worker-request","timestamp":"2026-07-22T22:20:51.923Z","requestId":"6bd270b6-d00c-4468-9cf3-077bdbd7e178","method":"GET","route":"/"}
{"type":"worker-request-complete","timestamp":"2026-07-22T22:20:52.010Z","requestId":"6bd270b6-d00c-4468-9cf3-077bdbd7e178","method":"GET","route":"/","status":200,"elapsedMs":87}
[wrangler:info] GET / 200 OK (99ms)
[wrangler:info] GET /redirect.js 200 OK (13ms)
[wrangler:info] GET /styles.css 200 OK (30ms)
[wrangler:info] GET /clean.css 200 OK (51ms)
[wrangler:info] GET /data.js 200 OK (72ms)
[wrangler:info] GET /assets/flags/palestine.svg 200 OK (109ms)
[wrangler:info] GET /player-pools.generated.js 200 OK (275ms)
[wrangler:info] GET /presentation-engine.js 200 OK (351ms)
[wrangler:info] GET /simulation-engine.js 200 OK (367ms)
[wrangler:info] GET /legacy-data/catalog.generated.js 200 OK (106ms)
[wrangler:info] GET /app.js 200 OK (342ms)
[wrangler:info] GET /challenge.js 200 OK (413ms)
[wrangler:info] GET /assets/flags/belarus.svg 200 OK (9ms)
{"type":"worker-request","timestamp":"2026-07-22T22:20:55.773Z","requestId":"87638b88-d2d0-48db-821c-bdf2bf99fd4f","method":"GET","route":"/"}
{"type":"worker-request-complete","timestamp":"2026-07-22T22:20:55.774Z","requestId":"87638b88-d2d0-48db-821c-bdf2bf99fd4f","method":"GET","route":"/","status":200,"elapsedMs":1}
[wrangler:info] GET / 200 OK (4ms)
[wrangler:info] GET /redirect.js 200 OK (5ms)
[wrangler:info] GET /styles.css 200 OK (21ms)
[wrangler:info] GET /clean.css 200 OK (15ms)
[wrangler:info] GET /assets/flags/palestine.svg 200 OK (16ms)
[wrangler:info] GET /player-pools.generated.js 200 OK (21ms)
[wrangler:info] GET /data.js 200 OK (31ms)
[wrangler:info] GET /presentation-engine.js 200 OK (29ms)
[wrangler:info] GET /simulation-engine.js 200 OK (31ms)
[wrangler:info] GET /challenge.js 200 OK (16ms)
[wrangler:info] GET /app.js 200 OK (24ms)
[wrangler:info] GET /legacy-data/catalog.generated.js 200 OK (40ms)
[wrangler:info] GET /assets/flags/belarus.svg 200 OK (5ms)
⎔ Reloading local server...
[wrangler:info] ✨ Parsed 3 valid header rules.
⎔ Local server updated and ready
⎔ Reloading local server...
[wrangler:info] ✨ Parsed 3 valid header rules.
⎔ Local server updated and ready
⎔ Reloading local server...
[wrangler:info] ✨ Parsed 3 valid header rules.
⎔ Local server updated and ready
⎔ Reloading local server...
[wrangler:info] ✨ Parsed 3 valid header rules.
⎔ Local server updated and ready
⎔ Reloading local server...
[wrangler:info] ✨ Parsed 3 valid header rules.
⎔ Local server updated and ready
{"type":"worker-request","timestamp":"2026-07-22T22:28:49.437Z","requestId":"9a4e3fbb-1cda-4864-a33d-39d1facf8996","method":"GET","route":"/api/challenge"}
{"type":"worker-request-complete","timestamp":"2026-07-22T22:28:49.517Z","requestId":"9a4e3fbb-1cda-4864-a33d-39d1facf8996","method":"GET","route":"/api/challenge","status":200,"elapsedMs":80}
[wrangler:info] GET /api/challenge 200 OK (90ms)
{"type":"worker-request","timestamp":"2026-07-22T22:28:49.566Z","requestId":"07568401-6d4c-4d32-98b1-1eef832b272f","method":"GET","route":"/api/challenge/google/start"}
{"type":"worker-request-complete","timestamp":"2026-07-22T22:28:49.568Z","requestId":"07568401-6d4c-4d32-98b1-1eef832b272f","method":"GET","route":"/api/challenge/google/start","status":503,"elapsedMs":2}
[wrangler:info] GET /api/challenge/google/start 503 Service Unavailable (6ms)
{"type":"worker-request","timestamp":"2026-07-22T22:28:49.598Z","requestId":"d80362e2-ae1c-4736-92b5-1c9f5cfb90d6","method":"POST","route":"/api/challenge/register"}
{"type":"worker-request-complete","timestamp":"2026-07-22T22:28:49.832Z","requestId":"d80362e2-ae1c-4736-92b5-1c9f5cfb90d6","method":"POST","route":"/api/challenge/register","status":201,"elapsedMs":234}
[wrangler:info] POST /api/challenge/register 201 Created (239ms)
{"type":"worker-request","timestamp":"2026-07-22T22:28:49.844Z","requestId":"be8e5a46-957f-4665-a15e-d74de14e074d","method":"POST","route":"/api/challenge/register"}
{"type":"worker-request-complete","timestamp":"2026-07-22T22:28:50.248Z","requestId":"be8e5a46-957f-4665-a15e-d74de14e074d","method":"POST","route":"/api/challenge/register","status":409,"elapsedMs":404}
[wrangler:info] POST /api/challenge/register 409 Conflict (414ms)
{"type":"worker-request","timestamp":"2026-07-22T22:28:50.255Z","requestId":"d8b5d6db-4900-4ee1-8cfc-22202c3dd52f","method":"GET","route":"/api/challenge"}
{"type":"worker-request-complete","timestamp":"2026-07-22T22:28:50.325Z","requestId":"d8b5d6db-4900-4ee1-8cfc-22202c3dd52f","method":"GET","route":"/api/challenge","status":200,"elapsedMs":70}
[wrangler:info] GET /api/challenge 200 OK (79ms)
{"type":"worker-request","timestamp":"2026-07-22T22:28:50.336Z","requestId":"b2e1504b-e884-44cb-8d37-cb69c237db52","method":"POST","route":"/api/challenge/runs"}
{"type":"worker-request-complete","timestamp":"2026-07-22T22:28:50.361Z","requestId":"b2e1504b-e884-44cb-8d37-cb69c237db52","method":"POST","route":"/api/challenge/runs","status":403,"elapsedMs":25}
[wrangler:info] POST /api/challenge/runs 403 Forbidden (27ms)
{"type":"worker-request","timestamp":"2026-07-22T22:28:50.366Z","requestId":"8fb26d36-a1b0-4104-908a-e5479c061162","method":"POST","route":"/api/challenge/runs"}
{"type":"worker-request-complete","timestamp":"2026-07-22T22:28:50.392Z","requestId":"8fb26d36-a1b0-4104-908a-e5479c061162","method":"POST","route":"/api/challenge/runs","status":201,"elapsedMs":26}
[wrangler:info] POST /api/challenge/runs 201 Created (28ms)
{"type":"worker-request","timestamp":"2026-07-22T22:28:50.397Z","requestId":"1175feb3-ba28-4598-9799-ffdbebfad6db","method":"POST","route":"/api/challenge/runs"}
{"type":"worker-request-complete","timestamp":"2026-07-22T22:28:50.409Z","requestId":"1175feb3-ba28-4598-9799-ffdbebfad6db","method":"POST","route":"/api/challenge/runs","status":200,"elapsedMs":12}
[wrangler:info] POST /api/challenge/runs 200 OK (15ms)
{"type":"worker-request","timestamp":"2026-07-22T22:28:50.415Z","requestId":"9fbfd6ed-3832-4b8d-8f2f-379aafe2d098","method":"POST","route":"/api/challenge/runs"}
{"type":"worker-request-complete","timestamp":"2026-07-22T22:28:50.436Z","requestId":"9fbfd6ed-3832-4b8d-8f2f-379aafe2d098","method":"POST","route":"/api/challenge/runs","status":200,"elapsedMs":21}
[wrangler:info] POST /api/challenge/runs 200 OK (25ms)
{"type":"worker-request","timestamp":"2026-07-22T22:28:50.442Z","requestId":"f4370d30-3005-4466-b248-d4d0e11dd262","method":"POST","route":"/api/challenge/runs/54586d4d-a0b2-47be-9b41-b5cf6710e872/play"}
{"type":"worker-request-complete","timestamp":"2026-07-22T22:28:50.548Z","requestId":"f4370d30-3005-4466-b248-d4d0e11dd262","method":"POST","route":"/api/challenge/runs/54586d4d-a0b2-47be-9b41-b5cf6710e872/play","status":200,"elapsedMs":106}
[wrangler:info] POST /api/challenge/runs/54586d4d-a0b2-47be-9b41-b5cf6710e872/play 200 OK (111ms)
{"type":"worker-request","timestamp":"2026-07-22T22:28:50.562Z","requestId":"6f87f917-5583-438f-b032-e98ed9985849","method":"POST","route":"/api/challenge/logout"}
{"type":"worker-request-complete","timestamp":"2026-07-22T22:28:50.568Z","requestId":"6f87f917-5583-438f-b032-e98ed9985849","method":"POST","route":"/api/challenge/logout","status":200,"elapsedMs":6}
[wrangler:info] POST /api/challenge/logout 200 OK (9ms)
{"type":"worker-request","timestamp":"2026-07-22T22:28:50.572Z","requestId":"8d3d1904-7eb2-4b3b-b518-8109076822a6","method":"GET","route":"/api/challenge"}
{"type":"worker-request-complete","timestamp":"2026-07-22T22:28:50.576Z","requestId":"8d3d1904-7eb2-4b3b-b518-8109076822a6","method":"GET","route":"/api/challenge","status":200,"elapsedMs":4}
[wrangler:info] GET /api/challenge 200 OK (7ms)
{"type":"worker-request","timestamp":"2026-07-22T22:28:50.581Z","requestId":"59b60470-e5e0-4097-a124-a3622f033e7e","method":"POST","route":"/api/challenge/login"}
{"type":"worker-request-complete","timestamp":"2026-07-22T22:28:51.066Z","requestId":"59b60470-e5e0-4097-a124-a3622f033e7e","method":"POST","route":"/api/challenge/login","status":401,"elapsedMs":485}
[wrangler:info] POST /api/challenge/login 401 Unauthorized (489ms)
{"type":"worker-request","timestamp":"2026-07-22T22:28:51.077Z","requestId":"faaee8c1-8e5d-4cd9-863c-897269273484","method":"POST","route":"/api/challenge/login"}
{"type":"worker-request-complete","timestamp":"2026-07-22T22:28:51.443Z","requestId":"faaee8c1-8e5d-4cd9-863c-897269273484","method":"POST","route":"/api/challenge/login","status":200,"elapsedMs":366}
[wrangler:info] POST /api/challenge/login 200 OK (369ms)
{"type":"worker-request","timestamp":"2026-07-22T22:29:18.950Z","requestId":"26d05bce-725e-434b-88b0-d7b5b7c937e2","method":"GET","route":"/"}
{"type":"worker-request-complete","timestamp":"2026-07-22T22:29:18.978Z","requestId":"26d05bce-725e-434b-88b0-d7b5b7c937e2","method":"GET","route":"/","status":200,"elapsedMs":28}
[wrangler:info] GET / 200 OK (34ms)
[wrangler:info] GET /redirect.js 200 OK (10ms)
[wrangler:info] GET /styles.css 200 OK (21ms)
[wrangler:info] GET /clean.css 200 OK (32ms)
[wrangler:info] GET /assets/flags/palestine.svg 200 OK (38ms)
[wrangler:info] GET /data.js 200 OK (55ms)
[wrangler:info] GET /player-pools.generated.js 200 OK (116ms)
[wrangler:info] GET /presentation-engine.js 200 OK (144ms)
[wrangler:info] GET /legacy-data/catalog.generated.js 200 OK (31ms)
[wrangler:info] GET /simulation-engine.js 200 OK (91ms)
[wrangler:info] GET /app.js 200 OK (212ms)
[wrangler:info] GET /challenge.js 200 OK (218ms)
[wrangler:info] GET /assets/flags/belarus.svg 200 OK (6ms)
{"type":"worker-request","timestamp":"2026-07-22T22:29:19.590Z","requestId":"ff6be0a1-3e07-4fb3-88d3-425472fbfc72","method":"GET","route":"/api/challenge"}
{"type":"worker-request-complete","timestamp":"2026-07-22T22:29:19.608Z","requestId":"ff6be0a1-3e07-4fb3-88d3-425472fbfc72","method":"GET","route":"/api/challenge","status":200,"elapsedMs":18}
[wrangler:info] GET /api/challenge 200 OK (22ms)
{"type":"worker-request","timestamp":"2026-07-22T22:29:20.697Z","requestId":"8435aa14-4c4d-4774-ba6c-e45688ef96d4","method":"GET","route":"/"}
{"type":"worker-request-complete","timestamp":"2026-07-22T22:29:20.699Z","requestId":"8435aa14-4c4d-4774-ba6c-e45688ef96d4","method":"GET","route":"/","status":200,"elapsedMs":2}
[wrangler:info] GET / 200 OK (6ms)
[wrangler:info] GET /redirect.js 200 OK (6ms)
[wrangler:info] GET /styles.css 200 OK (6ms)
[wrangler:info] GET /clean.css 200 OK (8ms)
[wrangler:info] GET /assets/flags/palestine.svg 200 OK (12ms)
[wrangler:info] GET /player-pools.generated.js 200 OK (16ms)
[wrangler:info] GET /data.js 200 OK (9ms)
[wrangler:info] GET /presentation-engine.js 200 OK (11ms)
[wrangler:info] GET /legacy-data/catalog.generated.js 200 OK (10ms)
[wrangler:info] GET /simulation-engine.js 200 OK (14ms)
[wrangler:info] GET /app.js 200 OK (12ms)
[wrangler:info] GET /challenge.js 200 OK (15ms)
{"type":"worker-request","timestamp":"2026-07-22T22:29:20.976Z","requestId":"7fb9b97d-e366-4e5d-a4f9-8e3f7c890f07","method":"GET","route":"/api/challenge"}
[wrangler:info] GET /assets/flags/belarus.svg 200 OK (12ms)
{"type":"worker-request-complete","timestamp":"2026-07-22T22:29:20.987Z","requestId":"7fb9b97d-e366-4e5d-a4f9-8e3f7c890f07","method":"GET","route":"/api/challenge","status":200,"elapsedMs":11}
[wrangler:info] GET /api/challenge 200 OK (17ms)
⎔ Reloading local server...
[wrangler:info] ✨ Parsed 3 valid header rules.
⎔ Local server updated and ready
⎔ Reloading local server...
[wrangler:info] ✨ Parsed 3 valid header rules.
⎔ Local server updated and ready
{"type":"worker-request","timestamp":"2026-07-22T22:30:40.429Z","requestId":"611cb119-5ac9-4aee-bf8b-e9f962ee0f8e","method":"GET","route":"/"}
{"type":"worker-request-complete","timestamp":"2026-07-22T22:30:40.460Z","requestId":"611cb119-5ac9-4aee-bf8b-e9f962ee0f8e","method":"GET","route":"/","status":200,"elapsedMs":31}
[wrangler:info] GET / 200 OK (47ms)
[wrangler:info] GET /redirect.js 200 OK (20ms)
[wrangler:info] GET /styles.css 200 OK (21ms)
[wrangler:info] GET /clean.css 200 OK (28ms)
[wrangler:info] GET /assets/flags/palestine.svg 200 OK (37ms)
[wrangler:info] GET /player-pools.generated.js 200 OK (38ms)
[wrangler:info] GET /data.js 200 OK (31ms)
[wrangler:info] GET /presentation-engine.js 200 OK (52ms)
[wrangler:info] GET /simulation-engine.js 200 OK (39ms)
[wrangler:info] GET /legacy-data/catalog.generated.js 200 OK (48ms)
[wrangler:info] GET /app.js 200 OK (55ms)
[wrangler:info] GET /challenge.js 200 OK (81ms)
[wrangler:info] GET /assets/flags/belarus.svg 200 OK (6ms)
{"type":"worker-request","timestamp":"2026-07-22T22:30:40.943Z","requestId":"11f67d32-e520-48fa-a0d4-d4ab812089ac","method":"GET","route":"/api/challenge"}
{"type":"worker-request-complete","timestamp":"2026-07-22T22:30:41.039Z","requestId":"11f67d32-e520-48fa-a0d4-d4ab812089ac","method":"GET","route":"/api/challenge","status":200,"elapsedMs":96}
[wrangler:info] GET /api/challenge 200 OK (124ms)
{"type":"worker-request","timestamp":"2026-07-22T22:30:44.137Z","requestId":"eab5fe31-265d-456f-aada-bb1ba1e05d31","method":"POST","route":"/api/challenge/register"}
{"type":"worker-request-complete","timestamp":"2026-07-22T22:30:44.509Z","requestId":"eab5fe31-265d-456f-aada-bb1ba1e05d31","method":"POST","route":"/api/challenge/register","status":201,"elapsedMs":372}
[wrangler:info] POST /api/challenge/register 201 Created (375ms)
{"type":"worker-request","timestamp":"2026-07-22T22:30:44.525Z","requestId":"b2ae89aa-ea01-49d8-ada5-08331ec69d1d","method":"GET","route":"/api/challenge"}
{"type":"worker-request-complete","timestamp":"2026-07-22T22:30:44.599Z","requestId":"b2ae89aa-ea01-49d8-ada5-08331ec69d1d","method":"GET","route":"/api/challenge","status":200,"elapsedMs":73}
[wrangler:info] GET /api/challenge 200 OK (76ms)
⎔ Reloading local server...
[wrangler:info] ✨ Parsed 3 valid header rules.
⎔ Local server updated and ready
⎔ Reloading local server...
[wrangler:info] ✨ Parsed 3 valid header rules.
⎔ Local server updated and ready
⎔ Reloading local server...
[wrangler:info] ✨ Parsed 3 valid header rules.
⎔ Local server updated and ready
⎔ Reloading local server...
[wrangler:info] ✨ Parsed 3 valid header rules.
⎔ Local server updated and ready
⎔ Reloading local server...
[wrangler:info] ✨ Parsed 3 valid header rules.
⎔ Local server updated and ready
{"type":"worker-request","timestamp":"2026-07-22T22:31:54.106Z","requestId":"2d1cc837-5338-43c5-acc6-a335fb80b5fa","method":"GET","route":"/api/challenge"}
{"type":"worker-request-complete","timestamp":"2026-07-22T22:31:54.172Z","requestId":"2d1cc837-5338-43c5-acc6-a335fb80b5fa","method":"GET","route":"/api/challenge","status":200,"elapsedMs":66}
[wrangler:info] GET /api/challenge 200 OK (77ms)
{"type":"worker-request","timestamp":"2026-07-22T22:31:54.192Z","requestId":"537256a6-7dae-4158-884f-3d5013fcd68a","method":"GET","route":"/api/challenge/google/start"}
{"type":"worker-request-complete","timestamp":"2026-07-22T22:31:54.193Z","requestId":"537256a6-7dae-4158-884f-3d5013fcd68a","method":"GET","route":"/api/challenge/google/start","status":503,"elapsedMs":1}
[wrangler:info] GET /api/challenge/google/start 503 Service Unavailable (4ms)
{"type":"worker-request","timestamp":"2026-07-22T22:31:54.205Z","requestId":"fea77ca3-ef75-4966-babd-66ba4f2909ca","method":"POST","route":"/api/challenge/register"}
{"type":"worker-request-complete","timestamp":"2026-07-22T22:31:54.404Z","requestId":"fea77ca3-ef75-4966-babd-66ba4f2909ca","method":"POST","route":"/api/challenge/register","status":201,"elapsedMs":199}
[wrangler:info] POST /api/challenge/register 201 Created (203ms)
{"type":"worker-request","timestamp":"2026-07-22T22:31:54.412Z","requestId":"ee4d7d63-04be-419d-a83d-f453567124c9","method":"POST","route":"/api/challenge/register"}
{"type":"worker-request-complete","timestamp":"2026-07-22T22:31:54.632Z","requestId":"ee4d7d63-04be-419d-a83d-f453567124c9","method":"POST","route":"/api/challenge/register","status":409,"elapsedMs":220}
[wrangler:info] POST /api/challenge/register 409 Conflict (226ms)
{"type":"worker-request","timestamp":"2026-07-22T22:31:54.638Z","requestId":"64e55155-d42a-4826-90b3-947396e59b99","method":"GET","route":"/api/challenge"}
{"type":"worker-request-complete","timestamp":"2026-07-22T22:31:54.658Z","requestId":"64e55155-d42a-4826-90b3-947396e59b99","method":"GET","route":"/api/challenge","status":200,"elapsedMs":20}
[wrangler:info] GET /api/challenge 200 OK (23ms)
{"type":"worker-request","timestamp":"2026-07-22T22:31:54.663Z","requestId":"ff96ac6c-8900-40a8-b5c7-7a240fc9e2e8","method":"POST","route":"/api/challenge/runs"}
{"type":"worker-request-complete","timestamp":"2026-07-22T22:31:54.668Z","requestId":"ff96ac6c-8900-40a8-b5c7-7a240fc9e2e8","method":"POST","route":"/api/challenge/runs","status":403,"elapsedMs":5}
[wrangler:info] POST /api/challenge/runs 403 Forbidden (7ms)
{"type":"worker-request","timestamp":"2026-07-22T22:31:54.675Z","requestId":"7f5c90a5-c36b-4597-a711-c3d5f7f903b5","method":"POST","route":"/api/challenge/runs"}
{"type":"worker-request-complete","timestamp":"2026-07-22T22:31:54.689Z","requestId":"7f5c90a5-c36b-4597-a711-c3d5f7f903b5","method":"POST","route":"/api/challenge/runs","status":201,"elapsedMs":14}
[wrangler:info] POST /api/challenge/runs 201 Created (17ms)
{"type":"worker-request","timestamp":"2026-07-22T22:31:54.697Z","requestId":"845edab1-6ac5-4a6b-8388-57000f64b773","method":"POST","route":"/api/challenge/runs"}
{"type":"worker-request-complete","timestamp":"2026-07-22T22:31:54.706Z","requestId":"845edab1-6ac5-4a6b-8388-57000f64b773","method":"POST","route":"/api/challenge/runs","status":200,"elapsedMs":9}
[wrangler:info] POST /api/challenge/runs 200 OK (15ms)
{"type":"worker-request","timestamp":"2026-07-22T22:31:54.712Z","requestId":"1838e9ee-0f7c-4ae1-a0fc-70b806166b87","method":"POST","route":"/api/challenge/runs"}
{"type":"worker-request-complete","timestamp":"2026-07-22T22:31:54.720Z","requestId":"1838e9ee-0f7c-4ae1-a0fc-70b806166b87","method":"POST","route":"/api/challenge/runs","status":200,"elapsedMs":8}
[wrangler:info] POST /api/challenge/runs 200 OK (11ms)
{"type":"worker-request","timestamp":"2026-07-22T22:31:54.730Z","requestId":"31cbdcd2-f579-4c3a-a444-d5684ad8842b","method":"POST","route":"/api/challenge/runs/4f757a76-4a97-4cd5-b178-4e27c596c4b2/play"}
{"type":"worker-request-complete","timestamp":"2026-07-22T22:31:54.771Z","requestId":"31cbdcd2-f579-4c3a-a444-d5684ad8842b","method":"POST","route":"/api/challenge/runs/4f757a76-4a97-4cd5-b178-4e27c596c4b2/play","status":200,"elapsedMs":41}
[wrangler:info] POST /api/challenge/runs/4f757a76-4a97-4cd5-b178-4e27c596c4b2/play 200 OK (48ms)
{"type":"worker-request","timestamp":"2026-07-22T22:31:54.779Z","requestId":"beb4b5f9-5db2-4b99-8ea7-6659acd5a3c8","method":"POST","route":"/api/challenge/runs/4f757a76-4a97-4cd5-b178-4e27c596c4b2/play"}
{"type":"worker-request-complete","timestamp":"2026-07-22T22:31:54.794Z","requestId":"beb4b5f9-5db2-4b99-8ea7-6659acd5a3c8","method":"POST","route":"/api/challenge/runs/4f757a76-4a97-4cd5-b178-4e27c596c4b2/play","status":429,"elapsedMs":15}
[wrangler:info] POST /api/challenge/runs/4f757a76-4a97-4cd5-b178-4e27c596c4b2/play 429 Too Many Requests (21ms)
{"type":"worker-request","timestamp":"2026-07-22T22:31:54.803Z","requestId":"c7ea7784-1b1b-49d4-b8a8-c80018276462","method":"POST","route":"/api/challenge/logout"}
{"type":"worker-request-complete","timestamp":"2026-07-22T22:31:54.817Z","requestId":"c7ea7784-1b1b-49d4-b8a8-c80018276462","method":"POST","route":"/api/challenge/logout","status":200,"elapsedMs":14}
[wrangler:info] POST /api/challenge/logout 200 OK (19ms)
{"type":"worker-request","timestamp":"2026-07-22T22:31:54.824Z","requestId":"4617c468-a7ba-422e-964e-38eb338c495d","method":"GET","route":"/api/challenge"}
{"type":"worker-request-complete","timestamp":"2026-07-22T22:31:54.831Z","requestId":"4617c468-a7ba-422e-964e-38eb338c495d","method":"GET","route":"/api/challenge","status":200,"elapsedMs":7}
[wrangler:info] GET /api/challenge 200 OK (10ms)
{"type":"worker-request","timestamp":"2026-07-22T22:31:54.837Z","requestId":"49e8c22d-c85f-4b25-8ca0-2b4d2a718da9","method":"POST","route":"/api/challenge/login"}
{"type":"worker-request-complete","timestamp":"2026-07-22T22:31:54.955Z","requestId":"49e8c22d-c85f-4b25-8ca0-2b4d2a718da9","method":"POST","route":"/api/challenge/login","status":401,"elapsedMs":118}
[wrangler:info] POST /api/challenge/login 401 Unauthorized (123ms)
{"type":"worker-request","timestamp":"2026-07-22T22:31:54.962Z","requestId":"76e303ac-8688-4d9b-8978-414695d474d6","method":"POST","route":"/api/challenge/login"}
{"type":"worker-request-complete","timestamp":"2026-07-22T22:31:55.210Z","requestId":"76e303ac-8688-4d9b-8978-414695d474d6","method":"POST","route":"/api/challenge/login","status":200,"elapsedMs":248}
[wrangler:info] POST /api/challenge/login 200 OK (253ms)
⎔ Reloading local server...
[wrangler:info] ✨ Parsed 3 valid header rules.
⎔ Local server updated and ready
⎔ Reloading local server...
[wrangler:info] ✨ Parsed 3 valid header rules.
⎔ Local server updated and ready
⎔ Reloading local server...
[wrangler:info] ✨ Parsed 3 valid header rules.
⎔ Local server updated and ready
⎔ Reloading local server...
[wrangler:info] ✨ Parsed 3 valid header rules.
⎔ Local server updated and ready
⎔ Reloading local server...
[wrangler:info] ✨ Parsed 3 valid header rules.
⎔ Local server updated and ready
⎔ Reloading local server...
[wrangler:info] ✨ Parsed 3 valid header rules.
⎔ Local server updated and ready
⎔ Reloading local server...
[wrangler:info] ✨ Parsed 3 valid header rules.
⎔ Local server updated and ready
⎔ Reloading local server...
[wrangler:info] ✨ Parsed 3 valid header rules.
⎔ Local server updated and ready
⎔ Reloading local server...
[wrangler:info] ✨ Parsed 3 valid header rules.
⎔ Local server updated and ready
⎔ Reloading local server...
[wrangler:info] ✨ Parsed 3 valid header rules.
⎔ Local server updated and ready
⎔ Reloading local server...
[wrangler:info] ✨ Parsed 3 valid header rules.
⎔ Local server updated and ready
⎔ Reloading local server...
[wrangler:info] ✨ Parsed 3 valid header rules.
⎔ Local server updated and ready
⎔ Reloading local server...
[wrangler:info] ✨ Parsed 3 valid header rules.
⎔ Local server updated and ready
⎔ Reloading local server...
[wrangler:info] ✨ Parsed 3 valid header rules.
⎔ Local server updated and ready
Your Worker has access to the following bindings:
Binding                                                        Resource                      Mode
env.TOURNAMENT_ROOMS (TournamentRoom)                          Durable Object                local
env.ONLINE_CAPACITY (OnlineCapacityCoordinator)                Durable Object                local
env.CHALLENGE_DB (256teams-accounts)                           D1 Database                   local
env.ONLINE_ANALYTICS (world_256_online)                        Analytics Engine Dataset      local
env.ROOM_CREATE_LIMITER (6 requests/60s)                       Rate Limit                    local
env.ROOM_JOIN_LIMITER (20 requests/60s)                        Rate Limit                    local
env.ROOM_API_LIMITER (300 requests/60s)                        Rate Limit                    local
env.BUG_REPORT_LIMITER (5 requests/60s)                        Rate Limit                    local
env.CHALLENGE_AUTH_LIMITER (10 requests/60s)                   Rate Limit                    local
env.CHALLENGE_API_LIMITER (120 requests/60s)                   Rate Limit                    local
env.ASSETS                                                     Assets                        local
env.ONLINE_MODE_ENABLED ("true")                               Environment Variable          local
env.ONLINE_MAX_ACTIVE_MATCHES ("64")                           Environment Variable          local

⎔ Reloading local server...
[wrangler:info] ✨ Parsed 3 valid header rules.
⎔ Local server updated and ready
Your Worker has access to the following bindings:
Binding                                                          Resource                      Mode
env.TOURNAMENT_ROOMS (TournamentRoom)                            Durable Object                local
env.ONLINE_CAPACITY (OnlineCapacityCoordinator)                  Durable Object                local
env.CHALLENGE_DB (256teams-accounts)                             D1 Database                   local
env.ONLINE_ANALYTICS (world_256_online)                          Analytics Engine Dataset      local
env.ROOM_CREATE_LIMITER (6 requests/60s)                         Rate Limit                    local
env.ROOM_JOIN_LIMITER (20 requests/60s)                          Rate Limit                    local
env.ROOM_API_LIMITER (300 requests/60s)                          Rate Limit                    local
env.BUG_REPORT_LIMITER (5 requests/60s)                          Rate Limit                    local
env.CHALLENGE_AUTH_LIMITER (10 requests/60s)                     Rate Limit                    local
env.CHALLENGE_API_LIMITER (120 requests/60s)                     Rate Limit                    local
env.ASSETS                                                       Assets                        local
env.ONLINE_MODE_ENABLED ("true")                                 Environment Variable          local
env.ONLINE_MAX_ACTIVE_MATCHES ("64")                             Environment Variable          local
env.PALESTINE_CHALLENGE_ENABLED ("false")                        Environment Variable          local

⎔ Reloading local server...
[wrangler:info] ✨ Parsed 3 valid header rules.
⎔ Local server updated and ready
⎔ Reloading local server...
[wrangler:info] ✨ Parsed 3 valid header rules.
⎔ Local server updated and ready
⎔ Reloading local server...
[wrangler:info] ✨ Parsed 3 valid header rules.
⎔ Local server updated and ready
⎔ Reloading local server...
[wrangler:info] ✨ Parsed 3 valid header rules.
⎔ Local server updated and ready
Your Worker has access to the following bindings:
Binding                                                          Resource                      Mode
env.TOURNAMENT_ROOMS (TournamentRoom)                            Durable Object                local
env.ONLINE_CAPACITY (OnlineCapacityCoordinator)                  Durable Object                local
env.CHALLENGE_DB (256teams-accounts)                             D1 Database                   local
env.ONLINE_ANALYTICS (world_256_online)                          Analytics Engine Dataset      local
env.ROOM_CREATE_LIMITER (6 requests/60s)                         Rate Limit                    local
env.ROOM_JOIN_LIMITER (20 requests/60s)                          Rate Limit                    local
env.ROOM_API_LIMITER (300 requests/60s)                          Rate Limit                    local
env.BUG_REPORT_LIMITER (5 requests/60s)                          Rate Limit                    local
env.CHALLENGE_AUTH_LIMITER (10 requests/60s)                     Rate Limit                    local
env.CHALLENGE_API_LIMITER (120 requests/60s)                     Rate Limit                    local
env.ASSETS                                                       Assets                        local
env.ONLINE_MODE_ENABLED ("true")                                 Environment Variable          local
env.ONLINE_MAX_ACTIVE_MATCHES ("64")                             Environment Variable          local
env.PALESTINE_CHALLENGE_ENABLED ("true")                         Environment Variable          local

⎔ Reloading local server...
[wrangler:info] ✨ Parsed 3 valid header rules.
⎔ Local server updated and ready
⎔ Reloading local server...
[wrangler:info] ✨ Parsed 3 valid header rules.
⎔ Local server updated and ready
⎔ Reloading local server...
[wrangler:info] ✨ Parsed 3 valid header rules.
⎔ Local server updated and ready
⎔ Reloading local server...
[wrangler:info] ✨ Parsed 3 valid header rules.
⎔ Local server updated and ready
Using secrets defined in process.env
Your Worker has access to the following bindings:
Binding                                                          Resource                      Mode
env.TOURNAMENT_ROOMS (TournamentRoom)                            Durable Object                local
env.ONLINE_CAPACITY (OnlineCapacityCoordinator)                  Durable Object                local
env.CHALLENGE_DB (256teams-accounts)                             D1 Database                   local
env.ONLINE_ANALYTICS (world_256_online)                          Analytics Engine Dataset      local
env.ROOM_CREATE_LIMITER (6 requests/60s)                         Rate Limit                    local
env.ROOM_JOIN_LIMITER (20 requests/60s)                          Rate Limit                    local
env.ROOM_API_LIMITER (300 requests/60s)                          Rate Limit                    local
env.BUG_REPORT_LIMITER (5 requests/60s)                          Rate Limit                    local
env.CHALLENGE_AUTH_LIMITER (10 requests/60s)                     Rate Limit                    local
env.CHALLENGE_API_LIMITER (120 requests/60s)                     Rate Limit                    local
env.ASSETS                                                       Assets                        local
env.ONLINE_MODE_ENABLED ("true")                                 Environment Variable          local
env.ONLINE_MAX_ACTIVE_MATCHES ("64")                             Environment Variable          local
env.PALESTINE_CHALLENGE_ENABLED ("true")                         Environment Variable          local

⎔ Reloading local server...
[wrangler:info] ✨ Parsed 3 valid header rules.
⎔ Local server updated and ready
⎔ Reloading local server...
[wrangler:info] ✨ Parsed 3 valid header rules.
⎔ Local server updated and ready
⎔ Reloading local server...
[wrangler:info] ✨ Parsed 3 valid header rules.
⎔ Local server updated and ready
Using secrets defined in process.env
Your Worker has access to the following bindings:
Binding                                                          Resource                      Mode
env.TOURNAMENT_ROOMS (TournamentRoom)                            Durable Object                local
env.ONLINE_CAPACITY (OnlineCapacityCoordinator)                  Durable Object                local
env.CHALLENGE_DB (256teams-accounts)                             D1 Database                   local
env._256teams_accounts (256teams-accounts)                       D1 Database                   remote
env.ONLINE_ANALYTICS (world_256_online)                          Analytics Engine Dataset      local
env.ROOM_CREATE_LIMITER (6 requests/60s)                         Rate Limit                    local
env.ROOM_JOIN_LIMITER (20 requests/60s)                          Rate Limit                    local
env.ROOM_API_LIMITER (300 requests/60s)                          Rate Limit                    local
env.BUG_REPORT_LIMITER (5 requests/60s)                          Rate Limit                    local
env.CHALLENGE_AUTH_LIMITER (10 requests/60s)                     Rate Limit                    local
env.CHALLENGE_API_LIMITER (120 requests/60s)                     Rate Limit                    local
env.ASSETS                                                       Assets                        local
env.ONLINE_MODE_ENABLED ("true")                                 Environment Variable          local
env.ONLINE_MAX_ACTIVE_MATCHES ("64")                             Environment Variable          local
env.PALESTINE_CHALLENGE_ENABLED ("true")                         Environment Variable          local

⎔ Establishing remote connection...
⎔ Reloading local server...
[wrangler:info] ✨ Parsed 3 valid header rules.
⎔ Local server updated and ready
⎔ Reloading local server...
[wrangler:info] ✨ Parsed 3 valid header rules.
⎔ Local server updated and ready
⎔ Reloading local server...
[wrangler:info] ✨ Parsed 3 valid header rules.
⎔ Local server updated and ready
Using secrets defined in process.env
Your Worker has access to the following bindings:
Binding                                                          Resource                      Mode
env.TOURNAMENT_ROOMS (TournamentRoom)                            Durable Object                local
env.ONLINE_CAPACITY (OnlineCapacityCoordinator)                  Durable Object                local
env.CHALLENGE_DB (256teams-accounts)                             D1 Database                   local
env.ONLINE_ANALYTICS (world_256_online)                          Analytics Engine Dataset      local
env.ROOM_CREATE_LIMITER (6 requests/60s)                         Rate Limit                    local
env.ROOM_JOIN_LIMITER (20 requests/60s)                          Rate Limit                    local
env.ROOM_API_LIMITER (300 requests/60s)                          Rate Limit                    local
env.BUG_REPORT_LIMITER (5 requests/60s)                          Rate Limit                    local
env.CHALLENGE_AUTH_LIMITER (10 requests/60s)                     Rate Limit                    local
env.CHALLENGE_API_LIMITER (120 requests/60s)                     Rate Limit                    local
env.ASSETS                                                       Assets                        local
env.ONLINE_MODE_ENABLED ("true")                                 Environment Variable          local
env.ONLINE_MAX_ACTIVE_MATCHES ("64")                             Environment Variable          local
env.PALESTINE_CHALLENGE_ENABLED ("true")                         Environment Variable          local

⎔ Establishing remote connection...
⎔ Reloading local server...
[wrangler:info] ✨ Parsed 3 valid header rules.
⎔ Local server updated and ready
⎔ Reloading local server...
[wrangler:info] ✨ Parsed 3 valid header rules.
⎔ Local server updated and ready
⎔ Reloading local server...
[wrangler:info] ✨ Parsed 3 valid header rules.
⎔ Local server updated and ready
⎔ Reloading local server...
[wrangler:info] ✨ Parsed 3 valid header rules.
⎔ Local server updated and ready
⎔ Reloading local server...
[wrangler:info] ✨ Parsed 3 valid header rules.
⎔ Local server updated and ready
⎔ Reloading local server...
[wrangler:info] ✨ Parsed 3 valid header rules.
⎔ Local server updated and ready
⎔ Reloading local server...
[wrangler:info] ✨ Parsed 3 valid header rules.
⎔ Local server updated and ready
⎔ Reloading local server...
[wrangler:info] ✨ Parsed 3 valid header rules.
⎔ Local server updated and ready
⎔ Reloading local server...
[wrangler:info] ✨ Parsed 3 valid header rules.
⎔ Local server updated and ready
⎔ Reloading local server...
[wrangler:info] ✨ Parsed 3 valid header rules.
⎔ Local server updated and ready
⎔ Reloading local server...
[wrangler:info] ✨ Parsed 3 valid header rules.
⎔ Local server updated and ready
Using secrets defined in process.env
Your Worker has access to the following bindings:
Binding                                                          Resource                      Mode
env.TOURNAMENT_ROOMS (TournamentRoom)                            Durable Object                local
env.ONLINE_CAPACITY (OnlineCapacityCoordinator)                  Durable Object                local
env.CHALLENGE_DB (256teams-accounts)                             D1 Database                   local
env.ONLINE_ANALYTICS (world_256_online)                          Analytics Engine Dataset      local
env.ROOM_CREATE_LIMITER (6 requests/60s)                         Rate Limit                    local
env.ROOM_JOIN_LIMITER (20 requests/60s)                          Rate Limit                    local
env.ROOM_API_LIMITER (300 requests/60s)                          Rate Limit                    local
env.BUG_REPORT_LIMITER (5 requests/60s)                          Rate Limit                    local
env.CHALLENGE_AUTH_LIMITER (10 requests/60s)                     Rate Limit                    local
env.CHALLENGE_API_LIMITER (120 requests/60s)                     Rate Limit                    local
env.ASSETS                                                       Assets                        local
env.ONLINE_MODE_ENABLED ("true")                                 Environment Variable          local
env.ONLINE_MAX_ACTIVE_MATCHES ("64")                             Environment Variable          local
env.PALESTINE_CHALLENGE_ENABLED ("true")                         Environment Variable          local

⎔ Reloading local server...
[wrangler:info] ✨ Parsed 3 valid header rules.
⎔ Local server updated and ready
⎔ Reloading local server...
[wrangler:info] ✨ Parsed 3 valid header rules.
⎔ Local server updated and ready
⎔ Reloading local server...
[wrangler:info] ✨ Parsed 3 valid header rules.
⎔ Local server updated and ready
⎔ Reloading local server...
[wrangler:info] ✨ Parsed 3 valid header rules.
⎔ Local server updated and ready
⎔ Reloading local server...
[wrangler:info] ✨ Parsed 3 valid header rules.
⎔ Local server updated and ready
⎔ Reloading local server...
[wrangler:info] ✨ Parsed 3 valid header rules.
⎔ Local server updated and ready
⎔ Reloading local server...
[wrangler:info] ✨ Parsed 3 valid header rules.
⎔ Local server updated and ready
⎔ Reloading local server...
[wrangler:info] ✨ Parsed 3 valid header rules.
⎔ Local server updated and ready
⎔ Reloading local server...
[wrangler:info] ✨ Parsed 3 valid header rules.
⎔ Local server updated and ready
⎔ Reloading local server...
[wrangler:info] ✨ Parsed 3 valid header rules.
⎔ Local server updated and ready
⎔ Reloading local server...
[wrangler:info] ✨ Parsed 3 valid header rules.
⎔ Local server updated and ready
⎔ Reloading local server...
[wrangler:info] ✨ Parsed 3 valid header rules.
⎔ Local server updated and ready
⎔ Reloading local server...
[wrangler:info] ✨ Parsed 3 valid header rules.
⎔ Local server updated and ready
⎔ Reloading local server...
[wrangler:info] ✨ Parsed 3 valid header rules.
⎔ Local server updated and ready
⎔ Reloading local server...
[wrangler:info] ✨ Parsed 3 valid header rules.
⎔ Local server updated and ready
⎔ Reloading local server...
[wrangler:info] ✨ Parsed 3 valid header rules.
⎔ Local server updated and ready
Using secrets defined in process.env
Your Worker has access to the following bindings:
Binding                                                          Resource                      Mode
env.TOURNAMENT_ROOMS (TournamentRoom)                            Durable Object                local
env.ONLINE_CAPACITY (OnlineCapacityCoordinator)                  Durable Object                local
env.CHALLENGE_DB (256teams-accounts)                             D1 Database                   local
env.ONLINE_ANALYTICS (world_256_online)                          Analytics Engine Dataset      local
env.ROOM_CREATE_LIMITER (6 requests/60s)                         Rate Limit                    local
env.ROOM_JOIN_LIMITER (20 requests/60s)                          Rate Limit                    local
env.ROOM_API_LIMITER (300 requests/60s)                          Rate Limit                    local
env.BUG_REPORT_LIMITER (5 requests/60s)                          Rate Limit                    local
env.CHALLENGE_AUTH_LIMITER (10 requests/60s)                     Rate Limit                    local
env.CHALLENGE_API_LIMITER (120 requests/60s)                     Rate Limit                    local
env.ASSETS                                                       Assets                        local
env.ONLINE_MODE_ENABLED ("true")                                 Environment Variable          local
env.ONLINE_MAX_ACTIVE_MATCHES ("64")                             Environment Variable          local
env.PALESTINE_CHALLENGE_ENABLED ("true")                         Environment Variable          local

⎔ Reloading local server...
[wrangler:info] ✨ Parsed 3 valid header rules.
⎔ Local server updated and ready
⎔ Reloading local server...
[wrangler:info] ✨ Parsed 3 valid header rules.
⎔ Local server updated and ready
⎔ Reloading local server...
[wrangler:info] ✨ Parsed 3 valid header rules.
⎔ Local server updated and ready
⎔ Reloading local server...
[wrangler:info] ✨ Parsed 3 valid header rules.
⎔ Local server updated and ready
⎔ Reloading local server...
[wrangler:info] ✨ Parsed 3 valid header rules.
⎔ Local server updated and ready
{"type":"room-alarm","timestamp":"2026-07-23T02:05:51.464Z","roomId":"1w3o6ss"}
{"type":"room-alarm-complete","timestamp":"2026-07-23T02:05:51.538Z","roomId":"1w3o6ss","elapsedMs":74}
NOSENTRY SQLite alarm handler canceled with requestScheduledAlarm.; scheduledTime = 1784772351.082s; localAlarmState.orDefault(kj::UNIX_EPOCH) = 0ns; actorId = 967d64eb8036e62106b0912f27d82b1ae2d871cde5f6a90f8999d2e659505825
⎔ Reloading local server...
[wrangler:info] ✨ Parsed 3 valid header rules.
⎔ Local server updated and ready
⎔ Reloading local server...
[wrangler:info] ✨ Parsed 3 valid header rules.
⎔ Local server updated and ready
⎔ Reloading local server...
[wrangler:info] ✨ Parsed 3 valid header rules.
⎔ Local server updated and ready
⎔ Reloading local server...
[wrangler:info] ✨ Parsed 3 valid header rules.
⎔ Local server updated and ready
⎔ Reloading local server...
[wrangler:info] ✨ Parsed 3 valid header rules.
⎔ Local server updated and ready
⎔ Reloading local server...
[wrangler:info] ✨ Parsed 3 valid header rules.
⎔ Local server updated and ready
⎔ Reloading local server...
[wrangler:info] ✨ Parsed 3 valid header rules.
⎔ Local server updated and ready
⎔ Reloading local server...
[wrangler:info] ✨ Parsed 3 valid header rules.
⎔ Local server updated and ready
⎔ Reloading local server...
[wrangler:info] ✨ Parsed 3 valid header rules.
⎔ Local server updated and ready
⎔ Reloading local server...
[wrangler:info] ✨ Parsed 3 valid header rules.
⎔ Local server updated and ready
⎔ Reloading local server...
[wrangler:info] ✨ Parsed 3 valid header rules.
⎔ Local server updated and ready
⎔ Reloading local server...
[wrangler:info] ✨ Parsed 3 valid header rules.
⎔ Local server updated and ready
⎔ Reloading local server...
[wrangler:info] ✨ Parsed 3 valid header rules.
⎔ Local server updated and ready
⎔ Reloading local server...
[wrangler:info] ✨ Parsed 3 valid header rules.
⎔ Local server updated and ready
⎔ Reloading local server...
[wrangler:info] ✨ Parsed 3 valid header rules.
⎔ Local server updated and ready
⎔ Reloading local server...
[wrangler:info] ✨ Parsed 3 valid header rules.
⎔ Local server updated and ready
⎔ Reloading local server...
[wrangler:info] ✨ Parsed 3 valid header rules.
⎔ Local server updated and ready
{"type":"room-alarm","timestamp":"2026-07-23T02:42:02.575Z","roomId":"1t89dvo"}
{"type":"room-alarm-complete","timestamp":"2026-07-23T02:42:02.584Z","roomId":"1t89dvo","elapsedMs":19}
NOSENTRY SQLite alarm handler canceled with requestScheduledAlarm.; scheduledTime = 1784774522.471s; localAlarmState.orDefault(kj::UNIX_EPOCH) = 0ns; actorId = 5f60aaaf4cf04eaf885ae22ec27c948d82e565066819addd50affc194cb07864
Using secrets defined in process.env
Your Worker has access to the following bindings:
Binding                                                          Resource                      Mode
env.TOURNAMENT_ROOMS (TournamentRoom)                            Durable Object                local
env.ONLINE_CAPACITY (OnlineCapacityCoordinator)                  Durable Object                local
env.CHALLENGE_DB (256teams-accounts)                             D1 Database                   local
env.ONLINE_ANALYTICS (world_256_online)                          Analytics Engine Dataset      local
env.ROOM_CREATE_LIMITER (6 requests/60s)                         Rate Limit                    local
env.ROOM_JOIN_LIMITER (20 requests/60s)                          Rate Limit                    local
env.ROOM_API_LIMITER (300 requests/60s)                          Rate Limit                    local
env.BUG_REPORT_LIMITER (5 requests/60s)                          Rate Limit                    local
env.CHALLENGE_AUTH_LIMITER (10 requests/60s)                     Rate Limit                    local
env.CHALLENGE_API_LIMITER (120 requests/60s)                     Rate Limit                    local
env.ASSETS                                                       Assets                        local
env.ONLINE_MODE_ENABLED ("true")                                 Environment Variable          local
env.ONLINE_MAX_ACTIVE_MATCHES ("64")                             Environment Variable          local
env.PALESTINE_CHALLENGE_ENABLED ("true")                         Environment Variable          local

⎔ Reloading local server...
[wrangler:info] ✨ Parsed 3 valid header rules.
⎔ Local server updated and ready
⎔ Reloading local server...
[wrangler:info] ✨ Parsed 3 valid header rules.
⎔ Local server updated and ready
⎔ Reloading local server...
[wrangler:info] ✨ Parsed 3 valid header rules.
⎔ Local server updated and ready
⎔ Reloading local server...
[wrangler:info] ✨ Parsed 3 valid header rules.
⎔ Local server updated and ready
⎔ Reloading local server...
[wrangler:info] ✨ Parsed 3 valid header rules.
⎔ Local server updated and ready
⎔ Reloading local server...
[wrangler:info] ✨ Parsed 3 valid header rules.
⎔ Local server updated and ready
⎔ Reloading local server...
[wrangler:info] ✨ Parsed 3 valid header rules.
⎔ Local server updated and ready
⎔ Reloading local server...
[wrangler:info] ✨ Parsed 3 valid header rules.
⎔ Local server updated and ready
⎔ Reloading local server...
[wrangler:info] ✨ Parsed 3 valid header rules.
⎔ Local server updated and ready
⎔ Reloading local server...
[wrangler:info] ✨ Parsed 3 valid header rules.
⎔ Local server updated and ready
⎔ Reloading local server...
[wrangler:info] ✨ Parsed 3 valid header rules.
⎔ Local server updated and ready
⎔ Reloading local server...
[wrangler:info] ✨ Parsed 3 valid header rules.
⎔ Local server updated and ready
⎔ Reloading local server...
[wrangler:info] ✨ Parsed 3 valid header rules.
⎔ Local server updated and ready
⎔ Reloading local server...
[wrangler:info] ✨ Parsed 3 valid header rules.
⎔ Local server updated and ready
⎔ Reloading local server...
[wrangler:info] ✨ Parsed 3 valid header rules.
⎔ Local server updated and ready
⎔ Reloading local server...
[wrangler:info] ✨ Parsed 3 valid header rules.
⎔ Local server updated and ready
⎔ Reloading local server...
[wrangler:info] ✨ Parsed 3 valid header rules.
⎔ Local server updated and ready
⎔ Reloading local server...
[wrangler:info] ✨ Parsed 3 valid header rules.
⎔ Local server updated and ready
⎔ Reloading local server...
[wrangler:info] ✨ Parsed 3 valid header rules.
⎔ Local server updated and ready
⎔ Reloading local server...
NOSENTRY SQLite alarm overdue, running despite AlarmManager mismatch; scheduledTime = 1784812375.635s; localAlarmTime = 1784812375.866s; currentTime = 1784812376.0162587s; actorId = e102acf1a859c66ae16d371e08ba480e3ad1622d046f5426da37824115f186b1
{"type":"room-alarm","timestamp":"2026-07-23T13:12:56.018Z","roomId":"1qs40wc"}
{"type":"capacity","timestamp":"2026-07-23T13:12:56.048Z","action":"acquire","durationMs":4,"activeMatches":41,"activeRooms":1,"queueDepth":0}
{"type":"simulation-batch","timestamp":"2026-07-23T13:12:56.050Z","roomId":"1qs40wc","durationMs":29,"processedMinutes":20,"eventCount":0,"activeMatches":41,"stateVersion":26}
{"type":"room-alarm-complete","timestamp":"2026-07-23T13:12:56.058Z","roomId":"1qs40wc","elapsedMs":42}
{"type":"room-alarm","timestamp":"2026-07-23T13:12:56.074Z","roomId":"1qs40wc"}
{"type":"capacity","timestamp":"2026-07-23T13:12:56.077Z","action":"acquire","durationMs":2,"activeMatches":42,"activeRooms":1,"queueDepth":0}
{"type":"capacity","timestamp":"2026-07-23T13:12:56.081Z","action":"acquire","durationMs":3,"activeMatches":43,"activeRooms":1,"queueDepth":0}
{"type":"capacity","timestamp":"2026-07-23T13:12:56.083Z","action":"acquire","durationMs":2,"activeMatches":44,"activeRooms":1,"queueDepth":0}
{"type":"capacity","timestamp":"2026-07-23T13:12:56.085Z","action":"acquire","durationMs":2,"activeMatches":45,"activeRooms":1,"queueDepth":0}
{"type":"capacity","timestamp":"2026-07-23T13:12:56.087Z","action":"acquire","durationMs":1,"activeMatches":46,"activeRooms":1,"queueDepth":0}
{"type":"capacity","timestamp":"2026-07-23T13:12:56.089Z","action":"acquire","durationMs":1,"activeMatches":47,"activeRooms":1,"queueDepth":0}
{"type":"simulation-batch","timestamp":"2026-07-23T13:12:56.090Z","roomId":"1qs40wc","durationMs":16,"processedMinutes":3,"eventCount":0,"activeMatches":47,"stateVersion":27}
{"type":"room-alarm-complete","timestamp":"2026-07-23T13:12:56.096Z","roomId":"1qs40wc","elapsedMs":24}
[wrangler:info] ✨ Parsed 3 valid header rules.
{"type":"room-alarm","timestamp":"2026-07-23T13:12:56.138Z","roomId":"1qs40wc"}
{"type":"capacity","timestamp":"2026-07-23T13:12:56.143Z","action":"acquire","durationMs":3,"activeMatches":48,"activeRooms":1,"queueDepth":0}
{"type":"capacity","timestamp":"2026-07-23T13:12:56.145Z","action":"acquire","durationMs":2,"activeMatches":49,"activeRooms":1,"queueDepth":0}
{"type":"capacity","timestamp":"2026-07-23T13:12:56.149Z","action":"acquire","durationMs":3,"activeMatches":50,"activeRooms":1,"queueDepth":0}
{"type":"capacity","timestamp":"2026-07-23T13:12:56.151Z","action":"acquire","durationMs":1,"activeMatches":51,"activeRooms":1,"queueDepth":0}
{"type":"capacity","timestamp":"2026-07-23T13:12:56.153Z","action":"acquire","durationMs":1,"activeMatches":52,"activeRooms":1,"queueDepth":0}
{"type":"simulation-batch","timestamp":"2026-07-23T13:12:56.154Z","roomId":"1qs40wc","durationMs":16,"processedMinutes":3,"eventCount":0,"activeMatches":52,"stateVersion":28}
{"type":"room-alarm-complete","timestamp":"2026-07-23T13:12:56.160Z","roomId":"1qs40wc","elapsedMs":25}
⎔ Local server updated and ready
NOSENTRY SQLite alarm overdue, running despite AlarmManager mismatch; scheduledTime = 1784812376.371s; localAlarmTime = 1784812377.146s; currentTime = 1784812377.3140167s; actorId = e102acf1a859c66ae16d371e08ba480e3ad1622d046f5426da37824115f186b1
{"type":"room-alarm","timestamp":"2026-07-23T13:12:57.319Z","roomId":"1qs40wc"}
{"type":"capacity","timestamp":"2026-07-23T13:12:57.353Z","action":"acquire","durationMs":3,"activeMatches":64,"activeRooms":1,"queueDepth":62}
{"type":"capacity","timestamp":"2026-07-23T13:12:57.356Z","action":"acquire","durationMs":2,"activeMatches":64,"activeRooms":1,"queueDepth":62}
{"type":"capacity","timestamp":"2026-07-23T13:12:57.360Z","action":"acquire","durationMs":3,"activeMatches":64,"activeRooms":1,"queueDepth":62}
{"type":"capacity","timestamp":"2026-07-23T13:12:57.362Z","action":"acquire","durationMs":2,"activeMatches":64,"activeRooms":1,"queueDepth":62}
{"type":"capacity","timestamp":"2026-07-23T13:12:57.365Z","action":"acquire","durationMs":2,"activeMatches":64,"activeRooms":1,"queueDepth":62}
{"type":"capacity","timestamp":"2026-07-23T13:12:57.369Z","action":"acquire","durationMs":3,"activeMatches":64,"activeRooms":1,"queueDepth":62}
{"type":"capacity","timestamp":"2026-07-23T13:12:57.372Z","action":"acquire","durationMs":3,"activeMatches":64,"activeRooms":1,"queueDepth":62}
{"type":"capacity","timestamp":"2026-07-23T13:12:57.376Z","action":"acquire","durationMs":3,"activeMatches":64,"activeRooms":1,"queueDepth":62}
{"type":"capacity","timestamp":"2026-07-23T13:12:57.379Z","action":"acquire","durationMs":2,"activeMatches":64,"activeRooms":1,"queueDepth":62}
{"type":"capacity","timestamp":"2026-07-23T13:12:57.381Z","action":"acquire","durationMs":2,"activeMatches":64,"activeRooms":1,"queueDepth":62}
{"type":"capacity","timestamp":"2026-07-23T13:12:57.384Z","action":"acquire","durationMs":2,"activeMatches":64,"activeRooms":1,"queueDepth":62}
{"type":"capacity","timestamp":"2026-07-23T13:12:57.386Z","action":"acquire","durationMs":1,"activeMatches":64,"activeRooms":1,"queueDepth":62}
{"type":"capacity","timestamp":"2026-07-23T13:12:57.388Z","action":"acquire","durationMs":1,"activeMatches":64,"activeRooms":1,"queueDepth":62}
{"type":"capacity","timestamp":"2026-07-23T13:12:57.390Z","action":"acquire","durationMs":1,"activeMatches":64,"activeRooms":1,"queueDepth":62}
{"type":"capacity","timestamp":"2026-07-23T13:12:57.393Z","action":"acquire","durationMs":3,"activeMatches":64,"activeRooms":1,"queueDepth":62}
{"type":"capacity","timestamp":"2026-07-23T13:12:57.397Z","action":"acquire","durationMs":3,"activeMatches":64,"activeRooms":1,"queueDepth":62}
{"type":"capacity","timestamp":"2026-07-23T13:12:57.400Z","action":"acquire","durationMs":3,"activeMatches":64,"activeRooms":1,"queueDepth":62}
{"type":"capacity","timestamp":"2026-07-23T13:12:57.403Z","action":"acquire","durationMs":2,"activeMatches":64,"activeRooms":1,"queueDepth":62}
{"type":"capacity","timestamp":"2026-07-23T13:12:57.406Z","action":"acquire","durationMs":3,"activeMatches":64,"activeRooms":1,"queueDepth":62}
{"type":"capacity","timestamp":"2026-07-23T13:12:57.409Z","action":"acquire","durationMs":2,"activeMatches":64,"activeRooms":1,"queueDepth":62}
{"type":"capacity","timestamp":"2026-07-23T13:12:57.412Z","action":"acquire","durationMs":2,"activeMatches":64,"activeRooms":1,"queueDepth":62}
{"type":"capacity","timestamp":"2026-07-23T13:12:57.415Z","action":"acquire","durationMs":2,"activeMatches":64,"activeRooms":1,"queueDepth":62}
{"type":"capacity","timestamp":"2026-07-23T13:12:57.419Z","action":"acquire","durationMs":3,"activeMatches":64,"activeRooms":1,"queueDepth":62}
{"type":"capacity","timestamp":"2026-07-23T13:12:57.422Z","action":"acquire","durationMs":2,"activeMatches":64,"activeRooms":1,"queueDepth":62}
{"type":"capacity","timestamp":"2026-07-23T13:12:57.424Z","action":"acquire","durationMs":2,"activeMatches":64,"activeRooms":1,"queueDepth":62}
{"type":"capacity","timestamp":"2026-07-23T13:12:57.428Z","action":"acquire","durationMs":3,"activeMatches":64,"activeRooms":1,"queueDepth":62}
{"type":"capacity","timestamp":"2026-07-23T13:12:57.430Z","action":"acquire","durationMs":1,"activeMatches":64,"activeRooms":1,"queueDepth":62}
{"type":"capacity","timestamp":"2026-07-23T13:12:57.433Z","action":"acquire","durationMs":2,"activeMatches":64,"activeRooms":1,"queueDepth":62}
{"type":"capacity","timestamp":"2026-07-23T13:12:57.435Z","action":"acquire","durationMs":2,"activeMatches":64,"activeRooms":1,"queueDepth":62}
{"type":"capacity","timestamp":"2026-07-23T13:12:57.438Z","action":"acquire","durationMs":2,"activeMatches":64,"activeRooms":1,"queueDepth":62}
{"type":"capacity","timestamp":"2026-07-23T13:12:57.441Z","action":"acquire","durationMs":3,"activeMatches":64,"activeRooms":1,"queueDepth":62}
{"type":"capacity","timestamp":"2026-07-23T13:12:57.445Z","action":"acquire","durationMs":3,"activeMatches":64,"activeRooms":1,"queueDepth":62}
{"type":"capacity","timestamp":"2026-07-23T13:12:57.447Z","action":"acquire","durationMs":2,"activeMatches":64,"activeRooms":1,"queueDepth":62}
{"type":"capacity","timestamp":"2026-07-23T13:12:57.450Z","action":"acquire","durationMs":2,"activeMatches":64,"activeRooms":1,"queueDepth":62}
{"type":"capacity","timestamp":"2026-07-23T13:12:57.453Z","action":"acquire","durationMs":2,"activeMatches":64,"activeRooms":1,"queueDepth":62}
{"type":"capacity","timestamp":"2026-07-23T13:12:57.456Z","action":"acquire","durationMs":2,"activeMatches":64,"activeRooms":1,"queueDepth":62}
{"type":"capacity","timestamp":"2026-07-23T13:12:57.461Z","action":"acquire","durationMs":4,"activeMatches":64,"activeRooms":1,"queueDepth":62}
{"type":"capacity","timestamp":"2026-07-23T13:12:57.465Z","action":"acquire","durationMs":2,"activeMatches":64,"activeRooms":1,"queueDepth":62}
{"type":"capacity","timestamp":"2026-07-23T13:12:57.468Z","action":"acquire","durationMs":2,"activeMatches":64,"activeRooms":1,"queueDepth":62}
{"type":"capacity","timestamp":"2026-07-23T13:12:57.473Z","action":"acquire","durationMs":4,"activeMatches":64,"activeRooms":1,"queueDepth":62}
{"type":"capacity","timestamp":"2026-07-23T13:12:57.476Z","action":"acquire","durationMs":3,"activeMatches":64,"activeRooms":1,"queueDepth":62}
{"type":"capacity","timestamp":"2026-07-23T13:12:57.480Z","action":"acquire","durationMs":3,"activeMatches":64,"activeRooms":1,"queueDepth":62}
{"type":"capacity","timestamp":"2026-07-23T13:12:57.482Z","action":"acquire","durationMs":2,"activeMatches":64,"activeRooms":1,"queueDepth":62}
{"type":"capacity","timestamp":"2026-07-23T13:12:57.485Z","action":"acquire","durationMs":2,"activeMatches":64,"activeRooms":1,"queueDepth":62}
{"type":"capacity","timestamp":"2026-07-23T13:12:57.488Z","action":"acquire","durationMs":2,"activeMatches":64,"activeRooms":1,"queueDepth":62}
{"type":"capacity","timestamp":"2026-07-23T13:12:57.491Z","action":"acquire","durationMs":2,"activeMatches":64,"activeRooms":1,"queueDepth":62}
{"type":"capacity","timestamp":"2026-07-23T13:12:57.494Z","action":"acquire","durationMs":3,"activeMatches":64,"activeRooms":1,"queueDepth":62}
{"type":"capacity","timestamp":"2026-07-23T13:12:57.497Z","action":"acquire","durationMs":2,"activeMatches":64,"activeRooms":1,"queueDepth":62}
{"type":"capacity","timestamp":"2026-07-23T13:12:57.499Z","action":"acquire","durationMs":1,"activeMatches":64,"activeRooms":1,"queueDepth":62}
{"type":"capacity","timestamp":"2026-07-23T13:12:57.503Z","action":"acquire","durationMs":3,"activeMatches":64,"activeRooms":1,"queueDepth":62}
{"type":"capacity","timestamp":"2026-07-23T13:12:57.505Z","action":"acquire","durationMs":2,"activeMatches":64,"activeRooms":1,"queueDepth":62}
{"type":"capacity","timestamp":"2026-07-23T13:12:57.507Z","action":"acquire","durationMs":2,"activeMatches":64,"activeRooms":1,"queueDepth":62}
{"type":"capacity","timestamp":"2026-07-23T13:12:57.510Z","action":"acquire","durationMs":2,"activeMatches":64,"activeRooms":1,"queueDepth":62}
{"type":"capacity","timestamp":"2026-07-23T13:12:57.514Z","action":"acquire","durationMs":3,"activeMatches":64,"activeRooms":1,"queueDepth":62}
{"type":"capacity","timestamp":"2026-07-23T13:12:57.518Z","action":"acquire","durationMs":3,"activeMatches":64,"activeRooms":1,"queueDepth":62}
{"type":"capacity","timestamp":"2026-07-23T13:12:57.522Z","action":"acquire","durationMs":3,"activeMatches":64,"activeRooms":1,"queueDepth":62}
{"type":"capacity","timestamp":"2026-07-23T13:12:57.526Z","action":"acquire","durationMs":3,"activeMatches":64,"activeRooms":1,"queueDepth":62}
{"type":"capacity","timestamp":"2026-07-23T13:12:57.529Z","action":"acquire","durationMs":3,"activeMatches":64,"activeRooms":1,"queueDepth":62}
{"type":"capacity","timestamp":"2026-07-23T13:12:57.532Z","action":"acquire","durationMs":2,"activeMatches":64,"activeRooms":1,"queueDepth":62}
{"type":"capacity","timestamp":"2026-07-23T13:12:57.534Z","action":"acquire","durationMs":2,"activeMatches":64,"activeRooms":1,"queueDepth":62}
{"type":"capacity","timestamp":"2026-07-23T13:12:57.536Z","action":"acquire","durationMs":2,"activeMatches":64,"activeRooms":1,"queueDepth":62}
{"type":"capacity","timestamp":"2026-07-23T13:12:57.537Z","action":"acquire","durationMs":1,"activeMatches":64,"activeRooms":1,"queueDepth":62}
{"type":"simulation-batch","timestamp":"2026-07-23T13:12:57.538Z","roomId":"1qs40wc","durationMs":215,"processedMinutes":28,"eventCount":4,"activeMatches":64,"stateVersion":33}
{"type":"room-alarm-complete","timestamp":"2026-07-23T13:12:57.546Z","roomId":"1qs40wc","elapsedMs":232}
{"type":"room-alarm","timestamp":"2026-07-23T13:12:57.549Z","roomId":"1qs40wc"}
{"type":"capacity","timestamp":"2026-07-23T13:12:57.554Z","action":"acquire","durationMs":4,"activeMatches":64,"activeRooms":1,"queueDepth":62}
{"type":"capacity","timestamp":"2026-07-23T13:12:57.558Z","action":"acquire","durationMs":3,"activeMatches":64,"activeRooms":1,"queueDepth":62}
{"type":"capacity","timestamp":"2026-07-23T13:12:57.562Z","action":"acquire","durationMs":3,"activeMatches":64,"activeRooms":1,"queueDepth":62}
{"type":"capacity","timestamp":"2026-07-23T13:12:57.565Z","action":"acquire","durationMs":2,"activeMatches":64,"activeRooms":1,"queueDepth":62}
{"type":"capacity","timestamp":"2026-07-23T13:12:57.568Z","action":"acquire","durationMs":2,"activeMatches":64,"activeRooms":1,"queueDepth":62}
{"type":"capacity","timestamp":"2026-07-23T13:12:57.570Z","action":"acquire","durationMs":2,"activeMatches":64,"activeRooms":1,"queueDepth":62}
{"type":"capacity","timestamp":"2026-07-23T13:12:57.573Z","action":"acquire","durationMs":2,"activeMatches":64,"activeRooms":1,"queueDepth":62}
{"type":"capacity","timestamp":"2026-07-23T13:12:57.577Z","action":"acquire","durationMs":3,"activeMatches":64,"activeRooms":1,"queueDepth":62}
{"type":"capacity","timestamp":"2026-07-23T13:12:57.580Z","action":"acquire","durationMs":3,"activeMatches":64,"activeRooms":1,"queueDepth":62}
{"type":"capacity","timestamp":"2026-07-23T13:12:57.584Z","action":"acquire","durationMs":3,"activeMatches":64,"activeRooms":1,"queueDepth":62}
{"type":"capacity","timestamp":"2026-07-23T13:12:57.587Z","action":"acquire","durationMs":3,"activeMatches":64,"activeRooms":1,"queueDepth":62}
{"type":"capacity","timestamp":"2026-07-23T13:12:57.590Z","action":"acquire","durationMs":3,"activeMatches":64,"activeRooms":1,"queueDepth":62}
{"type":"capacity","timestamp":"2026-07-23T13:12:57.594Z","action":"acquire","durationMs":3,"activeMatches":64,"activeRooms":1,"queueDepth":62}
{"type":"capacity","timestamp":"2026-07-23T13:12:57.597Z","action":"acquire","durationMs":3,"activeMatches":64,"activeRooms":1,"queueDepth":62}
{"type":"capacity","timestamp":"2026-07-23T13:12:57.601Z","action":"acquire","durationMs":3,"activeMatches":64,"activeRooms":1,"queueDepth":62}
{"type":"capacity","timestamp":"2026-07-23T13:12:57.604Z","action":"acquire","durationMs":2,"activeMatches":64,"activeRooms":1,"queueDepth":62}
{"type":"capacity","timestamp":"2026-07-23T13:12:57.607Z","action":"acquire","durationMs":3,"activeMatches":64,"activeRooms":1,"queueDepth":62}
{"type":"capacity","timestamp":"2026-07-23T13:12:57.610Z","action":"acquire","durationMs":3,"activeMatches":64,"activeRooms":1,"queueDepth":62}
{"type":"capacity","timestamp":"2026-07-23T13:12:57.612Z","action":"acquire","durationMs":2,"activeMatches":64,"activeRooms":1,"queueDepth":62}
{"type":"capacity","timestamp":"2026-07-23T13:12:57.614Z","action":"acquire","durationMs":2,"activeMatches":64,"activeRooms":1,"queueDepth":62}
{"type":"capacity","timestamp":"2026-07-23T13:12:57.616Z","action":"acquire","durationMs":2,"activeMatches":64,"activeRooms":1,"queueDepth":62}
{"type":"capacity","timestamp":"2026-07-23T13:12:57.618Z","action":"acquire","durationMs":1,"activeMatches":64,"activeRooms":1,"queueDepth":62}
{"type":"capacity","timestamp":"2026-07-23T13:12:57.620Z","action":"acquire","durationMs":1,"activeMatches":64,"activeRooms":1,"queueDepth":62}
{"type":"capacity","timestamp":"2026-07-23T13:12:57.623Z","action":"acquire","durationMs":2,"activeMatches":64,"activeRooms":1,"queueDepth":62}
{"type":"capacity","timestamp":"2026-07-23T13:12:57.626Z","action":"acquire","durationMs":3,"activeMatches":64,"activeRooms":1,"queueDepth":62}
{"type":"capacity","timestamp":"2026-07-23T13:12:57.629Z","action":"acquire","durationMs":3,"activeMatches":64,"activeRooms":1,"queueDepth":62}
{"type":"capacity","timestamp":"2026-07-23T13:12:57.632Z","action":"acquire","durationMs":2,"activeMatches":64,"activeRooms":1,"queueDepth":62}
{"type":"capacity","timestamp":"2026-07-23T13:12:57.634Z","action":"acquire","durationMs":2,"activeMatches":64,"activeRooms":1,"queueDepth":62}
{"type":"capacity","timestamp":"2026-07-23T13:12:57.637Z","action":"acquire","durationMs":2,"activeMatches":64,"activeRooms":1,"queueDepth":62}
{"type":"capacity","timestamp":"2026-07-23T13:12:57.640Z","action":"acquire","durationMs":2,"activeMatches":64,"activeRooms":1,"queueDepth":62}
{"type":"capacity","timestamp":"2026-07-23T13:12:57.643Z","action":"acquire","durationMs":2,"activeMatches":64,"activeRooms":1,"queueDepth":62}
{"type":"capacity","timestamp":"2026-07-23T13:12:57.646Z","action":"acquire","durationMs":2,"activeMatches":64,"activeRooms":1,"queueDepth":62}
{"type":"capacity","timestamp":"2026-07-23T13:12:57.648Z","action":"acquire","durationMs":2,"activeMatches":64,"activeRooms":1,"queueDepth":62}
{"type":"capacity","timestamp":"2026-07-23T13:12:57.650Z","action":"acquire","durationMs":2,"activeMatches":64,"activeRooms":1,"queueDepth":62}
{"type":"capacity","timestamp":"2026-07-23T13:12:57.653Z","action":"acquire","durationMs":3,"activeMatches":64,"activeRooms":1,"queueDepth":62}
{"type":"capacity","timestamp":"2026-07-23T13:12:57.656Z","action":"acquire","durationMs":3,"activeMatches":64,"activeRooms":1,"queueDepth":62}
{"type":"capacity","timestamp":"2026-07-23T13:12:57.658Z","action":"acquire","durationMs":2,"activeMatches":64,"activeRooms":1,"queueDepth":62}
{"type":"capacity","timestamp":"2026-07-23T13:12:57.662Z","action":"acquire","durationMs":3,"activeMatches":64,"activeRooms":1,"queueDepth":62}
{"type":"capacity","timestamp":"2026-07-23T13:12:57.664Z","action":"acquire","durationMs":2,"activeMatches":64,"activeRooms":1,"queueDepth":62}
{"type":"capacity","timestamp":"2026-07-23T13:12:57.666Z","action":"acquire","durationMs":1,"activeMatches":64,"activeRooms":1,"queueDepth":62}
{"type":"capacity","timestamp":"2026-07-23T13:12:57.669Z","action":"acquire","durationMs":2,"activeMatches":64,"activeRooms":1,"queueDepth":62}
{"type":"capacity","timestamp":"2026-07-23T13:12:57.671Z","action":"acquire","durationMs":2,"activeMatches":64,"activeRooms":1,"queueDepth":62}
{"type":"capacity","timestamp":"2026-07-23T13:12:57.674Z","action":"acquire","durationMs":2,"activeMatches":64,"activeRooms":1,"queueDepth":62}
{"type":"capacity","timestamp":"2026-07-23T13:12:57.676Z","action":"acquire","durationMs":2,"activeMatches":64,"activeRooms":1,"queueDepth":62}
{"type":"capacity","timestamp":"2026-07-23T13:12:57.678Z","action":"acquire","durationMs":1,"activeMatches":64,"activeRooms":1,"queueDepth":62}
{"type":"capacity","timestamp":"2026-07-23T13:12:57.680Z","action":"acquire","durationMs":1,"activeMatches":64,"activeRooms":1,"queueDepth":62}
{"type":"capacity","timestamp":"2026-07-23T13:12:57.683Z","action":"acquire","durationMs":2,"activeMatches":64,"activeRooms":1,"queueDepth":62}
{"type":"capacity","timestamp":"2026-07-23T13:12:57.686Z","action":"acquire","durationMs":2,"activeMatches":64,"activeRooms":1,"queueDepth":62}
{"type":"capacity","timestamp":"2026-07-23T13:12:57.688Z","action":"acquire","durationMs":1,"activeMatches":64,"activeRooms":1,"queueDepth":62}
{"type":"capacity","timestamp":"2026-07-23T13:12:57.691Z","action":"acquire","durationMs":2,"activeMatches":64,"activeRooms":1,"queueDepth":62}
{"type":"capacity","timestamp":"2026-07-23T13:12:57.694Z","action":"acquire","durationMs":3,"activeMatches":64,"activeRooms":1,"queueDepth":62}
{"type":"capacity","timestamp":"2026-07-23T13:12:57.696Z","action":"acquire","durationMs":1,"activeMatches":64,"activeRooms":1,"queueDepth":62}
{"type":"capacity","timestamp":"2026-07-23T13:12:57.698Z","action":"acquire","durationMs":1,"activeMatches":64,"activeRooms":1,"queueDepth":62}
{"type":"capacity","timestamp":"2026-07-23T13:12:57.702Z","action":"acquire","durationMs":3,"activeMatches":64,"activeRooms":1,"queueDepth":62}
{"type":"capacity","timestamp":"2026-07-23T13:12:57.704Z","action":"acquire","durationMs":2,"activeMatches":64,"activeRooms":1,"queueDepth":62}
{"type":"capacity","timestamp":"2026-07-23T13:12:57.707Z","action":"acquire","durationMs":1,"activeMatches":64,"activeRooms":1,"queueDepth":62}
{"type":"capacity","timestamp":"2026-07-23T13:12:57.710Z","action":"acquire","durationMs":3,"activeMatches":64,"activeRooms":1,"queueDepth":62}
{"type":"capacity","timestamp":"2026-07-23T13:12:57.712Z","action":"acquire","durationMs":2,"activeMatches":64,"activeRooms":1,"queueDepth":62}
{"type":"capacity","timestamp":"2026-07-23T13:12:57.715Z","action":"acquire","durationMs":3,"activeMatches":64,"activeRooms":1,"queueDepth":62}
{"type":"capacity","timestamp":"2026-07-23T13:12:57.718Z","action":"acquire","durationMs":2,"activeMatches":64,"activeRooms":1,"queueDepth":62}
{"type":"capacity","timestamp":"2026-07-23T13:12:57.721Z","action":"acquire","durationMs":3,"activeMatches":64,"activeRooms":1,"queueDepth":62}
{"type":"capacity","timestamp":"2026-07-23T13:12:57.726Z","action":"acquire","durationMs":3,"activeMatches":64,"activeRooms":1,"queueDepth":62}
{"type":"simulation-batch","timestamp":"2026-07-23T13:12:57.726Z","roomId":"1qs40wc","durationMs":177,"processedMinutes":25,"eventCount":4,"activeMatches":64,"stateVersion":34}
{"type":"room-alarm-complete","timestamp":"2026-07-23T13:12:57.737Z","roomId":"1qs40wc","elapsedMs":190}
{"type":"room-alarm","timestamp":"2026-07-23T13:12:57.741Z","roomId":"1qs40wc"}
{"type":"capacity","timestamp":"2026-07-23T13:12:57.745Z","action":"acquire","durationMs":3,"activeMatches":64,"activeRooms":1,"queueDepth":62}
{"type":"capacity","timestamp":"2026-07-23T13:12:57.748Z","action":"acquire","durationMs":2,"activeMatches":64,"activeRooms":1,"queueDepth":62}
{"type":"capacity","timestamp":"2026-07-23T13:12:57.750Z","action":"acquire","durationMs":1,"activeMatches":64,"activeRooms":1,"queueDepth":62}
{"type":"capacity","timestamp":"2026-07-23T13:12:57.753Z","action":"acquire","durationMs":2,"activeMatches":64,"activeRooms":1,"queueDepth":62}
{"type":"capacity","timestamp":"2026-07-23T13:12:57.757Z","action":"acquire","durationMs":3,"activeMatches":64,"activeRooms":1,"queueDepth":62}
{"type":"capacity","timestamp":"2026-07-23T13:12:57.761Z","action":"acquire","durationMs":3,"activeMatches":64,"activeRooms":1,"queueDepth":62}
{"type":"capacity","timestamp":"2026-07-23T13:12:57.765Z","action":"acquire","durationMs":3,"activeMatches":64,"activeRooms":1,"queueDepth":62}
{"type":"capacity","timestamp":"2026-07-23T13:12:57.768Z","action":"acquire","durationMs":2,"activeMatches":64,"activeRooms":1,"queueDepth":62}
{"type":"capacity","timestamp":"2026-07-23T13:12:57.771Z","action":"acquire","durationMs":2,"activeMatches":64,"activeRooms":1,"queueDepth":62}
{"type":"capacity","timestamp":"2026-07-23T13:12:57.776Z","action":"acquire","durationMs":3,"activeMatches":64,"activeRooms":1,"queueDepth":62}
{"type":"capacity","timestamp":"2026-07-23T13:12:57.780Z","action":"acquire","durationMs":3,"activeMatches":64,"activeRooms":1,"queueDepth":62}
{"type":"capacity","timestamp":"2026-07-23T13:12:57.786Z","action":"acquire","durationMs":5,"activeMatches":64,"activeRooms":1,"queueDepth":62}
{"type":"capacity","timestamp":"2026-07-23T13:12:57.789Z","action":"acquire","durationMs":3,"activeMatches":64,"activeRooms":1,"queueDepth":62}
{"type":"capacity","timestamp":"2026-07-23T13:12:57.793Z","action":"acquire","durationMs":3,"activeMatches":64,"activeRooms":1,"queueDepth":62}
{"type":"capacity","timestamp":"2026-07-23T13:12:57.796Z","action":"acquire","durationMs":2,"activeMatches":64,"activeRooms":1,"queueDepth":62}
{"type":"capacity","timestamp":"2026-07-23T13:12:57.800Z","action":"acquire","durationMs":3,"activeMatches":64,"activeRooms":1,"queueDepth":62}
{"type":"capacity","timestamp":"2026-07-23T13:12:57.804Z","action":"acquire","durationMs":3,"activeMatches":64,"activeRooms":1,"queueDepth":62}
{"type":"capacity","timestamp":"2026-07-23T13:12:57.808Z","action":"acquire","durationMs":3,"activeMatches":64,"activeRooms":1,"queueDepth":62}
{"type":"capacity","timestamp":"2026-07-23T13:12:57.812Z","action":"acquire","durationMs":3,"activeMatches":64,"activeRooms":1,"queueDepth":62}
{"type":"capacity","timestamp":"2026-07-23T13:12:57.815Z","action":"acquire","durationMs":3,"activeMatches":64,"activeRooms":1,"queueDepth":62}
{"type":"capacity","timestamp":"2026-07-23T13:12:57.818Z","action":"acquire","durationMs":2,"activeMatches":64,"activeRooms":1,"queueDepth":62}
{"type":"capacity","timestamp":"2026-07-23T13:12:57.821Z","action":"acquire","durationMs":3,"activeMatches":64,"activeRooms":1,"queueDepth":62}
{"type":"capacity","timestamp":"2026-07-23T13:12:57.827Z","action":"acquire","durationMs":4,"activeMatches":64,"activeRooms":1,"queueDepth":62}
{"type":"capacity","timestamp":"2026-07-23T13:12:57.829Z","action":"acquire","durationMs":1,"activeMatches":64,"activeRooms":1,"queueDepth":62}
{"type":"capacity","timestamp":"2026-07-23T13:12:57.832Z","action":"acquire","durationMs":2,"activeMatches":64,"activeRooms":1,"queueDepth":62}
{"type":"capacity","timestamp":"2026-07-23T13:12:57.835Z","action":"acquire","durationMs":2,"activeMatches":64,"activeRooms":1,"queueDepth":62}
{"type":"capacity","timestamp":"2026-07-23T13:12:57.841Z","action":"acquire","durationMs":5,"activeMatches":64,"activeRooms":1,"queueDepth":62}
{"type":"capacity","timestamp":"2026-07-23T13:12:57.846Z","action":"acquire","durationMs":4,"activeMatches":64,"activeRooms":1,"queueDepth":62}
{"type":"capacity","timestamp":"2026-07-23T13:12:57.849Z","action":"acquire","durationMs":3,"activeMatches":64,"activeRooms":1,"queueDepth":62}
{"type":"capacity","timestamp":"2026-07-23T13:12:57.851Z","action":"acquire","durationMs":2,"activeMatches":64,"activeRooms":1,"queueDepth":62}
{"type":"capacity","timestamp":"2026-07-23T13:12:57.854Z","action":"acquire","durationMs":2,"activeMatches":64,"activeRooms":1,"queueDepth":62}
{"type":"capacity","timestamp":"2026-07-23T13:12:57.857Z","action":"acquire","durationMs":2,"activeMatches":64,"activeRooms":1,"queueDepth":62}
{"type":"capacity","timestamp":"2026-07-23T13:12:57.861Z","action":"acquire","durationMs":3,"activeMatches":64,"activeRooms":1,"queueDepth":62}
{"type":"capacity","timestamp":"2026-07-23T13:12:57.865Z","action":"acquire","durationMs":3,"activeMatches":64,"activeRooms":1,"queueDepth":62}
{"type":"capacity","timestamp":"2026-07-23T13:12:57.867Z","action":"acquire","durationMs":2,"activeMatches":64,"activeRooms":1,"queueDepth":62}
{"type":"capacity","timestamp":"2026-07-23T13:12:57.870Z","action":"acquire","durationMs":3,"activeMatches":64,"activeRooms":1,"queueDepth":62}
{"type":"capacity","timestamp":"2026-07-23T13:12:57.873Z","action":"acquire","durationMs":2,"activeMatches":64,"activeRooms":1,"queueDepth":62}
{"type":"capacity","timestamp":"2026-07-23T13:12:57.876Z","action":"acquire","durationMs":3,"activeMatches":64,"activeRooms":1,"queueDepth":62}
{"type":"capacity","timestamp":"2026-07-23T13:12:57.879Z","action":"acquire","durationMs":2,"activeMatches":64,"activeRooms":1,"queueDepth":62}
{"type":"capacity","timestamp":"2026-07-23T13:12:57.881Z","action":"acquire","durationMs":2,"activeMatches":64,"activeRooms":1,"queueDepth":62}
{"type":"capacity","timestamp":"2026-07-23T13:12:57.884Z","action":"acquire","durationMs":2,"activeMatches":64,"activeRooms":1,"queueDepth":62}
{"type":"capacity","timestamp":"2026-07-23T13:12:57.886Z","action":"acquire","durationMs":2,"activeMatches":64,"activeRooms":1,"queueDepth":62}
{"type":"capacity","timestamp":"2026-07-23T13:12:57.888Z","action":"acquire","durationMs":1,"activeMatches":64,"activeRooms":1,"queueDepth":62}
{"type":"capacity","timestamp":"2026-07-23T13:12:57.893Z","action":"acquire","durationMs":4,"activeMatches":64,"activeRooms":1,"queueDepth":62}
{"type":"capacity","timestamp":"2026-07-23T13:12:57.896Z","action":"acquire","durationMs":2,"activeMatches":64,"activeRooms":1,"queueDepth":62}
{"type":"capacity","timestamp":"2026-07-23T13:12:57.901Z","action":"acquire","durationMs":4,"activeMatches":64,"activeRooms":1,"queueDepth":62}
{"type":"capacity","timestamp":"2026-07-23T13:12:57.905Z","action":"acquire","durationMs":4,"activeMatches":64,"activeRooms":1,"queueDepth":62}
{"type":"capacity","timestamp":"2026-07-23T13:12:57.910Z","action":"acquire","durationMs":3,"activeMatches":64,"activeRooms":1,"queueDepth":62}
{"type":"capacity","timestamp":"2026-07-23T13:12:57.912Z","action":"acquire","durationMs":2,"activeMatches":64,"activeRooms":1,"queueDepth":62}
{"type":"capacity","timestamp":"2026-07-23T13:12:57.915Z","action":"acquire","durationMs":3,"activeMatches":64,"activeRooms":1,"queueDepth":62}
{"type":"capacity","timestamp":"2026-07-23T13:12:57.917Z","action":"acquire","durationMs":1,"activeMatches":64,"activeRooms":1,"queueDepth":62}
{"type":"capacity","timestamp":"2026-07-23T13:12:57.920Z","action":"acquire","durationMs":2,"activeMatches":64,"activeRooms":1,"queueDepth":62}
{"type":"capacity","timestamp":"2026-07-23T13:12:57.922Z","action":"acquire","durationMs":2,"activeMatches":64,"activeRooms":1,"queueDepth":62}
{"type":"capacity","timestamp":"2026-07-23T13:12:57.925Z","action":"acquire","durationMs":3,"activeMatches":64,"activeRooms":1,"queueDepth":62}
{"type":"capacity","timestamp":"2026-07-23T13:12:57.929Z","action":"acquire","durationMs":3,"activeMatches":64,"activeRooms":1,"queueDepth":62}
{"type":"capacity","timestamp":"2026-07-23T13:12:57.931Z","action":"acquire","durationMs":2,"activeMatches":64,"activeRooms":1,"queueDepth":62}
{"type":"capacity","timestamp":"2026-07-23T13:12:57.933Z","action":"acquire","durationMs":1,"activeMatches":64,"activeRooms":1,"queueDepth":62}
{"type":"capacity","timestamp":"2026-07-23T13:12:57.936Z","action":"acquire","durationMs":2,"activeMatches":64,"activeRooms":1,"queueDepth":62}
{"type":"capacity","timestamp":"2026-07-23T13:12:57.939Z","action":"acquire","durationMs":2,"activeMatches":64,"activeRooms":1,"queueDepth":62}
{"type":"capacity","timestamp":"2026-07-23T13:12:57.942Z","action":"acquire","durationMs":2,"activeMatches":64,"activeRooms":1,"queueDepth":62}
{"type":"capacity","timestamp":"2026-07-23T13:12:57.944Z","action":"acquire","durationMs":2,"activeMatches":64,"activeRooms":1,"queueDepth":62}
{"type":"capacity","timestamp":"2026-07-23T13:12:57.946Z","action":"acquire","durationMs":1,"activeMatches":64,"activeRooms":1,"queueDepth":62}
{"type":"simulation-batch","timestamp":"2026-07-23T13:12:57.947Z","roomId":"1qs40wc","durationMs":206,"processedMinutes":23,"eventCount":2,"activeMatches":64,"stateVersion":35}
{"type":"room-alarm-complete","timestamp":"2026-07-23T13:12:57.956Z","roomId":"1qs40wc","elapsedMs":218}
{"type":"room-alarm","timestamp":"2026-07-23T13:12:57.959Z","roomId":"1qs40wc"}
{"type":"capacity","timestamp":"2026-07-23T13:12:57.962Z","action":"acquire","durationMs":1,"activeMatches":64,"activeRooms":1,"queueDepth":62}
{"type":"capacity","timestamp":"2026-07-23T13:12:57.965Z","action":"acquire","durationMs":2,"activeMatches":64,"activeRooms":1,"queueDepth":62}
{"type":"capacity","timestamp":"2026-07-23T13:12:57.968Z","action":"acquire","durationMs":2,"activeMatches":64,"activeRooms":1,"queueDepth":62}
{"type":"capacity","timestamp":"2026-07-23T13:12:57.970Z","action":"acquire","durationMs":2,"activeMatches":64,"activeRooms":1,"queueDepth":62}
{"type":"capacity","timestamp":"2026-07-23T13:12:57.972Z","action":"acquire","durationMs":2,"activeMatches":64,"activeRooms":1,"queueDepth":62}
{"type":"capacity","timestamp":"2026-07-23T13:12:57.974Z","action":"acquire","durationMs":2,"activeMatches":64,"activeRooms":1,"queueDepth":62}
{"type":"capacity","timestamp":"2026-07-23T13:12:57.977Z","action":"acquire","durationMs":2,"activeMatches":64,"activeRooms":1,"queueDepth":62}
{"type":"capacity","timestamp":"2026-07-23T13:12:57.980Z","action":"acquire","durationMs":2,"activeMatches":64,"activeRooms":1,"queueDepth":62}
{"type":"capacity","timestamp":"2026-07-23T13:12:57.983Z","action":"acquire","durationMs":3,"activeMatches":64,"activeRooms":1,"queueDepth":62}
{"type":"capacity","timestamp":"2026-07-23T13:12:57.986Z","action":"acquire","durationMs":2,"activeMatches":64,"activeRooms":1,"queueDepth":62}
{"type":"capacity","timestamp":"2026-07-23T13:12:57.988Z","action":"acquire","durationMs":2,"activeMatches":64,"activeRooms":1,"queueDepth":62}
{"type":"capacity","timestamp":"2026-07-23T13:12:57.990Z","action":"acquire","durationMs":2,"activeMatches":64,"activeRooms":1,"queueDepth":62}
{"type":"capacity","timestamp":"2026-07-23T13:12:57.994Z","action":"acquire","durationMs":3,"activeMatches":64,"activeRooms":1,"queueDepth":62}
{"type":"capacity","timestamp":"2026-07-23T13:12:57.996Z","action":"acquire","durationMs":2,"activeMatches":64,"activeRooms":1,"queueDepth":62}
{"type":"capacity","timestamp":"2026-07-23T13:12:57.998Z","action":"acquire","durationMs":2,"activeMatches":64,"activeRooms":1,"queueDepth":62}
{"type":"capacity","timestamp":"2026-07-23T13:12:58.000Z","action":"acquire","durationMs":2,"activeMatches":64,"activeRooms":1,"queueDepth":62}
{"type":"capacity","timestamp":"2026-07-23T13:12:58.002Z","action":"acquire","durationMs":2,"activeMatches":64,"activeRooms":1,"queueDepth":62}
{"type":"capacity","timestamp":"2026-07-23T13:12:58.004Z","action":"acquire","durationMs":2,"activeMatches":64,"activeRooms":1,"queueDepth":62}
{"type":"capacity","timestamp":"2026-07-23T13:12:58.006Z","action":"acquire","durationMs":2,"activeMatches":64,"activeRooms":1,"queueDepth":62}
{"type":"capacity","timestamp":"2026-07-23T13:12:58.008Z","action":"acquire","durationMs":2,"activeMatches":64,"activeRooms":1,"queueDepth":62}
{"type":"capacity","timestamp":"2026-07-23T13:12:58.011Z","action":"acquire","durationMs":2,"activeMatches":64,"activeRooms":1,"queueDepth":62}
{"type":"room-alarm-complete","timestamp":"2026-07-23T13:12:58.017Z","roomId":"1qs40wc","elapsedMs":61}
{"type":"room-alarm","timestamp":"2026-07-23T13:13:00.194Z","roomId":"1qs40wc"}
{"type":"capacity","timestamp":"2026-07-23T13:13:00.232Z","action":"acquire","durationMs":26,"activeMatches":64,"activeRooms":1,"queueDepth":62}
{"type":"capacity","timestamp":"2026-07-23T13:13:00.246Z","action":"acquire","durationMs":13,"activeMatches":64,"activeRooms":1,"queueDepth":62}
{"type":"capacity","timestamp":"2026-07-23T13:13:00.255Z","action":"acquire","durationMs":8,"activeMatches":64,"activeRooms":1,"queueDepth":62}
{"type":"capacity","timestamp":"2026-07-23T13:13:00.258Z","action":"acquire","durationMs":2,"activeMatches":64,"activeRooms":1,"queueDepth":62}
{"type":"capacity","timestamp":"2026-07-23T13:13:00.280Z","action":"acquire","durationMs":21,"activeMatches":64,"activeRooms":1,"queueDepth":62}
{"type":"capacity","timestamp":"2026-07-23T13:13:00.292Z","action":"acquire","durationMs":11,"activeMatches":64,"activeRooms":1,"queueDepth":62}
{"type":"capacity","timestamp":"2026-07-23T13:13:00.301Z","action":"acquire","durationMs":8,"activeMatches":64,"activeRooms":1,"queueDepth":62}
{"type":"capacity","timestamp":"2026-07-23T13:13:00.303Z","action":"acquire","durationMs":2,"activeMatches":64,"activeRooms":1,"queueDepth":62}
{"type":"capacity","timestamp":"2026-07-23T13:13:00.306Z","action":"acquire","durationMs":3,"activeMatches":64,"activeRooms":1,"queueDepth":62}
{"type":"capacity","timestamp":"2026-07-23T13:13:00.317Z","action":"acquire","durationMs":11,"activeMatches":64,"activeRooms":1,"queueDepth":62}
{"type":"capacity","timestamp":"2026-07-23T13:13:00.323Z","action":"acquire","durationMs":5,"activeMatches":64,"activeRooms":1,"queueDepth":62}
{"type":"capacity","timestamp":"2026-07-23T13:13:00.326Z","action":"acquire","durationMs":3,"activeMatches":64,"activeRooms":1,"queueDepth":62}
{"type":"capacity","timestamp":"2026-07-23T13:13:00.329Z","action":"acquire","durationMs":3,"activeMatches":64,"activeRooms":1,"queueDepth":62}
{"type":"capacity","timestamp":"2026-07-23T13:13:00.339Z","action":"acquire","durationMs":7,"activeMatches":64,"activeRooms":1,"queueDepth":62}
{"type":"capacity","timestamp":"2026-07-23T13:13:00.352Z","action":"acquire","durationMs":12,"activeMatches":64,"activeRooms":1,"queueDepth":62}
{"type":"capacity","timestamp":"2026-07-23T13:13:00.364Z","action":"acquire","durationMs":12,"activeMatches":64,"activeRooms":1,"queueDepth":62}
{"type":"capacity","timestamp":"2026-07-23T13:13:00.367Z","action":"acquire","durationMs":2,"activeMatches":64,"activeRooms":1,"queueDepth":62}
{"type":"capacity","timestamp":"2026-07-23T13:13:00.369Z","action":"acquire","durationMs":2,"activeMatches":64,"activeRooms":1,"queueDepth":62}
{"type":"capacity","timestamp":"2026-07-23T13:13:00.378Z","action":"acquire","durationMs":8,"activeMatches":64,"activeRooms":1,"queueDepth":62}
{"type":"capacity","timestamp":"2026-07-23T13:13:00.381Z","action":"acquire","durationMs":3,"activeMatches":64,"activeRooms":1,"queueDepth":62}
{"type":"capacity","timestamp":"2026-07-23T13:13:00.405Z","action":"acquire","durationMs":23,"activeMatches":64,"activeRooms":1,"queueDepth":62}
{"type":"capacity","timestamp":"2026-07-23T13:13:00.408Z","action":"acquire","durationMs":3,"activeMatches":64,"activeRooms":1,"queueDepth":62}
{"type":"capacity","timestamp":"2026-07-23T13:13:00.421Z","action":"acquire","durationMs":12,"activeMatches":64,"activeRooms":1,"queueDepth":62}
{"type":"capacity","timestamp":"2026-07-23T13:13:00.425Z","action":"acquire","durationMs":3,"activeMatches":64,"activeRooms":1,"queueDepth":62}
{"type":"capacity","timestamp":"2026-07-23T13:13:00.436Z","action":"acquire","durationMs":10,"activeMatches":64,"activeRooms":1,"queueDepth":62}
{"type":"capacity","timestamp":"2026-07-23T13:13:00.450Z","action":"acquire","durationMs":13,"activeMatches":64,"activeRooms":1,"queueDepth":62}
{"type":"capacity","timestamp":"2026-07-23T13:13:00.460Z","action":"acquire","durationMs":9,"activeMatches":64,"activeRooms":1,"queueDepth":62}
{"type":"capacity","timestamp":"2026-07-23T13:13:00.468Z","action":"acquire","durationMs":7,"activeMatches":64,"activeRooms":1,"queueDepth":62}
{"type":"capacity","timestamp":"2026-07-23T13:13:00.482Z","action":"acquire","durationMs":13,"activeMatches":64,"activeRooms":1,"queueDepth":62}
{"type":"capacity","timestamp":"2026-07-23T13:13:00.508Z","action":"acquire","durationMs":13,"activeMatches":64,"activeRooms":1,"queueDepth":62}
{"type":"capacity","timestamp":"2026-07-23T13:13:00.571Z","action":"acquire","durationMs":56,"activeMatches":64,"activeRooms":1,"queueDepth":62}
{"type":"capacity","timestamp":"2026-07-23T13:13:00.575Z","action":"acquire","durationMs":3,"activeMatches":64,"activeRooms":1,"queueDepth":62}
{"type":"capacity","timestamp":"2026-07-23T13:13:00.594Z","action":"acquire","durationMs":9,"activeMatches":64,"activeRooms":1,"queueDepth":62}
{"type":"capacity","timestamp":"2026-07-23T13:13:00.637Z","action":"acquire","durationMs":42,"activeMatches":64,"activeRooms":1,"queueDepth":62}
{"type":"capacity","timestamp":"2026-07-23T13:13:00.689Z","action":"acquire","durationMs":51,"activeMatches":64,"activeRooms":1,"queueDepth":62}
{"type":"capacity","timestamp":"2026-07-23T13:13:00.693Z","action":"acquire","durationMs":3,"activeMatches":64,"activeRooms":1,"queueDepth":62}
{"type":"capacity","timestamp":"2026-07-23T13:13:00.716Z","action":"acquire","durationMs":12,"activeMatches":64,"activeRooms":1,"queueDepth":62}
{"type":"capacity","timestamp":"2026-07-23T13:13:00.733Z","action":"acquire","durationMs":16,"activeMatches":64,"activeRooms":1,"queueDepth":62}
{"type":"capacity","timestamp":"2026-07-23T13:13:00.736Z","action":"acquire","durationMs":2,"activeMatches":64,"activeRooms":1,"queueDepth":62}
{"type":"capacity","timestamp":"2026-07-23T13:13:00.770Z","action":"acquire","durationMs":33,"activeMatches":64,"activeRooms":1,"queueDepth":62}
{"type":"capacity","timestamp":"2026-07-23T13:13:00.783Z","action":"acquire","durationMs":12,"activeMatches":64,"activeRooms":1,"queueDepth":62}
{"type":"capacity","timestamp":"2026-07-23T13:13:00.786Z","action":"acquire","durationMs":3,"activeMatches":64,"activeRooms":1,"queueDepth":62}
{"type":"capacity","timestamp":"2026-07-23T13:13:00.788Z","action":"acquire","durationMs":2,"activeMatches":64,"activeRooms":1,"queueDepth":62}
{"type":"capacity","timestamp":"2026-07-23T13:13:00.790Z","action":"acquire","durationMs":2,"activeMatches":64,"activeRooms":1,"queueDepth":62}
{"type":"capacity","timestamp":"2026-07-23T13:13:00.800Z","action":"acquire","durationMs":8,"activeMatches":64,"activeRooms":1,"queueDepth":62}
{"type":"capacity","timestamp":"2026-07-23T13:13:00.803Z","action":"acquire","durationMs":3,"activeMatches":64,"activeRooms":1,"queueDepth":62}
{"type":"capacity","timestamp":"2026-07-23T13:13:00.815Z","action":"acquire","durationMs":11,"activeMatches":64,"activeRooms":1,"queueDepth":62}
{"type":"capacity","timestamp":"2026-07-23T13:13:00.818Z","action":"acquire","durationMs":2,"activeMatches":64,"activeRooms":1,"queueDepth":62}
{"type":"capacity","timestamp":"2026-07-23T13:13:00.821Z","action":"acquire","durationMs":3,"activeMatches":64,"activeRooms":1,"queueDepth":62}
{"type":"capacity","timestamp":"2026-07-23T13:13:00.830Z","action":"acquire","durationMs":9,"activeMatches":64,"activeRooms":1,"queueDepth":62}
{"type":"capacity","timestamp":"2026-07-23T13:13:00.833Z","action":"acquire","durationMs":3,"activeMatches":64,"activeRooms":1,"queueDepth":62}
{"type":"capacity","timestamp":"2026-07-23T13:13:00.839Z","action":"acquire","durationMs":6,"activeMatches":64,"activeRooms":1,"queueDepth":62}
{"type":"capacity","timestamp":"2026-07-23T13:13:00.886Z","action":"acquire","durationMs":46,"activeMatches":64,"activeRooms":1,"queueDepth":62}
{"type":"capacity","timestamp":"2026-07-23T13:13:00.909Z","action":"acquire","durationMs":22,"activeMatches":64,"activeRooms":1,"queueDepth":62}
{"type":"capacity","timestamp":"2026-07-23T13:13:00.929Z","action":"acquire","durationMs":20,"activeMatches":64,"activeRooms":1,"queueDepth":62}
{"type":"capacity","timestamp":"2026-07-23T13:13:00.937Z","action":"acquire","durationMs":7,"activeMatches":64,"activeRooms":1,"queueDepth":62}
{"type":"capacity","timestamp":"2026-07-23T13:13:00.939Z","action":"acquire","durationMs":2,"activeMatches":64,"activeRooms":1,"queueDepth":62}
{"type":"capacity","timestamp":"2026-07-23T13:13:00.943Z","action":"acquire","durationMs":4,"activeMatches":64,"activeRooms":1,"queueDepth":62}
{"type":"capacity","timestamp":"2026-07-23T13:13:00.951Z","action":"acquire","durationMs":8,"activeMatches":64,"activeRooms":1,"queueDepth":62}
{"type":"capacity","timestamp":"2026-07-23T13:13:00.953Z","action":"acquire","durationMs":2,"activeMatches":64,"activeRooms":1,"queueDepth":62}
{"type":"capacity","timestamp":"2026-07-23T13:13:00.966Z","action":"acquire","durationMs":12,"activeMatches":64,"activeRooms":1,"queueDepth":62}
{"type":"capacity","timestamp":"2026-07-23T13:13:00.983Z","action":"acquire","durationMs":16,"activeMatches":64,"activeRooms":1,"queueDepth":62}
{"type":"simulation-batch","timestamp":"2026-07-23T13:13:00.983Z","roomId":"1qs40wc","durationMs":789,"processedMinutes":100,"eventCount":7,"activeMatches":64,"stateVersion":39}
{"type":"room-alarm-complete","timestamp":"2026-07-23T13:13:01.023Z","roomId":"1qs40wc","elapsedMs":854}
{"type":"room-alarm","timestamp":"2026-07-23T13:13:01.039Z","roomId":"1qs40wc"}
{"type":"capacity","timestamp":"2026-07-23T13:13:01.049Z","action":"acquire","durationMs":5,"activeMatches":64,"activeRooms":1,"queueDepth":62}
{"type":"capacity","timestamp":"2026-07-23T13:13:01.053Z","action":"acquire","durationMs":3,"activeMatches":64,"activeRooms":1,"queueDepth":62}
{"type":"capacity","timestamp":"2026-07-23T13:13:01.071Z","action":"acquire","durationMs":17,"activeMatches":64,"activeRooms":1,"queueDepth":62}
{"type":"capacity","timestamp":"2026-07-23T13:13:01.080Z","action":"acquire","durationMs":8,"activeMatches":64,"activeRooms":1,"queueDepth":62}
{"type":"capacity","timestamp":"2026-07-23T13:13:01.092Z","action":"acquire","durationMs":11,"activeMatches":64,"activeRooms":1,"queueDepth":62}
{"type":"capacity","timestamp":"2026-07-23T13:13:01.104Z","action":"acquire","durationMs":11,"activeMatches":64,"activeRooms":1,"queueDepth":62}
{"type":"capacity","timestamp":"2026-07-23T13:13:01.120Z","action":"acquire","durationMs":15,"activeMatches":64,"activeRooms":1,"queueDepth":62}
{"type":"capacity","timestamp":"2026-07-23T13:13:01.124Z","action":"acquire","durationMs":3,"activeMatches":64,"activeRooms":1,"queueDepth":62}
{"type":"capacity","timestamp":"2026-07-23T13:13:01.132Z","action":"acquire","durationMs":7,"activeMatches":64,"activeRooms":1,"queueDepth":62}
{"type":"capacity","timestamp":"2026-07-23T13:13:01.138Z","action":"acquire","durationMs":5,"activeMatches":64,"activeRooms":1,"queueDepth":62}
{"type":"capacity","timestamp":"2026-07-23T13:13:01.140Z","action":"acquire","durationMs":2,"activeMatches":64,"activeRooms":1,"queueDepth":62}
{"type":"capacity","timestamp":"2026-07-23T13:13:01.144Z","action":"acquire","durationMs":3,"activeMatches":64,"activeRooms":1,"queueDepth":62}
{"type":"capacity","timestamp":"2026-07-23T13:13:01.153Z","action":"acquire","durationMs":9,"activeMatches":64,"activeRooms":1,"queueDepth":62}
{"type":"capacity","timestamp":"2026-07-23T13:13:01.156Z","action":"acquire","durationMs":3,"activeMatches":64,"activeRooms":1,"queueDepth":62}
{"type":"capacity","timestamp":"2026-07-23T13:13:01.169Z","action":"acquire","durationMs":13,"activeMatches":64,"activeRooms":1,"queueDepth":62}
{"type":"capacity","timestamp":"2026-07-23T13:13:01.180Z","action":"acquire","durationMs":10,"activeMatches":64,"activeRooms":1,"queueDepth":62}
{"type":"capacity","timestamp":"2026-07-23T13:13:01.199Z","action":"acquire","durationMs":18,"activeMatches":64,"activeRooms":1,"queueDepth":62}
{"type":"capacity","timestamp":"2026-07-23T13:13:01.202Z","action":"acquire","durationMs":2,"activeMatches":64,"activeRooms":1,"queueDepth":62}
{"type":"capacity","timestamp":"2026-07-23T13:13:01.231Z","action":"acquire","durationMs":27,"activeMatches":64,"activeRooms":1,"queueDepth":62}
{"type":"capacity","timestamp":"2026-07-23T13:13:01.238Z","action":"acquire","durationMs":7,"activeMatches":64,"activeRooms":1,"queueDepth":62}
{"type":"capacity","timestamp":"2026-07-23T13:13:01.241Z","action":"acquire","durationMs":3,"activeMatches":64,"activeRooms":1,"queueDepth":62}
{"type":"capacity","timestamp":"2026-07-23T13:13:01.253Z","action":"acquire","durationMs":8,"activeMatches":64,"activeRooms":1,"queueDepth":62}
{"type":"capacity","timestamp":"2026-07-23T13:13:01.266Z","action":"acquire","durationMs":6,"activeMatches":64,"activeRooms":1,"queueDepth":62}
{"type":"capacity","timestamp":"2026-07-23T13:13:01.273Z","action":"acquire","durationMs":6,"activeMatches":64,"activeRooms":1,"queueDepth":62}
{"type":"capacity","timestamp":"2026-07-23T13:13:01.284Z","action":"acquire","durationMs":5,"activeMatches":64,"activeRooms":1,"queueDepth":62}
{"type":"capacity","timestamp":"2026-07-23T13:13:01.289Z","action":"acquire","durationMs":4,"activeMatches":64,"activeRooms":1,"queueDepth":62}
{"type":"capacity","timestamp":"2026-07-23T13:13:01.305Z","action":"acquire","durationMs":15,"activeMatches":64,"activeRooms":1,"queueDepth":62}
{"type":"capacity","timestamp":"2026-07-23T13:13:01.310Z","action":"acquire","durationMs":4,"activeMatches":64,"activeRooms":1,"queueDepth":62}
{"type":"capacity","timestamp":"2026-07-23T13:13:01.320Z","action":"acquire","durationMs":9,"activeMatches":64,"activeRooms":1,"queueDepth":62}
{"type":"capacity","timestamp":"2026-07-23T13:13:01.324Z","action":"acquire","durationMs":3,"activeMatches":64,"activeRooms":1,"queueDepth":62}
{"type":"capacity","timestamp":"2026-07-23T13:13:01.330Z","action":"acquire","durationMs":5,"activeMatches":64,"activeRooms":1,"queueDepth":62}
{"type":"capacity","timestamp":"2026-07-23T13:13:01.341Z","action":"acquire","durationMs":10,"activeMatches":64,"activeRooms":1,"queueDepth":62}
{"type":"capacity","timestamp":"2026-07-23T13:13:01.344Z","action":"acquire","durationMs":2,"activeMatches":64,"activeRooms":1,"queueDepth":62}
{"type":"capacity","timestamp":"2026-07-23T13:13:01.349Z","action":"acquire","durationMs":3,"activeMatches":64,"activeRooms":1,"queueDepth":62}
{"type":"capacity","timestamp":"2026-07-23T13:13:01.351Z","action":"acquire","durationMs":2,"activeMatches":64,"activeRooms":1,"queueDepth":62}
{"type":"capacity","timestamp":"2026-07-23T13:13:01.353Z","action":"acquire","durationMs":2,"activeMatches":64,"activeRooms":1,"queueDepth":62}
{"type":"capacity","timestamp":"2026-07-23T13:13:01.356Z","action":"acquire","durationMs":2,"activeMatches":64,"activeRooms":1,"queueDepth":62}
{"type":"capacity","timestamp":"2026-07-23T13:13:01.368Z","action":"acquire","durationMs":11,"activeMatches":64,"activeRooms":1,"queueDepth":62}
{"type":"capacity","timestamp":"2026-07-23T13:13:01.370Z","action":"acquire","durationMs":2,"activeMatches":64,"activeRooms":1,"queueDepth":62}
{"type":"capacity","timestamp":"2026-07-23T13:13:01.387Z","action":"acquire","durationMs":16,"activeMatches":64,"activeRooms":1,"queueDepth":62}
{"type":"capacity","timestamp":"2026-07-23T13:13:01.407Z","action":"acquire","durationMs":19,"activeMatches":64,"activeRooms":1,"queueDepth":62}
{"type":"capacity","timestamp":"2026-07-23T13:13:01.435Z","action":"acquire","durationMs":27,"activeMatches":64,"activeRooms":1,"queueDepth":62}
{"type":"capacity","timestamp":"2026-07-23T13:13:01.437Z","action":"acquire","durationMs":2,"activeMatches":64,"activeRooms":1,"queueDepth":62}
{"type":"capacity","timestamp":"2026-07-23T13:13:01.440Z","action":"acquire","durationMs":3,"activeMatches":64,"activeRooms":1,"queueDepth":62}
{"type":"capacity","timestamp":"2026-07-23T13:13:01.464Z","action":"acquire","durationMs":23,"activeMatches":64,"activeRooms":1,"queueDepth":62}
{"type":"capacity","timestamp":"2026-07-23T13:13:01.466Z","action":"acquire","durationMs":2,"activeMatches":64,"activeRooms":1,"queueDepth":62}
{"type":"capacity","timestamp":"2026-07-23T13:13:01.469Z","action":"acquire","durationMs":2,"activeMatches":64,"activeRooms":1,"queueDepth":62}
{"type":"capacity","timestamp":"2026-07-23T13:13:01.497Z","action":"acquire","durationMs":27,"activeMatches":64,"activeRooms":1,"queueDepth":62}
{"type":"capacity","timestamp":"2026-07-23T13:13:01.515Z","action":"acquire","durationMs":17,"activeMatches":64,"activeRooms":1,"queueDepth":62}
{"type":"capacity","timestamp":"2026-07-23T13:13:01.520Z","action":"acquire","durationMs":4,"activeMatches":64,"activeRooms":1,"queueDepth":62}
{"type":"capacity","timestamp":"2026-07-23T13:13:01.532Z","action":"acquire","durationMs":12,"activeMatches":64,"activeRooms":1,"queueDepth":62}
{"type":"capacity","timestamp":"2026-07-23T13:13:01.548Z","action":"acquire","durationMs":15,"activeMatches":64,"activeRooms":1,"queueDepth":62}
{"type":"capacity","timestamp":"2026-07-23T13:13:01.555Z","action":"acquire","durationMs":7,"activeMatches":64,"activeRooms":1,"queueDepth":62}
{"type":"capacity","timestamp":"2026-07-23T13:13:01.570Z","action":"acquire","durationMs":8,"activeMatches":64,"activeRooms":1,"queueDepth":62}
{"type":"capacity","timestamp":"2026-07-23T13:13:01.583Z","action":"acquire","durationMs":12,"activeMatches":64,"activeRooms":1,"queueDepth":62}
{"type":"capacity","timestamp":"2026-07-23T13:13:01.603Z","action":"acquire","durationMs":19,"activeMatches":64,"activeRooms":1,"queueDepth":62}
{"type":"capacity","timestamp":"2026-07-23T13:13:01.618Z","action":"acquire","durationMs":15,"activeMatches":64,"activeRooms":1,"queueDepth":62}
{"type":"capacity","timestamp":"2026-07-23T13:13:01.623Z","action":"acquire","durationMs":5,"activeMatches":64,"activeRooms":1,"queueDepth":62}
{"type":"capacity","timestamp":"2026-07-23T13:13:01.632Z","action":"acquire","durationMs":6,"activeMatches":64,"activeRooms":1,"queueDepth":62}
{"type":"capacity","timestamp":"2026-07-23T13:13:01.635Z","action":"acquire","durationMs":3,"activeMatches":64,"activeRooms":1,"queueDepth":62}
{"type":"capacity","timestamp":"2026-07-23T13:13:01.637Z","action":"acquire","durationMs":2,"activeMatches":64,"activeRooms":1,"queueDepth":62}
{"type":"capacity","timestamp":"2026-07-23T13:13:01.640Z","action":"acquire","durationMs":3,"activeMatches":64,"activeRooms":1,"queueDepth":62}
{"type":"simulation-batch","timestamp":"2026-07-23T13:13:01.640Z","roomId":"1qs40wc","durationMs":601,"processedMinutes":90,"eventCount":12,"activeMatches":64,"stateVersion":40}
{"type":"room-alarm-complete","timestamp":"2026-07-23T13:13:01.691Z","roomId":"1qs40wc","elapsedMs":668}
{"type":"room-alarm","timestamp":"2026-07-23T13:13:01.697Z","roomId":"1qs40wc"}
{"type":"capacity","timestamp":"2026-07-23T13:13:01.748Z","action":"acquire","durationMs":50,"activeMatches":64,"activeRooms":1,"queueDepth":62}
{"type":"capacity","timestamp":"2026-07-23T13:13:01.772Z","action":"acquire","durationMs":24,"activeMatches":64,"activeRooms":1,"queueDepth":62}
{"type":"capacity","timestamp":"2026-07-23T13:13:01.803Z","action":"acquire","durationMs":30,"activeMatches":64,"activeRooms":1,"queueDepth":62}
{"type":"capacity","timestamp":"2026-07-23T13:13:01.848Z","action":"acquire","durationMs":44,"activeMatches":64,"activeRooms":1,"queueDepth":62}
{"type":"capacity","timestamp":"2026-07-23T13:13:01.851Z","action":"acquire","durationMs":2,"activeMatches":64,"activeRooms":1,"queueDepth":62}
{"type":"capacity","timestamp":"2026-07-23T13:13:01.854Z","action":"acquire","durationMs":2,"activeMatches":64,"activeRooms":1,"queueDepth":62}
{"type":"room-alarm-complete","timestamp":"2026-07-23T13:13:01.912Z","roomId":"1qs40wc","elapsedMs":221}
{"type":"room-alarm","timestamp":"2026-07-23T13:13:04.106Z","roomId":"1qs40wc"}
{"type":"capacity","timestamp":"2026-07-23T13:13:04.137Z","action":"renew","durationMs":29,"activeMatches":64,"activeRooms":1,"queueDepth":62}
{"type":"simulation-batch","timestamp":"2026-07-23T13:13:04.138Z","roomId":"1qs40wc","durationMs":31,"processedMinutes":1,"eventCount":0,"activeMatches":64,"stateVersion":45}
{"type":"room-alarm-complete","timestamp":"2026-07-23T13:13:04.198Z","roomId":"1qs40wc","elapsedMs":129}
{"type":"room-alarm","timestamp":"2026-07-23T13:13:04.215Z","roomId":"1qs40wc"}
{"type":"capacity","timestamp":"2026-07-23T13:13:04.245Z","action":"renew","durationMs":16,"activeMatches":64,"activeRooms":1,"queueDepth":62}
{"type":"simulation-batch","timestamp":"2026-07-23T13:13:04.246Z","roomId":"1qs40wc","durationMs":31,"processedMinutes":3,"eventCount":1,"activeMatches":64,"stateVersion":46}
{"type":"room-alarm-complete","timestamp":"2026-07-23T13:13:04.287Z","roomId":"1qs40wc","elapsedMs":89}
{"type":"room-alarm","timestamp":"2026-07-23T13:13:04.296Z","roomId":"1qs40wc"}
{"type":"capacity","timestamp":"2026-07-23T13:13:04.308Z","action":"renew","durationMs":8,"activeMatches":64,"activeRooms":1,"queueDepth":62}
{"type":"capacity","timestamp":"2026-07-23T13:13:04.310Z","action":"renew","durationMs":2,"activeMatches":64,"activeRooms":1,"queueDepth":62}
{"type":"capacity","timestamp":"2026-07-23T13:13:04.313Z","action":"renew","durationMs":3,"activeMatches":64,"activeRooms":1,"queueDepth":62}
{"type":"simulation-batch","timestamp":"2026-07-23T13:13:04.314Z","roomId":"1qs40wc","durationMs":18,"processedMinutes":5,"eventCount":0,"activeMatches":64,"stateVersion":47}
{"type":"room-alarm-complete","timestamp":"2026-07-23T13:13:04.338Z","roomId":"1qs40wc","elapsedMs":51}
{"type":"room-alarm","timestamp":"2026-07-23T13:13:04.369Z","roomId":"1qs40wc"}
{"type":"capacity","timestamp":"2026-07-23T13:13:04.378Z","action":"renew","durationMs":6,"activeMatches":64,"activeRooms":1,"queueDepth":62}
{"type":"capacity","timestamp":"2026-07-23T13:13:04.381Z","action":"renew","durationMs":3,"activeMatches":64,"activeRooms":1,"queueDepth":62}
{"type":"capacity","timestamp":"2026-07-23T13:13:04.383Z","action":"renew","durationMs":2,"activeMatches":64,"activeRooms":1,"queueDepth":62}
{"type":"capacity","timestamp":"2026-07-23T13:13:04.385Z","action":"renew","durationMs":2,"activeMatches":64,"activeRooms":1,"queueDepth":62}
{"type":"simulation-batch","timestamp":"2026-07-23T13:13:04.386Z","roomId":"1qs40wc","durationMs":17,"processedMinutes":8,"eventCount":1,"activeMatches":64,"stateVersion":48}
{"type":"room-alarm-complete","timestamp":"2026-07-23T13:13:04.403Z","roomId":"1qs40wc","elapsedMs":43}
{"type":"room-alarm","timestamp":"2026-07-23T13:13:04.422Z","roomId":"1qs40wc"}
{"type":"capacity","timestamp":"2026-07-23T13:13:04.432Z","action":"renew","durationMs":5,"activeMatches":64,"activeRooms":1,"queueDepth":62}
{"type":"capacity","timestamp":"2026-07-23T13:13:04.435Z","action":"renew","durationMs":2,"activeMatches":64,"activeRooms":1,"queueDepth":62}
{"type":"capacity","timestamp":"2026-07-23T13:13:04.447Z","action":"renew","durationMs":11,"activeMatches":64,"activeRooms":1,"queueDepth":62}
{"type":"simulation-batch","timestamp":"2026-07-23T13:13:04.448Z","roomId":"1qs40wc","durationMs":22,"processedMinutes":7,"eventCount":1,"activeMatches":64,"stateVersion":49}
{"type":"room-alarm-complete","timestamp":"2026-07-23T13:13:04.463Z","roomId":"1qs40wc","elapsedMs":43}
{"type":"room-alarm","timestamp":"2026-07-23T13:13:04.485Z","roomId":"1qs40wc"}
{"type":"capacity","timestamp":"2026-07-23T13:13:04.492Z","action":"renew","durationMs":6,"activeMatches":64,"activeRooms":1,"queueDepth":62}
{"type":"capacity","timestamp":"2026-07-23T13:13:04.502Z","action":"renew","durationMs":10,"activeMatches":64,"activeRooms":1,"queueDepth":62}
{"type":"simulation-batch","timestamp":"2026-07-23T13:13:04.502Z","roomId":"1qs40wc","durationMs":17,"processedMinutes":6,"eventCount":0,"activeMatches":64,"stateVersion":50}
{"type":"room-alarm-complete","timestamp":"2026-07-23T13:13:04.519Z","roomId":"1qs40wc","elapsedMs":37}
{"type":"room-alarm","timestamp":"2026-07-23T13:13:04.554Z","roomId":"1qs40wc"}
{"type":"capacity","timestamp":"2026-07-23T13:13:04.572Z","action":"renew","durationMs":10,"activeMatches":64,"activeRooms":1,"queueDepth":62}
{"type":"simulation-batch","timestamp":"2026-07-23T13:13:04.572Z","roomId":"1qs40wc","durationMs":18,"processedMinutes":5,"eventCount":1,"activeMatches":64,"stateVersion":51}
{"type":"room-alarm-complete","timestamp":"2026-07-23T13:13:04.608Z","roomId":"1qs40wc","elapsedMs":64}
{"type":"room-alarm","timestamp":"2026-07-23T13:13:04.617Z","roomId":"1qs40wc"}
{"type":"capacity","timestamp":"2026-07-23T13:13:04.630Z","action":"renew","durationMs":8,"activeMatches":64,"activeRooms":1,"queueDepth":62}
{"type":"capacity","timestamp":"2026-07-23T13:13:04.633Z","action":"renew","durationMs":2,"activeMatches":64,"activeRooms":1,"queueDepth":62}
{"type":"simulation-batch","timestamp":"2026-07-23T13:13:04.633Z","roomId":"1qs40wc","durationMs":16,"processedMinutes":6,"eventCount":1,"activeMatches":64,"stateVersion":52}
{"type":"room-alarm-complete","timestamp":"2026-07-23T13:13:04.699Z","roomId":"1qs40wc","elapsedMs":91}
{"type":"room-alarm","timestamp":"2026-07-23T13:13:04.720Z","roomId":"1qs40wc"}
{"type":"capacity","timestamp":"2026-07-23T13:13:04.737Z","action":"renew","durationMs":16,"activeMatches":64,"activeRooms":1,"queueDepth":62}
{"type":"simulation-batch","timestamp":"2026-07-23T13:13:04.737Z","roomId":"1qs40wc","durationMs":17,"processedMinutes":3,"eventCount":1,"activeMatches":64,"stateVersion":53}
{"type":"room-alarm-complete","timestamp":"2026-07-23T13:13:04.792Z","roomId":"1qs40wc","elapsedMs":92}
{"type":"room-alarm","timestamp":"2026-07-23T13:13:04.802Z","roomId":"1qs40wc"}
{"type":"capacity","timestamp":"2026-07-23T13:13:04.810Z","action":"renew","durationMs":8,"activeMatches":64,"activeRooms":1,"queueDepth":62}
{"type":"capacity","timestamp":"2026-07-23T13:13:04.838Z","action":"renew","durationMs":28,"activeMatches":64,"activeRooms":1,"queueDepth":62}
{"type":"simulation-batch","timestamp":"2026-07-23T13:13:04.838Z","roomId":"1qs40wc","durationMs":36,"processedMinutes":6,"eventCount":1,"activeMatches":64,"stateVersion":54}
{"type":"room-alarm-complete","timestamp":"2026-07-23T13:13:04.890Z","roomId":"1qs40wc","elapsedMs":98}
{"type":"room-alarm","timestamp":"2026-07-23T13:13:04.905Z","roomId":"1qs40wc"}
{"type":"capacity","timestamp":"2026-07-23T13:13:04.922Z","action":"renew","durationMs":16,"activeMatches":64,"activeRooms":1,"queueDepth":62}
{"type":"simulation-batch","timestamp":"2026-07-23T13:13:04.922Z","roomId":"1qs40wc","durationMs":17,"processedMinutes":6,"eventCount":1,"activeMatches":64,"stateVersion":55}
{"type":"room-alarm-complete","timestamp":"2026-07-23T13:13:05.012Z","roomId":"1qs40wc","elapsedMs":121}
{"type":"room-alarm","timestamp":"2026-07-23T13:13:05.026Z","roomId":"1qs40wc"}
{"type":"capacity","timestamp":"2026-07-23T13:13:05.505Z","action":"renew","durationMs":351,"activeMatches":64,"activeRooms":1,"queueDepth":62}
{"type":"simulation-batch","timestamp":"2026-07-23T13:13:05.506Z","roomId":"1qs40wc","durationMs":469,"processedMinutes":8,"eventCount":1,"activeMatches":64,"stateVersion":56}
{"type":"room-alarm-complete","timestamp":"2026-07-23T13:13:05.515Z","roomId":"1qs40wc","elapsedMs":502}
{"type":"room-alarm","timestamp":"2026-07-23T13:13:05.518Z","roomId":"1qs40wc"}
{"type":"capacity","timestamp":"2026-07-23T13:13:05.521Z","action":"renew","durationMs":3,"activeMatches":64,"activeRooms":1,"queueDepth":62}
{"type":"capacity","timestamp":"2026-07-23T13:13:05.527Z","action":"renew","durationMs":5,"activeMatches":64,"activeRooms":1,"queueDepth":62}
{"type":"capacity","timestamp":"2026-07-23T13:13:05.530Z","action":"renew","durationMs":2,"activeMatches":64,"activeRooms":1,"queueDepth":62}
{"type":"capacity","timestamp":"2026-07-23T13:13:05.532Z","action":"renew","durationMs":2,"activeMatches":64,"activeRooms":1,"queueDepth":62}
{"type":"capacity","timestamp":"2026-07-23T13:13:05.534Z","action":"renew","durationMs":1,"activeMatches":64,"activeRooms":1,"queueDepth":62}
{"type":"simulation-batch","timestamp":"2026-07-23T13:13:05.535Z","roomId":"1qs40wc","durationMs":17,"processedMinutes":33,"eventCount":1,"activeMatches":64,"stateVersion":57}
{"type":"room-alarm-complete","timestamp":"2026-07-23T13:13:05.544Z","roomId":"1qs40wc","elapsedMs":28}
{"type":"room-alarm","timestamp":"2026-07-23T13:13:05.636Z","roomId":"1qs40wc"}
{"type":"capacity","timestamp":"2026-07-23T13:13:05.658Z","action":"renew","durationMs":20,"activeMatches":64,"activeRooms":1,"queueDepth":62}
{"type":"simulation-batch","timestamp":"2026-07-23T13:13:05.659Z","roomId":"1qs40wc","durationMs":23,"processedMinutes":9,"eventCount":1,"activeMatches":64,"stateVersion":58}
{"type":"room-alarm-complete","timestamp":"2026-07-23T13:13:05.668Z","roomId":"1qs40wc","elapsedMs":41}
{"type":"room-alarm","timestamp":"2026-07-23T13:13:05.697Z","roomId":"1qs40wc"}
{"type":"capacity","timestamp":"2026-07-23T13:13:05.703Z","action":"renew","durationMs":6,"activeMatches":64,"activeRooms":1,"queueDepth":62}
{"type":"capacity","timestamp":"2026-07-23T13:13:05.705Z","action":"renew","durationMs":1,"activeMatches":64,"activeRooms":1,"queueDepth":62}
{"type":"capacity","timestamp":"2026-07-23T13:13:05.709Z","action":"renew","durationMs":3,"activeMatches":64,"activeRooms":1,"queueDepth":62}
{"type":"capacity","timestamp":"2026-07-23T13:13:05.712Z","action":"renew","durationMs":2,"activeMatches":64,"activeRooms":1,"queueDepth":62}
{"type":"simulation-batch","timestamp":"2026-07-23T13:13:05.712Z","roomId":"1qs40wc","durationMs":15,"processedMinutes":18,"eventCount":1,"activeMatches":64,"stateVersion":59}
{"type":"room-alarm-complete","timestamp":"2026-07-23T13:13:05.721Z","roomId":"1qs40wc","elapsedMs":26}
{"type":"room-alarm","timestamp":"2026-07-23T13:13:05.766Z","roomId":"1qs40wc"}
{"type":"capacity","timestamp":"2026-07-23T13:13:05.783Z","action":"renew","durationMs":15,"activeMatches":64,"activeRooms":1,"queueDepth":62}
{"type":"simulation-batch","timestamp":"2026-07-23T13:13:05.784Z","roomId":"1qs40wc","durationMs":17,"processedMinutes":32,"eventCount":1,"activeMatches":64,"stateVersion":60}
{"type":"room-alarm-complete","timestamp":"2026-07-23T13:13:05.793Z","roomId":"1qs40wc","elapsedMs":30}
{"type":"room-alarm","timestamp":"2026-07-23T13:13:05.846Z","roomId":"1qs40wc"}
{"type":"capacity","timestamp":"2026-07-23T13:13:05.865Z","action":"renew","durationMs":17,"activeMatches":64,"activeRooms":1,"queueDepth":62}
{"type":"simulation-batch","timestamp":"2026-07-23T13:13:05.866Z","roomId":"1qs40wc","durationMs":19,"processedMinutes":46,"eventCount":6,"activeMatches":64,"stateVersion":61}
{"type":"room-alarm-complete","timestamp":"2026-07-23T13:13:05.874Z","roomId":"1qs40wc","elapsedMs":31}
{"type":"room-alarm","timestamp":"2026-07-23T13:13:05.919Z","roomId":"1qs40wc"}
{"type":"capacity","timestamp":"2026-07-23T13:13:05.931Z","action":"renew","durationMs":11,"activeMatches":64,"activeRooms":1,"queueDepth":62}
{"type":"capacity","timestamp":"2026-07-23T13:13:05.934Z","action":"renew","durationMs":2,"activeMatches":64,"activeRooms":1,"queueDepth":62}
{"type":"simulation-batch","timestamp":"2026-07-23T13:13:05.934Z","roomId":"1qs40wc","durationMs":15,"processedMinutes":47,"eventCount":4,"activeMatches":64,"stateVersion":62}
{"type":"room-alarm-complete","timestamp":"2026-07-23T13:13:05.944Z","roomId":"1qs40wc","elapsedMs":29}
{"type":"room-alarm","timestamp":"2026-07-23T13:13:05.993Z","roomId":"1qs40wc"}
{"type":"capacity","timestamp":"2026-07-23T13:13:06.000Z","action":"renew","durationMs":6,"activeMatches":64,"activeRooms":1,"queueDepth":62}
{"type":"capacity","timestamp":"2026-07-23T13:13:06.003Z","action":"renew","durationMs":2,"activeMatches":64,"activeRooms":1,"queueDepth":62}
{"type":"capacity","timestamp":"2026-07-23T13:13:06.006Z","action":"renew","durationMs":2,"activeMatches":64,"activeRooms":1,"queueDepth":62}
{"type":"capacity","timestamp":"2026-07-23T13:13:06.008Z","action":"acquire","durationMs":2,"activeMatches":64,"activeRooms":1,"queueDepth":62}
{"type":"capacity","timestamp":"2026-07-23T13:13:06.012Z","action":"acquire","durationMs":3,"activeMatches":64,"activeRooms":1,"queueDepth":62}
{"type":"capacity","timestamp":"2026-07-23T13:13:06.016Z","action":"acquire","durationMs":4,"activeMatches":64,"activeRooms":1,"queueDepth":62}
{"type":"capacity","timestamp":"2026-07-23T13:13:06.019Z","action":"acquire","durationMs":2,"activeMatches":64,"activeRooms":1,"queueDepth":62}
{"type":"capacity","timestamp":"2026-07-23T13:13:06.023Z","action":"acquire","durationMs":3,"activeMatches":64,"activeRooms":1,"queueDepth":62}
{"type":"capacity","timestamp":"2026-07-23T13:13:06.025Z","action":"acquire","durationMs":2,"activeMatches":64,"activeRooms":1,"queueDepth":62}
{"type":"capacity","timestamp":"2026-07-23T13:13:06.027Z","action":"acquire","durationMs":1,"activeMatches":64,"activeRooms":1,"queueDepth":62}
{"type":"capacity","timestamp":"2026-07-23T13:13:06.030Z","action":"acquire","durationMs":2,"activeMatches":64,"activeRooms":1,"queueDepth":62}
{"type":"capacity","timestamp":"2026-07-23T13:13:06.033Z","action":"acquire","durationMs":2,"activeMatches":64,"activeRooms":1,"queueDepth":62}
{"type":"capacity","timestamp":"2026-07-23T13:13:06.036Z","action":"acquire","durationMs":2,"activeMatches":64,"activeRooms":1,"queueDepth":62}
{"type":"capacity","timestamp":"2026-07-23T13:13:06.039Z","action":"acquire","durationMs":2,"activeMatches":64,"activeRooms":1,"queueDepth":62}
{"type":"capacity","timestamp":"2026-07-23T13:13:06.044Z","action":"acquire","durationMs":4,"activeMatches":64,"activeRooms":1,"queueDepth":62}
{"type":"capacity","timestamp":"2026-07-23T13:13:06.048Z","action":"acquire","durationMs":4,"activeMatches":64,"activeRooms":1,"queueDepth":62}
{"type":"capacity","timestamp":"2026-07-23T13:13:06.051Z","action":"acquire","durationMs":3,"activeMatches":64,"activeRooms":1,"queueDepth":62}
{"type":"capacity","timestamp":"2026-07-23T13:13:06.053Z","action":"acquire","durationMs":2,"activeMatches":64,"activeRooms":1,"queueDepth":62}
{"type":"capacity","timestamp":"2026-07-23T13:13:06.056Z","action":"acquire","durationMs":2,"activeMatches":64,"activeRooms":1,"queueDepth":62}
{"type":"capacity","timestamp":"2026-07-23T13:13:06.060Z","action":"acquire","durationMs":3,"activeMatches":64,"activeRooms":1,"queueDepth":62}
{"type":"capacity","timestamp":"2026-07-23T13:13:06.063Z","action":"acquire","durationMs":3,"activeMatches":64,"activeRooms":1,"queueDepth":62}
{"type":"capacity","timestamp":"2026-07-23T13:13:06.066Z","action":"acquire","durationMs":2,"activeMatches":64,"activeRooms":1,"queueDepth":62}
{"type":"capacity","timestamp":"2026-07-23T13:13:06.069Z","action":"acquire","durationMs":3,"activeMatches":64,"activeRooms":1,"queueDepth":62}
{"type":"capacity","timestamp":"2026-07-23T13:13:06.072Z","action":"acquire","durationMs":2,"activeMatches":64,"activeRooms":1,"queueDepth":62}
{"type":"capacity","timestamp":"2026-07-23T13:13:06.074Z","action":"acquire","durationMs":2,"activeMatches":64,"activeRooms":1,"queueDepth":62}
{"type":"capacity","timestamp":"2026-07-23T13:13:06.078Z","action":"acquire","durationMs":3,"activeMatches":64,"activeRooms":1,"queueDepth":62}
{"type":"capacity","timestamp":"2026-07-23T13:13:06.081Z","action":"acquire","durationMs":2,"activeMatches":64,"activeRooms":1,"queueDepth":62}
{"type":"capacity","timestamp":"2026-07-23T13:13:06.085Z","action":"acquire","durationMs":3,"activeMatches":64,"activeRooms":1,"queueDepth":62}
{"type":"capacity","timestamp":"2026-07-23T13:13:06.088Z","action":"acquire","durationMs":2,"activeMatches":64,"activeRooms":1,"queueDepth":62}
{"type":"capacity","timestamp":"2026-07-23T13:13:06.090Z","action":"acquire","durationMs":2,"activeMatches":64,"activeRooms":1,"queueDepth":62}
{"type":"capacity","timestamp":"2026-07-23T13:13:06.096Z","action":"acquire","durationMs":4,"activeMatches":64,"activeRooms":1,"queueDepth":62}
{"type":"capacity","timestamp":"2026-07-23T13:13:06.100Z","action":"acquire","durationMs":3,"activeMatches":64,"activeRooms":1,"queueDepth":62}
{"type":"capacity","timestamp":"2026-07-23T13:13:06.103Z","action":"acquire","durationMs":2,"activeMatches":64,"activeRooms":1,"queueDepth":62}
{"type":"capacity","timestamp":"2026-07-23T13:13:06.105Z","action":"acquire","durationMs":1,"activeMatches":64,"activeRooms":1,"queueDepth":62}
{"type":"capacity","timestamp":"2026-07-23T13:13:06.109Z","action":"acquire","durationMs":3,"activeMatches":64,"activeRooms":1,"queueDepth":62}
{"type":"capacity","timestamp":"2026-07-23T13:13:06.112Z","action":"acquire","durationMs":3,"activeMatches":64,"activeRooms":1,"queueDepth":62}
{"type":"capacity","timestamp":"2026-07-23T13:13:06.114Z","action":"acquire","durationMs":2,"activeMatches":64,"activeRooms":1,"queueDepth":62}
{"type":"capacity","timestamp":"2026-07-23T13:13:06.117Z","action":"acquire","durationMs":2,"activeMatches":64,"activeRooms":1,"queueDepth":62}
{"type":"capacity","timestamp":"2026-07-23T13:13:06.119Z","action":"acquire","durationMs":2,"activeMatches":64,"activeRooms":1,"queueDepth":62}
{"type":"capacity","timestamp":"2026-07-23T13:13:06.123Z","action":"acquire","durationMs":3,"activeMatches":64,"activeRooms":1,"queueDepth":62}
{"type":"capacity","timestamp":"2026-07-23T13:13:06.128Z","action":"acquire","durationMs":3,"activeMatches":64,"activeRooms":1,"queueDepth":62}
{"type":"capacity","timestamp":"2026-07-23T13:13:06.131Z","action":"acquire","durationMs":2,"activeMatches":64,"activeRooms":1,"queueDepth":62}
{"type":"capacity","timestamp":"2026-07-23T13:13:06.134Z","action":"acquire","durationMs":2,"activeMatches":64,"activeRooms":1,"queueDepth":62}
{"type":"capacity","timestamp":"2026-07-23T13:13:06.136Z","action":"acquire","durationMs":2,"activeMatches":64,"activeRooms":1,"queueDepth":62}
{"type":"capacity","timestamp":"2026-07-23T13:13:06.139Z","action":"acquire","durationMs":2,"activeMatches":64,"activeRooms":1,"queueDepth":62}
{"type":"capacity","timestamp":"2026-07-23T13:13:06.143Z","action":"acquire","durationMs":3,"activeMatches":64,"activeRooms":1,"queueDepth":62}
{"type":"capacity","timestamp":"2026-07-23T13:13:06.147Z","action":"acquire","durationMs":3,"activeMatches":64,"activeRooms":1,"queueDepth":62}
{"type":"capacity","timestamp":"2026-07-23T13:13:06.150Z","action":"acquire","durationMs":3,"activeMatches":64,"activeRooms":1,"queueDepth":62}
{"type":"capacity","timestamp":"2026-07-23T13:13:06.152Z","action":"acquire","durationMs":2,"activeMatches":64,"activeRooms":1,"queueDepth":62}
{"type":"capacity","timestamp":"2026-07-23T13:13:06.155Z","action":"acquire","durationMs":2,"activeMatches":64,"activeRooms":1,"queueDepth":62}
{"type":"capacity","timestamp":"2026-07-23T13:13:06.160Z","action":"acquire","durationMs":4,"activeMatches":64,"activeRooms":1,"queueDepth":62}
{"type":"capacity","timestamp":"2026-07-23T13:13:06.163Z","action":"acquire","durationMs":2,"activeMatches":64,"activeRooms":1,"queueDepth":62}
{"type":"capacity","timestamp":"2026-07-23T13:13:06.166Z","action":"acquire","durationMs":2,"activeMatches":64,"activeRooms":1,"queueDepth":62}
{"type":"capacity","timestamp":"2026-07-23T13:13:06.170Z","action":"acquire","durationMs":3,"activeMatches":64,"activeRooms":1,"queueDepth":62}
{"type":"capacity","timestamp":"2026-07-23T13:13:06.173Z","action":"acquire","durationMs":2,"activeMatches":64,"activeRooms":1,"queueDepth":62}
{"type":"capacity","timestamp":"2026-07-23T13:13:06.177Z","action":"acquire","durationMs":2,"activeMatches":64,"activeRooms":1,"queueDepth":62}
{"type":"capacity","timestamp":"2026-07-23T13:13:06.180Z","action":"acquire","durationMs":2,"activeMatches":64,"activeRooms":1,"queueDepth":62}
{"type":"capacity","timestamp":"2026-07-23T13:13:06.184Z","action":"acquire","durationMs":3,"activeMatches":64,"activeRooms":1,"queueDepth":62}
{"type":"capacity","timestamp":"2026-07-23T13:13:06.188Z","action":"acquire","durationMs":4,"activeMatches":64,"activeRooms":1,"queueDepth":62}
{"type":"capacity","timestamp":"2026-07-23T13:13:06.192Z","action":"acquire","durationMs":3,"activeMatches":64,"activeRooms":1,"queueDepth":62}
{"type":"capacity","timestamp":"2026-07-23T13:13:06.196Z","action":"acquire","durationMs":2,"activeMatches":64,"activeRooms":1,"queueDepth":62}
{"type":"capacity","timestamp":"2026-07-23T13:13:06.199Z","action":"acquire","durationMs":3,"activeMatches":64,"activeRooms":1,"queueDepth":62}
{"type":"capacity","timestamp":"2026-07-23T13:13:06.202Z","action":"acquire","durationMs":2,"activeMatches":64,"activeRooms":1,"queueDepth":62}
{"type":"capacity","timestamp":"2026-07-23T13:13:06.205Z","action":"acquire","durationMs":2,"activeMatches":64,"activeRooms":1,"queueDepth":62}
{"type":"capacity","timestamp":"2026-07-23T13:13:06.208Z","action":"acquire","durationMs":2,"activeMatches":64,"activeRooms":1,"queueDepth":62}
{"type":"simulation-batch","timestamp":"2026-07-23T13:13:06.209Z","roomId":"1qs40wc","durationMs":216,"processedMinutes":15,"eventCount":2,"activeMatches":64,"stateVersion":63}
{"type":"room-alarm-complete","timestamp":"2026-07-23T13:13:06.219Z","roomId":"1qs40wc","elapsedMs":231}
{"type":"room-alarm","timestamp":"2026-07-23T13:13:06.221Z","roomId":"1qs40wc"}
{"type":"capacity","timestamp":"2026-07-23T13:13:06.225Z","action":"renew","durationMs":3,"activeMatches":64,"activeRooms":1,"queueDepth":62}
{"type":"capacity","timestamp":"2026-07-23T13:13:06.229Z","action":"renew","durationMs":4,"activeMatches":64,"activeRooms":1,"queueDepth":62}
{"type":"capacity","timestamp":"2026-07-23T13:13:06.232Z","action":"renew","durationMs":2,"activeMatches":64,"activeRooms":1,"queueDepth":62}
{"type":"capacity","timestamp":"2026-07-23T13:13:06.236Z","action":"renew","durationMs":3,"activeMatches":64,"activeRooms":1,"queueDepth":62}
{"type":"simulation-batch","timestamp":"2026-07-23T13:13:06.236Z","roomId":"1qs40wc","durationMs":15,"processedMinutes":13,"eventCount":1,"activeMatches":64,"stateVersion":64}
{"type":"room-alarm-complete","timestamp":"2026-07-23T13:13:06.250Z","roomId":"1qs40wc","elapsedMs":31}
{"type":"room-alarm","timestamp":"2026-07-23T13:13:06.280Z","roomId":"1qs40wc"}
{"type":"capacity","timestamp":"2026-07-23T13:13:06.283Z","action":"renew","durationMs":2,"activeMatches":64,"activeRooms":1,"queueDepth":62}
{"type":"capacity","timestamp":"2026-07-23T13:13:06.287Z","action":"renew","durationMs":3,"activeMatches":64,"activeRooms":1,"queueDepth":62}
{"type":"capacity","timestamp":"2026-07-23T13:13:06.290Z","action":"renew","durationMs":3,"activeMatches":64,"activeRooms":1,"queueDepth":62}
{"type":"capacity","timestamp":"2026-07-23T13:13:06.294Z","action":"renew","durationMs":3,"activeMatches":64,"activeRooms":1,"queueDepth":62}
{"type":"simulation-batch","timestamp":"2026-07-23T13:13:06.295Z","roomId":"1qs40wc","durationMs":15,"processedMinutes":9,"eventCount":2,"activeMatches":64,"stateVersion":65}
{"type":"room-alarm-complete","timestamp":"2026-07-23T13:13:06.306Z","roomId":"1qs40wc","elapsedMs":30}
{"type":"room-alarm","timestamp":"2026-07-23T13:13:06.355Z","roomId":"1qs40wc"}
{"type":"capacity","timestamp":"2026-07-23T13:13:06.362Z","action":"renew","durationMs":4,"activeMatches":64,"activeRooms":1,"queueDepth":62}
{"type":"capacity","timestamp":"2026-07-23T13:13:06.364Z","action":"renew","durationMs":1,"activeMatches":64,"activeRooms":1,"queueDepth":62}
{"type":"capacity","timestamp":"2026-07-23T13:13:06.367Z","action":"renew","durationMs":2,"activeMatches":64,"activeRooms":1,"queueDepth":62}
{"type":"capacity","timestamp":"2026-07-23T13:13:06.371Z","action":"renew","durationMs":3,"activeMatches":64,"activeRooms":1,"queueDepth":62}
{"type":"simulation-batch","timestamp":"2026-07-23T13:13:06.371Z","roomId":"1qs40wc","durationMs":16,"processedMinutes":7,"eventCount":1,"activeMatches":64,"stateVersion":66}
{"type":"room-alarm-complete","timestamp":"2026-07-23T13:13:06.383Z","roomId":"1qs40wc","elapsedMs":32}
{"type":"room-alarm","timestamp":"2026-07-23T13:13:06.435Z","roomId":"1qs40wc"}
{"type":"capacity","timestamp":"2026-07-23T13:13:06.452Z","action":"renew","durationMs":16,"activeMatches":64,"activeRooms":1,"queueDepth":62}
{"type":"simulation-batch","timestamp":"2026-07-23T13:13:06.452Z","roomId":"1qs40wc","durationMs":17,"processedMinutes":5,"eventCount":1,"activeMatches":64,"stateVersion":67}
{"type":"room-alarm-complete","timestamp":"2026-07-23T13:13:06.460Z","roomId":"1qs40wc","elapsedMs":27}
{"type":"room-alarm","timestamp":"2026-07-23T13:13:06.502Z","roomId":"1qs40wc"}
{"type":"capacity","timestamp":"2026-07-23T13:13:06.530Z","action":"renew","durationMs":26,"activeMatches":64,"activeRooms":1,"queueDepth":62}
{"type":"simulation-batch","timestamp":"2026-07-23T13:13:06.531Z","roomId":"1qs40wc","durationMs":28,"processedMinutes":4,"eventCount":0,"activeMatches":64,"stateVersion":68}
{"type":"room-alarm-complete","timestamp":"2026-07-23T13:13:06.538Z","roomId":"1qs40wc","elapsedMs":39}
{"type":"room-alarm","timestamp":"2026-07-23T13:13:06.555Z","roomId":"1qs40wc"}
{"type":"room-alarm-complete","timestamp":"2026-07-23T13:13:06.564Z","roomId":"1qs40wc","elapsedMs":11}
{"type":"room-alarm","timestamp":"2026-07-23T13:13:08.889Z","roomId":"1qs40wc"}
{"type":"capacity","timestamp":"2026-07-23T13:13:08.918Z","action":"acquire","durationMs":19,"activeMatches":64,"activeRooms":1,"queueDepth":62}
{"type":"capacity","timestamp":"2026-07-23T13:13:08.923Z","action":"acquire","durationMs":5,"activeMatches":64,"activeRooms":1,"queueDepth":62}
{"type":"capacity","timestamp":"2026-07-23T13:13:08.935Z","action":"acquire","durationMs":10,"activeMatches":64,"activeRooms":1,"queueDepth":62}
{"type":"capacity","timestamp":"2026-07-23T13:13:08.937Z","action":"acquire","durationMs":2,"activeMatches":64,"activeRooms":1,"queueDepth":62}
{"type":"capacity","timestamp":"2026-07-23T13:13:08.939Z","action":"acquire","durationMs":1,"activeMatches":64,"activeRooms":1,"queueDepth":62}
{"type":"capacity","timestamp":"2026-07-23T13:13:08.943Z","action":"acquire","durationMs":3,"activeMatches":64,"activeRooms":1,"queueDepth":62}
{"type":"capacity","timestamp":"2026-07-23T13:13:08.945Z","action":"acquire","durationMs":2,"activeMatches":64,"activeRooms":1,"queueDepth":62}
{"type":"capacity","timestamp":"2026-07-23T13:13:08.955Z","action":"acquire","durationMs":9,"activeMatches":64,"activeRooms":1,"queueDepth":62}
{"type":"capacity","timestamp":"2026-07-23T13:13:08.968Z","action":"acquire","durationMs":12,"activeMatches":64,"activeRooms":1,"queueDepth":62}
{"type":"capacity","timestamp":"2026-07-23T13:13:08.981Z","action":"acquire","durationMs":13,"activeMatches":64,"activeRooms":1,"queueDepth":62}
{"type":"capacity","timestamp":"2026-07-23T13:13:08.990Z","action":"acquire","durationMs":8,"activeMatches":64,"activeRooms":1,"queueDepth":62}
{"type":"capacity","timestamp":"2026-07-23T13:13:08.999Z","action":"acquire","durationMs":8,"activeMatches":64,"activeRooms":1,"queueDepth":62}
{"type":"capacity","timestamp":"2026-07-23T13:13:09.002Z","action":"acquire","durationMs":2,"activeMatches":64,"activeRooms":1,"queueDepth":62}
{"type":"capacity","timestamp":"2026-07-23T13:13:09.018Z","action":"acquire","durationMs":15,"activeMatches":64,"activeRooms":1,"queueDepth":62}
{"type":"capacity","timestamp":"2026-07-23T13:13:09.041Z","action":"acquire","durationMs":22,"activeMatches":64,"activeRooms":1,"queueDepth":62}
{"type":"capacity","timestamp":"2026-07-23T13:13:09.051Z","action":"acquire","durationMs":5,"activeMatches":64,"activeRooms":1,"queueDepth":62}
{"type":"capacity","timestamp":"2026-07-23T13:13:09.061Z","action":"acquire","durationMs":5,"activeMatches":64,"activeRooms":1,"queueDepth":62}
{"type":"capacity","timestamp":"2026-07-23T13:13:09.069Z","action":"acquire","durationMs":7,"activeMatches":64,"activeRooms":1,"queueDepth":62}
{"type":"capacity","timestamp":"2026-07-23T13:13:09.072Z","action":"acquire","durationMs":2,"activeMatches":64,"activeRooms":1,"queueDepth":62}
{"type":"capacity","timestamp":"2026-07-23T13:13:09.075Z","action":"acquire","durationMs":3,"activeMatches":64,"activeRooms":1,"queueDepth":62}
{"type":"capacity","timestamp":"2026-07-23T13:13:09.086Z","action":"acquire","durationMs":10,"activeMatches":64,"activeRooms":1,"queueDepth":62}
{"type":"capacity","timestamp":"2026-07-23T13:13:09.089Z","action":"acquire","durationMs":2,"activeMatches":64,"activeRooms":1,"queueDepth":62}
{"type":"capacity","timestamp":"2026-07-23T13:13:09.102Z","action":"acquire","durationMs":12,"activeMatches":64,"activeRooms":1,"queueDepth":62}
{"type":"capacity","timestamp":"2026-07-23T13:13:09.105Z","action":"acquire","durationMs":2,"activeMatches":64,"activeRooms":1,"queueDepth":62}
{"type":"capacity","timestamp":"2026-07-23T13:13:09.136Z","action":"acquire","durationMs":30,"activeMatches":64,"activeRooms":1,"queueDepth":62}
{"type":"capacity","timestamp":"2026-07-23T13:13:09.168Z","action":"acquire","durationMs":32,"activeMatches":64,"activeRooms":1,"queueDepth":62}
{"type":"capacity","timestamp":"2026-07-23T13:13:09.171Z","action":"acquire","durationMs":3,"activeMatches":64,"activeRooms":1,"queueDepth":62}
{"type":"capacity","timestamp":"2026-07-23T13:13:09.174Z","action":"acquire","durationMs":3,"activeMatches":64,"activeRooms":1,"queueDepth":62}
{"type":"capacity","timestamp":"2026-07-23T13:13:09.189Z","action":"acquire","durationMs":14,"activeMatches":64,"activeRooms":1,"queueDepth":62}
{"type":"capacity","timestamp":"2026-07-23T13:13:09.203Z","action":"acquire","durationMs":13,"activeMatches":64,"activeRooms":1,"queueDepth":62}
{"type":"capacity","timestamp":"2026-07-23T13:13:09.205Z","action":"acquire","durationMs":2,"activeMatches":64,"activeRooms":1,"queueDepth":62}
{"type":"capacity","timestamp":"2026-07-23T13:13:09.208Z","action":"acquire","durationMs":3,"activeMatches":64,"activeRooms":1,"queueDepth":62}
{"type":"capacity","timestamp":"2026-07-23T13:13:09.230Z","action":"acquire","durationMs":21,"activeMatches":64,"activeRooms":1,"queueDepth":62}
{"type":"capacity","timestamp":"2026-07-23T13:13:09.238Z","action":"acquire","durationMs":7,"activeMatches":64,"activeRooms":1,"queueDepth":62}
{"type":"capacity","timestamp":"2026-07-23T13:13:09.241Z","action":"acquire","durationMs":2,"activeMatches":64,"activeRooms":1,"queueDepth":62}
{"type":"capacity","timestamp":"2026-07-23T13:13:09.252Z","action":"acquire","durationMs":10,"activeMatches":64,"activeRooms":1,"queueDepth":62}
{"type":"capacity","timestamp":"2026-07-23T13:13:09.255Z","action":"acquire","durationMs":2,"activeMatches":64,"activeRooms":1,"queueDepth":62}
{"type":"capacity","timestamp":"2026-07-23T13:13:09.258Z","action":"acquire","durationMs":2,"activeMatches":64,"activeRooms":1,"queueDepth":62}
{"type":"capacity","timestamp":"2026-07-23T13:13:09.270Z","action":"acquire","durationMs":11,"activeMatches":64,"activeRooms":1,"queueDepth":62}
{"type":"capacity","timestamp":"2026-07-23T13:13:09.281Z","action":"acquire","durationMs":10,"activeMatches":64,"activeRooms":1,"queueDepth":62}
{"type":"capacity","timestamp":"2026-07-23T13:13:09.283Z","action":"acquire","durationMs":2,"activeMatches":64,"activeRooms":1,"queueDepth":62}
{"type":"capacity","timestamp":"2026-07-23T13:13:09.293Z","action":"acquire","durationMs":9,"activeMatches":64,"activeRooms":1,"queueDepth":62}
{"type":"capacity","timestamp":"2026-07-23T13:13:09.299Z","action":"acquire","durationMs":5,"activeMatches":64,"activeRooms":1,"queueDepth":62}
{"type":"capacity","timestamp":"2026-07-23T13:13:09.302Z","action":"acquire","durationMs":2,"activeMatches":64,"activeRooms":1,"queueDepth":62}
{"type":"capacity","timestamp":"2026-07-23T13:13:09.309Z","action":"acquire","durationMs":6,"activeMatches":64,"activeRooms":1,"queueDepth":62}
{"type":"capacity","timestamp":"2026-07-23T13:13:09.316Z","action":"acquire","durationMs":6,"activeMatches":64,"activeRooms":1,"queueDepth":62}
{"type":"capacity","timestamp":"2026-07-23T13:13:09.319Z","action":"acquire","durationMs":2,"activeMatches":64,"activeRooms":1,"queueDepth":62}
{"type":"capacity","timestamp":"2026-07-23T13:13:09.321Z","action":"acquire","durationMs":2,"activeMatches":64,"activeRooms":1,"queueDepth":62}
{"type":"capacity","timestamp":"2026-07-23T13:13:09.323Z","action":"acquire","durationMs":1,"activeMatches":64,"activeRooms":1,"queueDepth":62}
{"type":"capacity","timestamp":"2026-07-23T13:13:09.326Z","action":"acquire","durationMs":3,"activeMatches":64,"activeRooms":1,"queueDepth":62}
{"type":"capacity","timestamp":"2026-07-23T13:13:09.333Z","action":"acquire","durationMs":7,"activeMatches":64,"activeRooms":1,"queueDepth":62}
{"type":"capacity","timestamp":"2026-07-23T13:13:09.347Z","action":"acquire","durationMs":13,"activeMatches":64,"activeRooms":1,"queueDepth":62}
{"type":"capacity","timestamp":"2026-07-23T13:13:09.364Z","action":"acquire","durationMs":16,"activeMatches":64,"activeRooms":1,"queueDepth":62}
{"type":"capacity","timestamp":"2026-07-23T13:13:09.370Z","action":"acquire","durationMs":6,"activeMatches":64,"activeRooms":1,"queueDepth":62}
{"type":"capacity","timestamp":"2026-07-23T13:13:09.372Z","action":"acquire","durationMs":2,"activeMatches":64,"activeRooms":1,"queueDepth":62}
{"type":"capacity","timestamp":"2026-07-23T13:13:09.379Z","action":"acquire","durationMs":6,"activeMatches":64,"activeRooms":1,"queueDepth":62}
{"type":"capacity","timestamp":"2026-07-23T13:13:09.382Z","action":"acquire","durationMs":2,"activeMatches":64,"activeRooms":1,"queueDepth":62}
{"type":"capacity","timestamp":"2026-07-23T13:13:09.384Z","action":"acquire","durationMs":2,"activeMatches":64,"activeRooms":1,"queueDepth":62}
{"type":"capacity","timestamp":"2026-07-23T13:13:09.388Z","action":"acquire","durationMs":3,"activeMatches":64,"activeRooms":1,"queueDepth":62}
{"type":"capacity","timestamp":"2026-07-23T13:13:09.391Z","action":"acquire","durationMs":2,"activeMatches":64,"activeRooms":1,"queueDepth":62}
{"type":"capacity","timestamp":"2026-07-23T13:13:09.393Z","action":"acquire","durationMs":2,"activeMatches":64,"activeRooms":1,"queueDepth":62}
{"type":"capacity","timestamp":"2026-07-23T13:13:09.396Z","action":"acquire","durationMs":2,"activeMatches":64,"activeRooms":1,"queueDepth":62}
{"type":"simulation-batch","timestamp":"2026-07-23T13:13:09.397Z","roomId":"1qs40wc","durationMs":507,"processedMinutes":30,"eventCount":2,"activeMatches":64,"stateVersion":82}
{"type":"room-alarm-complete","timestamp":"2026-07-23T13:13:09.420Z","roomId":"1qs40wc","elapsedMs":541}
{"type":"room-alarm","timestamp":"2026-07-23T13:13:09.468Z","roomId":"1qs40wc"}
{"type":"capacity","timestamp":"2026-07-23T13:13:09.507Z","action":"acquire","durationMs":28,"activeMatches":64,"activeRooms":1,"queueDepth":62}
{"type":"capacity","timestamp":"2026-07-23T13:13:09.519Z","action":"acquire","durationMs":11,"activeMatches":64,"activeRooms":1,"queueDepth":62}
{"type":"capacity","timestamp":"2026-07-23T13:13:09.538Z","action":"acquire","durationMs":19,"activeMatches":64,"activeRooms":1,"queueDepth":62}
{"type":"capacity","timestamp":"2026-07-23T13:13:09.553Z","action":"acquire","durationMs":14,"activeMatches":64,"activeRooms":1,"queueDepth":62}
{"type":"capacity","timestamp":"2026-07-23T13:13:09.563Z","action":"acquire","durationMs":10,"activeMatches":64,"activeRooms":1,"queueDepth":62}
{"type":"capacity","timestamp":"2026-07-23T13:13:09.566Z","action":"acquire","durationMs":2,"activeMatches":64,"activeRooms":1,"queueDepth":62}
{"type":"capacity","timestamp":"2026-07-23T13:13:09.569Z","action":"acquire","durationMs":3,"activeMatches":64,"activeRooms":1,"queueDepth":62}
{"type":"capacity","timestamp":"2026-07-23T13:13:09.575Z","action":"acquire","durationMs":5,"activeMatches":64,"activeRooms":1,"queueDepth":62}
{"type":"capacity","timestamp":"2026-07-23T13:13:09.582Z","action":"acquire","durationMs":6,"activeMatches":64,"activeRooms":1,"queueDepth":62}
{"type":"capacity","timestamp":"2026-07-23T13:13:09.588Z","action":"acquire","durationMs":5,"activeMatches":64,"activeRooms":1,"queueDepth":62}
{"type":"capacity","timestamp":"2026-07-23T13:13:09.591Z","action":"acquire","durationMs":2,"activeMatches":64,"activeRooms":1,"queueDepth":62}
{"type":"capacity","timestamp":"2026-07-23T13:13:09.595Z","action":"acquire","durationMs":3,"activeMatches":64,"activeRooms":1,"queueDepth":62}
{"type":"capacity","timestamp":"2026-07-23T13:13:09.598Z","action":"acquire","durationMs":3,"activeMatches":64,"activeRooms":1,"queueDepth":62}
{"type":"capacity","timestamp":"2026-07-23T13:13:09.604Z","action":"acquire","durationMs":5,"activeMatches":64,"activeRooms":1,"queueDepth":62}
{"type":"capacity","timestamp":"2026-07-23T13:13:09.606Z","action":"acquire","durationMs":1,"activeMatches":64,"activeRooms":1,"queueDepth":62}
{"type":"capacity","timestamp":"2026-07-23T13:13:09.609Z","action":"acquire","durationMs":3,"activeMatches":64,"activeRooms":1,"queueDepth":62}
{"type":"capacity","timestamp":"2026-07-23T13:13:09.624Z","action":"acquire","durationMs":14,"activeMatches":64,"activeRooms":1,"queueDepth":62}
{"type":"capacity","timestamp":"2026-07-23T13:13:09.632Z","action":"acquire","durationMs":7,"activeMatches":64,"activeRooms":1,"queueDepth":62}
{"type":"capacity","timestamp":"2026-07-23T13:13:09.635Z","action":"acquire","durationMs":3,"activeMatches":64,"activeRooms":1,"queueDepth":62}
{"type":"capacity","timestamp":"2026-07-23T13:13:09.641Z","action":"acquire","durationMs":5,"activeMatches":64,"activeRooms":1,"queueDepth":62}
{"type":"capacity","timestamp":"2026-07-23T13:13:09.648Z","action":"acquire","durationMs":6,"activeMatches":64,"activeRooms":1,"queueDepth":62}
{"type":"capacity","timestamp":"2026-07-23T13:13:09.655Z","action":"acquire","durationMs":6,"activeMatches":64,"activeRooms":1,"queueDepth":62}
{"type":"capacity","timestamp":"2026-07-23T13:13:09.658Z","action":"acquire","durationMs":3,"activeMatches":64,"activeRooms":1,"queueDepth":62}
{"type":"capacity","timestamp":"2026-07-23T13:13:09.666Z","action":"acquire","durationMs":7,"activeMatches":64,"activeRooms":1,"queueDepth":62}
{"type":"capacity","timestamp":"2026-07-23T13:13:09.669Z","action":"acquire","durationMs":3,"activeMatches":64,"activeRooms":1,"queueDepth":62}
{"type":"capacity","timestamp":"2026-07-23T13:13:09.676Z","action":"acquire","durationMs":6,"activeMatches":64,"activeRooms":1,"queueDepth":62}
{"type":"capacity","timestamp":"2026-07-23T13:13:09.679Z","action":"acquire","durationMs":2,"activeMatches":64,"activeRooms":1,"queueDepth":62}
{"type":"capacity","timestamp":"2026-07-23T13:13:09.681Z","action":"acquire","durationMs":2,"activeMatches":64,"activeRooms":1,"queueDepth":62}
{"type":"capacity","timestamp":"2026-07-23T13:13:09.683Z","action":"acquire","durationMs":2,"activeMatches":64,"activeRooms":1,"queueDepth":62}
{"type":"capacity","timestamp":"2026-07-23T13:13:09.685Z","action":"acquire","durationMs":1,"activeMatches":64,"activeRooms":1,"queueDepth":62}
{"type":"capacity","timestamp":"2026-07-23T13:13:09.688Z","action":"acquire","durationMs":2,"activeMatches":64,"activeRooms":1,"queueDepth":62}
{"type":"capacity","timestamp":"2026-07-23T13:13:09.690Z","action":"acquire","durationMs":2,"activeMatches":64,"activeRooms":1,"queueDepth":62}
{"type":"capacity","timestamp":"2026-07-23T13:13:09.696Z","action":"acquire","durationMs":5,"activeMatches":64,"activeRooms":1,"queueDepth":62}
{"type":"capacity","timestamp":"2026-07-23T13:13:09.698Z","action":"acquire","durationMs":2,"activeMatches":64,"activeRooms":1,"queueDepth":62}
{"type":"capacity","timestamp":"2026-07-23T13:13:09.702Z","action":"acquire","durationMs":3,"activeMatches":64,"activeRooms":1,"queueDepth":62}
{"type":"capacity","timestamp":"2026-07-23T13:13:09.707Z","action":"acquire","durationMs":4,"activeMatches":64,"activeRooms":1,"queueDepth":62}
{"type":"capacity","timestamp":"2026-07-23T13:13:09.714Z","action":"acquire","durationMs":6,"activeMatches":64,"activeRooms":1,"queueDepth":62}
{"type":"capacity","timestamp":"2026-07-23T13:13:09.716Z","action":"acquire","durationMs":2,"activeMatches":64,"activeRooms":1,"queueDepth":62}
{"type":"capacity","timestamp":"2026-07-23T13:13:09.723Z","action":"acquire","durationMs":6,"activeMatches":64,"activeRooms":1,"queueDepth":62}
{"type":"capacity","timestamp":"2026-07-23T13:13:09.726Z","action":"acquire","durationMs":3,"activeMatches":64,"activeRooms":1,"queueDepth":62}
{"type":"capacity","timestamp":"2026-07-23T13:13:09.735Z","action":"acquire","durationMs":8,"activeMatches":64,"activeRooms":1,"queueDepth":62}
{"type":"capacity","timestamp":"2026-07-23T13:13:09.738Z","action":"acquire","durationMs":3,"activeMatches":64,"activeRooms":1,"queueDepth":62}
{"type":"capacity","timestamp":"2026-07-23T13:13:09.765Z","action":"acquire","durationMs":26,"activeMatches":64,"activeRooms":1,"queueDepth":62}
{"type":"capacity","timestamp":"2026-07-23T13:13:09.767Z","action":"acquire","durationMs":1,"activeMatches":64,"activeRooms":1,"queueDepth":62}
{"type":"capacity","timestamp":"2026-07-23T13:13:09.769Z","action":"acquire","durationMs":1,"activeMatches":64,"activeRooms":1,"queueDepth":62}
{"type":"capacity","timestamp":"2026-07-23T13:13:09.771Z","action":"acquire","durationMs":1,"activeMatches":64,"activeRooms":1,"queueDepth":62}
{"type":"capacity","timestamp":"2026-07-23T13:13:09.775Z","action":"acquire","durationMs":3,"activeMatches":64,"activeRooms":1,"queueDepth":62}
{"type":"capacity","timestamp":"2026-07-23T13:13:09.777Z","action":"acquire","durationMs":2,"activeMatches":64,"activeRooms":1,"queueDepth":62}
{"type":"capacity","timestamp":"2026-07-23T13:13:09.799Z","action":"acquire","durationMs":21,"activeMatches":64,"activeRooms":1,"queueDepth":62}
{"type":"capacity","timestamp":"2026-07-23T13:13:09.801Z","action":"acquire","durationMs":2,"activeMatches":64,"activeRooms":1,"queueDepth":62}
{"type":"capacity","timestamp":"2026-07-23T13:13:09.819Z","action":"acquire","durationMs":17,"activeMatches":64,"activeRooms":1,"queueDepth":62}
{"type":"capacity","timestamp":"2026-07-23T13:13:09.821Z","action":"acquire","durationMs":1,"activeMatches":64,"activeRooms":1,"queueDepth":62}
{"type":"capacity","timestamp":"2026-07-23T13:13:09.825Z","action":"acquire","durationMs":3,"activeMatches":64,"activeRooms":1,"queueDepth":62}
{"type":"capacity","timestamp":"2026-07-23T13:13:09.827Z","action":"acquire","durationMs":2,"activeMatches":64,"activeRooms":1,"queueDepth":62}
{"type":"capacity","timestamp":"2026-07-23T13:13:09.830Z","action":"acquire","durationMs":2,"activeMatches":64,"activeRooms":1,"queueDepth":62}
{"type":"capacity","timestamp":"2026-07-23T13:13:09.832Z","action":"acquire","durationMs":2,"activeMatches":64,"activeRooms":1,"queueDepth":62}
{"type":"capacity","timestamp":"2026-07-23T13:13:09.834Z","action":"acquire","durationMs":2,"activeMatches":64,"activeRooms":1,"queueDepth":62}
{"type":"capacity","timestamp":"2026-07-23T13:13:09.844Z","action":"acquire","durationMs":9,"activeMatches":64,"activeRooms":1,"queueDepth":62}
{"type":"capacity","timestamp":"2026-07-23T13:13:09.862Z","action":"acquire","durationMs":18,"activeMatches":64,"activeRooms":1,"queueDepth":62}
{"type":"capacity","timestamp":"2026-07-23T13:13:09.872Z","action":"acquire","durationMs":9,"activeMatches":64,"activeRooms":1,"queueDepth":62}
{"type":"capacity","timestamp":"2026-07-23T13:13:09.890Z","action":"acquire","durationMs":17,"activeMatches":64,"activeRooms":1,"queueDepth":62}
{"type":"capacity","timestamp":"2026-07-23T13:13:09.893Z","action":"acquire","durationMs":2,"activeMatches":64,"activeRooms":1,"queueDepth":62}
{"type":"simulation-batch","timestamp":"2026-07-23T13:13:09.893Z","roomId":"1qs40wc","durationMs":424,"processedMinutes":53,"eventCount":4,"activeMatches":64,"stateVersion":83}
{"type":"room-alarm-complete","timestamp":"2026-07-23T13:13:09.930Z","roomId":"1qs40wc","elapsedMs":510}
{"type":"room-alarm","timestamp":"2026-07-23T13:13:09.935Z","roomId":"1qs40wc"}
{"type":"capacity","timestamp":"2026-07-23T13:13:09.948Z","action":"acquire","durationMs":13,"activeMatches":64,"activeRooms":1,"queueDepth":62}
{"type":"capacity","timestamp":"2026-07-23T13:13:09.956Z","action":"acquire","durationMs":7,"activeMatches":64,"activeRooms":1,"queueDepth":62}
{"type":"capacity","timestamp":"2026-07-23T13:13:09.960Z","action":"acquire","durationMs":4,"activeMatches":64,"activeRooms":1,"queueDepth":62}
{"type":"capacity","timestamp":"2026-07-23T13:13:09.963Z","action":"acquire","durationMs":3,"activeMatches":64,"activeRooms":1,"queueDepth":62}
{"type":"capacity","timestamp":"2026-07-23T13:13:09.969Z","action":"acquire","durationMs":6,"activeMatches":64,"activeRooms":1,"queueDepth":62}
{"type":"capacity","timestamp":"2026-07-23T13:13:09.971Z","action":"acquire","durationMs":1,"activeMatches":64,"activeRooms":1,"queueDepth":62}
{"type":"capacity","timestamp":"2026-07-23T13:13:09.973Z","action":"acquire","durationMs":1,"activeMatches":64,"activeRooms":1,"queueDepth":62}
{"type":"capacity","timestamp":"2026-07-23T13:13:09.996Z","action":"acquire","durationMs":22,"activeMatches":64,"activeRooms":1,"queueDepth":62}
{"type":"capacity","timestamp":"2026-07-23T13:13:09.998Z","action":"acquire","durationMs":2,"activeMatches":64,"activeRooms":1,"queueDepth":62}
{"type":"capacity","timestamp":"2026-07-23T13:13:10.001Z","action":"acquire","durationMs":3,"activeMatches":64,"activeRooms":1,"queueDepth":62}
{"type":"capacity","timestamp":"2026-07-23T13:13:10.017Z","action":"acquire","durationMs":16,"activeMatches":64,"activeRooms":1,"queueDepth":62}
{"type":"capacity","timestamp":"2026-07-23T13:13:10.020Z","action":"acquire","durationMs":2,"activeMatches":64,"activeRooms":1,"queueDepth":62}
{"type":"capacity","timestamp":"2026-07-23T13:13:10.022Z","action":"acquire","durationMs":2,"activeMatches":64,"activeRooms":1,"queueDepth":62}
{"type":"capacity","timestamp":"2026-07-23T13:13:10.024Z","action":"acquire","durationMs":2,"activeMatches":64,"activeRooms":1,"queueDepth":62}
{"type":"capacity","timestamp":"2026-07-23T13:13:10.038Z","action":"acquire","durationMs":13,"activeMatches":64,"activeRooms":1,"queueDepth":62}
{"type":"capacity","timestamp":"2026-07-23T13:13:10.050Z","action":"acquire","durationMs":11,"activeMatches":64,"activeRooms":1,"queueDepth":62}
{"type":"capacity","timestamp":"2026-07-23T13:13:10.054Z","action":"acquire","durationMs":3,"activeMatches":64,"activeRooms":1,"queueDepth":62}
{"type":"capacity","timestamp":"2026-07-23T13:13:10.058Z","action":"acquire","durationMs":3,"activeMatches":64,"activeRooms":1,"queueDepth":62}
{"type":"capacity","timestamp":"2026-07-23T13:13:10.070Z","action":"acquire","durationMs":7,"activeMatches":64,"activeRooms":1,"queueDepth":62}
{"type":"capacity","timestamp":"2026-07-23T13:13:10.107Z","action":"acquire","durationMs":24,"activeMatches":64,"activeRooms":1,"queueDepth":62}
{"type":"capacity","timestamp":"2026-07-23T13:13:10.154Z","action":"acquire","durationMs":46,"activeMatches":64,"activeRooms":1,"queueDepth":62}
{"type":"capacity","timestamp":"2026-07-23T13:13:10.170Z","action":"acquire","durationMs":15,"activeMatches":64,"activeRooms":1,"queueDepth":62}
{"type":"capacity","timestamp":"2026-07-23T13:13:10.185Z","action":"acquire","durationMs":15,"activeMatches":64,"activeRooms":1,"queueDepth":62}
{"type":"capacity","timestamp":"2026-07-23T13:13:10.215Z","action":"acquire","durationMs":21,"activeMatches":64,"activeRooms":1,"queueDepth":62}
{"type":"capacity","timestamp":"2026-07-23T13:13:10.246Z","action":"acquire","durationMs":30,"activeMatches":64,"activeRooms":1,"queueDepth":62}
{"type":"capacity","timestamp":"2026-07-23T13:13:10.263Z","action":"acquire","durationMs":16,"activeMatches":64,"activeRooms":1,"queueDepth":62}
{"type":"capacity","timestamp":"2026-07-23T13:13:10.270Z","action":"acquire","durationMs":7,"activeMatches":64,"activeRooms":1,"queueDepth":62}
{"type":"capacity","timestamp":"2026-07-23T13:13:10.278Z","action":"acquire","durationMs":7,"activeMatches":64,"activeRooms":1,"queueDepth":62}
{"type":"capacity","timestamp":"2026-07-23T13:13:10.285Z","action":"acquire","durationMs":6,"activeMatches":64,"activeRooms":1,"queueDepth":62}
{"type":"capacity","timestamp":"2026-07-23T13:13:10.308Z","action":"acquire","durationMs":22,"activeMatches":64,"activeRooms":1,"queueDepth":62}
{"type":"capacity","timestamp":"2026-07-23T13:13:10.333Z","action":"acquire","durationMs":24,"activeMatches":64,"activeRooms":1,"queueDepth":62}
{"type":"capacity","timestamp":"2026-07-23T13:13:10.338Z","action":"acquire","durationMs":4,"activeMatches":64,"activeRooms":1,"queueDepth":62}
{"type":"capacity","timestamp":"2026-07-23T13:13:10.357Z","action":"acquire","durationMs":18,"activeMatches":64,"activeRooms":1,"queueDepth":62}
{"type":"capacity","timestamp":"2026-07-23T13:13:10.362Z","action":"acquire","durationMs":4,"activeMatches":64,"activeRooms":1,"queueDepth":62}
{"type":"capacity","timestamp":"2026-07-23T13:13:10.395Z","action":"acquire","durationMs":33,"activeMatches":64,"activeRooms":1,"queueDepth":62}
{"type":"capacity","timestamp":"2026-07-23T13:13:10.408Z","action":"acquire","durationMs":12,"activeMatches":64,"activeRooms":1,"queueDepth":62}
{"type":"capacity","timestamp":"2026-07-23T13:13:10.411Z","action":"acquire","durationMs":2,"activeMatches":64,"activeRooms":1,"queueDepth":62}
{"type":"capacity","timestamp":"2026-07-23T13:13:10.432Z","action":"acquire","durationMs":20,"activeMatches":64,"activeRooms":1,"queueDepth":62}
{"type":"capacity","timestamp":"2026-07-23T13:13:10.456Z","action":"acquire","durationMs":24,"activeMatches":64,"activeRooms":1,"queueDepth":62}
{"type":"capacity","timestamp":"2026-07-23T13:13:10.465Z","action":"acquire","durationMs":8,"activeMatches":64,"activeRooms":1,"queueDepth":62}
{"type":"capacity","timestamp":"2026-07-23T13:13:10.488Z","action":"acquire","durationMs":22,"activeMatches":64,"activeRooms":1,"queueDepth":62}
{"type":"capacity","timestamp":"2026-07-23T13:13:10.515Z","action":"acquire","durationMs":27,"activeMatches":64,"activeRooms":1,"queueDepth":62}
{"type":"capacity","timestamp":"2026-07-23T13:13:10.547Z","action":"acquire","durationMs":31,"activeMatches":64,"activeRooms":1,"queueDepth":62}
{"type":"capacity","timestamp":"2026-07-23T13:13:10.549Z","action":"acquire","durationMs":2,"activeMatches":64,"activeRooms":1,"queueDepth":62}
{"type":"capacity","timestamp":"2026-07-23T13:13:10.563Z","action":"acquire","durationMs":13,"activeMatches":64,"activeRooms":1,"queueDepth":62}
{"type":"capacity","timestamp":"2026-07-23T13:13:10.575Z","action":"acquire","durationMs":12,"activeMatches":64,"activeRooms":1,"queueDepth":62}
{"type":"capacity","timestamp":"2026-07-23T13:13:10.586Z","action":"acquire","durationMs":5,"activeMatches":64,"activeRooms":1,"queueDepth":62}
{"type":"capacity","timestamp":"2026-07-23T13:13:10.591Z","action":"acquire","durationMs":4,"activeMatches":64,"activeRooms":1,"queueDepth":62}
{"type":"capacity","timestamp":"2026-07-23T13:13:10.617Z","action":"acquire","durationMs":25,"activeMatches":64,"activeRooms":1,"queueDepth":62}
{"type":"capacity","timestamp":"2026-07-23T13:13:10.622Z","action":"acquire","durationMs":5,"activeMatches":64,"activeRooms":1,"queueDepth":62}
{"type":"capacity","timestamp":"2026-07-23T13:13:10.628Z","action":"acquire","durationMs":6,"activeMatches":64,"activeRooms":1,"queueDepth":62}
{"type":"capacity","timestamp":"2026-07-23T13:13:10.635Z","action":"acquire","durationMs":6,"activeMatches":64,"activeRooms":1,"queueDepth":62}
{"type":"capacity","timestamp":"2026-07-23T13:13:10.638Z","action":"acquire","durationMs":3,"activeMatches":64,"activeRooms":1,"queueDepth":62}
{"type":"capacity","timestamp":"2026-07-23T13:13:10.650Z","action":"acquire","durationMs":12,"activeMatches":64,"activeRooms":1,"queueDepth":62}
{"type":"capacity","timestamp":"2026-07-23T13:13:10.653Z","action":"acquire","durationMs":3,"activeMatches":64,"activeRooms":1,"queueDepth":62}
{"type":"capacity","timestamp":"2026-07-23T13:13:10.670Z","action":"acquire","durationMs":17,"activeMatches":64,"activeRooms":1,"queueDepth":62}
{"type":"capacity","timestamp":"2026-07-23T13:13:10.689Z","action":"acquire","durationMs":18,"activeMatches":64,"activeRooms":1,"queueDepth":62}
{"type":"capacity","timestamp":"2026-07-23T13:13:10.693Z","action":"acquire","durationMs":3,"activeMatches":64,"activeRooms":1,"queueDepth":62}
{"type":"capacity","timestamp":"2026-07-23T13:13:10.713Z","action":"acquire","durationMs":19,"activeMatches":64,"activeRooms":1,"queueDepth":62}
{"type":"capacity","timestamp":"2026-07-23T13:13:10.716Z","action":"acquire","durationMs":2,"activeMatches":64,"activeRooms":1,"queueDepth":62}
{"type":"capacity","timestamp":"2026-07-23T13:13:10.718Z","action":"acquire","durationMs":2,"activeMatches":64,"activeRooms":1,"queueDepth":62}
{"type":"capacity","timestamp":"2026-07-23T13:13:10.722Z","action":"acquire","durationMs":3,"activeMatches":64,"activeRooms":1,"queueDepth":62}
{"type":"simulation-batch","timestamp":"2026-07-23T13:13:10.722Z","roomId":"1qs40wc","durationMs":787,"processedMinutes":49,"eventCount":3,"activeMatches":64,"stateVersion":84}
{"type":"room-alarm-complete","timestamp":"2026-07-23T13:13:10.896Z","roomId":"1qs40wc","elapsedMs":966}
{"type":"room-alarm","timestamp":"2026-07-23T13:13:10.917Z","roomId":"1qs40wc"}
{"type":"capacity","timestamp":"2026-07-23T13:13:10.941Z","action":"acquire","durationMs":22,"activeMatches":64,"activeRooms":1,"queueDepth":62}
{"type":"capacity","timestamp":"2026-07-23T13:13:10.944Z","action":"acquire","durationMs":3,"activeMatches":64,"activeRooms":1,"queueDepth":62}
{"type":"capacity","timestamp":"2026-07-23T13:13:10.946Z","action":"acquire","durationMs":2,"activeMatches":64,"activeRooms":1,"queueDepth":62}
{"type":"capacity","timestamp":"2026-07-23T13:13:10.949Z","action":"acquire","durationMs":2,"activeMatches":64,"activeRooms":1,"queueDepth":62}
{"type":"capacity","timestamp":"2026-07-23T13:13:10.970Z","action":"acquire","durationMs":20,"activeMatches":64,"activeRooms":1,"queueDepth":62}
{"type":"capacity","timestamp":"2026-07-23T13:13:10.987Z","action":"acquire","durationMs":16,"activeMatches":64,"activeRooms":1,"queueDepth":62}
{"type":"capacity","timestamp":"2026-07-23T13:13:10.989Z","action":"acquire","durationMs":2,"activeMatches":64,"activeRooms":1,"queueDepth":62}
{"type":"capacity","timestamp":"2026-07-23T13:13:11.014Z","action":"acquire","durationMs":24,"activeMatches":64,"activeRooms":1,"queueDepth":62}
{"type":"capacity","timestamp":"2026-07-23T13:13:11.049Z","action":"acquire","durationMs":35,"activeMatches":64,"activeRooms":1,"queueDepth":62}
{"type":"capacity","timestamp":"2026-07-23T13:13:11.073Z","action":"acquire","durationMs":24,"activeMatches":64,"activeRooms":1,"queueDepth":62}
{"type":"capacity","timestamp":"2026-07-23T13:13:11.097Z","action":"acquire","durationMs":23,"activeMatches":64,"activeRooms":1,"queueDepth":62}
{"type":"capacity","timestamp":"2026-07-23T13:13:11.100Z","action":"acquire","durationMs":2,"activeMatches":64,"activeRooms":1,"queueDepth":62}
{"type":"capacity","timestamp":"2026-07-23T13:13:11.124Z","action":"acquire","durationMs":23,"activeMatches":64,"activeRooms":1,"queueDepth":62}
{"type":"capacity","timestamp":"2026-07-23T13:13:11.156Z","action":"acquire","durationMs":31,"activeMatches":64,"activeRooms":1,"queueDepth":62}
{"type":"capacity","timestamp":"2026-07-23T13:13:11.186Z","action":"acquire","durationMs":29,"activeMatches":64,"activeRooms":1,"queueDepth":62}
{"type":"capacity","timestamp":"2026-07-23T13:13:11.188Z","action":"acquire","durationMs":2,"activeMatches":64,"activeRooms":1,"queueDepth":62}
{"type":"capacity","timestamp":"2026-07-23T13:13:11.190Z","action":"acquire","durationMs":2,"activeMatches":64,"activeRooms":1,"queueDepth":62}
{"type":"capacity","timestamp":"2026-07-23T13:13:11.211Z","action":"acquire","durationMs":20,"activeMatches":64,"activeRooms":1,"queueDepth":62}
{"type":"capacity","timestamp":"2026-07-23T13:13:11.213Z","action":"acquire","durationMs":2,"activeMatches":64,"activeRooms":1,"queueDepth":62}
{"type":"capacity","timestamp":"2026-07-23T13:13:11.217Z","action":"acquire","durationMs":4,"activeMatches":64,"activeRooms":1,"queueDepth":62}
{"type":"capacity","timestamp":"2026-07-23T13:13:11.253Z","action":"acquire","durationMs":34,"activeMatches":64,"activeRooms":1,"queueDepth":62}
{"type":"capacity","timestamp":"2026-07-23T13:13:11.267Z","action":"acquire","durationMs":14,"activeMatches":64,"activeRooms":1,"queueDepth":62}
{"type":"capacity","timestamp":"2026-07-23T13:13:11.284Z","action":"acquire","durationMs":16,"activeMatches":64,"activeRooms":1,"queueDepth":62}
{"type":"capacity","timestamp":"2026-07-23T13:13:11.317Z","action":"acquire","durationMs":32,"activeMatches":64,"activeRooms":1,"queueDepth":62}
{"type":"capacity","timestamp":"2026-07-23T13:13:11.319Z","action":"acquire","durationMs":2,"activeMatches":64,"activeRooms":1,"queueDepth":62}
{"type":"capacity","timestamp":"2026-07-23T13:13:11.322Z","action":"acquire","durationMs":2,"activeMatches":64,"activeRooms":1,"queueDepth":62}
{"type":"capacity","timestamp":"2026-07-23T13:13:11.336Z","action":"acquire","durationMs":13,"activeMatches":64,"activeRooms":1,"queueDepth":62}
{"type":"capacity","timestamp":"2026-07-23T13:13:11.338Z","action":"acquire","durationMs":2,"activeMatches":64,"activeRooms":1,"queueDepth":62}
{"type":"capacity","timestamp":"2026-07-23T13:13:11.341Z","action":"acquire","durationMs":2,"activeMatches":64,"activeRooms":1,"queueDepth":62}
{"type":"capacity","timestamp":"2026-07-23T13:13:11.366Z","action":"acquire","durationMs":25,"activeMatches":64,"activeRooms":1,"queueDepth":62}
{"type":"capacity","timestamp":"2026-07-23T13:13:11.368Z","action":"acquire","durationMs":2,"activeMatches":64,"activeRooms":1,"queueDepth":62}
{"type":"capacity","timestamp":"2026-07-23T13:13:11.391Z","action":"acquire","durationMs":22,"activeMatches":64,"activeRooms":1,"queueDepth":62}
{"type":"capacity","timestamp":"2026-07-23T13:13:11.406Z","action":"acquire","durationMs":14,"activeMatches":64,"activeRooms":1,"queueDepth":62}
{"type":"capacity","timestamp":"2026-07-23T13:13:11.409Z","action":"acquire","durationMs":3,"activeMatches":64,"activeRooms":1,"queueDepth":62}
{"type":"capacity","timestamp":"2026-07-23T13:13:11.417Z","action":"acquire","durationMs":7,"activeMatches":64,"activeRooms":1,"queueDepth":62}
{"type":"capacity","timestamp":"2026-07-23T13:13:11.424Z","action":"acquire","durationMs":6,"activeMatches":64,"activeRooms":1,"queueDepth":62}
{"type":"capacity","timestamp":"2026-07-23T13:13:11.437Z","action":"acquire","durationMs":13,"activeMatches":64,"activeRooms":1,"queueDepth":62}
{"type":"capacity","timestamp":"2026-07-23T13:13:11.440Z","action":"acquire","durationMs":1,"activeMatches":64,"activeRooms":1,"queueDepth":62}
{"type":"capacity","timestamp":"2026-07-23T13:13:11.443Z","action":"acquire","durationMs":3,"activeMatches":64,"activeRooms":1,"queueDepth":62}
{"type":"capacity","timestamp":"2026-07-23T13:13:11.456Z","action":"acquire","durationMs":12,"activeMatches":64,"activeRooms":1,"queueDepth":62}
{"type":"capacity","timestamp":"2026-07-23T13:13:11.459Z","action":"acquire","durationMs":3,"activeMatches":64,"activeRooms":1,"queueDepth":62}
{"type":"capacity","timestamp":"2026-07-23T13:13:11.488Z","action":"acquire","durationMs":29,"activeMatches":64,"activeRooms":1,"queueDepth":62}
{"type":"capacity","timestamp":"2026-07-23T13:13:11.507Z","action":"acquire","durationMs":19,"activeMatches":64,"activeRooms":1,"queueDepth":62}
{"type":"capacity","timestamp":"2026-07-23T13:13:11.516Z","action":"acquire","durationMs":8,"activeMatches":64,"activeRooms":1,"queueDepth":62}
{"type":"capacity","timestamp":"2026-07-23T13:13:11.540Z","action":"acquire","durationMs":23,"activeMatches":64,"activeRooms":1,"queueDepth":62}
{"type":"capacity","timestamp":"2026-07-23T13:13:11.556Z","action":"acquire","durationMs":16,"activeMatches":64,"activeRooms":1,"queueDepth":62}
{"type":"capacity","timestamp":"2026-07-23T13:13:11.567Z","action":"acquire","durationMs":11,"activeMatches":64,"activeRooms":1,"queueDepth":62}
{"type":"capacity","timestamp":"2026-07-23T13:13:11.571Z","action":"acquire","durationMs":3,"activeMatches":64,"activeRooms":1,"queueDepth":62}
{"type":"capacity","timestamp":"2026-07-23T13:13:11.584Z","action":"acquire","durationMs":13,"activeMatches":64,"activeRooms":1,"queueDepth":62}
{"type":"capacity","timestamp":"2026-07-23T13:13:11.595Z","action":"acquire","durationMs":10,"activeMatches":64,"activeRooms":1,"queueDepth":62}
{"type":"capacity","timestamp":"2026-07-23T13:13:11.604Z","action":"acquire","durationMs":8,"activeMatches":64,"activeRooms":1,"queueDepth":62}
{"type":"capacity","timestamp":"2026-07-23T13:13:11.613Z","action":"acquire","durationMs":9,"activeMatches":64,"activeRooms":1,"queueDepth":62}
{"type":"capacity","timestamp":"2026-07-23T13:13:11.615Z","action":"acquire","durationMs":2,"activeMatches":64,"activeRooms":1,"queueDepth":62}
{"type":"capacity","timestamp":"2026-07-23T13:13:11.617Z","action":"acquire","durationMs":1,"activeMatches":64,"activeRooms":1,"queueDepth":62}
{"type":"capacity","timestamp":"2026-07-23T13:13:11.620Z","action":"acquire","durationMs":2,"activeMatches":64,"activeRooms":1,"queueDepth":62}
{"type":"capacity","timestamp":"2026-07-23T13:13:11.629Z","action":"acquire","durationMs":8,"activeMatches":64,"activeRooms":1,"queueDepth":62}
{"type":"capacity","timestamp":"2026-07-23T13:13:11.637Z","action":"acquire","durationMs":4,"activeMatches":64,"activeRooms":1,"queueDepth":62}
{"type":"capacity","timestamp":"2026-07-23T13:13:11.640Z","action":"acquire","durationMs":2,"activeMatches":64,"activeRooms":1,"queueDepth":62}
{"type":"capacity","timestamp":"2026-07-23T13:13:11.643Z","action":"acquire","durationMs":2,"activeMatches":64,"activeRooms":1,"queueDepth":62}
{"type":"capacity","timestamp":"2026-07-23T13:13:11.653Z","action":"acquire","durationMs":5,"activeMatches":64,"activeRooms":1,"queueDepth":62}
{"type":"capacity","timestamp":"2026-07-23T13:13:11.656Z","action":"acquire","durationMs":3,"activeMatches":64,"activeRooms":1,"queueDepth":62}
{"type":"capacity","timestamp":"2026-07-23T13:13:11.663Z","action":"acquire","durationMs":7,"activeMatches":64,"activeRooms":1,"queueDepth":62}
{"type":"simulation-batch","timestamp":"2026-07-23T13:13:11.664Z","roomId":"1qs40wc","durationMs":746,"processedMinutes":94,"eventCount":9,"activeMatches":64,"stateVersion":85}
{"type":"room-alarm-complete","timestamp":"2026-07-23T13:13:11.680Z","roomId":"1qs40wc","elapsedMs":784}
{"type":"room-alarm","timestamp":"2026-07-23T13:13:11.687Z","roomId":"1qs40wc"}
{"type":"capacity","timestamp":"2026-07-23T13:13:11.695Z","action":"acquire","durationMs":5,"activeMatches":64,"activeRooms":1,"queueDepth":62}
{"type":"capacity","timestamp":"2026-07-23T13:13:11.701Z","action":"acquire","durationMs":5,"activeMatches":64,"activeRooms":1,"queueDepth":62}
{"type":"capacity","timestamp":"2026-07-23T13:13:11.704Z","action":"acquire","durationMs":2,"activeMatches":64,"activeRooms":1,"queueDepth":62}
{"type":"capacity","timestamp":"2026-07-23T13:13:11.715Z","action":"acquire","durationMs":10,"activeMatches":64,"activeRooms":1,"queueDepth":62}
{"type":"capacity","timestamp":"2026-07-23T13:13:11.728Z","action":"acquire","durationMs":12,"activeMatches":64,"activeRooms":1,"queueDepth":62}
{"type":"capacity","timestamp":"2026-07-23T13:13:11.742Z","action":"acquire","durationMs":13,"activeMatches":64,"activeRooms":1,"queueDepth":62}
{"type":"capacity","timestamp":"2026-07-23T13:13:11.757Z","action":"acquire","durationMs":14,"activeMatches":64,"activeRooms":1,"queueDepth":62}
{"type":"capacity","timestamp":"2026-07-23T13:13:11.763Z","action":"acquire","durationMs":5,"activeMatches":64,"activeRooms":1,"queueDepth":62}
{"type":"capacity","timestamp":"2026-07-23T13:13:11.773Z","action":"acquire","durationMs":9,"activeMatches":64,"activeRooms":1,"queueDepth":62}
{"type":"capacity","timestamp":"2026-07-23T13:13:11.787Z","action":"acquire","durationMs":14,"activeMatches":64,"activeRooms":1,"queueDepth":62}
{"type":"capacity","timestamp":"2026-07-23T13:13:11.789Z","action":"acquire","durationMs":2,"activeMatches":64,"activeRooms":1,"queueDepth":62}
{"type":"capacity","timestamp":"2026-07-23T13:13:11.801Z","action":"acquire","durationMs":11,"activeMatches":64,"activeRooms":1,"queueDepth":62}
{"type":"capacity","timestamp":"2026-07-23T13:13:11.803Z","action":"acquire","durationMs":2,"activeMatches":64,"activeRooms":1,"queueDepth":62}
{"type":"capacity","timestamp":"2026-07-23T13:13:11.809Z","action":"acquire","durationMs":5,"activeMatches":64,"activeRooms":1,"queueDepth":62}
{"type":"capacity","timestamp":"2026-07-23T13:13:11.819Z","action":"acquire","durationMs":10,"activeMatches":64,"activeRooms":1,"queueDepth":62}
{"type":"capacity","timestamp":"2026-07-23T13:13:11.821Z","action":"acquire","durationMs":2,"activeMatches":64,"activeRooms":1,"queueDepth":62}
{"type":"capacity","timestamp":"2026-07-23T13:13:11.823Z","action":"acquire","durationMs":2,"activeMatches":64,"activeRooms":1,"queueDepth":62}
{"type":"capacity","timestamp":"2026-07-23T13:13:11.834Z","action":"acquire","durationMs":10,"activeMatches":64,"activeRooms":1,"queueDepth":62}
{"type":"capacity","timestamp":"2026-07-23T13:13:11.844Z","action":"acquire","durationMs":9,"activeMatches":64,"activeRooms":1,"queueDepth":62}
{"type":"capacity","timestamp":"2026-07-23T13:13:11.846Z","action":"acquire","durationMs":2,"activeMatches":64,"activeRooms":1,"queueDepth":62}
{"type":"capacity","timestamp":"2026-07-23T13:13:11.854Z","action":"acquire","durationMs":7,"activeMatches":64,"activeRooms":1,"queueDepth":62}
{"type":"capacity","timestamp":"2026-07-23T13:13:11.856Z","action":"acquire","durationMs":1,"activeMatches":64,"activeRooms":1,"queueDepth":62}
{"type":"capacity","timestamp":"2026-07-23T13:13:11.860Z","action":"acquire","durationMs":3,"activeMatches":64,"activeRooms":1,"queueDepth":62}
{"type":"capacity","timestamp":"2026-07-23T13:13:11.863Z","action":"acquire","durationMs":3,"activeMatches":64,"activeRooms":1,"queueDepth":62}
{"type":"capacity","timestamp":"2026-07-23T13:13:11.865Z","action":"acquire","durationMs":2,"activeMatches":64,"activeRooms":1,"queueDepth":62}
{"type":"capacity","timestamp":"2026-07-23T13:13:11.867Z","action":"acquire","durationMs":2,"activeMatches":64,"activeRooms":1,"queueDepth":62}
{"type":"capacity","timestamp":"2026-07-23T13:13:11.869Z","action":"acquire","durationMs":2,"activeMatches":64,"activeRooms":1,"queueDepth":62}
{"type":"capacity","timestamp":"2026-07-23T13:13:11.871Z","action":"acquire","durationMs":2,"activeMatches":64,"activeRooms":1,"queueDepth":62}
{"type":"capacity","timestamp":"2026-07-23T13:13:11.873Z","action":"acquire","durationMs":2,"activeMatches":64,"activeRooms":1,"queueDepth":62}
{"type":"capacity","timestamp":"2026-07-23T13:13:11.886Z","action":"acquire","durationMs":12,"activeMatches":64,"activeRooms":1,"queueDepth":62}
{"type":"capacity","timestamp":"2026-07-23T13:13:11.892Z","action":"acquire","durationMs":5,"activeMatches":64,"activeRooms":1,"queueDepth":62}
{"type":"capacity","timestamp":"2026-07-23T13:13:11.895Z","action":"acquire","durationMs":3,"activeMatches":64,"activeRooms":1,"queueDepth":62}
{"type":"capacity","timestamp":"2026-07-23T13:13:11.901Z","action":"acquire","durationMs":5,"activeMatches":64,"activeRooms":1,"queueDepth":62}
{"type":"capacity","timestamp":"2026-07-23T13:13:11.908Z","action":"acquire","durationMs":7,"activeMatches":64,"activeRooms":1,"queueDepth":62}
{"type":"capacity","timestamp":"2026-07-23T13:13:11.918Z","action":"acquire","durationMs":9,"activeMatches":64,"activeRooms":1,"queueDepth":62}
{"type":"capacity","timestamp":"2026-07-23T13:13:11.920Z","action":"acquire","durationMs":1,"activeMatches":64,"activeRooms":1,"queueDepth":62}
{"type":"capacity","timestamp":"2026-07-23T13:13:11.923Z","action":"acquire","durationMs":2,"activeMatches":64,"activeRooms":1,"queueDepth":62}
{"type":"capacity","timestamp":"2026-07-23T13:13:11.926Z","action":"acquire","durationMs":3,"activeMatches":64,"activeRooms":1,"queueDepth":62}
{"type":"capacity","timestamp":"2026-07-23T13:13:11.935Z","action":"acquire","durationMs":9,"activeMatches":64,"activeRooms":1,"queueDepth":62}
{"type":"capacity","timestamp":"2026-07-23T13:13:11.944Z","action":"acquire","durationMs":8,"activeMatches":64,"activeRooms":1,"queueDepth":62}
{"type":"capacity","timestamp":"2026-07-23T13:13:11.946Z","action":"acquire","durationMs":2,"activeMatches":64,"activeRooms":1,"queueDepth":62}
{"type":"capacity","timestamp":"2026-07-23T13:13:11.958Z","action":"acquire","durationMs":11,"activeMatches":64,"activeRooms":1,"queueDepth":62}
{"type":"capacity","timestamp":"2026-07-23T13:13:11.960Z","action":"acquire","durationMs":2,"activeMatches":64,"activeRooms":1,"queueDepth":62}
{"type":"capacity","timestamp":"2026-07-23T13:13:11.962Z","action":"acquire","durationMs":2,"activeMatches":64,"activeRooms":1,"queueDepth":62}
{"type":"capacity","timestamp":"2026-07-23T13:13:11.964Z","action":"acquire","durationMs":2,"activeMatches":64,"activeRooms":1,"queueDepth":62}
{"type":"capacity","timestamp":"2026-07-23T13:13:11.966Z","action":"acquire","durationMs":2,"activeMatches":64,"activeRooms":1,"queueDepth":62}
{"type":"capacity","timestamp":"2026-07-23T13:13:11.972Z","action":"acquire","durationMs":5,"activeMatches":64,"activeRooms":1,"queueDepth":62}
{"type":"capacity","timestamp":"2026-07-23T13:13:11.975Z","action":"acquire","durationMs":3,"activeMatches":64,"activeRooms":1,"queueDepth":62}
{"type":"capacity","timestamp":"2026-07-23T13:13:11.982Z","action":"acquire","durationMs":7,"activeMatches":64,"activeRooms":1,"queueDepth":62}
{"type":"capacity","timestamp":"2026-07-23T13:13:11.987Z","action":"acquire","durationMs":4,"activeMatches":64,"activeRooms":1,"queueDepth":62}
{"type":"capacity","timestamp":"2026-07-23T13:13:11.991Z","action":"acquire","durationMs":3,"activeMatches":64,"activeRooms":1,"queueDepth":62}
{"type":"capacity","timestamp":"2026-07-23T13:13:12.000Z","action":"acquire","durationMs":8,"activeMatches":64,"activeRooms":1,"queueDepth":62}
{"type":"capacity","timestamp":"2026-07-23T13:13:12.003Z","action":"acquire","durationMs":2,"activeMatches":64,"activeRooms":1,"queueDepth":62}
{"type":"capacity","timestamp":"2026-07-23T13:13:12.015Z","action":"acquire","durationMs":11,"activeMatches":64,"activeRooms":1,"queueDepth":62}
{"type":"capacity","timestamp":"2026-07-23T13:13:12.020Z","action":"acquire","durationMs":4,"activeMatches":64,"activeRooms":1,"queueDepth":62}
{"type":"capacity","timestamp":"2026-07-23T13:13:12.023Z","action":"acquire","durationMs":2,"activeMatches":64,"activeRooms":1,"queueDepth":62}
{"type":"capacity","timestamp":"2026-07-23T13:13:12.025Z","action":"acquire","durationMs":2,"activeMatches":64,"activeRooms":1,"queueDepth":62}
{"type":"capacity","timestamp":"2026-07-23T13:13:12.030Z","action":"acquire","durationMs":4,"activeMatches":64,"activeRooms":1,"queueDepth":62}
{"type":"capacity","timestamp":"2026-07-23T13:13:12.033Z","action":"acquire","durationMs":2,"activeMatches":64,"activeRooms":1,"queueDepth":62}
{"type":"capacity","timestamp":"2026-07-23T13:13:12.044Z","action":"acquire","durationMs":10,"activeMatches":64,"activeRooms":1,"queueDepth":62}
{"type":"capacity","timestamp":"2026-07-23T13:13:12.047Z","action":"acquire","durationMs":2,"activeMatches":64,"activeRooms":1,"queueDepth":62}
{"type":"capacity","timestamp":"2026-07-23T13:13:12.053Z","action":"acquire","durationMs":5,"activeMatches":64,"activeRooms":1,"queueDepth":62}
{"type":"simulation-batch","timestamp":"2026-07-23T13:13:12.058Z","roomId":"1qs40wc","durationMs":371,"processedMinutes":79,"eventCount":12,"activeMatches":64,"stateVersion":86}
{"type":"room-alarm-complete","timestamp":"2026-07-23T13:13:12.088Z","roomId":"1qs40wc","elapsedMs":408}
{"type":"room-alarm","timestamp":"2026-07-23T13:13:12.096Z","roomId":"1qs40wc"}
{"type":"capacity","timestamp":"2026-07-23T13:13:12.114Z","action":"acquire","durationMs":17,"activeMatches":64,"activeRooms":1,"queueDepth":62}
{"type":"capacity","timestamp":"2026-07-23T13:13:12.121Z","action":"acquire","durationMs":7,"activeMatches":64,"activeRooms":1,"queueDepth":62}
{"type":"capacity","timestamp":"2026-07-23T13:13:12.130Z","action":"acquire","durationMs":8,"activeMatches":64,"activeRooms":1,"queueDepth":62}
{"type":"capacity","timestamp":"2026-07-23T13:13:12.132Z","action":"acquire","durationMs":2,"activeMatches":64,"activeRooms":1,"queueDepth":62}
{"type":"capacity","timestamp":"2026-07-23T13:13:12.135Z","action":"acquire","durationMs":2,"activeMatches":64,"activeRooms":1,"queueDepth":62}
{"type":"capacity","timestamp":"2026-07-23T13:13:12.141Z","action":"acquire","durationMs":6,"activeMatches":64,"activeRooms":1,"queueDepth":62}
{"type":"capacity","timestamp":"2026-07-23T13:13:12.149Z","action":"acquire","durationMs":7,"activeMatches":64,"activeRooms":1,"queueDepth":62}
{"type":"capacity","timestamp":"2026-07-23T13:13:12.151Z","action":"acquire","durationMs":1,"activeMatches":64,"activeRooms":1,"queueDepth":62}
{"type":"capacity","timestamp":"2026-07-23T13:13:12.154Z","action":"acquire","durationMs":2,"activeMatches":64,"activeRooms":1,"queueDepth":62}
{"type":"capacity","timestamp":"2026-07-23T13:13:12.170Z","action":"acquire","durationMs":15,"activeMatches":64,"activeRooms":1,"queueDepth":62}
{"type":"capacity","timestamp":"2026-07-23T13:13:12.173Z","action":"acquire","durationMs":2,"activeMatches":64,"activeRooms":1,"queueDepth":62}
{"type":"capacity","timestamp":"2026-07-23T13:13:12.176Z","action":"acquire","durationMs":3,"activeMatches":64,"activeRooms":1,"queueDepth":62}
{"type":"capacity","timestamp":"2026-07-23T13:13:12.183Z","action":"acquire","durationMs":3,"activeMatches":64,"activeRooms":1,"queueDepth":62}
{"type":"capacity","timestamp":"2026-07-23T13:13:12.185Z","action":"acquire","durationMs":2,"activeMatches":64,"activeRooms":1,"queueDepth":62}
{"type":"capacity","timestamp":"2026-07-23T13:13:12.188Z","action":"acquire","durationMs":2,"activeMatches":64,"activeRooms":1,"queueDepth":62}
{"type":"capacity","timestamp":"2026-07-23T13:13:12.190Z","action":"acquire","durationMs":1,"activeMatches":64,"activeRooms":1,"queueDepth":62}
{"type":"capacity","timestamp":"2026-07-23T13:13:12.193Z","action":"acquire","durationMs":2,"activeMatches":64,"activeRooms":1,"queueDepth":62}
{"type":"capacity","timestamp":"2026-07-23T13:13:12.200Z","action":"acquire","durationMs":6,"activeMatches":64,"activeRooms":1,"queueDepth":62}
{"type":"capacity","timestamp":"2026-07-23T13:13:12.208Z","action":"acquire","durationMs":7,"activeMatches":64,"activeRooms":1,"queueDepth":62}
{"type":"capacity","timestamp":"2026-07-23T13:13:12.216Z","action":"acquire","durationMs":7,"activeMatches":64,"activeRooms":1,"queueDepth":62}
{"type":"capacity","timestamp":"2026-07-23T13:13:12.224Z","action":"acquire","durationMs":6,"activeMatches":64,"activeRooms":1,"queueDepth":62}
{"type":"capacity","timestamp":"2026-07-23T13:13:12.233Z","action":"acquire","durationMs":8,"activeMatches":64,"activeRooms":1,"queueDepth":62}
{"type":"capacity","timestamp":"2026-07-23T13:13:12.235Z","action":"acquire","durationMs":2,"activeMatches":64,"activeRooms":1,"queueDepth":62}
{"type":"capacity","timestamp":"2026-07-23T13:13:12.247Z","action":"acquire","durationMs":11,"activeMatches":64,"activeRooms":1,"queueDepth":62}
{"type":"capacity","timestamp":"2026-07-23T13:13:12.254Z","action":"acquire","durationMs":6,"activeMatches":64,"activeRooms":1,"queueDepth":62}
{"type":"capacity","timestamp":"2026-07-23T13:13:12.257Z","action":"acquire","durationMs":3,"activeMatches":64,"activeRooms":1,"queueDepth":62}
{"type":"capacity","timestamp":"2026-07-23T13:13:12.264Z","action":"acquire","durationMs":7,"activeMatches":64,"activeRooms":1,"queueDepth":62}
{"type":"capacity","timestamp":"2026-07-23T13:13:12.267Z","action":"acquire","durationMs":2,"activeMatches":64,"activeRooms":1,"queueDepth":62}
{"type":"capacity","timestamp":"2026-07-23T13:13:12.273Z","action":"acquire","durationMs":5,"activeMatches":64,"activeRooms":1,"queueDepth":62}
{"type":"capacity","timestamp":"2026-07-23T13:13:12.283Z","action":"acquire","durationMs":10,"activeMatches":64,"activeRooms":1,"queueDepth":62}
{"type":"capacity","timestamp":"2026-07-23T13:13:12.294Z","action":"acquire","durationMs":10,"activeMatches":64,"activeRooms":1,"queueDepth":62}
{"type":"capacity","timestamp":"2026-07-23T13:13:12.299Z","action":"acquire","durationMs":4,"activeMatches":64,"activeRooms":1,"queueDepth":62}
{"type":"capacity","timestamp":"2026-07-23T13:13:12.302Z","action":"acquire","durationMs":2,"activeMatches":64,"activeRooms":1,"queueDepth":62}
{"type":"capacity","timestamp":"2026-07-23T13:13:12.308Z","action":"acquire","durationMs":5,"activeMatches":64,"activeRooms":1,"queueDepth":62}
{"type":"capacity","timestamp":"2026-07-23T13:13:12.310Z","action":"acquire","durationMs":2,"activeMatches":64,"activeRooms":1,"queueDepth":62}
{"type":"capacity","timestamp":"2026-07-23T13:13:12.313Z","action":"acquire","durationMs":2,"activeMatches":64,"activeRooms":1,"queueDepth":62}
{"type":"capacity","timestamp":"2026-07-23T13:13:12.318Z","action":"acquire","durationMs":4,"activeMatches":64,"activeRooms":1,"queueDepth":62}
{"type":"capacity","timestamp":"2026-07-23T13:13:12.324Z","action":"acquire","durationMs":6,"activeMatches":64,"activeRooms":1,"queueDepth":62}
{"type":"capacity","timestamp":"2026-07-23T13:13:12.333Z","action":"acquire","durationMs":8,"activeMatches":64,"activeRooms":1,"queueDepth":62}
{"type":"capacity","timestamp":"2026-07-23T13:13:12.336Z","action":"acquire","durationMs":3,"activeMatches":64,"activeRooms":1,"queueDepth":62}
{"type":"capacity","timestamp":"2026-07-23T13:13:12.340Z","action":"acquire","durationMs":3,"activeMatches":64,"activeRooms":1,"queueDepth":62}
{"type":"capacity","timestamp":"2026-07-23T13:13:12.350Z","action":"acquire","durationMs":9,"activeMatches":64,"activeRooms":1,"queueDepth":62}
{"type":"capacity","timestamp":"2026-07-23T13:13:12.353Z","action":"acquire","durationMs":3,"activeMatches":64,"activeRooms":1,"queueDepth":62}
{"type":"capacity","timestamp":"2026-07-23T13:13:12.358Z","action":"acquire","durationMs":4,"activeMatches":64,"activeRooms":1,"queueDepth":62}
{"type":"capacity","timestamp":"2026-07-23T13:13:12.367Z","action":"acquire","durationMs":9,"activeMatches":64,"activeRooms":1,"queueDepth":62}
{"type":"capacity","timestamp":"2026-07-23T13:13:12.379Z","action":"acquire","durationMs":11,"activeMatches":64,"activeRooms":1,"queueDepth":62}
{"type":"capacity","timestamp":"2026-07-23T13:13:12.388Z","action":"acquire","durationMs":8,"activeMatches":64,"activeRooms":1,"queueDepth":62}
{"type":"capacity","timestamp":"2026-07-23T13:13:12.397Z","action":"acquire","durationMs":9,"activeMatches":64,"activeRooms":1,"queueDepth":62}
{"type":"capacity","timestamp":"2026-07-23T13:13:12.403Z","action":"acquire","durationMs":5,"activeMatches":64,"activeRooms":1,"queueDepth":62}
{"type":"capacity","timestamp":"2026-07-23T13:13:12.406Z","action":"acquire","durationMs":3,"activeMatches":64,"activeRooms":1,"queueDepth":62}
{"type":"capacity","timestamp":"2026-07-23T13:13:12.414Z","action":"acquire","durationMs":8,"activeMatches":64,"activeRooms":1,"queueDepth":62}
{"type":"capacity","timestamp":"2026-07-23T13:13:12.417Z","action":"acquire","durationMs":2,"activeMatches":64,"activeRooms":1,"queueDepth":62}
{"type":"capacity","timestamp":"2026-07-23T13:13:12.436Z","action":"acquire","durationMs":19,"activeMatches":64,"activeRooms":1,"queueDepth":62}
{"type":"capacity","timestamp":"2026-07-23T13:13:12.443Z","action":"acquire","durationMs":3,"activeMatches":64,"activeRooms":1,"queueDepth":62}
{"type":"capacity","timestamp":"2026-07-23T13:13:12.454Z","action":"acquire","durationMs":10,"activeMatches":64,"activeRooms":1,"queueDepth":62}
{"type":"capacity","timestamp":"2026-07-23T13:13:12.457Z","action":"acquire","durationMs":3,"activeMatches":64,"activeRooms":1,"queueDepth":62}
{"type":"capacity","timestamp":"2026-07-23T13:13:12.460Z","action":"acquire","durationMs":3,"activeMatches":64,"activeRooms":1,"queueDepth":62}
{"type":"capacity","timestamp":"2026-07-23T13:13:12.462Z","action":"acquire","durationMs":2,"activeMatches":64,"activeRooms":1,"queueDepth":62}
{"type":"capacity","timestamp":"2026-07-23T13:13:12.484Z","action":"acquire","durationMs":21,"activeMatches":64,"activeRooms":1,"queueDepth":62}
{"type":"capacity","timestamp":"2026-07-23T13:13:12.486Z","action":"acquire","durationMs":2,"activeMatches":64,"activeRooms":1,"queueDepth":62}
{"type":"capacity","timestamp":"2026-07-23T13:13:12.490Z","action":"acquire","durationMs":3,"activeMatches":64,"activeRooms":1,"queueDepth":62}
{"type":"capacity","timestamp":"2026-07-23T13:13:12.523Z","action":"acquire","durationMs":32,"activeMatches":64,"activeRooms":1,"queueDepth":62}
{"type":"simulation-batch","timestamp":"2026-07-23T13:13:12.524Z","roomId":"1qs40wc","durationMs":428,"processedMinutes":32,"eventCount":5,"activeMatches":64,"stateVersion":87}
{"type":"room-alarm-complete","timestamp":"2026-07-23T13:13:12.557Z","roomId":"1qs40wc","elapsedMs":469}
{"type":"room-alarm","timestamp":"2026-07-23T13:13:12.569Z","roomId":"1qs40wc"}
{"type":"capacity","timestamp":"2026-07-23T13:13:12.582Z","action":"acquire","durationMs":11,"activeMatches":64,"activeRooms":1,"queueDepth":62}
{"type":"capacity","timestamp":"2026-07-23T13:13:12.590Z","action":"acquire","durationMs":7,"activeMatches":64,"activeRooms":1,"queueDepth":62}
{"type":"capacity","timestamp":"2026-07-23T13:13:12.600Z","action":"acquire","durationMs":9,"activeMatches":64,"activeRooms":1,"queueDepth":62}
{"type":"capacity","timestamp":"2026-07-23T13:13:12.603Z","action":"acquire","durationMs":2,"activeMatches":64,"activeRooms":1,"queueDepth":62}
{"type":"capacity","timestamp":"2026-07-23T13:13:12.605Z","action":"acquire","durationMs":2,"activeMatches":64,"activeRooms":1,"queueDepth":62}
{"type":"capacity","timestamp":"2026-07-23T13:13:12.608Z","action":"acquire","durationMs":2,"activeMatches":64,"activeRooms":1,"queueDepth":62}
{"type":"capacity","timestamp":"2026-07-23T13:13:12.617Z","action":"acquire","durationMs":8,"activeMatches":64,"activeRooms":1,"queueDepth":62}
{"type":"capacity","timestamp":"2026-07-23T13:13:12.620Z","action":"acquire","durationMs":3,"activeMatches":64,"activeRooms":1,"queueDepth":62}
{"type":"capacity","timestamp":"2026-07-23T13:13:12.627Z","action":"acquire","durationMs":6,"activeMatches":64,"activeRooms":1,"queueDepth":62}
{"type":"capacity","timestamp":"2026-07-23T13:13:12.639Z","action":"acquire","durationMs":6,"activeMatches":64,"activeRooms":1,"queueDepth":62}
{"type":"capacity","timestamp":"2026-07-23T13:13:12.641Z","action":"acquire","durationMs":2,"activeMatches":64,"activeRooms":1,"queueDepth":62}
{"type":"capacity","timestamp":"2026-07-23T13:13:12.652Z","action":"acquire","durationMs":10,"activeMatches":64,"activeRooms":1,"queueDepth":62}
{"type":"capacity","timestamp":"2026-07-23T13:13:12.655Z","action":"acquire","durationMs":2,"activeMatches":64,"activeRooms":1,"queueDepth":62}
{"type":"capacity","timestamp":"2026-07-23T13:13:12.669Z","action":"acquire","durationMs":13,"activeMatches":64,"activeRooms":1,"queueDepth":62}
{"type":"capacity","timestamp":"2026-07-23T13:13:12.674Z","action":"acquire","durationMs":4,"activeMatches":64,"activeRooms":1,"queueDepth":62}
{"type":"capacity","timestamp":"2026-07-23T13:13:12.690Z","action":"acquire","durationMs":15,"activeMatches":64,"activeRooms":1,"queueDepth":62}
{"type":"capacity","timestamp":"2026-07-23T13:13:12.699Z","action":"acquire","durationMs":8,"activeMatches":64,"activeRooms":1,"queueDepth":62}
{"type":"capacity","timestamp":"2026-07-23T13:13:12.701Z","action":"acquire","durationMs":2,"activeMatches":64,"activeRooms":1,"queueDepth":62}
{"type":"capacity","timestamp":"2026-07-23T13:13:12.711Z","action":"acquire","durationMs":9,"activeMatches":64,"activeRooms":1,"queueDepth":62}
{"type":"capacity","timestamp":"2026-07-23T13:13:12.719Z","action":"acquire","durationMs":7,"activeMatches":64,"activeRooms":1,"queueDepth":62}
{"type":"capacity","timestamp":"2026-07-23T13:13:12.729Z","action":"acquire","durationMs":9,"activeMatches":64,"activeRooms":1,"queueDepth":62}
{"type":"capacity","timestamp":"2026-07-23T13:13:12.736Z","action":"acquire","durationMs":6,"activeMatches":64,"activeRooms":1,"queueDepth":62}
{"type":"capacity","timestamp":"2026-07-23T13:13:12.745Z","action":"acquire","durationMs":8,"activeMatches":64,"activeRooms":1,"queueDepth":62}
{"type":"capacity","timestamp":"2026-07-23T13:13:12.750Z","action":"acquire","durationMs":4,"activeMatches":64,"activeRooms":1,"queueDepth":62}
{"type":"capacity","timestamp":"2026-07-23T13:13:12.768Z","action":"acquire","durationMs":17,"activeMatches":64,"activeRooms":1,"queueDepth":62}
{"type":"capacity","timestamp":"2026-07-23T13:13:12.783Z","action":"acquire","durationMs":15,"activeMatches":64,"activeRooms":1,"queueDepth":62}
{"type":"capacity","timestamp":"2026-07-23T13:13:12.786Z","action":"acquire","durationMs":2,"activeMatches":64,"activeRooms":1,"queueDepth":62}
{"type":"capacity","timestamp":"2026-07-23T13:13:12.793Z","action":"acquire","durationMs":6,"activeMatches":64,"activeRooms":1,"queueDepth":62}
{"type":"capacity","timestamp":"2026-07-23T13:13:12.800Z","action":"acquire","durationMs":6,"activeMatches":64,"activeRooms":1,"queueDepth":62}
{"type":"capacity","timestamp":"2026-07-23T13:13:12.817Z","action":"acquire","durationMs":16,"activeMatches":64,"activeRooms":1,"queueDepth":62}
{"type":"capacity","timestamp":"2026-07-23T13:13:12.833Z","action":"acquire","durationMs":15,"activeMatches":64,"activeRooms":1,"queueDepth":62}
{"type":"capacity","timestamp":"2026-07-23T13:13:12.837Z","action":"acquire","durationMs":3,"activeMatches":64,"activeRooms":1,"queueDepth":62}
{"type":"capacity","timestamp":"2026-07-23T13:13:12.870Z","action":"acquire","durationMs":33,"activeMatches":64,"activeRooms":1,"queueDepth":62}
{"type":"capacity","timestamp":"2026-07-23T13:13:12.888Z","action":"acquire","durationMs":17,"activeMatches":64,"activeRooms":1,"queueDepth":62}
{"type":"capacity","timestamp":"2026-07-23T13:13:12.903Z","action":"acquire","durationMs":14,"activeMatches":64,"activeRooms":1,"queueDepth":62}
{"type":"capacity","timestamp":"2026-07-23T13:13:12.911Z","action":"acquire","durationMs":7,"activeMatches":64,"activeRooms":1,"queueDepth":62}
{"type":"capacity","timestamp":"2026-07-23T13:13:12.914Z","action":"acquire","durationMs":2,"activeMatches":64,"activeRooms":1,"queueDepth":62}
{"type":"capacity","timestamp":"2026-07-23T13:13:12.928Z","action":"acquire","durationMs":13,"activeMatches":64,"activeRooms":1,"queueDepth":62}
{"type":"capacity","timestamp":"2026-07-23T13:13:12.931Z","action":"acquire","durationMs":2,"activeMatches":64,"activeRooms":1,"queueDepth":62}
{"type":"capacity","timestamp":"2026-07-23T13:13:12.933Z","action":"acquire","durationMs":2,"activeMatches":64,"activeRooms":1,"queueDepth":62}
{"type":"capacity","timestamp":"2026-07-23T13:13:12.936Z","action":"acquire","durationMs":2,"activeMatches":64,"activeRooms":1,"queueDepth":62}
{"type":"capacity","timestamp":"2026-07-23T13:13:12.969Z","action":"acquire","durationMs":32,"activeMatches":64,"activeRooms":1,"queueDepth":62}
{"type":"capacity","timestamp":"2026-07-23T13:13:12.983Z","action":"acquire","durationMs":13,"activeMatches":64,"activeRooms":1,"queueDepth":62}
{"type":"capacity","timestamp":"2026-07-23T13:13:12.987Z","action":"acquire","durationMs":3,"activeMatches":64,"activeRooms":1,"queueDepth":62}
{"type":"capacity","timestamp":"2026-07-23T13:13:13.002Z","action":"acquire","durationMs":14,"activeMatches":64,"activeRooms":1,"queueDepth":62}
{"type":"capacity","timestamp":"2026-07-23T13:13:13.017Z","action":"acquire","durationMs":14,"activeMatches":64,"activeRooms":1,"queueDepth":62}
{"type":"capacity","timestamp":"2026-07-23T13:13:13.026Z","action":"acquire","durationMs":8,"activeMatches":64,"activeRooms":1,"queueDepth":62}
{"type":"capacity","timestamp":"2026-07-23T13:13:13.037Z","action":"acquire","durationMs":6,"activeMatches":64,"activeRooms":1,"queueDepth":62}
{"type":"capacity","timestamp":"2026-07-23T13:13:13.050Z","action":"acquire","durationMs":13,"activeMatches":64,"activeRooms":1,"queueDepth":62}
{"type":"capacity","timestamp":"2026-07-23T13:13:13.053Z","action":"acquire","durationMs":2,"activeMatches":64,"activeRooms":1,"queueDepth":62}
{"type":"capacity","timestamp":"2026-07-23T13:13:13.060Z","action":"acquire","durationMs":6,"activeMatches":64,"activeRooms":1,"queueDepth":62}
{"type":"capacity","timestamp":"2026-07-23T13:13:13.063Z","action":"acquire","durationMs":2,"activeMatches":64,"activeRooms":1,"queueDepth":62}
{"type":"capacity","timestamp":"2026-07-23T13:13:13.065Z","action":"acquire","durationMs":2,"activeMatches":64,"activeRooms":1,"queueDepth":62}
{"type":"capacity","timestamp":"2026-07-23T13:13:13.068Z","action":"acquire","durationMs":2,"activeMatches":64,"activeRooms":1,"queueDepth":62}
{"type":"capacity","timestamp":"2026-07-23T13:13:13.082Z","action":"acquire","durationMs":13,"activeMatches":64,"activeRooms":1,"queueDepth":62}
{"type":"capacity","timestamp":"2026-07-23T13:13:13.097Z","action":"acquire","durationMs":14,"activeMatches":64,"activeRooms":1,"queueDepth":62}
{"type":"capacity","timestamp":"2026-07-23T13:13:13.105Z","action":"acquire","durationMs":7,"activeMatches":64,"activeRooms":1,"queueDepth":62}
{"type":"capacity","timestamp":"2026-07-23T13:13:13.108Z","action":"acquire","durationMs":3,"activeMatches":64,"activeRooms":1,"queueDepth":62}
{"type":"capacity","timestamp":"2026-07-23T13:13:13.120Z","action":"acquire","durationMs":11,"activeMatches":64,"activeRooms":1,"queueDepth":62}
{"type":"capacity","timestamp":"2026-07-23T13:13:13.127Z","action":"acquire","durationMs":7,"activeMatches":64,"activeRooms":1,"queueDepth":62}
{"type":"capacity","timestamp":"2026-07-23T13:13:13.138Z","action":"acquire","durationMs":10,"activeMatches":64,"activeRooms":1,"queueDepth":62}
{"type":"capacity","timestamp":"2026-07-23T13:13:13.141Z","action":"acquire","durationMs":2,"activeMatches":64,"activeRooms":1,"queueDepth":62}
{"type":"simulation-batch","timestamp":"2026-07-23T13:13:13.142Z","roomId":"1qs40wc","durationMs":573,"processedMinutes":47,"eventCount":8,"activeMatches":64,"stateVersion":88}
{"type":"room-alarm-complete","timestamp":"2026-07-23T13:13:13.179Z","roomId":"1qs40wc","elapsedMs":621}
{"type":"room-alarm","timestamp":"2026-07-23T13:13:13.185Z","roomId":"1qs40wc"}
{"type":"capacity","timestamp":"2026-07-23T13:13:13.197Z","action":"acquire","durationMs":5,"activeMatches":64,"activeRooms":1,"queueDepth":62}
{"type":"capacity","timestamp":"2026-07-23T13:13:13.213Z","action":"acquire","durationMs":15,"activeMatches":64,"activeRooms":1,"queueDepth":62}
{"type":"capacity","timestamp":"2026-07-23T13:13:13.220Z","action":"acquire","durationMs":7,"activeMatches":64,"activeRooms":1,"queueDepth":62}
{"type":"capacity","timestamp":"2026-07-23T13:13:13.223Z","action":"acquire","durationMs":3,"activeMatches":64,"activeRooms":1,"queueDepth":62}
{"type":"capacity","timestamp":"2026-07-23T13:13:13.226Z","action":"acquire","durationMs":3,"activeMatches":64,"activeRooms":1,"queueDepth":62}
{"type":"capacity","timestamp":"2026-07-23T13:13:13.237Z","action":"acquire","durationMs":11,"activeMatches":64,"activeRooms":1,"queueDepth":62}
{"type":"capacity","timestamp":"2026-07-23T13:13:13.239Z","action":"acquire","durationMs":2,"activeMatches":64,"activeRooms":1,"queueDepth":62}
{"type":"capacity","timestamp":"2026-07-23T13:13:13.241Z","action":"acquire","durationMs":2,"activeMatches":64,"activeRooms":1,"queueDepth":62}
{"type":"capacity","timestamp":"2026-07-23T13:13:13.244Z","action":"acquire","durationMs":2,"activeMatches":64,"activeRooms":1,"queueDepth":62}
{"type":"capacity","timestamp":"2026-07-23T13:13:13.252Z","action":"acquire","durationMs":7,"activeMatches":64,"activeRooms":1,"queueDepth":62}
{"type":"capacity","timestamp":"2026-07-23T13:13:13.268Z","action":"acquire","durationMs":15,"activeMatches":64,"activeRooms":1,"queueDepth":62}
{"type":"capacity","timestamp":"2026-07-23T13:13:13.270Z","action":"acquire","durationMs":2,"activeMatches":64,"activeRooms":1,"queueDepth":62}
{"type":"capacity","timestamp":"2026-07-23T13:13:13.272Z","action":"acquire","durationMs":2,"activeMatches":64,"activeRooms":1,"queueDepth":62}
{"type":"capacity","timestamp":"2026-07-23T13:13:13.282Z","action":"acquire","durationMs":9,"activeMatches":64,"activeRooms":1,"queueDepth":62}
{"type":"capacity","timestamp":"2026-07-23T13:13:13.284Z","action":"acquire","durationMs":2,"activeMatches":64,"activeRooms":1,"queueDepth":62}
{"type":"capacity","timestamp":"2026-07-23T13:13:13.286Z","action":"acquire","durationMs":1,"activeMatches":64,"activeRooms":1,"queueDepth":62}
{"type":"capacity","timestamp":"2026-07-23T13:13:13.288Z","action":"acquire","durationMs":1,"activeMatches":64,"activeRooms":1,"queueDepth":62}
{"type":"capacity","timestamp":"2026-07-23T13:13:13.291Z","action":"acquire","durationMs":2,"activeMatches":64,"activeRooms":1,"queueDepth":62}
{"type":"capacity","timestamp":"2026-07-23T13:13:13.303Z","action":"acquire","durationMs":12,"activeMatches":64,"activeRooms":1,"queueDepth":62}
{"type":"capacity","timestamp":"2026-07-23T13:13:13.306Z","action":"acquire","durationMs":2,"activeMatches":64,"activeRooms":1,"queueDepth":62}
{"type":"capacity","timestamp":"2026-07-23T13:13:13.314Z","action":"acquire","durationMs":6,"activeMatches":64,"activeRooms":1,"queueDepth":62}
{"type":"capacity","timestamp":"2026-07-23T13:13:13.321Z","action":"acquire","durationMs":6,"activeMatches":64,"activeRooms":1,"queueDepth":62}
{"type":"capacity","timestamp":"2026-07-23T13:13:13.327Z","action":"acquire","durationMs":6,"activeMatches":64,"activeRooms":1,"queueDepth":62}
{"type":"capacity","timestamp":"2026-07-23T13:13:13.329Z","action":"acquire","durationMs":1,"activeMatches":64,"activeRooms":1,"queueDepth":62}
{"type":"capacity","timestamp":"2026-07-23T13:13:13.332Z","action":"acquire","durationMs":2,"activeMatches":64,"activeRooms":1,"queueDepth":62}
{"type":"capacity","timestamp":"2026-07-23T13:13:13.334Z","action":"acquire","durationMs":2,"activeMatches":64,"activeRooms":1,"queueDepth":62}
{"type":"capacity","timestamp":"2026-07-23T13:13:13.336Z","action":"acquire","durationMs":1,"activeMatches":64,"activeRooms":1,"queueDepth":62}
{"type":"capacity","timestamp":"2026-07-23T13:13:13.338Z","action":"acquire","durationMs":1,"activeMatches":64,"activeRooms":1,"queueDepth":62}
{"type":"capacity","timestamp":"2026-07-23T13:13:13.341Z","action":"acquire","durationMs":2,"activeMatches":64,"activeRooms":1,"queueDepth":62}
{"type":"capacity","timestamp":"2026-07-23T13:13:13.349Z","action":"acquire","durationMs":7,"activeMatches":64,"activeRooms":1,"queueDepth":62}
{"type":"capacity","timestamp":"2026-07-23T13:13:13.351Z","action":"acquire","durationMs":1,"activeMatches":64,"activeRooms":1,"queueDepth":62}
{"type":"capacity","timestamp":"2026-07-23T13:13:13.353Z","action":"acquire","durationMs":1,"activeMatches":64,"activeRooms":1,"queueDepth":62}
{"type":"capacity","timestamp":"2026-07-23T13:13:13.355Z","action":"acquire","durationMs":1,"activeMatches":64,"activeRooms":1,"queueDepth":62}
{"type":"capacity","timestamp":"2026-07-23T13:13:13.358Z","action":"acquire","durationMs":2,"activeMatches":64,"activeRooms":1,"queueDepth":62}
{"type":"room-alarm-complete","timestamp":"2026-07-23T13:13:13.378Z","roomId":"1qs40wc","elapsedMs":199}
{"type":"room-alarm","timestamp":"2026-07-23T13:13:15.281Z","roomId":"1qs40wc"}
{"type":"room-alarm-complete","timestamp":"2026-07-23T13:13:15.286Z","roomId":"1qs40wc","elapsedMs":9}
NOSENTRY SQLite alarm handler canceled with requestScheduledAlarm.; scheduledTime = 1784812393.155s; localAlarmState.orDefault(kj::UNIX_EPOCH) = 0ns; actorId = e102acf1a859c66ae16d371e08ba480e3ad1622d046f5426da37824115f186b1
{"type":"capacity","timestamp":"2026-07-23T13:13:25.181Z","action":"diagnostics","durationMs":8,"activeMatches":62,"activeRooms":1,"queueDepth":0}
{"type":"capacity","timestamp":"2026-07-23T13:13:37.306Z","action":"diagnostics","durationMs":8,"activeMatches":64,"activeRooms":2,"queueDepth":118}
{"type":"capacity","timestamp":"2026-07-23T13:13:47.319Z","action":"diagnostics","durationMs":14,"activeMatches":64,"activeRooms":1,"queueDepth":54}
{"type":"capacity","timestamp":"2026-07-23T13:14:41.656Z","action":"diagnostics","durationMs":8,"activeMatches":64,"activeRooms":2,"queueDepth":124}
{"type":"capacity","timestamp":"2026-07-23T13:14:58.548Z","action":"diagnostics","durationMs":8,"activeMatches":64,"activeRooms":2,"queueDepth":70}
{"type":"capacity","timestamp":"2026-07-23T13:15:15.029Z","action":"diagnostics","durationMs":5,"activeMatches":64,"activeRooms":2,"queueDepth":53}
{"type":"capacity","timestamp":"2026-07-23T13:15:25.035Z","action":"diagnostics","durationMs":6,"activeMatches":64,"activeRooms":1,"queueDepth":46}
{"type":"capacity","timestamp":"2026-07-23T13:15:35.046Z","action":"diagnostics","durationMs":3,"activeMatches":64,"activeRooms":1,"queueDepth":46}
{"type":"capacity","timestamp":"2026-07-23T13:15:45.051Z","action":"diagnostics","durationMs":5,"activeMatches":64,"activeRooms":1,"queueDepth":10}
{"type":"capacity","timestamp":"2026-07-23T13:15:55.058Z","action":"diagnostics","durationMs":7,"activeMatches":64,"activeRooms":1,"queueDepth":23}
{"type":"capacity","timestamp":"2026-07-23T13:16:05.066Z","action":"diagnostics","durationMs":7,"activeMatches":64,"activeRooms":1,"queueDepth":22}
{"type":"capacity","timestamp":"2026-07-23T13:16:15.163Z","action":"diagnostics","durationMs":35,"activeMatches":52,"activeRooms":1,"queueDepth":0}
{"type":"capacity","timestamp":"2026-07-23T13:16:25.168Z","action":"diagnostics","durationMs":20,"activeMatches":52,"activeRooms":1,"queueDepth":0}
{"type":"capacity","timestamp":"2026-07-23T13:16:35.165Z","action":"diagnostics","durationMs":4,"activeMatches":45,"activeRooms":1,"queueDepth":0}
{"type":"capacity","timestamp":"2026-07-23T13:16:45.198Z","action":"diagnostics","durationMs":19,"activeMatches":45,"activeRooms":1,"queueDepth":0}
{"type":"capacity","timestamp":"2026-07-23T13:16:55.200Z","action":"diagnostics","durationMs":5,"activeMatches":32,"activeRooms":1,"queueDepth":0}
{"type":"capacity","timestamp":"2026-07-23T13:17:05.293Z","action":"diagnostics","durationMs":33,"activeMatches":31,"activeRooms":1,"queueDepth":0}
{"type":"capacity","timestamp":"2026-07-23T13:17:24.017Z","action":"diagnostics","durationMs":6,"activeMatches":6,"activeRooms":1,"queueDepth":0}
{"type":"capacity","timestamp":"2026-07-23T13:17:34.054Z","action":"diagnostics","durationMs":1,"activeMatches":0,"activeRooms":0,"queueDepth":0}
⎔ Reloading local server...
[wrangler:info] ✨ Parsed 3 valid header rules.
⎔ Local server updated and ready
⎔ Reloading local server...
[wrangler:info] ✨ Parsed 3 valid header rules.
⎔ Local server updated and ready
{"type":"worker-request","timestamp":"2026-07-23T13:24:52.618Z","requestId":"e43df8cd-a542-43c7-8ed9-1dbb3da14739","method":"POST","route":"/api/rooms"}
{"type":"room-request","timestamp":"2026-07-23T13:24:53.048Z","action":"create","method":"POST"}
{"type":"room-request-complete","timestamp":"2026-07-23T13:24:53.059Z","action":"create","status":201,"durationMs":11}
{"type":"worker-request-complete","timestamp":"2026-07-23T13:24:53.059Z","requestId":"e43df8cd-a542-43c7-8ed9-1dbb3da14739","method":"POST","route":"/api/rooms","status":201,"elapsedMs":441}
[wrangler:info] POST /api/rooms 201 Created (479ms)
{"type":"worker-request","timestamp":"2026-07-23T13:24:53.077Z","requestId":"a016d075-6e40-43bc-915c-700029435226","method":"GET","route":"/cdn-cgi/ProxyWorker/pause"}
{"type":"worker-request-complete","timestamp":"2026-07-23T13:24:53.081Z","requestId":"a016d075-6e40-43bc-915c-700029435226","method":"GET","route":"/cdn-cgi/ProxyWorker/pause","status":404,"elapsedMs":4}
{"type":"worker-request","timestamp":"2026-07-23T13:24:53.098Z","requestId":"807b79d5-2ea6-476b-8320-f3e78f409478","method":"POST","route":"/api/rooms/0211/join"}
{"type":"room-request","timestamp":"2026-07-23T13:24:53.101Z","action":"join","method":"POST"}
{"type":"room-request-complete","timestamp":"2026-07-23T13:24:53.127Z","action":"join","status":201,"durationMs":26}
{"type":"worker-request-complete","timestamp":"2026-07-23T13:24:53.127Z","requestId":"807b79d5-2ea6-476b-8320-f3e78f409478","method":"POST","route":"/api/rooms/0211/join","status":201,"elapsedMs":29}
{"type":"worker-request","timestamp":"2026-07-23T13:24:53.147Z","requestId":"3ffdf749-c763-4ba2-a531-f99fe25630fa","method":"POST","route":"/api/rooms/0211/draft-start"}
{"type":"room-request","timestamp":"2026-07-23T13:24:53.147Z","action":"draft-start","method":"POST"}
{"type":"room-persist","timestamp":"2026-07-23T13:24:53.148Z","roomId":"mw117t","bytes":819,"eventCount":0,"releasedMatches":0}
{"type":"room-request-complete","timestamp":"2026-07-23T13:24:53.152Z","action":"draft-start","status":200,"durationMs":5}
{"type":"worker-request-complete","timestamp":"2026-07-23T13:24:53.152Z","requestId":"3ffdf749-c763-4ba2-a531-f99fe25630fa","method":"POST","route":"/api/rooms/0211/draft-start","status":200,"elapsedMs":5}
[wrangler:info] POST /api/rooms/0211/join 201 Created (46ms)
[wrangler:info] POST /api/rooms/0211/draft-start 200 OK (8ms)
{"type":"worker-request","timestamp":"2026-07-23T13:24:53.389Z","requestId":"51a553ac-3963-405b-adea-79880d858978","method":"GET","route":"/cdn-cgi/ProxyWorker/pause"}
{"type":"worker-request-complete","timestamp":"2026-07-23T13:24:53.390Z","requestId":"51a553ac-3963-405b-adea-79880d858978","method":"GET","route":"/cdn-cgi/ProxyWorker/pause","status":404,"elapsedMs":1}
{"type":"worker-request","timestamp":"2026-07-23T13:24:53.425Z","requestId":"caaaddae-9f40-46f3-b087-06c6c4377aad","method":"POST","route":"/api/rooms/0211/draft-draw"}
{"type":"room-request","timestamp":"2026-07-23T13:24:53.427Z","action":"draft-draw","method":"POST"}
{"type":"room-persist","timestamp":"2026-07-23T13:24:53.429Z","roomId":"mw117t","bytes":926,"eventCount":0,"releasedMatches":0}
{"type":"room-request-complete","timestamp":"2026-07-23T13:24:53.456Z","action":"draft-draw","status":200,"durationMs":29}
{"type":"worker-request-complete","timestamp":"2026-07-23T13:24:53.457Z","requestId":"caaaddae-9f40-46f3-b087-06c6c4377aad","method":"POST","route":"/api/rooms/0211/draft-draw","status":200,"elapsedMs":32}
{"type":"worker-request","timestamp":"2026-07-23T13:24:53.467Z","requestId":"20f18466-f44a-4050-968b-e95dd1d25fae","method":"POST","route":"/api/rooms/0211/draft-draw"}
[wrangler:info] POST /api/rooms/0211/draft-draw 200 OK (50ms)
{"type":"room-request","timestamp":"2026-07-23T13:24:53.481Z","action":"draft-draw","method":"POST"}
{"type":"room-persist","timestamp":"2026-07-23T13:24:53.482Z","roomId":"mw117t","bytes":1034,"eventCount":0,"releasedMatches":0}
{"type":"room-request-complete","timestamp":"2026-07-23T13:24:53.537Z","action":"draft-draw","status":200,"durationMs":56}
{"type":"worker-request-complete","timestamp":"2026-07-23T13:24:53.537Z","requestId":"20f18466-f44a-4050-968b-e95dd1d25fae","method":"POST","route":"/api/rooms/0211/draft-draw","status":200,"elapsedMs":70}
[wrangler:info] POST /api/rooms/0211/draft-draw 200 OK (74ms)
{"type":"room-alarm","timestamp":"2026-07-23T13:24:53.546Z","roomId":"mw117t"}
{"type":"room-alarm-complete","timestamp":"2026-07-23T13:24:53.547Z","roomId":"mw117t","elapsedMs":1}
{"type":"worker-request","timestamp":"2026-07-23T13:24:53.562Z","requestId":"eb0257ae-74cf-4fe1-a8ae-f10161af23d8","method":"POST","route":"/api/rooms/0211/draft-draw"}
{"type":"room-request","timestamp":"2026-07-23T13:24:53.563Z","action":"draft-draw","method":"POST"}
{"type":"room-persist","timestamp":"2026-07-23T13:24:53.564Z","roomId":"mw117t","bytes":1141,"eventCount":0,"releasedMatches":0}
[wrangler:info] POST /api/rooms/0211/draft-draw 200 OK (7ms)
{"type":"room-request-complete","timestamp":"2026-07-23T13:24:53.566Z","action":"draft-draw","status":200,"durationMs":3}
{"type":"worker-request-complete","timestamp":"2026-07-23T13:24:53.566Z","requestId":"eb0257ae-74cf-4fe1-a8ae-f10161af23d8","method":"POST","route":"/api/rooms/0211/draft-draw","status":200,"elapsedMs":4}
{"type":"worker-request","timestamp":"2026-07-23T13:24:53.572Z","requestId":"8d043939-ea79-4daa-b609-a75997197382","method":"POST","route":"/api/rooms/0211/draft-draw"}
{"type":"room-request","timestamp":"2026-07-23T13:24:53.574Z","action":"draft-draw","method":"POST"}
{"type":"room-persist","timestamp":"2026-07-23T13:24:53.588Z","roomId":"mw117t","bytes":1249,"eventCount":0,"releasedMatches":0}
{"type":"room-request-complete","timestamp":"2026-07-23T13:24:53.596Z","action":"draft-draw","status":200,"durationMs":22}
{"type":"worker-request-complete","timestamp":"2026-07-23T13:24:53.596Z","requestId":"8d043939-ea79-4daa-b609-a75997197382","method":"POST","route":"/api/rooms/0211/draft-draw","status":200,"elapsedMs":24}
[wrangler:info] POST /api/rooms/0211/draft-draw 200 OK (29ms)
{"type":"room-alarm","timestamp":"2026-07-23T13:24:53.643Z","roomId":"mw117t"}
{"type":"room-alarm-complete","timestamp":"2026-07-23T13:24:53.643Z","roomId":"mw117t","elapsedMs":0}
{"type":"worker-request","timestamp":"2026-07-23T13:24:53.656Z","requestId":"7c93297b-5428-45ad-81e2-4fd116429bf9","method":"POST","route":"/api/rooms/0211/draft-draw"}
{"type":"room-request","timestamp":"2026-07-23T13:24:53.675Z","action":"draft-draw","method":"POST"}
{"type":"room-persist","timestamp":"2026-07-23T13:24:53.676Z","roomId":"mw117t","bytes":1356,"eventCount":0,"releasedMatches":0}
{"type":"room-request-complete","timestamp":"2026-07-23T13:24:53.709Z","action":"draft-draw","status":200,"durationMs":34}
{"type":"worker-request-complete","timestamp":"2026-07-23T13:24:53.709Z","requestId":"7c93297b-5428-45ad-81e2-4fd116429bf9","method":"POST","route":"/api/rooms/0211/draft-draw","status":200,"elapsedMs":53}
{"type":"worker-request","timestamp":"2026-07-23T13:24:53.730Z","requestId":"f901e694-dc0f-4911-9903-2e1f5e390fcc","method":"POST","route":"/api/rooms/0211/draft-draw"}
{"type":"room-alarm","timestamp":"2026-07-23T13:24:53.732Z","roomId":"mw117t"}
{"type":"room-alarm-complete","timestamp":"2026-07-23T13:24:53.732Z","roomId":"mw117t","elapsedMs":0}
[wrangler:info] POST /api/rooms/0211/draft-draw 200 OK (126ms)
{"type":"room-request","timestamp":"2026-07-23T13:24:53.813Z","action":"draft-draw","method":"POST"}
{"type":"room-persist","timestamp":"2026-07-23T13:24:53.814Z","roomId":"mw117t","bytes":1464,"eventCount":0,"releasedMatches":0}
{"type":"room-request-complete","timestamp":"2026-07-23T13:24:53.816Z","action":"draft-draw","status":200,"durationMs":3}
{"type":"worker-request-complete","timestamp":"2026-07-23T13:24:53.816Z","requestId":"f901e694-dc0f-4911-9903-2e1f5e390fcc","method":"POST","route":"/api/rooms/0211/draft-draw","status":200,"elapsedMs":86}
{"type":"worker-request","timestamp":"2026-07-23T13:24:53.849Z","requestId":"71128695-ec8d-4056-be2c-2aa92b1536dd","method":"POST","route":"/api/rooms/0211/draft-draw"}
{"type":"room-request","timestamp":"2026-07-23T13:24:53.851Z","action":"draft-draw","method":"POST"}
{"type":"room-persist","timestamp":"2026-07-23T13:24:53.871Z","roomId":"mw117t","bytes":1570,"eventCount":0,"releasedMatches":0}
[wrangler:info] POST /api/rooms/0211/draft-draw 200 OK (114ms)
{"type":"room-request-complete","timestamp":"2026-07-23T13:24:53.915Z","action":"draft-draw","status":200,"durationMs":64}
{"type":"worker-request-complete","timestamp":"2026-07-23T13:24:53.915Z","requestId":"71128695-ec8d-4056-be2c-2aa92b1536dd","method":"POST","route":"/api/rooms/0211/draft-draw","status":200,"elapsedMs":66}
{"type":"worker-request","timestamp":"2026-07-23T13:24:53.922Z","requestId":"eae60ae5-dddc-4c51-a8a5-e95c965a25c2","method":"POST","route":"/api/rooms/0211/draft-draw"}
{"type":"room-alarm","timestamp":"2026-07-23T13:24:53.923Z","roomId":"mw117t"}
{"type":"room-alarm-complete","timestamp":"2026-07-23T13:24:53.923Z","roomId":"mw117t","elapsedMs":0}
{"type":"room-request","timestamp":"2026-07-23T13:24:53.925Z","action":"draft-draw","method":"POST"}
{"type":"room-persist","timestamp":"2026-07-23T13:24:53.926Z","roomId":"mw117t","bytes":1677,"eventCount":0,"releasedMatches":0}
[wrangler:info] POST /api/rooms/0211/draft-draw 200 OK (70ms)
[wrangler:info] POST /api/rooms/0211/draft-draw 200 OK (39ms)
{"type":"room-request-complete","timestamp":"2026-07-23T13:24:53.958Z","action":"draft-draw","status":200,"durationMs":33}
{"type":"worker-request-complete","timestamp":"2026-07-23T13:24:53.958Z","requestId":"eae60ae5-dddc-4c51-a8a5-e95c965a25c2","method":"POST","route":"/api/rooms/0211/draft-draw","status":200,"elapsedMs":36}
{"type":"room-alarm","timestamp":"2026-07-23T13:24:53.979Z","roomId":"mw117t"}
{"type":"room-alarm-complete","timestamp":"2026-07-23T13:24:53.980Z","roomId":"mw117t","elapsedMs":0}
{"type":"worker-request","timestamp":"2026-07-23T13:24:54.009Z","requestId":"d41c0274-16c0-4803-a51e-c7a5925f496e","method":"POST","route":"/api/rooms/0211/draft-draw"}
{"type":"room-request","timestamp":"2026-07-23T13:24:54.010Z","action":"draft-draw","method":"POST"}
{"type":"room-persist","timestamp":"2026-07-23T13:24:54.011Z","roomId":"mw117t","bytes":1785,"eventCount":0,"releasedMatches":0}
{"type":"room-request-complete","timestamp":"2026-07-23T13:24:54.015Z","action":"draft-draw","status":200,"durationMs":5}
{"type":"worker-request-complete","timestamp":"2026-07-23T13:24:54.015Z","requestId":"d41c0274-16c0-4803-a51e-c7a5925f496e","method":"POST","route":"/api/rooms/0211/draft-draw","status":200,"elapsedMs":6}
{"type":"worker-request","timestamp":"2026-07-23T13:24:54.039Z","requestId":"ff033d0b-f903-4c9f-8c5c-b830c04843d5","method":"POST","route":"/api/rooms/0211/draft-draw"}
{"type":"room-request","timestamp":"2026-07-23T13:24:54.040Z","action":"draft-draw","method":"POST"}
[wrangler:info] POST /api/rooms/0211/draft-draw 200 OK (17ms)
{"type":"room-persist","timestamp":"2026-07-23T13:24:54.059Z","roomId":"mw117t","bytes":48466,"eventCount":0,"releasedMatches":0}
{"type":"room-request-complete","timestamp":"2026-07-23T13:24:54.071Z","action":"draft-draw","status":200,"durationMs":31}
{"type":"worker-request-complete","timestamp":"2026-07-23T13:24:54.072Z","requestId":"ff033d0b-f903-4c9f-8c5c-b830c04843d5","method":"POST","route":"/api/rooms/0211/draft-draw","status":200,"elapsedMs":33}
{"type":"worker-request","timestamp":"2026-07-23T13:24:54.085Z","requestId":"6fea71c5-d0a0-4eb3-87f3-3bed4d13129c","method":"GET","route":"/cdn-cgi/ProxyWorker/pause"}
{"type":"worker-request-complete","timestamp":"2026-07-23T13:24:54.086Z","requestId":"6fea71c5-d0a0-4eb3-87f3-3bed4d13129c","method":"GET","route":"/cdn-cgi/ProxyWorker/pause","status":404,"elapsedMs":1}
{"type":"worker-request","timestamp":"2026-07-23T13:24:54.106Z","requestId":"03140a54-ca3b-47ab-a721-694952adb88d","method":"POST","route":"/api/rooms/0211/match-ready"}
{"type":"room-request","timestamp":"2026-07-23T13:24:54.107Z","action":"match-ready","method":"POST"}
[wrangler:info] POST /api/rooms/0211/draft-draw 200 OK (40ms)
{"type":"capacity","timestamp":"2026-07-23T13:24:54.242Z","action":"acquire","durationMs":42,"activeMatches":1,"activeRooms":1,"queueDepth":0}
{"type":"simulation-batch","timestamp":"2026-07-23T13:24:54.258Z","roomId":"mw117t","durationMs":143,"processedMinutes":0,"eventCount":0,"activeMatches":1,"stateVersion":2}
{"type":"room-persist","timestamp":"2026-07-23T13:24:54.259Z","roomId":"mw117t","bytes":55910,"eventCount":0,"releasedMatches":0}
{"type":"room-request-complete","timestamp":"2026-07-23T13:24:54.279Z","action":"match-ready","status":200,"durationMs":172}
{"type":"worker-request-complete","timestamp":"2026-07-23T13:24:54.280Z","requestId":"03140a54-ca3b-47ab-a721-694952adb88d","method":"POST","route":"/api/rooms/0211/match-ready","status":200,"elapsedMs":174}
{"type":"room-alarm","timestamp":"2026-07-23T13:24:54.290Z","roomId":"mw117t"}
{"type":"capacity","timestamp":"2026-07-23T13:24:54.314Z","action":"acquire","durationMs":9,"activeMatches":2,"activeRooms":1,"queueDepth":0}
[wrangler:info] POST /api/rooms/0211/match-ready 200 OK (186ms)
{"type":"simulation-batch","timestamp":"2026-07-23T13:24:54.326Z","roomId":"mw117t","durationMs":35,"processedMinutes":0,"eventCount":0,"activeMatches":2,"stateVersion":3}
{"type":"room-persist","timestamp":"2026-07-23T13:24:54.326Z","roomId":"mw117t","bytes":63206,"eventCount":0,"releasedMatches":0}
{"type":"room-alarm-complete","timestamp":"2026-07-23T13:24:54.385Z","roomId":"mw117t","elapsedMs":95}
{"type":"room-alarm","timestamp":"2026-07-23T13:24:54.386Z","roomId":"mw117t"}
{"type":"capacity","timestamp":"2026-07-23T13:24:54.394Z","action":"acquire","durationMs":0,"activeMatches":3,"activeRooms":1,"queueDepth":0}
{"type":"simulation-batch","timestamp":"2026-07-23T13:24:54.409Z","roomId":"mw117t","durationMs":16,"processedMinutes":0,"eventCount":0,"activeMatches":3,"stateVersion":4}
{"type":"room-persist","timestamp":"2026-07-23T13:24:54.410Z","roomId":"mw117t","bytes":70576,"eventCount":0,"releasedMatches":0}
{"type":"room-alarm-complete","timestamp":"2026-07-23T13:24:54.444Z","roomId":"mw117t","elapsedMs":58}
{"type":"worker-request","timestamp":"2026-07-23T13:24:54.445Z","requestId":"d5fe5243-3177-4ce3-8ab9-7c995d44eb3a","method":"POST","route":"/api/rooms/0211/match-ready"}
{"type":"room-alarm","timestamp":"2026-07-23T13:24:54.446Z","roomId":"mw117t"}
{"type":"room-request","timestamp":"2026-07-23T13:24:54.453Z","action":"match-ready","method":"POST"}
{"type":"capacity","timestamp":"2026-07-23T13:24:54.460Z","action":"acquire","durationMs":6,"activeMatches":4,"activeRooms":1,"queueDepth":0}
{"type":"capacity","timestamp":"2026-07-23T13:24:54.466Z","action":"acquire","durationMs":1,"activeMatches":5,"activeRooms":1,"queueDepth":0}
{"type":"simulation-batch","timestamp":"2026-07-23T13:24:54.469Z","roomId":"mw117t","durationMs":21,"processedMinutes":0,"eventCount":0,"activeMatches":4,"stateVersion":5}
{"type":"room-persist","timestamp":"2026-07-23T13:24:54.469Z","roomId":"mw117t","bytes":77948,"eventCount":0,"releasedMatches":0}
{"type":"room-alarm-complete","timestamp":"2026-07-23T13:24:54.489Z","roomId":"mw117t","elapsedMs":43}
{"type":"simulation-batch","timestamp":"2026-07-23T13:24:54.490Z","roomId":"mw117t","durationMs":35,"processedMinutes":0,"eventCount":0,"activeMatches":4,"stateVersion":5}
{"type":"room-persist","timestamp":"2026-07-23T13:24:54.491Z","roomId":"mw117t","bytes":77920,"eventCount":0,"releasedMatches":0}
{"type":"room-request-complete","timestamp":"2026-07-23T13:24:54.533Z","action":"match-ready","status":200,"durationMs":80}
{"type":"worker-request-complete","timestamp":"2026-07-23T13:24:54.552Z","requestId":"d5fe5243-3177-4ce3-8ab9-7c995d44eb3a","method":"POST","route":"/api/rooms/0211/match-ready","status":200,"elapsedMs":107}
{"type":"room-alarm","timestamp":"2026-07-23T13:24:54.557Z","roomId":"mw117t"}
{"type":"capacity","timestamp":"2026-07-23T13:24:54.571Z","action":"acquire","durationMs":1,"activeMatches":5,"activeRooms":1,"queueDepth":0}
[wrangler:info] POST /api/rooms/0211/match-ready 200 OK (166ms)
{"type":"simulation-batch","timestamp":"2026-07-23T13:24:54.578Z","roomId":"mw117t","durationMs":21,"processedMinutes":0,"eventCount":0,"activeMatches":5,"stateVersion":6}
{"type":"room-persist","timestamp":"2026-07-23T13:24:54.579Z","roomId":"mw117t","bytes":85292,"eventCount":0,"releasedMatches":0}
{"type":"room-alarm-complete","timestamp":"2026-07-23T13:24:54.609Z","roomId":"mw117t","elapsedMs":53}
{"type":"room-alarm","timestamp":"2026-07-23T13:24:54.610Z","roomId":"mw117t"}
{"type":"capacity","timestamp":"2026-07-23T13:24:54.618Z","action":"acquire","durationMs":2,"activeMatches":6,"activeRooms":1,"queueDepth":0}
{"type":"simulation-batch","timestamp":"2026-07-23T13:24:54.635Z","roomId":"mw117t","durationMs":25,"processedMinutes":0,"eventCount":0,"activeMatches":6,"stateVersion":7}
{"type":"room-persist","timestamp":"2026-07-23T13:24:54.635Z","roomId":"mw117t","bytes":92655,"eventCount":0,"releasedMatches":0}
{"type":"room-alarm-complete","timestamp":"2026-07-23T13:24:54.660Z","roomId":"mw117t","elapsedMs":50}
{"type":"worker-request","timestamp":"2026-07-23T13:24:54.662Z","requestId":"44a2daf3-e1bc-497c-b264-b916eb00d967","method":"POST","route":"/api/rooms/0211/match-ready"}
{"type":"room-alarm","timestamp":"2026-07-23T13:24:54.671Z","roomId":"mw117t"}
{"type":"room-request","timestamp":"2026-07-23T13:24:54.679Z","action":"match-ready","method":"POST"}
{"type":"capacity","timestamp":"2026-07-23T13:24:54.689Z","action":"acquire","durationMs":9,"activeMatches":7,"activeRooms":1,"queueDepth":0}
{"type":"capacity","timestamp":"2026-07-23T13:24:54.700Z","action":"acquire","durationMs":1,"activeMatches":8,"activeRooms":1,"queueDepth":0}
{"type":"simulation-batch","timestamp":"2026-07-23T13:24:54.702Z","roomId":"mw117t","durationMs":31,"processedMinutes":0,"eventCount":0,"activeMatches":7,"stateVersion":8}
{"type":"room-persist","timestamp":"2026-07-23T13:24:54.703Z","roomId":"mw117t","bytes":99998,"eventCount":0,"releasedMatches":0}
{"type":"room-alarm-complete","timestamp":"2026-07-23T13:24:54.758Z","roomId":"mw117t","elapsedMs":88}
{"type":"simulation-batch","timestamp":"2026-07-23T13:24:54.760Z","roomId":"mw117t","durationMs":80,"processedMinutes":0,"eventCount":0,"activeMatches":7,"stateVersion":8}
{"type":"room-persist","timestamp":"2026-07-23T13:24:54.771Z","roomId":"mw117t","bytes":99971,"eventCount":0,"releasedMatches":0}
[wrangler:info] POST /api/rooms/0211/match-ready 200 OK (223ms)
{"type":"room-request-complete","timestamp":"2026-07-23T13:24:54.824Z","action":"match-ready","status":200,"durationMs":145}
{"type":"worker-request-complete","timestamp":"2026-07-23T13:24:54.832Z","requestId":"44a2daf3-e1bc-497c-b264-b916eb00d967","method":"POST","route":"/api/rooms/0211/match-ready","status":200,"elapsedMs":170}
{"type":"room-alarm","timestamp":"2026-07-23T13:24:54.843Z","roomId":"mw117t"}
{"type":"capacity","timestamp":"2026-07-23T13:24:54.850Z","action":"acquire","durationMs":1,"activeMatches":8,"activeRooms":1,"queueDepth":0}
{"type":"capacity","timestamp":"2026-07-23T13:24:54.857Z","action":"acquire","durationMs":0,"activeMatches":9,"activeRooms":1,"queueDepth":0}
{"type":"simulation-batch","timestamp":"2026-07-23T13:24:54.859Z","roomId":"mw117t","durationMs":16,"processedMinutes":1,"eventCount":0,"activeMatches":9,"stateVersion":9}
{"type":"room-persist","timestamp":"2026-07-23T13:24:54.860Z","roomId":"mw117t","bytes":114664,"eventCount":0,"releasedMatches":0}
{"type":"room-alarm-complete","timestamp":"2026-07-23T13:24:54.873Z","roomId":"mw117t","elapsedMs":39}
{"type":"worker-request","timestamp":"2026-07-23T13:24:54.876Z","requestId":"8983de7a-5140-41f1-9328-3a1190ba8d24","method":"POST","route":"/api/rooms/0211/match-ready"}
{"type":"room-request","timestamp":"2026-07-23T13:24:54.877Z","action":"match-ready","method":"POST"}
{"type":"capacity","timestamp":"2026-07-23T13:24:54.881Z","action":"acquire","durationMs":2,"activeMatches":10,"activeRooms":1,"queueDepth":0}
{"type":"simulation-batch","timestamp":"2026-07-23T13:24:54.895Z","roomId":"mw117t","durationMs":16,"processedMinutes":0,"eventCount":0,"activeMatches":10,"stateVersion":10}
{"type":"room-persist","timestamp":"2026-07-23T13:24:54.896Z","roomId":"mw117t","bytes":122154,"eventCount":0,"releasedMatches":0}
{"type":"room-request-complete","timestamp":"2026-07-23T13:24:54.915Z","action":"match-ready","status":200,"durationMs":38}
{"type":"worker-request-complete","timestamp":"2026-07-23T13:24:54.916Z","requestId":"8983de7a-5140-41f1-9328-3a1190ba8d24","method":"POST","route":"/api/rooms/0211/match-ready","status":200,"elapsedMs":40}
[wrangler:info] POST /api/rooms/0211/match-ready 200 OK (47ms)
{"type":"worker-request","timestamp":"2026-07-23T13:24:54.926Z","requestId":"d25d9152-9986-4fbf-8459-40499c9441c4","method":"POST","route":"/api/rooms/0211/match-ready"}
{"type":"room-request","timestamp":"2026-07-23T13:24:54.927Z","action":"match-ready","method":"POST"}
{"type":"capacity","timestamp":"2026-07-23T13:24:54.929Z","action":"acquire","durationMs":0,"activeMatches":11,"activeRooms":1,"queueDepth":0}
{"type":"simulation-batch","timestamp":"2026-07-23T13:24:54.945Z","roomId":"mw117t","durationMs":17,"processedMinutes":0,"eventCount":0,"activeMatches":11,"stateVersion":11}
{"type":"room-persist","timestamp":"2026-07-23T13:24:54.945Z","roomId":"mw117t","bytes":129652,"eventCount":0,"releasedMatches":0}
{"type":"room-request-complete","timestamp":"2026-07-23T13:24:54.994Z","action":"match-ready","status":200,"durationMs":67}
{"type":"worker-request-complete","timestamp":"2026-07-23T13:24:54.994Z","requestId":"d25d9152-9986-4fbf-8459-40499c9441c4","method":"POST","route":"/api/rooms/0211/match-ready","status":200,"elapsedMs":68}
{"type":"room-alarm","timestamp":"2026-07-23T13:24:55.009Z","roomId":"mw117t"}
{"type":"capacity","timestamp":"2026-07-23T13:24:55.010Z","action":"acquire","durationMs":0,"activeMatches":12,"activeRooms":1,"queueDepth":0}
{"type":"simulation-batch","timestamp":"2026-07-23T13:24:55.038Z","roomId":"mw117t","durationMs":29,"processedMinutes":1,"eventCount":0,"activeMatches":12,"stateVersion":12}
{"type":"room-persist","timestamp":"2026-07-23T13:24:55.039Z","roomId":"mw117t","bytes":137005,"eventCount":0,"releasedMatches":0}
[wrangler:info] POST /api/rooms/0211/match-ready 200 OK (71ms)
{"type":"room-alarm-complete","timestamp":"2026-07-23T13:24:55.066Z","roomId":"mw117t","elapsedMs":71}
{"type":"room-alarm","timestamp":"2026-07-23T13:24:55.077Z","roomId":"mw117t"}
{"type":"capacity","timestamp":"2026-07-23T13:24:55.083Z","action":"acquire","durationMs":1,"activeMatches":13,"activeRooms":1,"queueDepth":0}
{"type":"simulation-batch","timestamp":"2026-07-23T13:24:55.093Z","roomId":"mw117t","durationMs":16,"processedMinutes":1,"eventCount":0,"activeMatches":13,"stateVersion":13}
{"type":"room-persist","timestamp":"2026-07-23T13:24:55.094Z","roomId":"mw117t","bytes":144294,"eventCount":0,"releasedMatches":0}
{"type":"room-alarm-complete","timestamp":"2026-07-23T13:24:55.110Z","roomId":"mw117t","elapsedMs":44}
{"type":"worker-request","timestamp":"2026-07-23T13:24:55.119Z","requestId":"a6f8075a-d700-4da7-bc0d-5667a9d3274d","method":"POST","route":"/api/rooms/0211/match-ready"}
{"type":"room-request","timestamp":"2026-07-23T13:24:55.125Z","action":"match-ready","method":"POST"}
{"type":"capacity","timestamp":"2026-07-23T13:24:55.136Z","action":"acquire","durationMs":1,"activeMatches":14,"activeRooms":1,"queueDepth":0}
{"type":"simulation-batch","timestamp":"2026-07-23T13:24:55.149Z","roomId":"mw117t","durationMs":21,"processedMinutes":1,"eventCount":0,"activeMatches":14,"stateVersion":14}
{"type":"room-persist","timestamp":"2026-07-23T13:24:55.149Z","roomId":"mw117t","bytes":151705,"eventCount":0,"releasedMatches":0}
{"type":"room-request-complete","timestamp":"2026-07-23T13:24:55.195Z","action":"match-ready","status":200,"durationMs":70}
{"type":"worker-request-complete","timestamp":"2026-07-23T13:24:55.205Z","requestId":"a6f8075a-d700-4da7-bc0d-5667a9d3274d","method":"POST","route":"/api/rooms/0211/match-ready","status":200,"elapsedMs":86}
[wrangler:info] POST /api/rooms/0211/match-ready 200 OK (136ms)
{"type":"room-alarm","timestamp":"2026-07-23T13:24:55.208Z","roomId":"mw117t"}
{"type":"capacity","timestamp":"2026-07-23T13:24:55.219Z","action":"acquire","durationMs":1,"activeMatches":15,"activeRooms":1,"queueDepth":0}
{"type":"simulation-batch","timestamp":"2026-07-23T13:24:55.239Z","roomId":"mw117t","durationMs":24,"processedMinutes":0,"eventCount":0,"activeMatches":15,"stateVersion":15}
{"type":"room-persist","timestamp":"2026-07-23T13:24:55.240Z","roomId":"mw117t","bytes":159102,"eventCount":0,"releasedMatches":0}
{"type":"room-alarm-complete","timestamp":"2026-07-23T13:24:55.281Z","roomId":"mw117t","elapsedMs":74}
{"type":"room-alarm","timestamp":"2026-07-23T13:24:55.291Z","roomId":"mw117t"}
{"type":"capacity","timestamp":"2026-07-23T13:24:55.292Z","action":"acquire","durationMs":0,"activeMatches":16,"activeRooms":1,"queueDepth":0}
{"type":"simulation-batch","timestamp":"2026-07-23T13:24:55.330Z","roomId":"mw117t","durationMs":39,"processedMinutes":2,"eventCount":0,"activeMatches":16,"stateVersion":16}
{"type":"room-persist","timestamp":"2026-07-23T13:24:55.331Z","roomId":"mw117t","bytes":166488,"eventCount":0,"releasedMatches":0}
{"type":"room-alarm-complete","timestamp":"2026-07-23T13:24:55.349Z","roomId":"mw117t","elapsedMs":68}
{"type":"worker-request","timestamp":"2026-07-23T13:24:55.350Z","requestId":"d5bbbe65-33ff-4a63-b41f-7bec6761d7fd","method":"POST","route":"/api/rooms/0211/match-ready"}
{"type":"room-alarm","timestamp":"2026-07-23T13:24:55.365Z","roomId":"mw117t"}
{"type":"room-request","timestamp":"2026-07-23T13:24:55.372Z","action":"match-ready","method":"POST"}
{"type":"capacity","timestamp":"2026-07-23T13:24:55.380Z","action":"acquire","durationMs":1,"activeMatches":17,"activeRooms":1,"queueDepth":0}
{"type":"capacity","timestamp":"2026-07-23T13:24:55.382Z","action":"acquire","durationMs":0,"activeMatches":18,"activeRooms":1,"queueDepth":0}
{"type":"simulation-batch","timestamp":"2026-07-23T13:24:55.384Z","roomId":"mw117t","durationMs":19,"processedMinutes":1,"eventCount":0,"activeMatches":17,"stateVersion":17}
{"type":"room-persist","timestamp":"2026-07-23T13:24:55.385Z","roomId":"mw117t","bytes":173866,"eventCount":0,"releasedMatches":0}
[wrangler:info] POST /api/rooms/0211/match-ready 200 OK (197ms)
{"type":"room-alarm-complete","timestamp":"2026-07-23T13:24:55.413Z","roomId":"mw117t","elapsedMs":50}
{"type":"simulation-batch","timestamp":"2026-07-23T13:24:55.414Z","roomId":"mw117t","durationMs":34,"processedMinutes":1,"eventCount":0,"activeMatches":17,"stateVersion":17}
{"type":"room-persist","timestamp":"2026-07-23T13:24:55.415Z","roomId":"mw117t","bytes":173875,"eventCount":0,"releasedMatches":0}
{"type":"room-request-complete","timestamp":"2026-07-23T13:24:55.461Z","action":"match-ready","status":200,"durationMs":89}
{"type":"worker-request-complete","timestamp":"2026-07-23T13:24:55.476Z","requestId":"d5bbbe65-33ff-4a63-b41f-7bec6761d7fd","method":"POST","route":"/api/rooms/0211/match-ready","status":200,"elapsedMs":126}
{"type":"room-alarm","timestamp":"2026-07-23T13:24:55.487Z","roomId":"mw117t"}
{"type":"capacity","timestamp":"2026-07-23T13:24:55.499Z","action":"acquire","durationMs":1,"activeMatches":18,"activeRooms":1,"queueDepth":0}
{"type":"simulation-batch","timestamp":"2026-07-23T13:24:55.510Z","roomId":"mw117t","durationMs":23,"processedMinutes":1,"eventCount":0,"activeMatches":18,"stateVersion":18}
{"type":"room-persist","timestamp":"2026-07-23T13:24:55.510Z","roomId":"mw117t","bytes":181224,"eventCount":0,"releasedMatches":0}
{"type":"room-alarm-complete","timestamp":"2026-07-23T13:24:55.531Z","roomId":"mw117t","elapsedMs":53}
{"type":"worker-request","timestamp":"2026-07-23T13:24:55.537Z","requestId":"58db6637-032d-45ff-a047-65a5dcbe290c","method":"POST","route":"/api/rooms/0211/match-ready"}
{"type":"room-request","timestamp":"2026-07-23T13:24:55.539Z","action":"match-ready","method":"POST"}
{"type":"capacity","timestamp":"2026-07-23T13:24:55.556Z","action":"acquire","durationMs":2,"activeMatches":19,"activeRooms":1,"queueDepth":0}
{"type":"simulation-batch","timestamp":"2026-07-23T13:24:55.601Z","roomId":"mw117t","durationMs":54,"processedMinutes":3,"eventCount":0,"activeMatches":19,"stateVersion":19}
{"type":"room-persist","timestamp":"2026-07-23T13:24:55.602Z","roomId":"mw117t","bytes":188656,"eventCount":0,"releasedMatches":0}
{"type":"room-request-complete","timestamp":"2026-07-23T13:24:55.646Z","action":"match-ready","status":200,"durationMs":107}
{"type":"worker-request-complete","timestamp":"2026-07-23T13:24:55.650Z","requestId":"58db6637-032d-45ff-a047-65a5dcbe290c","method":"POST","route":"/api/rooms/0211/match-ready","status":200,"elapsedMs":113}
NOSENTRY SQLite alarm overdue, running despite AlarmManager mismatch; scheduledTime = 1784813095.537s; localAlarmTime = 1784813095.612s; currentTime = 1784813095.6519356s; actorId = 2d82993e07d6c081c49de49da36490587f9a32e4d07c7294754eb40ab44868ca
[wrangler:info] POST /api/rooms/0211/match-ready 200 OK (119ms)
{"type":"room-alarm","timestamp":"2026-07-23T13:24:55.656Z","roomId":"mw117t"}
{"type":"capacity","timestamp":"2026-07-23T13:24:55.658Z","action":"acquire","durationMs":0,"activeMatches":20,"activeRooms":1,"queueDepth":0}
{"type":"capacity","timestamp":"2026-07-23T13:24:55.669Z","action":"acquire","durationMs":1,"activeMatches":21,"activeRooms":1,"queueDepth":0}
{"type":"simulation-batch","timestamp":"2026-07-23T13:24:55.678Z","roomId":"mw117t","durationMs":21,"processedMinutes":2,"eventCount":0,"activeMatches":21,"stateVersion":20}
{"type":"room-persist","timestamp":"2026-07-23T13:24:55.679Z","roomId":"mw117t","bytes":203564,"eventCount":0,"releasedMatches":0}
{"type":"room-alarm-complete","timestamp":"2026-07-23T13:24:55.697Z","roomId":"mw117t","elapsedMs":45}
{"type":"worker-request","timestamp":"2026-07-23T13:24:55.703Z","requestId":"98bb2e1c-cdbc-4f63-95eb-1f3fde0bdbd7","method":"POST","route":"/api/rooms/0211/match-ready"}
{"type":"room-request","timestamp":"2026-07-23T13:24:55.705Z","action":"match-ready","method":"POST"}
{"type":"capacity","timestamp":"2026-07-23T13:24:55.719Z","action":"acquire","durationMs":1,"activeMatches":22,"activeRooms":1,"queueDepth":0}
{"type":"capacity","timestamp":"2026-07-23T13:24:55.724Z","action":"acquire","durationMs":0,"activeMatches":23,"activeRooms":1,"queueDepth":0}
{"type":"capacity","timestamp":"2026-07-23T13:24:55.726Z","action":"acquire","durationMs":0,"activeMatches":24,"activeRooms":1,"queueDepth":0}
{"type":"simulation-batch","timestamp":"2026-07-23T13:24:55.728Z","roomId":"mw117t","durationMs":16,"processedMinutes":1,"eventCount":1,"activeMatches":24,"stateVersion":21}
{"type":"room-persist","timestamp":"2026-07-23T13:24:55.728Z","roomId":"mw117t","bytes":225580,"eventCount":1,"releasedMatches":0}
{"type":"room-request-complete","timestamp":"2026-07-23T13:24:55.781Z","action":"match-ready","status":200,"durationMs":76}
[wrangler:info] POST /api/rooms/0211/match-ready 200 OK (87ms)
{"type":"worker-request-complete","timestamp":"2026-07-23T13:24:55.785Z","requestId":"98bb2e1c-cdbc-4f63-95eb-1f3fde0bdbd7","method":"POST","route":"/api/rooms/0211/match-ready","status":200,"elapsedMs":82}
{"type":"room-alarm","timestamp":"2026-07-23T13:24:55.795Z","roomId":"mw117t"}
{"type":"capacity","timestamp":"2026-07-23T13:24:55.804Z","action":"acquire","durationMs":8,"activeMatches":25,"activeRooms":1,"queueDepth":0}
{"type":"simulation-batch","timestamp":"2026-07-23T13:24:55.826Z","roomId":"mw117t","durationMs":31,"processedMinutes":4,"eventCount":1,"activeMatches":25,"stateVersion":22}
{"type":"room-persist","timestamp":"2026-07-23T13:24:55.827Z","roomId":"mw117t","bytes":232924,"eventCount":1,"releasedMatches":0}
{"type":"room-alarm-complete","timestamp":"2026-07-23T13:24:55.876Z","roomId":"mw117t","elapsedMs":86}
{"type":"room-alarm","timestamp":"2026-07-23T13:24:55.878Z","roomId":"mw117t"}
{"type":"simulation-batch","timestamp":"2026-07-23T13:24:55.897Z","roomId":"mw117t","durationMs":19,"processedMinutes":0,"eventCount":0,"activeMatches":25,"stateVersion":23}
{"type":"room-alarm-complete","timestamp":"2026-07-23T13:24:55.898Z","roomId":"mw117t","elapsedMs":21}
{"type":"worker-request","timestamp":"2026-07-23T13:24:55.943Z","requestId":"38cf44ca-8d2e-44ce-9c83-d251c92ee533","method":"POST","route":"/api/rooms/0211/match-ready"}
{"type":"room-alarm","timestamp":"2026-07-23T13:24:55.953Z","roomId":"mw117t"}
{"type":"capacity","timestamp":"2026-07-23T13:24:55.965Z","action":"acquire","durationMs":10,"activeMatches":26,"activeRooms":1,"queueDepth":0}
{"type":"worker-request","timestamp":"2026-07-23T13:24:55.965Z","requestId":"a136e2a7-0a33-4cec-86ca-e565cc1cc9e3","method":"GET","route":"/cdn-cgi/ProxyWorker/play"}
{"type":"worker-request-complete","timestamp":"2026-07-23T13:24:55.978Z","requestId":"a136e2a7-0a33-4cec-86ca-e565cc1cc9e3","method":"GET","route":"/cdn-cgi/ProxyWorker/play","status":404,"elapsedMs":13}
{"type":"simulation-batch","timestamp":"2026-07-23T13:24:55.979Z","roomId":"mw117t","durationMs":26,"processedMinutes":3,"eventCount":0,"activeMatches":26,"stateVersion":23}
{"type":"room-persist","timestamp":"2026-07-23T13:24:55.984Z","roomId":"mw117t","bytes":240223,"eventCount":0,"releasedMatches":0}
{"type":"room-alarm-complete","timestamp":"2026-07-23T13:24:56.011Z","roomId":"mw117t","elapsedMs":67}
{"type":"room-request","timestamp":"2026-07-23T13:24:56.012Z","action":"match-ready","method":"POST"}
{"type":"capacity","timestamp":"2026-07-23T13:24:56.028Z","action":"acquire","durationMs":4,"activeMatches":27,"activeRooms":1,"queueDepth":0}
{"type":"simulation-batch","timestamp":"2026-07-23T13:24:56.036Z","roomId":"mw117t","durationMs":16,"processedMinutes":2,"eventCount":0,"activeMatches":27,"stateVersion":24}
{"type":"room-persist","timestamp":"2026-07-23T13:24:56.037Z","roomId":"mw117t","bytes":247588,"eventCount":0,"releasedMatches":0}
{"type":"room-request-complete","timestamp":"2026-07-23T13:24:56.156Z","action":"match-ready","status":200,"durationMs":144}
{"type":"worker-request-complete","timestamp":"2026-07-23T13:24:56.157Z","requestId":"38cf44ca-8d2e-44ce-9c83-d251c92ee533","method":"POST","route":"/api/rooms/0211/match-ready","status":200,"elapsedMs":214}
{"type":"room-alarm","timestamp":"2026-07-23T13:24:56.166Z","roomId":"mw117t"}
{"type":"capacity","timestamp":"2026-07-23T13:24:56.178Z","action":"acquire","durationMs":1,"activeMatches":28,"activeRooms":1,"queueDepth":0}
{"type":"simulation-batch","timestamp":"2026-07-23T13:24:56.187Z","roomId":"mw117t","durationMs":21,"processedMinutes":3,"eventCount":0,"activeMatches":28,"stateVersion":25}
{"type":"room-persist","timestamp":"2026-07-23T13:24:56.188Z","roomId":"mw117t","bytes":254910,"eventCount":0,"releasedMatches":0}
{"type":"room-alarm-complete","timestamp":"2026-07-23T13:24:56.210Z","roomId":"mw117t","elapsedMs":52}
{"type":"room-alarm","timestamp":"2026-07-23T13:24:56.235Z","roomId":"mw117t"}
{"type":"capacity","timestamp":"2026-07-23T13:24:56.242Z","action":"acquire","durationMs":6,"activeMatches":29,"activeRooms":1,"queueDepth":0}
{"type":"capacity","timestamp":"2026-07-23T13:24:56.248Z","action":"acquire","durationMs":1,"activeMatches":30,"activeRooms":1,"queueDepth":0}
{"type":"simulation-batch","timestamp":"2026-07-23T13:24:56.263Z","roomId":"mw117t","durationMs":28,"processedMinutes":4,"eventCount":0,"activeMatches":30,"stateVersion":26}
{"type":"room-persist","timestamp":"2026-07-23T13:24:56.264Z","roomId":"mw117t","bytes":269649,"eventCount":0,"releasedMatches":0}
{"type":"room-alarm-complete","timestamp":"2026-07-23T13:24:56.277Z","roomId":"mw117t","elapsedMs":52}
{"type":"room-alarm","timestamp":"2026-07-23T13:24:56.288Z","roomId":"mw117t"}
{"type":"capacity","timestamp":"2026-07-23T13:24:56.299Z","action":"acquire","durationMs":3,"activeMatches":31,"activeRooms":1,"queueDepth":0}
{"type":"simulation-batch","timestamp":"2026-07-23T13:24:56.312Z","roomId":"mw117t","durationMs":24,"processedMinutes":1,"eventCount":0,"activeMatches":31,"stateVersion":27}
{"type":"room-persist","timestamp":"2026-07-23T13:24:56.314Z","roomId":"mw117t","bytes":277018,"eventCount":0,"releasedMatches":0}
{"type":"room-alarm-complete","timestamp":"2026-07-23T13:24:56.351Z","roomId":"mw117t","elapsedMs":65}
{"type":"room-alarm","timestamp":"2026-07-23T13:24:56.353Z","roomId":"mw117t"}
{"type":"capacity","timestamp":"2026-07-23T13:24:56.362Z","action":"acquire","durationMs":2,"activeMatches":32,"activeRooms":1,"queueDepth":0}
{"type":"simulation-batch","timestamp":"2026-07-23T13:24:56.387Z","roomId":"mw117t","durationMs":34,"processedMinutes":4,"eventCount":0,"activeMatches":32,"stateVersion":28}
{"type":"room-persist","timestamp":"2026-07-23T13:24:56.388Z","roomId":"mw117t","bytes":284382,"eventCount":0,"releasedMatches":0}
{"type":"room-alarm-complete","timestamp":"2026-07-23T13:24:56.416Z","roomId":"mw117t","elapsedMs":65}
{"type":"room-alarm","timestamp":"2026-07-23T13:24:56.426Z","roomId":"mw117t"}
{"type":"capacity","timestamp":"2026-07-23T13:24:56.427Z","action":"acquire","durationMs":0,"activeMatches":33,"activeRooms":1,"queueDepth":0}
{"type":"simulation-batch","timestamp":"2026-07-23T13:24:56.461Z","roomId":"mw117t","durationMs":35,"processedMinutes":5,"eventCount":0,"activeMatches":33,"stateVersion":29}
{"type":"room-persist","timestamp":"2026-07-23T13:24:56.463Z","roomId":"mw117t","bytes":291797,"eventCount":0,"releasedMatches":0}
{"type":"room-alarm-complete","timestamp":"2026-07-23T13:24:56.500Z","roomId":"mw117t","elapsedMs":84}
{"type":"room-alarm","timestamp":"2026-07-23T13:24:56.508Z","roomId":"mw117t"}
{"type":"capacity","timestamp":"2026-07-23T13:24:56.509Z","action":"acquire","durationMs":1,"activeMatches":34,"activeRooms":1,"queueDepth":0}
{"type":"simulation-batch","timestamp":"2026-07-23T13:24:56.575Z","roomId":"mw117t","durationMs":67,"processedMinutes":3,"eventCount":0,"activeMatches":34,"stateVersion":30}
{"type":"room-persist","timestamp":"2026-07-23T13:24:56.576Z","roomId":"mw117t","bytes":299138,"eventCount":0,"releasedMatches":0}
[wrangler:info] POST /api/rooms/0211/match-ready 200 OK (697ms)
{"type":"room-alarm-complete","timestamp":"2026-07-23T13:24:56.615Z","roomId":"mw117t","elapsedMs":114}
{"type":"room-alarm","timestamp":"2026-07-23T13:24:56.622Z","roomId":"mw117t"}
{"type":"capacity","timestamp":"2026-07-23T13:24:56.630Z","action":"acquire","durationMs":6,"activeMatches":35,"activeRooms":1,"queueDepth":0}
{"type":"capacity","timestamp":"2026-07-23T13:24:56.637Z","action":"acquire","durationMs":1,"activeMatches":36,"activeRooms":1,"queueDepth":0}
{"type":"simulation-batch","timestamp":"2026-07-23T13:24:56.639Z","roomId":"mw117t","durationMs":17,"processedMinutes":4,"eventCount":0,"activeMatches":36,"stateVersion":31}
{"type":"room-persist","timestamp":"2026-07-23T13:24:56.641Z","roomId":"mw117t","bytes":313853,"eventCount":0,"releasedMatches":0}
{"type":"room-alarm-complete","timestamp":"2026-07-23T13:24:56.683Z","roomId":"mw117t","elapsedMs":67}
{"type":"room-alarm","timestamp":"2026-07-23T13:24:56.695Z","roomId":"mw117t"}
{"type":"capacity","timestamp":"2026-07-23T13:24:56.696Z","action":"acquire","durationMs":1,"activeMatches":37,"activeRooms":1,"queueDepth":0}
{"type":"simulation-batch","timestamp":"2026-07-23T13:24:56.713Z","roomId":"mw117t","durationMs":18,"processedMinutes":3,"eventCount":0,"activeMatches":37,"stateVersion":32}
{"type":"room-persist","timestamp":"2026-07-23T13:24:56.714Z","roomId":"mw117t","bytes":321252,"eventCount":0,"releasedMatches":0}
{"type":"room-alarm-complete","timestamp":"2026-07-23T13:24:56.733Z","roomId":"mw117t","elapsedMs":49}
{"type":"room-alarm","timestamp":"2026-07-23T13:24:56.771Z","roomId":"mw117t"}
{"type":"capacity","timestamp":"2026-07-23T13:24:56.775Z","action":"acquire","durationMs":0,"activeMatches":38,"activeRooms":1,"queueDepth":0}
{"type":"capacity","timestamp":"2026-07-23T13:24:56.783Z","action":"acquire","durationMs":0,"activeMatches":39,"activeRooms":1,"queueDepth":0}
{"type":"simulation-batch","timestamp":"2026-07-23T13:24:56.800Z","roomId":"mw117t","durationMs":26,"processedMinutes":1,"eventCount":0,"activeMatches":39,"stateVersion":33}
{"type":"room-persist","timestamp":"2026-07-23T13:24:56.802Z","roomId":"mw117t","bytes":335983,"eventCount":0,"releasedMatches":0}
{"type":"room-alarm-complete","timestamp":"2026-07-23T13:24:56.821Z","roomId":"mw117t","elapsedMs":58}
{"type":"room-alarm","timestamp":"2026-07-23T13:24:56.836Z","roomId":"mw117t"}
{"type":"capacity","timestamp":"2026-07-23T13:24:56.838Z","action":"acquire","durationMs":1,"activeMatches":40,"activeRooms":1,"queueDepth":0}
{"type":"capacity","timestamp":"2026-07-23T13:24:56.843Z","action":"acquire","durationMs":0,"activeMatches":41,"activeRooms":1,"queueDepth":0}
{"type":"simulation-batch","timestamp":"2026-07-23T13:24:56.858Z","roomId":"mw117t","durationMs":21,"processedMinutes":3,"eventCount":0,"activeMatches":41,"stateVersion":34}
{"type":"room-persist","timestamp":"2026-07-23T13:24:56.861Z","roomId":"mw117t","bytes":350769,"eventCount":0,"releasedMatches":0}
{"type":"room-alarm-complete","timestamp":"2026-07-23T13:24:56.880Z","roomId":"mw117t","elapsedMs":53}
{"type":"room-alarm","timestamp":"2026-07-23T13:24:56.899Z","roomId":"mw117t"}
{"type":"capacity","timestamp":"2026-07-23T13:24:56.905Z","action":"acquire","durationMs":2,"activeMatches":42,"activeRooms":1,"queueDepth":0}
{"type":"capacity","timestamp":"2026-07-23T13:24:56.911Z","action":"acquire","durationMs":1,"activeMatches":43,"activeRooms":1,"queueDepth":0}
{"type":"capacity","timestamp":"2026-07-23T13:24:56.912Z","action":"acquire","durationMs":0,"activeMatches":44,"activeRooms":1,"queueDepth":0}
{"type":"simulation-batch","timestamp":"2026-07-23T13:24:56.929Z","roomId":"mw117t","durationMs":30,"processedMinutes":4,"eventCount":0,"activeMatches":44,"stateVersion":35}
{"type":"room-persist","timestamp":"2026-07-23T13:24:56.945Z","roomId":"mw117t","bytes":372784,"eventCount":0,"releasedMatches":0}
{"type":"room-alarm-complete","timestamp":"2026-07-23T13:24:57.011Z","roomId":"mw117t","elapsedMs":122}
{"type":"room-alarm","timestamp":"2026-07-23T13:24:57.025Z","roomId":"mw117t"}
{"type":"capacity","timestamp":"2026-07-23T13:24:57.039Z","action":"acquire","durationMs":13,"activeMatches":45,"activeRooms":1,"queueDepth":0}
{"type":"simulation-batch","timestamp":"2026-07-23T13:24:57.079Z","roomId":"mw117t","durationMs":53,"processedMinutes":9,"eventCount":0,"activeMatches":45,"stateVersion":36}
{"type":"room-persist","timestamp":"2026-07-23T13:24:57.080Z","roomId":"mw117t","bytes":380337,"eventCount":0,"releasedMatches":0}
{"type":"room-alarm-complete","timestamp":"2026-07-23T13:24:57.131Z","roomId":"mw117t","elapsedMs":119}
{"type":"room-alarm","timestamp":"2026-07-23T13:24:57.139Z","roomId":"mw117t"}
{"type":"capacity","timestamp":"2026-07-23T13:24:57.143Z","action":"acquire","durationMs":1,"activeMatches":46,"activeRooms":1,"queueDepth":0}
{"type":"simulation-batch","timestamp":"2026-07-23T13:24:57.207Z","roomId":"mw117t","durationMs":68,"processedMinutes":9,"eventCount":1,"activeMatches":46,"stateVersion":37}
{"type":"room-persist","timestamp":"2026-07-23T13:24:57.208Z","roomId":"mw117t","bytes":387728,"eventCount":1,"releasedMatches":0}
{"type":"room-alarm-complete","timestamp":"2026-07-23T13:24:57.263Z","roomId":"mw117t","elapsedMs":131}
{"type":"room-alarm","timestamp":"2026-07-23T13:24:57.272Z","roomId":"mw117t"}
{"type":"simulation-batch","timestamp":"2026-07-23T13:24:57.292Z","roomId":"mw117t","durationMs":20,"processedMinutes":3,"eventCount":1,"activeMatches":46,"stateVersion":38}
{"type":"room-persist","timestamp":"2026-07-23T13:24:57.293Z","roomId":"mw117t","bytes":387759,"eventCount":1,"releasedMatches":0}
{"type":"room-alarm-complete","timestamp":"2026-07-23T13:24:57.388Z","roomId":"mw117t","elapsedMs":125}
{"type":"room-alarm","timestamp":"2026-07-23T13:24:57.393Z","roomId":"mw117t"}
{"type":"capacity","timestamp":"2026-07-23T13:24:57.401Z","action":"acquire","durationMs":0,"activeMatches":47,"activeRooms":1,"queueDepth":0}
{"type":"simulation-batch","timestamp":"2026-07-23T13:24:57.431Z","roomId":"mw117t","durationMs":37,"processedMinutes":9,"eventCount":2,"activeMatches":47,"stateVersion":39}
{"type":"room-persist","timestamp":"2026-07-23T13:24:57.437Z","roomId":"mw117t","bytes":395223,"eventCount":2,"releasedMatches":0}
{"type":"room-alarm-complete","timestamp":"2026-07-23T13:24:57.472Z","roomId":"mw117t","elapsedMs":84}
{"type":"room-alarm","timestamp":"2026-07-23T13:24:57.482Z","roomId":"mw117t"}
{"type":"capacity","timestamp":"2026-07-23T13:24:57.491Z","action":"acquire","durationMs":8,"activeMatches":48,"activeRooms":1,"queueDepth":0}
{"type":"simulation-batch","timestamp":"2026-07-23T13:24:57.527Z","roomId":"mw117t","durationMs":44,"processedMinutes":3,"eventCount":0,"activeMatches":48,"stateVersion":40}
{"type":"room-persist","timestamp":"2026-07-23T13:24:57.529Z","roomId":"mw117t","bytes":402570,"eventCount":0,"releasedMatches":0}
{"type":"room-alarm-complete","timestamp":"2026-07-23T13:24:57.553Z","roomId":"mw117t","elapsedMs":81}
{"type":"room-alarm","timestamp":"2026-07-23T13:24:57.564Z","roomId":"mw117t"}
{"type":"capacity","timestamp":"2026-07-23T13:24:57.571Z","action":"acquire","durationMs":1,"activeMatches":49,"activeRooms":1,"queueDepth":0}
{"type":"simulation-batch","timestamp":"2026-07-23T13:24:57.625Z","roomId":"mw117t","durationMs":61,"processedMinutes":8,"eventCount":0,"activeMatches":49,"stateVersion":41}
{"type":"room-persist","timestamp":"2026-07-23T13:24:57.631Z","roomId":"mw117t","bytes":410034,"eventCount":0,"releasedMatches":0}
{"type":"room-alarm-complete","timestamp":"2026-07-23T13:24:57.657Z","roomId":"mw117t","elapsedMs":103}
{"type":"worker-request","timestamp":"2026-07-23T13:24:57.662Z","requestId":"2f032b8f-0c7b-49d7-b9db-46fdd943f1c0","method":"GET","route":"/api/rooms/0211"}
{"type":"room-request","timestamp":"2026-07-23T13:24:57.663Z","action":"status","method":"GET"}
{"type":"capacity","timestamp":"2026-07-23T13:24:57.679Z","action":"acquire","durationMs":2,"activeMatches":50,"activeRooms":1,"queueDepth":0}
{"type":"simulation-batch","timestamp":"2026-07-23T13:24:57.725Z","roomId":"mw117t","durationMs":49,"processedMinutes":10,"eventCount":1,"activeMatches":50,"stateVersion":42}
{"type":"room-persist","timestamp":"2026-07-23T13:24:57.727Z","roomId":"mw117t","bytes":417440,"eventCount":1,"releasedMatches":0}
{"type":"room-request-complete","timestamp":"2026-07-23T13:24:57.812Z","action":"status","status":200,"durationMs":149}
{"type":"worker-request-complete","timestamp":"2026-07-23T13:24:57.812Z","requestId":"2f032b8f-0c7b-49d7-b9db-46fdd943f1c0","method":"GET","route":"/api/rooms/0211","status":200,"elapsedMs":150}
[wrangler:info] GET /api/rooms/0211 200 OK (189ms)
{"type":"room-alarm","timestamp":"2026-07-23T13:24:57.847Z","roomId":"mw117t"}
{"type":"capacity","timestamp":"2026-07-23T13:24:57.861Z","action":"acquire","durationMs":4,"activeMatches":51,"activeRooms":1,"queueDepth":0}
{"type":"simulation-batch","timestamp":"2026-07-23T13:24:57.897Z","roomId":"mw117t","durationMs":42,"processedMinutes":14,"eventCount":2,"activeMatches":51,"stateVersion":43}
{"type":"room-persist","timestamp":"2026-07-23T13:24:57.907Z","roomId":"mw117t","bytes":424863,"eventCount":2,"releasedMatches":0}
{"type":"room-alarm-complete","timestamp":"2026-07-23T13:24:57.952Z","roomId":"mw117t","elapsedMs":127}
{"type":"room-alarm","timestamp":"2026-07-23T13:24:57.960Z","roomId":"mw117t"}
{"type":"capacity","timestamp":"2026-07-23T13:24:57.965Z","action":"acquire","durationMs":0,"activeMatches":52,"activeRooms":1,"queueDepth":0}
{"type":"simulation-batch","timestamp":"2026-07-23T13:24:57.990Z","roomId":"mw117t","durationMs":29,"processedMinutes":7,"eventCount":0,"activeMatches":52,"stateVersion":44}
{"type":"room-persist","timestamp":"2026-07-23T13:24:57.991Z","roomId":"mw117t","bytes":432254,"eventCount":0,"releasedMatches":0}
{"type":"room-alarm-complete","timestamp":"2026-07-23T13:24:58.041Z","roomId":"mw117t","elapsedMs":89}
{"type":"room-alarm","timestamp":"2026-07-23T13:24:58.045Z","roomId":"mw117t"}
{"type":"capacity","timestamp":"2026-07-23T13:24:58.046Z","action":"acquire","durationMs":1,"activeMatches":53,"activeRooms":1,"queueDepth":0}
{"type":"simulation-batch","timestamp":"2026-07-23T13:24:58.062Z","roomId":"mw117t","durationMs":17,"processedMinutes":3,"eventCount":0,"activeMatches":53,"stateVersion":45}
{"type":"room-persist","timestamp":"2026-07-23T13:24:58.063Z","roomId":"mw117t","bytes":439704,"eventCount":0,"releasedMatches":0}
{"type":"room-alarm-complete","timestamp":"2026-07-23T13:24:58.107Z","roomId":"mw117t","elapsedMs":66}
{"type":"room-alarm","timestamp":"2026-07-23T13:24:58.115Z","roomId":"mw117t"}
{"type":"capacity","timestamp":"2026-07-23T13:24:58.121Z","action":"acquire","durationMs":0,"activeMatches":54,"activeRooms":1,"queueDepth":0}
{"type":"simulation-batch","timestamp":"2026-07-23T13:24:58.138Z","roomId":"mw117t","durationMs":22,"processedMinutes":4,"eventCount":0,"activeMatches":54,"stateVersion":46}
{"type":"room-persist","timestamp":"2026-07-23T13:24:58.143Z","roomId":"mw117t","bytes":447132,"eventCount":0,"releasedMatches":0}
{"type":"room-alarm-complete","timestamp":"2026-07-23T13:24:58.166Z","roomId":"mw117t","elapsedMs":59}
{"type":"room-alarm","timestamp":"2026-07-23T13:24:58.174Z","roomId":"mw117t"}
{"type":"capacity","timestamp":"2026-07-23T13:24:58.178Z","action":"acquire","durationMs":2,"activeMatches":55,"activeRooms":1,"queueDepth":0}
{"type":"simulation-batch","timestamp":"2026-07-23T13:24:58.191Z","roomId":"mw117t","durationMs":16,"processedMinutes":6,"eventCount":0,"activeMatches":55,"stateVersion":47}
{"type":"room-persist","timestamp":"2026-07-23T13:24:58.193Z","roomId":"mw117t","bytes":454467,"eventCount":0,"releasedMatches":0}
{"type":"room-alarm-complete","timestamp":"2026-07-23T13:24:58.230Z","roomId":"mw117t","elapsedMs":64}
{"type":"room-alarm","timestamp":"2026-07-23T13:24:58.243Z","roomId":"mw117t"}
{"type":"capacity","timestamp":"2026-07-23T13:24:58.244Z","action":"acquire","durationMs":0,"activeMatches":56,"activeRooms":1,"queueDepth":0}
{"type":"simulation-batch","timestamp":"2026-07-23T13:24:58.280Z","roomId":"mw117t","durationMs":37,"processedMinutes":10,"eventCount":0,"activeMatches":56,"stateVersion":48}
{"type":"room-persist","timestamp":"2026-07-23T13:24:58.291Z","roomId":"mw117t","bytes":461943,"eventCount":0,"releasedMatches":0}
{"type":"room-alarm-complete","timestamp":"2026-07-23T13:24:58.330Z","roomId":"mw117t","elapsedMs":99}
{"type":"room-alarm","timestamp":"2026-07-23T13:24:58.342Z","roomId":"mw117t"}
{"type":"capacity","timestamp":"2026-07-23T13:24:58.346Z","action":"acquire","durationMs":0,"activeMatches":57,"activeRooms":1,"queueDepth":0}
{"type":"simulation-batch","timestamp":"2026-07-23T13:24:58.375Z","roomId":"mw117t","durationMs":32,"processedMinutes":6,"eventCount":0,"activeMatches":57,"stateVersion":49}
{"type":"room-persist","timestamp":"2026-07-23T13:24:58.381Z","roomId":"mw117t","bytes":469308,"eventCount":0,"releasedMatches":0}
{"type":"room-alarm-complete","timestamp":"2026-07-23T13:24:58.449Z","roomId":"mw117t","elapsedMs":119}
{"type":"room-alarm","timestamp":"2026-07-23T13:24:58.456Z","roomId":"mw117t"}
{"type":"capacity","timestamp":"2026-07-23T13:24:58.459Z","action":"acquire","durationMs":0,"activeMatches":58,"activeRooms":1,"queueDepth":0}
{"type":"simulation-batch","timestamp":"2026-07-23T13:24:58.472Z","roomId":"mw117t","durationMs":16,"processedMinutes":9,"eventCount":1,"activeMatches":58,"stateVersion":50}
{"type":"room-persist","timestamp":"2026-07-23T13:24:58.474Z","roomId":"mw117t","bytes":476532,"eventCount":1,"releasedMatches":0}
{"type":"room-alarm-complete","timestamp":"2026-07-23T13:24:58.496Z","roomId":"mw117t","elapsedMs":47}
{"type":"room-alarm","timestamp":"2026-07-23T13:24:58.516Z","roomId":"mw117t"}
{"type":"capacity","timestamp":"2026-07-23T13:24:58.522Z","action":"acquire","durationMs":1,"activeMatches":59,"activeRooms":1,"queueDepth":0}
{"type":"simulation-batch","timestamp":"2026-07-23T13:24:58.576Z","roomId":"mw117t","durationMs":56,"processedMinutes":5,"eventCount":0,"activeMatches":59,"stateVersion":51}
{"type":"room-persist","timestamp":"2026-07-23T13:24:58.578Z","roomId":"mw117t","bytes":483901,"eventCount":0,"releasedMatches":0}
{"type":"room-alarm-complete","timestamp":"2026-07-23T13:24:58.631Z","roomId":"mw117t","elapsedMs":122}
{"type":"room-alarm","timestamp":"2026-07-23T13:24:58.655Z","roomId":"mw117t"}
{"type":"capacity","timestamp":"2026-07-23T13:24:58.679Z","action":"acquire","durationMs":7,"activeMatches":60,"activeRooms":1,"queueDepth":0}
{"type":"simulation-batch","timestamp":"2026-07-23T13:24:58.706Z","roomId":"mw117t","durationMs":36,"processedMinutes":9,"eventCount":0,"activeMatches":60,"stateVersion":52}
{"type":"room-persist","timestamp":"2026-07-23T13:24:58.715Z","roomId":"mw117t","bytes":491533,"eventCount":0,"releasedMatches":0}
{"type":"room-alarm-complete","timestamp":"2026-07-23T13:24:58.770Z","roomId":"mw117t","elapsedMs":139}
{"type":"room-alarm","timestamp":"2026-07-23T13:24:58.782Z","roomId":"mw117t"}
{"type":"capacity","timestamp":"2026-07-23T13:24:58.793Z","action":"acquire","durationMs":1,"activeMatches":61,"activeRooms":1,"queueDepth":0}
{"type":"simulation-batch","timestamp":"2026-07-23T13:24:58.928Z","roomId":"mw117t","durationMs":146,"processedMinutes":8,"eventCount":0,"activeMatches":61,"stateVersion":53}
{"type":"room-persist","timestamp":"2026-07-23T13:24:58.939Z","roomId":"mw117t","bytes":498848,"eventCount":0,"releasedMatches":0}
{"type":"room-alarm-complete","timestamp":"2026-07-23T13:24:59.010Z","roomId":"mw117t","elapsedMs":240}
{"type":"worker-request","timestamp":"2026-07-23T13:24:59.011Z","requestId":"7fa4b771-d5ba-435a-8f9f-3c4359991059","method":"GET","route":"/api/rooms/0211"}
{"type":"room-request","timestamp":"2026-07-23T13:24:59.020Z","action":"status","method":"GET"}
{"type":"capacity","timestamp":"2026-07-23T13:24:59.045Z","action":"acquire","durationMs":8,"activeMatches":62,"activeRooms":1,"queueDepth":0}
{"type":"simulation-batch","timestamp":"2026-07-23T13:24:59.105Z","roomId":"mw117t","durationMs":69,"processedMinutes":29,"eventCount":1,"activeMatches":62,"stateVersion":54}
{"type":"room-persist","timestamp":"2026-07-23T13:24:59.127Z","roomId":"mw117t","bytes":506405,"eventCount":1,"releasedMatches":0}
{"type":"room-request-complete","timestamp":"2026-07-23T13:24:59.215Z","action":"status","status":200,"durationMs":195}
{"type":"worker-request-complete","timestamp":"2026-07-23T13:24:59.223Z","requestId":"7fa4b771-d5ba-435a-8f9f-3c4359991059","method":"GET","route":"/api/rooms/0211","status":200,"elapsedMs":212}
[wrangler:info] GET /api/rooms/0211 200 OK (261ms)
{"type":"room-alarm","timestamp":"2026-07-23T13:24:59.231Z","roomId":"mw117t"}
{"type":"capacity","timestamp":"2026-07-23T13:24:59.240Z","action":"acquire","durationMs":1,"activeMatches":63,"activeRooms":1,"queueDepth":0}
{"type":"simulation-batch","timestamp":"2026-07-23T13:24:59.292Z","roomId":"mw117t","durationMs":54,"processedMinutes":16,"eventCount":1,"activeMatches":63,"stateVersion":55}
{"type":"room-persist","timestamp":"2026-07-23T13:24:59.294Z","roomId":"mw117t","bytes":513785,"eventCount":1,"releasedMatches":0}
{"type":"room-alarm-complete","timestamp":"2026-07-23T13:24:59.366Z","roomId":"mw117t","elapsedMs":138}
{"type":"room-alarm","timestamp":"2026-07-23T13:24:59.392Z","roomId":"mw117t"}
{"type":"capacity","timestamp":"2026-07-23T13:24:59.408Z","action":"acquire","durationMs":14,"activeMatches":64,"activeRooms":1,"queueDepth":0}
{"type":"simulation-batch","timestamp":"2026-07-23T13:24:59.439Z","roomId":"mw117t","durationMs":47,"processedMinutes":12,"eventCount":2,"activeMatches":64,"stateVersion":56}
{"type":"room-persist","timestamp":"2026-07-23T13:24:59.443Z","roomId":"mw117t","bytes":521187,"eventCount":2,"releasedMatches":0}
{"type":"room-alarm-complete","timestamp":"2026-07-23T13:24:59.496Z","roomId":"mw117t","elapsedMs":130}
{"type":"room-alarm","timestamp":"2026-07-23T13:24:59.515Z","roomId":"mw117t"}
{"type":"capacity","timestamp":"2026-07-23T13:24:59.525Z","action":"acquire","durationMs":9,"activeMatches":64,"activeRooms":1,"queueDepth":1}
{"type":"capacity","timestamp":"2026-07-23T13:24:59.563Z","action":"acquire","durationMs":1,"activeMatches":64,"activeRooms":1,"queueDepth":2}
{"type":"capacity","timestamp":"2026-07-23T13:24:59.612Z","action":"acquire","durationMs":1,"activeMatches":64,"activeRooms":1,"queueDepth":3}
{"type":"capacity","timestamp":"2026-07-23T13:24:59.626Z","action":"acquire","durationMs":1,"activeMatches":64,"activeRooms":1,"queueDepth":4}
{"type":"capacity","timestamp":"2026-07-23T13:24:59.632Z","action":"acquire","durationMs":1,"activeMatches":64,"activeRooms":1,"queueDepth":5}
{"type":"capacity","timestamp":"2026-07-23T13:24:59.633Z","action":"acquire","durationMs":0,"activeMatches":64,"activeRooms":1,"queueDepth":6}
{"type":"capacity","timestamp":"2026-07-23T13:24:59.637Z","action":"acquire","durationMs":1,"activeMatches":64,"activeRooms":1,"queueDepth":7}
{"type":"capacity","timestamp":"2026-07-23T13:24:59.639Z","action":"acquire","durationMs":0,"activeMatches":64,"activeRooms":1,"queueDepth":8}
{"type":"capacity","timestamp":"2026-07-23T13:24:59.641Z","action":"acquire","durationMs":0,"activeMatches":64,"activeRooms":1,"queueDepth":9}
{"type":"capacity","timestamp":"2026-07-23T13:24:59.643Z","action":"acquire","durationMs":1,"activeMatches":64,"activeRooms":1,"queueDepth":10}
{"type":"capacity","timestamp":"2026-07-23T13:24:59.645Z","action":"acquire","durationMs":1,"activeMatches":64,"activeRooms":1,"queueDepth":11}
{"type":"capacity","timestamp":"2026-07-23T13:24:59.646Z","action":"acquire","durationMs":0,"activeMatches":64,"activeRooms":1,"queueDepth":12}
{"type":"capacity","timestamp":"2026-07-23T13:24:59.648Z","action":"acquire","durationMs":1,"activeMatches":64,"activeRooms":1,"queueDepth":13}
{"type":"capacity","timestamp":"2026-07-23T13:24:59.650Z","action":"acquire","durationMs":1,"activeMatches":64,"activeRooms":1,"queueDepth":14}
{"type":"capacity","timestamp":"2026-07-23T13:24:59.653Z","action":"acquire","durationMs":1,"activeMatches":64,"activeRooms":1,"queueDepth":15}
{"type":"capacity","timestamp":"2026-07-23T13:24:59.655Z","action":"acquire","durationMs":0,"activeMatches":64,"activeRooms":1,"queueDepth":16}
{"type":"capacity","timestamp":"2026-07-23T13:24:59.657Z","action":"acquire","durationMs":0,"activeMatches":64,"activeRooms":1,"queueDepth":17}
{"type":"capacity","timestamp":"2026-07-23T13:24:59.663Z","action":"acquire","durationMs":0,"activeMatches":64,"activeRooms":1,"queueDepth":18}
{"type":"capacity","timestamp":"2026-07-23T13:24:59.670Z","action":"acquire","durationMs":1,"activeMatches":64,"activeRooms":1,"queueDepth":19}
{"type":"capacity","timestamp":"2026-07-23T13:24:59.679Z","action":"acquire","durationMs":1,"activeMatches":64,"activeRooms":1,"queueDepth":20}
{"type":"capacity","timestamp":"2026-07-23T13:24:59.693Z","action":"acquire","durationMs":0,"activeMatches":64,"activeRooms":1,"queueDepth":21}
{"type":"capacity","timestamp":"2026-07-23T13:24:59.696Z","action":"acquire","durationMs":0,"activeMatches":64,"activeRooms":1,"queueDepth":22}
{"type":"capacity","timestamp":"2026-07-23T13:24:59.698Z","action":"acquire","durationMs":1,"activeMatches":64,"activeRooms":1,"queueDepth":23}
{"type":"capacity","timestamp":"2026-07-23T13:24:59.701Z","action":"acquire","durationMs":0,"activeMatches":64,"activeRooms":1,"queueDepth":24}
{"type":"capacity","timestamp":"2026-07-23T13:24:59.705Z","action":"acquire","durationMs":1,"activeMatches":64,"activeRooms":1,"queueDepth":25}
{"type":"capacity","timestamp":"2026-07-23T13:24:59.713Z","action":"acquire","durationMs":1,"activeMatches":64,"activeRooms":1,"queueDepth":26}
{"type":"capacity","timestamp":"2026-07-23T13:24:59.716Z","action":"acquire","durationMs":1,"activeMatches":64,"activeRooms":1,"queueDepth":27}
{"type":"capacity","timestamp":"2026-07-23T13:24:59.718Z","action":"acquire","durationMs":0,"activeMatches":64,"activeRooms":1,"queueDepth":28}
{"type":"capacity","timestamp":"2026-07-23T13:24:59.720Z","action":"acquire","durationMs":0,"activeMatches":64,"activeRooms":1,"queueDepth":29}
{"type":"capacity","timestamp":"2026-07-23T13:24:59.722Z","action":"acquire","durationMs":0,"activeMatches":64,"activeRooms":1,"queueDepth":30}
{"type":"capacity","timestamp":"2026-07-23T13:24:59.724Z","action":"acquire","durationMs":1,"activeMatches":64,"activeRooms":1,"queueDepth":31}
{"type":"capacity","timestamp":"2026-07-23T13:24:59.725Z","action":"acquire","durationMs":0,"activeMatches":64,"activeRooms":1,"queueDepth":32}
{"type":"capacity","timestamp":"2026-07-23T13:24:59.728Z","action":"acquire","durationMs":1,"activeMatches":64,"activeRooms":1,"queueDepth":33}
{"type":"capacity","timestamp":"2026-07-23T13:24:59.745Z","action":"acquire","durationMs":0,"activeMatches":64,"activeRooms":1,"queueDepth":34}
{"type":"capacity","timestamp":"2026-07-23T13:24:59.747Z","action":"acquire","durationMs":0,"activeMatches":64,"activeRooms":1,"queueDepth":35}
{"type":"capacity","timestamp":"2026-07-23T13:24:59.750Z","action":"acquire","durationMs":0,"activeMatches":64,"activeRooms":1,"queueDepth":36}
{"type":"capacity","timestamp":"2026-07-23T13:24:59.753Z","action":"acquire","durationMs":1,"activeMatches":64,"activeRooms":1,"queueDepth":37}
{"type":"capacity","timestamp":"2026-07-23T13:24:59.756Z","action":"acquire","durationMs":0,"activeMatches":64,"activeRooms":1,"queueDepth":38}
{"type":"capacity","timestamp":"2026-07-23T13:24:59.758Z","action":"acquire","durationMs":1,"activeMatches":64,"activeRooms":1,"queueDepth":39}
{"type":"capacity","timestamp":"2026-07-23T13:24:59.761Z","action":"acquire","durationMs":1,"activeMatches":64,"activeRooms":1,"queueDepth":40}
{"type":"capacity","timestamp":"2026-07-23T13:24:59.774Z","action":"acquire","durationMs":1,"activeMatches":64,"activeRooms":1,"queueDepth":41}
{"type":"capacity","timestamp":"2026-07-23T13:24:59.776Z","action":"acquire","durationMs":0,"activeMatches":64,"activeRooms":1,"queueDepth":42}
{"type":"capacity","timestamp":"2026-07-23T13:24:59.779Z","action":"acquire","durationMs":1,"activeMatches":64,"activeRooms":1,"queueDepth":43}
{"type":"capacity","timestamp":"2026-07-23T13:24:59.781Z","action":"acquire","durationMs":0,"activeMatches":64,"activeRooms":1,"queueDepth":44}
{"type":"capacity","timestamp":"2026-07-23T13:24:59.792Z","action":"acquire","durationMs":0,"activeMatches":64,"activeRooms":1,"queueDepth":45}
{"type":"capacity","timestamp":"2026-07-23T13:24:59.794Z","action":"acquire","durationMs":0,"activeMatches":64,"activeRooms":1,"queueDepth":46}
{"type":"capacity","timestamp":"2026-07-23T13:24:59.797Z","action":"acquire","durationMs":0,"activeMatches":64,"activeRooms":1,"queueDepth":47}
{"type":"capacity","timestamp":"2026-07-23T13:24:59.800Z","action":"acquire","durationMs":0,"activeMatches":64,"activeRooms":1,"queueDepth":48}
{"type":"capacity","timestamp":"2026-07-23T13:24:59.805Z","action":"acquire","durationMs":1,"activeMatches":64,"activeRooms":1,"queueDepth":49}
{"type":"capacity","timestamp":"2026-07-23T13:24:59.829Z","action":"acquire","durationMs":1,"activeMatches":64,"activeRooms":1,"queueDepth":50}
{"type":"capacity","timestamp":"2026-07-23T13:24:59.847Z","action":"acquire","durationMs":0,"activeMatches":64,"activeRooms":1,"queueDepth":51}
{"type":"capacity","timestamp":"2026-07-23T13:24:59.873Z","action":"acquire","durationMs":0,"activeMatches":64,"activeRooms":1,"queueDepth":52}
{"type":"capacity","timestamp":"2026-07-23T13:24:59.888Z","action":"acquire","durationMs":1,"activeMatches":64,"activeRooms":1,"queueDepth":53}
{"type":"capacity","timestamp":"2026-07-23T13:24:59.913Z","action":"acquire","durationMs":0,"activeMatches":64,"activeRooms":1,"queueDepth":54}
{"type":"capacity","timestamp":"2026-07-23T13:24:59.936Z","action":"acquire","durationMs":1,"activeMatches":64,"activeRooms":1,"queueDepth":55}
{"type":"capacity","timestamp":"2026-07-23T13:24:59.964Z","action":"acquire","durationMs":1,"activeMatches":64,"activeRooms":1,"queueDepth":56}
{"type":"capacity","timestamp":"2026-07-23T13:24:59.966Z","action":"acquire","durationMs":1,"activeMatches":64,"activeRooms":1,"queueDepth":57}
{"type":"capacity","timestamp":"2026-07-23T13:24:59.968Z","action":"acquire","durationMs":0,"activeMatches":64,"activeRooms":1,"queueDepth":58}
{"type":"capacity","timestamp":"2026-07-23T13:24:59.971Z","action":"acquire","durationMs":1,"activeMatches":64,"activeRooms":1,"queueDepth":59}
{"type":"capacity","timestamp":"2026-07-23T13:24:59.973Z","action":"acquire","durationMs":1,"activeMatches":64,"activeRooms":1,"queueDepth":60}
{"type":"capacity","timestamp":"2026-07-23T13:24:59.974Z","action":"acquire","durationMs":0,"activeMatches":64,"activeRooms":1,"queueDepth":61}
{"type":"capacity","timestamp":"2026-07-23T13:24:59.977Z","action":"acquire","durationMs":0,"activeMatches":64,"activeRooms":1,"queueDepth":62}
{"type":"capacity","timestamp":"2026-07-23T13:24:59.980Z","action":"acquire","durationMs":1,"activeMatches":64,"activeRooms":1,"queueDepth":63}
{"type":"capacity","timestamp":"2026-07-23T13:25:00.021Z","action":"acquire","durationMs":1,"activeMatches":64,"activeRooms":1,"queueDepth":64}
{"type":"simulation-batch","timestamp":"2026-07-23T13:25:00.089Z","roomId":"mw117t","durationMs":574,"processedMinutes":14,"eventCount":1,"activeMatches":64,"stateVersion":57}
{"type":"room-persist","timestamp":"2026-07-23T13:25:00.105Z","roomId":"mw117t","bytes":522553,"eventCount":1,"releasedMatches":0}
{"type":"room-alarm-complete","timestamp":"2026-07-23T13:25:00.492Z","roomId":"mw117t","elapsedMs":995}
{"type":"worker-request","timestamp":"2026-07-23T13:25:00.511Z","requestId":"c3b1d6f3-c59b-4593-abc3-65ec16537360","method":"GET","route":"/api/rooms/0211"}
{"type":"room-request","timestamp":"2026-07-23T13:25:00.512Z","action":"status","method":"GET"}
{"type":"capacity","timestamp":"2026-07-23T13:25:00.543Z","action":"acquire","durationMs":0,"activeMatches":64,"activeRooms":1,"queueDepth":64}
{"type":"capacity","timestamp":"2026-07-23T13:25:00.571Z","action":"acquire","durationMs":0,"activeMatches":64,"activeRooms":1,"queueDepth":64}
{"type":"capacity","timestamp":"2026-07-23T13:25:00.599Z","action":"acquire","durationMs":1,"activeMatches":64,"activeRooms":1,"queueDepth":64}
{"type":"capacity","timestamp":"2026-07-23T13:25:00.603Z","action":"acquire","durationMs":1,"activeMatches":64,"activeRooms":1,"queueDepth":64}
{"type":"capacity","timestamp":"2026-07-23T13:25:00.605Z","action":"acquire","durationMs":0,"activeMatches":64,"activeRooms":1,"queueDepth":64}
{"type":"capacity","timestamp":"2026-07-23T13:25:00.607Z","action":"acquire","durationMs":0,"activeMatches":64,"activeRooms":1,"queueDepth":64}
{"type":"capacity","timestamp":"2026-07-23T13:25:00.609Z","action":"acquire","durationMs":0,"activeMatches":64,"activeRooms":1,"queueDepth":64}
{"type":"capacity","timestamp":"2026-07-23T13:25:00.611Z","action":"acquire","durationMs":0,"activeMatches":64,"activeRooms":1,"queueDepth":64}
{"type":"capacity","timestamp":"2026-07-23T13:25:00.613Z","action":"acquire","durationMs":0,"activeMatches":64,"activeRooms":1,"queueDepth":64}
{"type":"capacity","timestamp":"2026-07-23T13:25:00.616Z","action":"acquire","durationMs":1,"activeMatches":64,"activeRooms":1,"queueDepth":64}
{"type":"capacity","timestamp":"2026-07-23T13:25:00.619Z","action":"acquire","durationMs":1,"activeMatches":64,"activeRooms":1,"queueDepth":64}
{"type":"capacity","timestamp":"2026-07-23T13:25:00.621Z","action":"acquire","durationMs":1,"activeMatches":64,"activeRooms":1,"queueDepth":64}
{"type":"capacity","timestamp":"2026-07-23T13:25:00.623Z","action":"acquire","durationMs":0,"activeMatches":64,"activeRooms":1,"queueDepth":64}
{"type":"capacity","timestamp":"2026-07-23T13:25:00.627Z","action":"acquire","durationMs":0,"activeMatches":64,"activeRooms":1,"queueDepth":64}
{"type":"capacity","timestamp":"2026-07-23T13:25:00.629Z","action":"acquire","durationMs":0,"activeMatches":64,"activeRooms":1,"queueDepth":64}
{"type":"capacity","timestamp":"2026-07-23T13:25:00.631Z","action":"acquire","durationMs":0,"activeMatches":64,"activeRooms":1,"queueDepth":64}
{"type":"capacity","timestamp":"2026-07-23T13:25:00.634Z","action":"acquire","durationMs":1,"activeMatches":64,"activeRooms":1,"queueDepth":64}
{"type":"capacity","timestamp":"2026-07-23T13:25:00.636Z","action":"acquire","durationMs":0,"activeMatches":64,"activeRooms":1,"queueDepth":64}
{"type":"capacity","timestamp":"2026-07-23T13:25:00.638Z","action":"acquire","durationMs":0,"activeMatches":64,"activeRooms":1,"queueDepth":64}
{"type":"capacity","timestamp":"2026-07-23T13:25:00.643Z","action":"acquire","durationMs":0,"activeMatches":64,"activeRooms":1,"queueDepth":64}
{"type":"capacity","timestamp":"2026-07-23T13:25:00.645Z","action":"acquire","durationMs":1,"activeMatches":64,"activeRooms":1,"queueDepth":64}
{"type":"capacity","timestamp":"2026-07-23T13:25:00.646Z","action":"acquire","durationMs":0,"activeMatches":64,"activeRooms":1,"queueDepth":64}
{"type":"capacity","timestamp":"2026-07-23T13:25:00.648Z","action":"acquire","durationMs":1,"activeMatches":64,"activeRooms":1,"queueDepth":64}
{"type":"capacity","timestamp":"2026-07-23T13:25:00.650Z","action":"acquire","durationMs":1,"activeMatches":64,"activeRooms":1,"queueDepth":64}
{"type":"capacity","timestamp":"2026-07-23T13:25:00.652Z","action":"acquire","durationMs":1,"activeMatches":64,"activeRooms":1,"queueDepth":64}
{"type":"capacity","timestamp":"2026-07-23T13:25:00.654Z","action":"acquire","durationMs":1,"activeMatches":64,"activeRooms":1,"queueDepth":64}
{"type":"capacity","timestamp":"2026-07-23T13:25:00.655Z","action":"acquire","durationMs":0,"activeMatches":64,"activeRooms":1,"queueDepth":64}
{"type":"capacity","timestamp":"2026-07-23T13:25:00.657Z","action":"acquire","durationMs":0,"activeMatches":64,"activeRooms":1,"queueDepth":64}
{"type":"capacity","timestamp":"2026-07-23T13:25:00.659Z","action":"acquire","durationMs":0,"activeMatches":64,"activeRooms":1,"queueDepth":64}
{"type":"capacity","timestamp":"2026-07-23T13:25:00.661Z","action":"acquire","durationMs":0,"activeMatches":64,"activeRooms":1,"queueDepth":64}
{"type":"capacity","timestamp":"2026-07-23T13:25:00.663Z","action":"acquire","durationMs":0,"activeMatches":64,"activeRooms":1,"queueDepth":64}
{"type":"capacity","timestamp":"2026-07-23T13:25:00.665Z","action":"acquire","durationMs":0,"activeMatches":64,"activeRooms":1,"queueDepth":64}
{"type":"capacity","timestamp":"2026-07-23T13:25:00.674Z","action":"acquire","durationMs":1,"activeMatches":64,"activeRooms":1,"queueDepth":64}
{"type":"capacity","timestamp":"2026-07-23T13:25:00.693Z","action":"acquire","durationMs":1,"activeMatches":64,"activeRooms":1,"queueDepth":64}
{"type":"capacity","timestamp":"2026-07-23T13:25:00.695Z","action":"acquire","durationMs":0,"activeMatches":64,"activeRooms":1,"queueDepth":64}
{"type":"capacity","timestamp":"2026-07-23T13:25:00.696Z","action":"acquire","durationMs":0,"activeMatches":64,"activeRooms":1,"queueDepth":64}
{"type":"capacity","timestamp":"2026-07-23T13:25:00.698Z","action":"acquire","durationMs":0,"activeMatches":64,"activeRooms":1,"queueDepth":64}
{"type":"capacity","timestamp":"2026-07-23T13:25:00.699Z","action":"acquire","durationMs":0,"activeMatches":64,"activeRooms":1,"queueDepth":64}
{"type":"capacity","timestamp":"2026-07-23T13:25:00.701Z","action":"acquire","durationMs":0,"activeMatches":64,"activeRooms":1,"queueDepth":64}
{"type":"capacity","timestamp":"2026-07-23T13:25:00.704Z","action":"acquire","durationMs":1,"activeMatches":64,"activeRooms":1,"queueDepth":64}
{"type":"capacity","timestamp":"2026-07-23T13:25:00.707Z","action":"acquire","durationMs":1,"activeMatches":64,"activeRooms":1,"queueDepth":64}
{"type":"capacity","timestamp":"2026-07-23T13:25:00.708Z","action":"acquire","durationMs":0,"activeMatches":64,"activeRooms":1,"queueDepth":64}
{"type":"capacity","timestamp":"2026-07-23T13:25:00.710Z","action":"acquire","durationMs":0,"activeMatches":64,"activeRooms":1,"queueDepth":64}
{"type":"capacity","timestamp":"2026-07-23T13:25:00.713Z","action":"acquire","durationMs":1,"activeMatches":64,"activeRooms":1,"queueDepth":64}
{"type":"capacity","timestamp":"2026-07-23T13:25:00.725Z","action":"acquire","durationMs":0,"activeMatches":64,"activeRooms":1,"queueDepth":64}
{"type":"capacity","timestamp":"2026-07-23T13:25:00.727Z","action":"acquire","durationMs":0,"activeMatches":64,"activeRooms":1,"queueDepth":64}
{"type":"capacity","timestamp":"2026-07-23T13:25:00.730Z","action":"acquire","durationMs":1,"activeMatches":64,"activeRooms":1,"queueDepth":64}
{"type":"capacity","timestamp":"2026-07-23T13:25:00.732Z","action":"acquire","durationMs":1,"activeMatches":64,"activeRooms":1,"queueDepth":64}
{"type":"capacity","timestamp":"2026-07-23T13:25:00.734Z","action":"acquire","durationMs":0,"activeMatches":64,"activeRooms":1,"queueDepth":64}
{"type":"capacity","timestamp":"2026-07-23T13:25:00.737Z","action":"acquire","durationMs":1,"activeMatches":64,"activeRooms":1,"queueDepth":64}
{"type":"capacity","timestamp":"2026-07-23T13:25:00.739Z","action":"acquire","durationMs":0,"activeMatches":64,"activeRooms":1,"queueDepth":64}
{"type":"capacity","timestamp":"2026-07-23T13:25:00.741Z","action":"acquire","durationMs":1,"activeMatches":64,"activeRooms":1,"queueDepth":64}
{"type":"capacity","timestamp":"2026-07-23T13:25:00.742Z","action":"acquire","durationMs":0,"activeMatches":64,"activeRooms":1,"queueDepth":64}
{"type":"capacity","timestamp":"2026-07-23T13:25:00.745Z","action":"acquire","durationMs":1,"activeMatches":64,"activeRooms":1,"queueDepth":64}
{"type":"capacity","timestamp":"2026-07-23T13:25:00.746Z","action":"acquire","durationMs":0,"activeMatches":64,"activeRooms":1,"queueDepth":64}
{"type":"capacity","timestamp":"2026-07-23T13:25:00.749Z","action":"acquire","durationMs":1,"activeMatches":64,"activeRooms":1,"queueDepth":64}
{"type":"capacity","timestamp":"2026-07-23T13:25:00.751Z","action":"acquire","durationMs":0,"activeMatches":64,"activeRooms":1,"queueDepth":64}
{"type":"capacity","timestamp":"2026-07-23T13:25:00.754Z","action":"acquire","durationMs":0,"activeMatches":64,"activeRooms":1,"queueDepth":64}
{"type":"capacity","timestamp":"2026-07-23T13:25:00.756Z","action":"acquire","durationMs":0,"activeMatches":64,"activeRooms":1,"queueDepth":64}
{"type":"capacity","timestamp":"2026-07-23T13:25:00.758Z","action":"acquire","durationMs":1,"activeMatches":64,"activeRooms":1,"queueDepth":64}
{"type":"capacity","timestamp":"2026-07-23T13:25:00.759Z","action":"acquire","durationMs":0,"activeMatches":64,"activeRooms":1,"queueDepth":64}
{"type":"capacity","timestamp":"2026-07-23T13:25:00.761Z","action":"acquire","durationMs":0,"activeMatches":64,"activeRooms":1,"queueDepth":64}
{"type":"capacity","timestamp":"2026-07-23T13:25:00.763Z","action":"acquire","durationMs":0,"activeMatches":64,"activeRooms":1,"queueDepth":64}
{"type":"capacity","timestamp":"2026-07-23T13:25:00.765Z","action":"acquire","durationMs":1,"activeMatches":64,"activeRooms":1,"queueDepth":64}
{"type":"simulation-batch","timestamp":"2026-07-23T13:25:00.766Z","roomId":"mw117t","durationMs":237,"processedMinutes":98,"eventCount":10,"activeMatches":64,"stateVersion":58}
{"type":"room-persist","timestamp":"2026-07-23T13:25:00.773Z","roomId":"mw117t","bytes":522854,"eventCount":10,"releasedMatches":0}
{"type":"room-request-complete","timestamp":"2026-07-23T13:25:00.808Z","action":"status","status":200,"durationMs":296}
{"type":"worker-request-complete","timestamp":"2026-07-23T13:25:00.809Z","requestId":"c3b1d6f3-c59b-4593-abc3-65ec16537360","method":"GET","route":"/api/rooms/0211","status":200,"elapsedMs":298}
{"type":"room-alarm","timestamp":"2026-07-23T13:25:00.817Z","roomId":"mw117t"}
{"type":"capacity","timestamp":"2026-07-23T13:25:00.822Z","action":"acquire","durationMs":0,"activeMatches":64,"activeRooms":1,"queueDepth":64}
{"type":"capacity","timestamp":"2026-07-23T13:25:00.831Z","action":"acquire","durationMs":0,"activeMatches":64,"activeRooms":1,"queueDepth":64}
{"type":"capacity","timestamp":"2026-07-23T13:25:00.833Z","action":"acquire","durationMs":1,"activeMatches":64,"activeRooms":1,"queueDepth":64}
{"type":"capacity","timestamp":"2026-07-23T13:25:00.836Z","action":"acquire","durationMs":1,"activeMatches":64,"activeRooms":1,"queueDepth":64}
{"type":"capacity","timestamp":"2026-07-23T13:25:00.838Z","action":"acquire","durationMs":1,"activeMatches":64,"activeRooms":1,"queueDepth":64}
{"type":"capacity","timestamp":"2026-07-23T13:25:00.840Z","action":"acquire","durationMs":0,"activeMatches":64,"activeRooms":1,"queueDepth":64}
{"type":"capacity","timestamp":"2026-07-23T13:25:00.842Z","action":"acquire","durationMs":0,"activeMatches":64,"activeRooms":1,"queueDepth":64}
{"type":"capacity","timestamp":"2026-07-23T13:25:00.845Z","action":"acquire","durationMs":1,"activeMatches":64,"activeRooms":1,"queueDepth":64}
{"type":"capacity","timestamp":"2026-07-23T13:25:00.846Z","action":"acquire","durationMs":0,"activeMatches":64,"activeRooms":1,"queueDepth":64}
{"type":"capacity","timestamp":"2026-07-23T13:25:00.849Z","action":"acquire","durationMs":1,"activeMatches":64,"activeRooms":1,"queueDepth":64}
{"type":"capacity","timestamp":"2026-07-23T13:25:00.853Z","action":"acquire","durationMs":1,"activeMatches":64,"activeRooms":1,"queueDepth":64}
[wrangler:info] GET /api/rooms/0211 200 OK (423ms)
{"type":"capacity","timestamp":"2026-07-23T13:25:00.869Z","action":"acquire","durationMs":1,"activeMatches":64,"activeRooms":1,"queueDepth":64}
{"type":"capacity","timestamp":"2026-07-23T13:25:00.879Z","action":"acquire","durationMs":0,"activeMatches":64,"activeRooms":1,"queueDepth":64}
{"type":"capacity","timestamp":"2026-07-23T13:25:00.881Z","action":"acquire","durationMs":0,"activeMatches":64,"activeRooms":1,"queueDepth":64}
{"type":"capacity","timestamp":"2026-07-23T13:25:00.883Z","action":"acquire","durationMs":0,"activeMatches":64,"activeRooms":1,"queueDepth":64}
{"type":"capacity","timestamp":"2026-07-23T13:25:00.886Z","action":"acquire","durationMs":1,"activeMatches":64,"activeRooms":1,"queueDepth":64}
{"type":"capacity","timestamp":"2026-07-23T13:25:00.889Z","action":"acquire","durationMs":1,"activeMatches":64,"activeRooms":1,"queueDepth":64}
{"type":"capacity","timestamp":"2026-07-23T13:25:00.894Z","action":"acquire","durationMs":1,"activeMatches":64,"activeRooms":1,"queueDepth":64}
{"type":"capacity","timestamp":"2026-07-23T13:25:00.895Z","action":"acquire","durationMs":0,"activeMatches":64,"activeRooms":1,"queueDepth":64}
{"type":"capacity","timestamp":"2026-07-23T13:25:00.897Z","action":"acquire","durationMs":0,"activeMatches":64,"activeRooms":1,"queueDepth":64}
{"type":"capacity","timestamp":"2026-07-23T13:25:00.899Z","action":"acquire","durationMs":0,"activeMatches":64,"activeRooms":1,"queueDepth":64}
{"type":"capacity","timestamp":"2026-07-23T13:25:00.916Z","action":"acquire","durationMs":0,"activeMatches":64,"activeRooms":1,"queueDepth":64}
{"type":"capacity","timestamp":"2026-07-23T13:25:00.920Z","action":"acquire","durationMs":1,"activeMatches":64,"activeRooms":1,"queueDepth":64}
{"type":"capacity","timestamp":"2026-07-23T13:25:00.921Z","action":"acquire","durationMs":0,"activeMatches":64,"activeRooms":1,"queueDepth":64}
{"type":"capacity","timestamp":"2026-07-23T13:25:00.923Z","action":"acquire","durationMs":0,"activeMatches":64,"activeRooms":1,"queueDepth":64}
{"type":"capacity","timestamp":"2026-07-23T13:25:00.925Z","action":"acquire","durationMs":1,"activeMatches":64,"activeRooms":1,"queueDepth":64}
{"type":"capacity","timestamp":"2026-07-23T13:25:00.926Z","action":"acquire","durationMs":0,"activeMatches":64,"activeRooms":1,"queueDepth":64}
{"type":"capacity","timestamp":"2026-07-23T13:25:00.928Z","action":"acquire","durationMs":0,"activeMatches":64,"activeRooms":1,"queueDepth":64}
{"type":"capacity","timestamp":"2026-07-23T13:25:00.930Z","action":"acquire","durationMs":1,"activeMatches":64,"activeRooms":1,"queueDepth":64}
{"type":"capacity","timestamp":"2026-07-23T13:25:00.931Z","action":"acquire","durationMs":0,"activeMatches":64,"activeRooms":1,"queueDepth":64}
{"type":"capacity","timestamp":"2026-07-23T13:25:00.934Z","action":"acquire","durationMs":1,"activeMatches":64,"activeRooms":1,"queueDepth":64}
{"type":"capacity","timestamp":"2026-07-23T13:25:00.938Z","action":"acquire","durationMs":1,"activeMatches":64,"activeRooms":1,"queueDepth":64}
{"type":"capacity","timestamp":"2026-07-23T13:25:00.945Z","action":"acquire","durationMs":1,"activeMatches":64,"activeRooms":1,"queueDepth":64}
{"type":"capacity","timestamp":"2026-07-23T13:25:00.947Z","action":"acquire","durationMs":1,"activeMatches":64,"activeRooms":1,"queueDepth":64}
{"type":"capacity","timestamp":"2026-07-23T13:25:00.948Z","action":"acquire","durationMs":0,"activeMatches":64,"activeRooms":1,"queueDepth":64}
{"type":"capacity","timestamp":"2026-07-23T13:25:00.951Z","action":"acquire","durationMs":1,"activeMatches":64,"activeRooms":1,"queueDepth":64}
{"type":"capacity","timestamp":"2026-07-23T13:25:00.953Z","action":"acquire","durationMs":0,"activeMatches":64,"activeRooms":1,"queueDepth":64}
{"type":"capacity","timestamp":"2026-07-23T13:25:00.955Z","action":"acquire","durationMs":0,"activeMatches":64,"activeRooms":1,"queueDepth":64}
{"type":"capacity","timestamp":"2026-07-23T13:25:00.957Z","action":"acquire","durationMs":0,"activeMatches":64,"activeRooms":1,"queueDepth":64}
{"type":"capacity","timestamp":"2026-07-23T13:25:00.960Z","action":"acquire","durationMs":1,"activeMatches":64,"activeRooms":1,"queueDepth":64}
{"type":"capacity","timestamp":"2026-07-23T13:25:00.978Z","action":"acquire","durationMs":1,"activeMatches":64,"activeRooms":1,"queueDepth":64}
{"type":"capacity","timestamp":"2026-07-23T13:25:00.986Z","action":"acquire","durationMs":1,"activeMatches":64,"activeRooms":1,"queueDepth":64}
{"type":"capacity","timestamp":"2026-07-23T13:25:01.009Z","action":"acquire","durationMs":1,"activeMatches":64,"activeRooms":1,"queueDepth":64}
{"type":"capacity","timestamp":"2026-07-23T13:25:01.011Z","action":"acquire","durationMs":0,"activeMatches":64,"activeRooms":1,"queueDepth":64}
{"type":"capacity","timestamp":"2026-07-23T13:25:01.013Z","action":"acquire","durationMs":0,"activeMatches":64,"activeRooms":1,"queueDepth":64}
{"type":"capacity","timestamp":"2026-07-23T13:25:01.016Z","action":"acquire","durationMs":1,"activeMatches":64,"activeRooms":1,"queueDepth":64}
{"type":"capacity","timestamp":"2026-07-23T13:25:01.026Z","action":"acquire","durationMs":1,"activeMatches":64,"activeRooms":1,"queueDepth":64}
{"type":"capacity","timestamp":"2026-07-23T13:25:01.032Z","action":"acquire","durationMs":1,"activeMatches":64,"activeRooms":1,"queueDepth":64}
{"type":"capacity","timestamp":"2026-07-23T13:25:01.046Z","action":"acquire","durationMs":1,"activeMatches":64,"activeRooms":1,"queueDepth":64}
{"type":"capacity","timestamp":"2026-07-23T13:25:01.052Z","action":"acquire","durationMs":1,"activeMatches":64,"activeRooms":1,"queueDepth":64}
{"type":"capacity","timestamp":"2026-07-23T13:25:01.055Z","action":"acquire","durationMs":1,"activeMatches":64,"activeRooms":1,"queueDepth":64}
{"type":"capacity","timestamp":"2026-07-23T13:25:01.061Z","action":"acquire","durationMs":1,"activeMatches":64,"activeRooms":1,"queueDepth":64}
{"type":"capacity","timestamp":"2026-07-23T13:25:01.063Z","action":"acquire","durationMs":1,"activeMatches":64,"activeRooms":1,"queueDepth":64}
{"type":"capacity","timestamp":"2026-07-23T13:25:01.065Z","action":"acquire","durationMs":1,"activeMatches":64,"activeRooms":1,"queueDepth":64}
{"type":"capacity","timestamp":"2026-07-23T13:25:01.068Z","action":"acquire","durationMs":1,"activeMatches":64,"activeRooms":1,"queueDepth":64}
{"type":"capacity","timestamp":"2026-07-23T13:25:01.075Z","action":"acquire","durationMs":1,"activeMatches":64,"activeRooms":1,"queueDepth":64}
{"type":"capacity","timestamp":"2026-07-23T13:25:01.089Z","action":"acquire","durationMs":1,"activeMatches":64,"activeRooms":1,"queueDepth":64}
{"type":"capacity","timestamp":"2026-07-23T13:25:01.095Z","action":"acquire","durationMs":0,"activeMatches":64,"activeRooms":1,"queueDepth":64}
{"type":"capacity","timestamp":"2026-07-23T13:25:01.100Z","action":"acquire","durationMs":1,"activeMatches":64,"activeRooms":1,"queueDepth":64}
{"type":"capacity","timestamp":"2026-07-23T13:25:01.107Z","action":"acquire","durationMs":0,"activeMatches":64,"activeRooms":1,"queueDepth":64}
{"type":"capacity","timestamp":"2026-07-23T13:25:01.110Z","action":"acquire","durationMs":1,"activeMatches":64,"activeRooms":1,"queueDepth":64}
{"type":"capacity","timestamp":"2026-07-23T13:25:01.113Z","action":"acquire","durationMs":1,"activeMatches":64,"activeRooms":1,"queueDepth":64}
{"type":"capacity","timestamp":"2026-07-23T13:25:01.115Z","action":"acquire","durationMs":0,"activeMatches":64,"activeRooms":1,"queueDepth":64}
{"type":"capacity","timestamp":"2026-07-23T13:25:01.117Z","action":"acquire","durationMs":0,"activeMatches":64,"activeRooms":1,"queueDepth":64}
{"type":"simulation-batch","timestamp":"2026-07-23T13:25:01.119Z","roomId":"mw117t","durationMs":301,"processedMinutes":23,"eventCount":3,"activeMatches":64,"stateVersion":59}
{"type":"room-persist","timestamp":"2026-07-23T13:25:01.121Z","roomId":"mw117t","bytes":522873,"eventCount":3,"releasedMatches":0}
{"type":"room-alarm-complete","timestamp":"2026-07-23T13:25:01.140Z","roomId":"mw117t","elapsedMs":329}
{"type":"room-alarm","timestamp":"2026-07-23T13:25:01.147Z","roomId":"mw117t"}
{"type":"capacity","timestamp":"2026-07-23T13:25:01.161Z","action":"acquire","durationMs":1,"activeMatches":64,"activeRooms":1,"queueDepth":64}
{"type":"capacity","timestamp":"2026-07-23T13:25:01.172Z","action":"acquire","durationMs":1,"activeMatches":64,"activeRooms":1,"queueDepth":64}
{"type":"capacity","timestamp":"2026-07-23T13:25:01.174Z","action":"acquire","durationMs":1,"activeMatches":64,"activeRooms":1,"queueDepth":64}
{"type":"capacity","timestamp":"2026-07-23T13:25:01.176Z","action":"acquire","durationMs":0,"activeMatches":64,"activeRooms":1,"queueDepth":64}
{"type":"capacity","timestamp":"2026-07-23T13:25:01.179Z","action":"acquire","durationMs":1,"activeMatches":64,"activeRooms":1,"queueDepth":64}
{"type":"capacity","timestamp":"2026-07-23T13:25:01.180Z","action":"acquire","durationMs":0,"activeMatches":64,"activeRooms":1,"queueDepth":64}
{"type":"capacity","timestamp":"2026-07-23T13:25:01.183Z","action":"acquire","durationMs":1,"activeMatches":64,"activeRooms":1,"queueDepth":64}
{"type":"capacity","timestamp":"2026-07-23T13:25:01.185Z","action":"acquire","durationMs":1,"activeMatches":64,"activeRooms":1,"queueDepth":64}
{"type":"capacity","timestamp":"2026-07-23T13:25:01.187Z","action":"acquire","durationMs":0,"activeMatches":64,"activeRooms":1,"queueDepth":64}
{"type":"capacity","timestamp":"2026-07-23T13:25:01.190Z","action":"acquire","durationMs":0,"activeMatches":64,"activeRooms":1,"queueDepth":64}
{"type":"capacity","timestamp":"2026-07-23T13:25:01.195Z","action":"acquire","durationMs":1,"activeMatches":64,"activeRooms":1,"queueDepth":64}
{"type":"capacity","timestamp":"2026-07-23T13:25:01.197Z","action":"acquire","durationMs":1,"activeMatches":64,"activeRooms":1,"queueDepth":64}
{"type":"capacity","timestamp":"2026-07-23T13:25:01.199Z","action":"acquire","durationMs":0,"activeMatches":64,"activeRooms":1,"queueDepth":64}
{"type":"capacity","timestamp":"2026-07-23T13:25:01.201Z","action":"acquire","durationMs":0,"activeMatches":64,"activeRooms":1,"queueDepth":64}
{"type":"capacity","timestamp":"2026-07-23T13:25:01.203Z","action":"acquire","durationMs":0,"activeMatches":64,"activeRooms":1,"queueDepth":64}
{"type":"capacity","timestamp":"2026-07-23T13:25:01.206Z","action":"acquire","durationMs":1,"activeMatches":64,"activeRooms":1,"queueDepth":64}
{"type":"capacity","timestamp":"2026-07-23T13:25:01.208Z","action":"acquire","durationMs":0,"activeMatches":64,"activeRooms":1,"queueDepth":64}
{"type":"capacity","timestamp":"2026-07-23T13:25:01.222Z","action":"acquire","durationMs":0,"activeMatches":64,"activeRooms":1,"queueDepth":64}
{"type":"capacity","timestamp":"2026-07-23T13:25:01.224Z","action":"acquire","durationMs":0,"activeMatches":64,"activeRooms":1,"queueDepth":64}
{"type":"capacity","timestamp":"2026-07-23T13:25:01.226Z","action":"acquire","durationMs":1,"activeMatches":64,"activeRooms":1,"queueDepth":64}
{"type":"capacity","timestamp":"2026-07-23T13:25:01.229Z","action":"acquire","durationMs":0,"activeMatches":64,"activeRooms":1,"queueDepth":64}
{"type":"capacity","timestamp":"2026-07-23T13:25:01.232Z","action":"acquire","durationMs":1,"activeMatches":64,"activeRooms":1,"queueDepth":64}
{"type":"capacity","timestamp":"2026-07-23T13:25:01.235Z","action":"acquire","durationMs":1,"activeMatches":64,"activeRooms":1,"queueDepth":64}
{"type":"capacity","timestamp":"2026-07-23T13:25:01.237Z","action":"acquire","durationMs":0,"activeMatches":64,"activeRooms":1,"queueDepth":64}
{"type":"capacity","timestamp":"2026-07-23T13:25:01.243Z","action":"acquire","durationMs":1,"activeMatches":64,"activeRooms":1,"queueDepth":64}
{"type":"capacity","timestamp":"2026-07-23T13:25:01.245Z","action":"acquire","durationMs":1,"activeMatches":64,"activeRooms":1,"queueDepth":64}
{"type":"capacity","timestamp":"2026-07-23T13:25:01.247Z","action":"acquire","durationMs":1,"activeMatches":64,"activeRooms":1,"queueDepth":64}
{"type":"capacity","timestamp":"2026-07-23T13:25:01.248Z","action":"acquire","durationMs":0,"activeMatches":64,"activeRooms":1,"queueDepth":64}
{"type":"capacity","timestamp":"2026-07-23T13:25:01.251Z","action":"acquire","durationMs":1,"activeMatches":64,"activeRooms":1,"queueDepth":64}
{"type":"capacity","timestamp":"2026-07-23T13:25:01.259Z","action":"acquire","durationMs":0,"activeMatches":64,"activeRooms":1,"queueDepth":64}
{"type":"capacity","timestamp":"2026-07-23T13:25:01.261Z","action":"acquire","durationMs":0,"activeMatches":64,"activeRooms":1,"queueDepth":64}
{"type":"capacity","timestamp":"2026-07-23T13:25:01.263Z","action":"acquire","durationMs":0,"activeMatches":64,"activeRooms":1,"queueDepth":64}
{"type":"capacity","timestamp":"2026-07-23T13:25:01.265Z","action":"acquire","durationMs":0,"activeMatches":64,"activeRooms":1,"queueDepth":64}
{"type":"capacity","timestamp":"2026-07-23T13:25:01.278Z","action":"acquire","durationMs":0,"activeMatches":64,"activeRooms":1,"queueDepth":64}
{"type":"capacity","timestamp":"2026-07-23T13:25:01.281Z","action":"acquire","durationMs":1,"activeMatches":64,"activeRooms":1,"queueDepth":64}
{"type":"capacity","timestamp":"2026-07-23T13:25:01.283Z","action":"acquire","durationMs":0,"activeMatches":64,"activeRooms":1,"queueDepth":64}
{"type":"capacity","timestamp":"2026-07-23T13:25:01.286Z","action":"acquire","durationMs":1,"activeMatches":64,"activeRooms":1,"queueDepth":64}
{"type":"capacity","timestamp":"2026-07-23T13:25:01.288Z","action":"acquire","durationMs":1,"activeMatches":64,"activeRooms":1,"queueDepth":64}
{"type":"capacity","timestamp":"2026-07-23T13:25:01.292Z","action":"acquire","durationMs":1,"activeMatches":64,"activeRooms":1,"queueDepth":64}
{"type":"capacity","timestamp":"2026-07-23T13:25:01.295Z","action":"acquire","durationMs":1,"activeMatches":64,"activeRooms":1,"queueDepth":64}
{"type":"capacity","timestamp":"2026-07-23T13:25:01.297Z","action":"acquire","durationMs":1,"activeMatches":64,"activeRooms":1,"queueDepth":64}
{"type":"capacity","timestamp":"2026-07-23T13:25:01.298Z","action":"acquire","durationMs":0,"activeMatches":64,"activeRooms":1,"queueDepth":64}
{"type":"capacity","timestamp":"2026-07-23T13:25:01.300Z","action":"acquire","durationMs":0,"activeMatches":64,"activeRooms":1,"queueDepth":64}
{"type":"capacity","timestamp":"2026-07-23T13:25:01.303Z","action":"acquire","durationMs":1,"activeMatches":64,"activeRooms":1,"queueDepth":64}
{"type":"capacity","timestamp":"2026-07-23T13:25:01.305Z","action":"acquire","durationMs":0,"activeMatches":64,"activeRooms":1,"queueDepth":64}
{"type":"capacity","timestamp":"2026-07-23T13:25:01.307Z","action":"acquire","durationMs":0,"activeMatches":64,"activeRooms":1,"queueDepth":64}
{"type":"capacity","timestamp":"2026-07-23T13:25:01.309Z","action":"acquire","durationMs":0,"activeMatches":64,"activeRooms":1,"queueDepth":64}
{"type":"capacity","timestamp":"2026-07-23T13:25:01.312Z","action":"acquire","durationMs":1,"activeMatches":64,"activeRooms":1,"queueDepth":64}
{"type":"capacity","timestamp":"2026-07-23T13:25:01.317Z","action":"acquire","durationMs":1,"activeMatches":64,"activeRooms":1,"queueDepth":64}
{"type":"capacity","timestamp":"2026-07-23T13:25:01.320Z","action":"acquire","durationMs":1,"activeMatches":64,"activeRooms":1,"queueDepth":64}
{"type":"capacity","timestamp":"2026-07-23T13:25:01.326Z","action":"acquire","durationMs":0,"activeMatches":64,"activeRooms":1,"queueDepth":64}
{"type":"capacity","timestamp":"2026-07-23T13:25:01.329Z","action":"acquire","durationMs":1,"activeMatches":64,"activeRooms":1,"queueDepth":64}
{"type":"capacity","timestamp":"2026-07-23T13:25:01.342Z","action":"acquire","durationMs":0,"activeMatches":64,"activeRooms":1,"queueDepth":64}
{"type":"capacity","timestamp":"2026-07-23T13:25:01.345Z","action":"acquire","durationMs":1,"activeMatches":64,"activeRooms":1,"queueDepth":64}
{"type":"capacity","timestamp":"2026-07-23T13:25:01.346Z","action":"acquire","durationMs":0,"activeMatches":64,"activeRooms":1,"queueDepth":64}
{"type":"capacity","timestamp":"2026-07-23T13:25:01.349Z","action":"acquire","durationMs":1,"activeMatches":64,"activeRooms":1,"queueDepth":64}
{"type":"capacity","timestamp":"2026-07-23T13:25:01.359Z","action":"acquire","durationMs":1,"activeMatches":64,"activeRooms":1,"queueDepth":64}
{"type":"capacity","timestamp":"2026-07-23T13:25:01.361Z","action":"acquire","durationMs":1,"activeMatches":64,"activeRooms":1,"queueDepth":64}
{"type":"capacity","timestamp":"2026-07-23T13:25:01.363Z","action":"acquire","durationMs":0,"activeMatches":64,"activeRooms":1,"queueDepth":64}
{"type":"capacity","timestamp":"2026-07-23T13:25:01.373Z","action":"acquire","durationMs":1,"activeMatches":64,"activeRooms":1,"queueDepth":64}
{"type":"capacity","timestamp":"2026-07-23T13:25:01.379Z","action":"acquire","durationMs":0,"activeMatches":64,"activeRooms":1,"queueDepth":64}
{"type":"capacity","timestamp":"2026-07-23T13:25:01.382Z","action":"acquire","durationMs":1,"activeMatches":64,"activeRooms":1,"queueDepth":64}
{"type":"capacity","timestamp":"2026-07-23T13:25:01.397Z","action":"acquire","durationMs":0,"activeMatches":64,"activeRooms":1,"queueDepth":64}
{"type":"capacity","timestamp":"2026-07-23T13:25:01.399Z","action":"acquire","durationMs":0,"activeMatches":64,"activeRooms":1,"queueDepth":64}
{"type":"simulation-batch","timestamp":"2026-07-23T13:25:01.401Z","roomId":"mw117t","durationMs":254,"processedMinutes":38,"eventCount":6,"activeMatches":64,"stateVersion":60}
{"type":"room-persist","timestamp":"2026-07-23T13:25:01.408Z","roomId":"mw117t","bytes":522902,"eventCount":6,"releasedMatches":0}
{"type":"room-alarm-complete","timestamp":"2026-07-23T13:25:01.457Z","roomId":"mw117t","elapsedMs":317}
{"type":"room-alarm","timestamp":"2026-07-23T13:25:01.470Z","roomId":"mw117t"}
{"type":"capacity","timestamp":"2026-07-23T13:25:01.475Z","action":"acquire","durationMs":3,"activeMatches":64,"activeRooms":1,"queueDepth":64}
{"type":"capacity","timestamp":"2026-07-23T13:25:01.490Z","action":"acquire","durationMs":1,"activeMatches":64,"activeRooms":1,"queueDepth":64}
{"type":"capacity","timestamp":"2026-07-23T13:25:01.493Z","action":"acquire","durationMs":1,"activeMatches":64,"activeRooms":1,"queueDepth":64}
{"type":"capacity","timestamp":"2026-07-23T13:25:01.501Z","action":"acquire","durationMs":0,"activeMatches":64,"activeRooms":1,"queueDepth":64}
{"type":"capacity","timestamp":"2026-07-23T13:25:01.504Z","action":"acquire","durationMs":1,"activeMatches":64,"activeRooms":1,"queueDepth":64}
{"type":"capacity","timestamp":"2026-07-23T13:25:01.513Z","action":"acquire","durationMs":1,"activeMatches":64,"activeRooms":1,"queueDepth":64}
{"type":"capacity","timestamp":"2026-07-23T13:25:01.520Z","action":"acquire","durationMs":1,"activeMatches":64,"activeRooms":1,"queueDepth":64}
{"type":"capacity","timestamp":"2026-07-23T13:25:01.523Z","action":"acquire","durationMs":1,"activeMatches":64,"activeRooms":1,"queueDepth":64}
{"type":"capacity","timestamp":"2026-07-23T13:25:01.529Z","action":"acquire","durationMs":1,"activeMatches":64,"activeRooms":1,"queueDepth":64}
{"type":"capacity","timestamp":"2026-07-23T13:25:01.544Z","action":"acquire","durationMs":1,"activeMatches":64,"activeRooms":1,"queueDepth":64}
{"type":"capacity","timestamp":"2026-07-23T13:25:01.546Z","action":"acquire","durationMs":1,"activeMatches":64,"activeRooms":1,"queueDepth":64}
{"type":"capacity","timestamp":"2026-07-23T13:25:01.549Z","action":"acquire","durationMs":0,"activeMatches":64,"activeRooms":1,"queueDepth":64}
{"type":"capacity","timestamp":"2026-07-23T13:25:01.564Z","action":"acquire","durationMs":1,"activeMatches":64,"activeRooms":1,"queueDepth":64}
{"type":"capacity","timestamp":"2026-07-23T13:25:01.566Z","action":"acquire","durationMs":1,"activeMatches":64,"activeRooms":1,"queueDepth":64}
{"type":"capacity","timestamp":"2026-07-23T13:25:01.568Z","action":"acquire","durationMs":0,"activeMatches":64,"activeRooms":1,"queueDepth":64}
{"type":"capacity","timestamp":"2026-07-23T13:25:01.579Z","action":"acquire","durationMs":0,"activeMatches":64,"activeRooms":1,"queueDepth":64}
{"type":"capacity","timestamp":"2026-07-23T13:25:01.583Z","action":"acquire","durationMs":1,"activeMatches":64,"activeRooms":1,"queueDepth":64}
{"type":"capacity","timestamp":"2026-07-23T13:25:01.597Z","action":"acquire","durationMs":1,"activeMatches":64,"activeRooms":1,"queueDepth":64}
{"type":"capacity","timestamp":"2026-07-23T13:25:01.599Z","action":"acquire","durationMs":1,"activeMatches":64,"activeRooms":1,"queueDepth":64}
{"type":"capacity","timestamp":"2026-07-23T13:25:01.601Z","action":"acquire","durationMs":0,"activeMatches":64,"activeRooms":1,"queueDepth":64}
{"type":"capacity","timestamp":"2026-07-23T13:25:01.604Z","action":"acquire","durationMs":1,"activeMatches":64,"activeRooms":1,"queueDepth":64}
{"type":"capacity","timestamp":"2026-07-23T13:25:01.618Z","action":"acquire","durationMs":0,"activeMatches":64,"activeRooms":1,"queueDepth":64}
{"type":"capacity","timestamp":"2026-07-23T13:25:01.624Z","action":"acquire","durationMs":1,"activeMatches":64,"activeRooms":1,"queueDepth":64}
{"type":"capacity","timestamp":"2026-07-23T13:25:01.626Z","action":"acquire","durationMs":1,"activeMatches":64,"activeRooms":1,"queueDepth":64}
{"type":"capacity","timestamp":"2026-07-23T13:25:01.629Z","action":"acquire","durationMs":1,"activeMatches":64,"activeRooms":1,"queueDepth":64}
{"type":"capacity","timestamp":"2026-07-23T13:25:01.636Z","action":"acquire","durationMs":1,"activeMatches":64,"activeRooms":1,"queueDepth":64}
{"type":"capacity","timestamp":"2026-07-23T13:25:01.641Z","action":"acquire","durationMs":0,"activeMatches":64,"activeRooms":1,"queueDepth":64}
{"type":"capacity","timestamp":"2026-07-23T13:25:01.644Z","action":"acquire","durationMs":1,"activeMatches":64,"activeRooms":1,"queueDepth":64}
{"type":"capacity","timestamp":"2026-07-23T13:25:01.652Z","action":"acquire","durationMs":1,"activeMatches":64,"activeRooms":1,"queueDepth":64}
{"type":"capacity","timestamp":"2026-07-23T13:25:01.656Z","action":"acquire","durationMs":0,"activeMatches":64,"activeRooms":1,"queueDepth":64}
{"type":"capacity","timestamp":"2026-07-23T13:25:01.659Z","action":"acquire","durationMs":1,"activeMatches":64,"activeRooms":1,"queueDepth":64}
{"type":"capacity","timestamp":"2026-07-23T13:25:01.663Z","action":"acquire","durationMs":0,"activeMatches":64,"activeRooms":1,"queueDepth":64}
{"type":"capacity","timestamp":"2026-07-23T13:25:01.665Z","action":"acquire","durationMs":0,"activeMatches":64,"activeRooms":1,"queueDepth":64}
{"type":"capacity","timestamp":"2026-07-23T13:25:01.668Z","action":"acquire","durationMs":1,"activeMatches":64,"activeRooms":1,"queueDepth":64}
{"type":"capacity","timestamp":"2026-07-23T13:25:01.672Z","action":"acquire","durationMs":0,"activeMatches":64,"activeRooms":1,"queueDepth":64}
{"type":"capacity","timestamp":"2026-07-23T13:25:01.674Z","action":"acquire","durationMs":0,"activeMatches":64,"activeRooms":1,"queueDepth":64}
{"type":"capacity","timestamp":"2026-07-23T13:25:01.676Z","action":"acquire","durationMs":0,"activeMatches":64,"activeRooms":1,"queueDepth":64}
{"type":"capacity","timestamp":"2026-07-23T13:25:01.678Z","action":"acquire","durationMs":1,"activeMatches":64,"activeRooms":1,"queueDepth":64}
{"type":"capacity","timestamp":"2026-07-23T13:25:01.680Z","action":"acquire","durationMs":0,"activeMatches":64,"activeRooms":1,"queueDepth":64}
{"type":"capacity","timestamp":"2026-07-23T13:25:01.683Z","action":"acquire","durationMs":1,"activeMatches":64,"activeRooms":1,"queueDepth":64}
{"type":"capacity","timestamp":"2026-07-23T13:25:01.686Z","action":"acquire","durationMs":1,"activeMatches":64,"activeRooms":1,"queueDepth":64}
{"type":"capacity","timestamp":"2026-07-23T13:25:01.695Z","action":"acquire","durationMs":1,"activeMatches":64,"activeRooms":1,"queueDepth":64}
{"type":"capacity","timestamp":"2026-07-23T13:25:01.697Z","action":"acquire","durationMs":1,"activeMatches":64,"activeRooms":1,"queueDepth":64}
{"type":"capacity","timestamp":"2026-07-23T13:25:01.700Z","action":"acquire","durationMs":1,"activeMatches":64,"activeRooms":1,"queueDepth":64}
{"type":"capacity","timestamp":"2026-07-23T13:25:01.708Z","action":"acquire","durationMs":1,"activeMatches":64,"activeRooms":1,"queueDepth":64}
{"type":"capacity","timestamp":"2026-07-23T13:25:01.716Z","action":"acquire","durationMs":0,"activeMatches":64,"activeRooms":1,"queueDepth":64}
{"type":"capacity","timestamp":"2026-07-23T13:25:01.720Z","action":"acquire","durationMs":1,"activeMatches":64,"activeRooms":1,"queueDepth":64}
{"type":"capacity","timestamp":"2026-07-23T13:25:01.726Z","action":"acquire","durationMs":0,"activeMatches":64,"activeRooms":1,"queueDepth":64}
{"type":"capacity","timestamp":"2026-07-23T13:25:01.751Z","action":"acquire","durationMs":1,"activeMatches":64,"activeRooms":1,"queueDepth":64}
{"type":"capacity","timestamp":"2026-07-23T13:25:01.774Z","action":"acquire","durationMs":0,"activeMatches":64,"activeRooms":1,"queueDepth":64}
{"type":"capacity","timestamp":"2026-07-23T13:25:01.777Z","action":"acquire","durationMs":1,"activeMatches":64,"activeRooms":1,"queueDepth":64}
{"type":"capacity","timestamp":"2026-07-23T13:25:01.780Z","action":"acquire","durationMs":1,"activeMatches":64,"activeRooms":1,"queueDepth":64}
{"type":"capacity","timestamp":"2026-07-23T13:25:01.783Z","action":"acquire","durationMs":1,"activeMatches":64,"activeRooms":1,"queueDepth":64}
{"type":"capacity","timestamp":"2026-07-23T13:25:01.820Z","action":"acquire","durationMs":1,"activeMatches":64,"activeRooms":1,"queueDepth":64}
{"type":"capacity","timestamp":"2026-07-23T13:25:01.829Z","action":"acquire","durationMs":1,"activeMatches":64,"activeRooms":1,"queueDepth":64}
{"type":"capacity","timestamp":"2026-07-23T13:25:01.849Z","action":"acquire","durationMs":1,"activeMatches":64,"activeRooms":1,"queueDepth":64}
{"type":"capacity","timestamp":"2026-07-23T13:25:01.875Z","action":"acquire","durationMs":1,"activeMatches":64,"activeRooms":1,"queueDepth":64}
{"type":"capacity","timestamp":"2026-07-23T13:25:01.897Z","action":"acquire","durationMs":1,"activeMatches":64,"activeRooms":1,"queueDepth":64}
{"type":"capacity","timestamp":"2026-07-23T13:25:01.907Z","action":"acquire","durationMs":0,"activeMatches":64,"activeRooms":1,"queueDepth":64}
{"type":"capacity","timestamp":"2026-07-23T13:25:01.918Z","action":"acquire","durationMs":1,"activeMatches":64,"activeRooms":1,"queueDepth":64}
{"type":"capacity","timestamp":"2026-07-23T13:25:01.930Z","action":"acquire","durationMs":1,"activeMatches":64,"activeRooms":1,"queueDepth":64}
{"type":"capacity","timestamp":"2026-07-23T13:25:01.931Z","action":"acquire","durationMs":0,"activeMatches":64,"activeRooms":1,"queueDepth":64}
{"type":"capacity","timestamp":"2026-07-23T13:25:01.933Z","action":"acquire","durationMs":0,"activeMatches":64,"activeRooms":1,"queueDepth":64}
{"type":"capacity","timestamp":"2026-07-23T13:25:01.937Z","action":"acquire","durationMs":0,"activeMatches":64,"activeRooms":1,"queueDepth":64}
{"type":"simulation-batch","timestamp":"2026-07-23T13:25:01.954Z","roomId":"mw117t","durationMs":483,"processedMinutes":25,"eventCount":5,"activeMatches":64,"stateVersion":61}
{"type":"room-persist","timestamp":"2026-07-23T13:25:01.956Z","roomId":"mw117t","bytes":522962,"eventCount":5,"releasedMatches":0}
{"type":"room-alarm-complete","timestamp":"2026-07-23T13:25:02.059Z","roomId":"mw117t","elapsedMs":601}
{"type":"room-alarm","timestamp":"2026-07-23T13:25:02.087Z","roomId":"mw117t"}
{"type":"capacity","timestamp":"2026-07-23T13:25:02.107Z","action":"acquire","durationMs":2,"activeMatches":64,"activeRooms":1,"queueDepth":64}
{"type":"capacity","timestamp":"2026-07-23T13:25:02.139Z","action":"acquire","durationMs":1,"activeMatches":64,"activeRooms":1,"queueDepth":64}
{"type":"capacity","timestamp":"2026-07-23T13:25:02.175Z","action":"acquire","durationMs":1,"activeMatches":64,"activeRooms":1,"queueDepth":64}
{"type":"capacity","timestamp":"2026-07-23T13:25:02.177Z","action":"acquire","durationMs":1,"activeMatches":64,"activeRooms":1,"queueDepth":64}
{"type":"capacity","timestamp":"2026-07-23T13:25:02.180Z","action":"acquire","durationMs":1,"activeMatches":64,"activeRooms":1,"queueDepth":64}
{"type":"capacity","timestamp":"2026-07-23T13:25:02.198Z","action":"acquire","durationMs":1,"activeMatches":64,"activeRooms":1,"queueDepth":64}
{"type":"capacity","timestamp":"2026-07-23T13:25:02.209Z","action":"acquire","durationMs":0,"activeMatches":64,"activeRooms":1,"queueDepth":64}
{"type":"capacity","timestamp":"2026-07-23T13:25:02.211Z","action":"acquire","durationMs":1,"activeMatches":64,"activeRooms":1,"queueDepth":64}
{"type":"capacity","timestamp":"2026-07-23T13:25:02.213Z","action":"acquire","durationMs":1,"activeMatches":64,"activeRooms":1,"queueDepth":64}
{"type":"capacity","timestamp":"2026-07-23T13:25:02.215Z","action":"acquire","durationMs":0,"activeMatches":64,"activeRooms":1,"queueDepth":64}
{"type":"capacity","timestamp":"2026-07-23T13:25:02.218Z","action":"acquire","durationMs":1,"activeMatches":64,"activeRooms":1,"queueDepth":64}
{"type":"capacity","timestamp":"2026-07-23T13:25:02.224Z","action":"acquire","durationMs":0,"activeMatches":64,"activeRooms":1,"queueDepth":64}
{"type":"capacity","timestamp":"2026-07-23T13:25:02.226Z","action":"acquire","durationMs":0,"activeMatches":64,"activeRooms":1,"queueDepth":64}
{"type":"capacity","timestamp":"2026-07-23T13:25:02.229Z","action":"acquire","durationMs":1,"activeMatches":64,"activeRooms":1,"queueDepth":64}
{"type":"capacity","timestamp":"2026-07-23T13:25:02.231Z","action":"acquire","durationMs":0,"activeMatches":64,"activeRooms":1,"queueDepth":64}
{"type":"capacity","timestamp":"2026-07-23T13:25:02.234Z","action":"acquire","durationMs":1,"activeMatches":64,"activeRooms":1,"queueDepth":64}
{"type":"capacity","timestamp":"2026-07-23T13:25:02.237Z","action":"acquire","durationMs":0,"activeMatches":64,"activeRooms":1,"queueDepth":64}
{"type":"capacity","timestamp":"2026-07-23T13:25:02.239Z","action":"acquire","durationMs":0,"activeMatches":64,"activeRooms":1,"queueDepth":64}
{"type":"capacity","timestamp":"2026-07-23T13:25:02.241Z","action":"acquire","durationMs":1,"activeMatches":64,"activeRooms":1,"queueDepth":64}
{"type":"capacity","timestamp":"2026-07-23T13:25:02.243Z","action":"acquire","durationMs":1,"activeMatches":64,"activeRooms":1,"queueDepth":64}
{"type":"capacity","timestamp":"2026-07-23T13:25:02.245Z","action":"acquire","durationMs":1,"activeMatches":64,"activeRooms":1,"queueDepth":64}
{"type":"capacity","timestamp":"2026-07-23T13:25:02.247Z","action":"acquire","durationMs":1,"activeMatches":64,"activeRooms":1,"queueDepth":64}
{"type":"capacity","timestamp":"2026-07-23T13:25:02.249Z","action":"acquire","durationMs":0,"activeMatches":64,"activeRooms":1,"queueDepth":64}
{"type":"capacity","timestamp":"2026-07-23T13:25:02.252Z","action":"acquire","durationMs":1,"activeMatches":64,"activeRooms":1,"queueDepth":64}
{"type":"capacity","timestamp":"2026-07-23T13:25:02.274Z","action":"acquire","durationMs":1,"activeMatches":64,"activeRooms":1,"queueDepth":64}
{"type":"capacity","timestamp":"2026-07-23T13:25:02.283Z","action":"acquire","durationMs":1,"activeMatches":64,"activeRooms":1,"queueDepth":64}
{"type":"capacity","timestamp":"2026-07-23T13:25:02.285Z","action":"acquire","durationMs":0,"activeMatches":64,"activeRooms":1,"queueDepth":64}
{"type":"capacity","timestamp":"2026-07-23T13:25:02.288Z","action":"acquire","durationMs":1,"activeMatches":64,"activeRooms":1,"queueDepth":64}
{"type":"capacity","timestamp":"2026-07-23T13:25:02.293Z","action":"acquire","durationMs":0,"activeMatches":64,"activeRooms":1,"queueDepth":64}
{"type":"capacity","timestamp":"2026-07-23T13:25:02.295Z","action":"acquire","durationMs":0,"activeMatches":64,"activeRooms":1,"queueDepth":64}
{"type":"capacity","timestamp":"2026-07-23T13:25:02.297Z","action":"acquire","durationMs":0,"activeMatches":64,"activeRooms":1,"queueDepth":64}
{"type":"capacity","timestamp":"2026-07-23T13:25:02.300Z","action":"acquire","durationMs":0,"activeMatches":64,"activeRooms":1,"queueDepth":64}
{"type":"capacity","timestamp":"2026-07-23T13:25:02.311Z","action":"acquire","durationMs":1,"activeMatches":64,"activeRooms":1,"queueDepth":64}
{"type":"capacity","timestamp":"2026-07-23T13:25:02.312Z","action":"acquire","durationMs":0,"activeMatches":64,"activeRooms":1,"queueDepth":64}
{"type":"capacity","timestamp":"2026-07-23T13:25:02.315Z","action":"acquire","durationMs":1,"activeMatches":64,"activeRooms":1,"queueDepth":64}
{"type":"capacity","timestamp":"2026-07-23T13:25:02.317Z","action":"acquire","durationMs":0,"activeMatches":64,"activeRooms":1,"queueDepth":64}
{"type":"capacity","timestamp":"2026-07-23T13:25:02.320Z","action":"acquire","durationMs":0,"activeMatches":64,"activeRooms":1,"queueDepth":64}
{"type":"capacity","timestamp":"2026-07-23T13:25:02.327Z","action":"acquire","durationMs":0,"activeMatches":64,"activeRooms":1,"queueDepth":64}
{"type":"capacity","timestamp":"2026-07-23T13:25:02.329Z","action":"acquire","durationMs":0,"activeMatches":64,"activeRooms":1,"queueDepth":64}
{"type":"capacity","timestamp":"2026-07-23T13:25:02.331Z","action":"acquire","durationMs":0,"activeMatches":64,"activeRooms":1,"queueDepth":64}
{"type":"capacity","timestamp":"2026-07-23T13:25:02.333Z","action":"acquire","durationMs":0,"activeMatches":64,"activeRooms":1,"queueDepth":64}
{"type":"capacity","timestamp":"2026-07-23T13:25:02.335Z","action":"acquire","durationMs":0,"activeMatches":64,"activeRooms":1,"queueDepth":64}
{"type":"capacity","timestamp":"2026-07-23T13:25:02.337Z","action":"acquire","durationMs":0,"activeMatches":64,"activeRooms":1,"queueDepth":64}
{"type":"capacity","timestamp":"2026-07-23T13:25:02.340Z","action":"acquire","durationMs":1,"activeMatches":64,"activeRooms":1,"queueDepth":64}
{"type":"capacity","timestamp":"2026-07-23T13:25:02.342Z","action":"acquire","durationMs":0,"activeMatches":64,"activeRooms":1,"queueDepth":64}
{"type":"capacity","timestamp":"2026-07-23T13:25:02.347Z","action":"acquire","durationMs":0,"activeMatches":64,"activeRooms":1,"queueDepth":64}
{"type":"capacity","timestamp":"2026-07-23T13:25:02.349Z","action":"acquire","durationMs":0,"activeMatches":64,"activeRooms":1,"queueDepth":64}
{"type":"capacity","timestamp":"2026-07-23T13:25:02.352Z","action":"acquire","durationMs":0,"activeMatches":64,"activeRooms":1,"queueDepth":64}
{"type":"capacity","timestamp":"2026-07-23T13:25:02.355Z","action":"acquire","durationMs":1,"activeMatches":64,"activeRooms":1,"queueDepth":64}
{"type":"capacity","timestamp":"2026-07-23T13:25:02.358Z","action":"acquire","durationMs":1,"activeMatches":64,"activeRooms":1,"queueDepth":64}
{"type":"capacity","timestamp":"2026-07-23T13:25:02.362Z","action":"acquire","durationMs":1,"activeMatches":64,"activeRooms":1,"queueDepth":64}
{"type":"capacity","timestamp":"2026-07-23T13:25:02.365Z","action":"acquire","durationMs":0,"activeMatches":64,"activeRooms":1,"queueDepth":64}
{"type":"capacity","timestamp":"2026-07-23T13:25:02.368Z","action":"acquire","durationMs":1,"activeMatches":64,"activeRooms":1,"queueDepth":64}
{"type":"capacity","timestamp":"2026-07-23T13:25:02.370Z","action":"acquire","durationMs":1,"activeMatches":64,"activeRooms":1,"queueDepth":64}
{"type":"capacity","timestamp":"2026-07-23T13:25:02.374Z","action":"acquire","durationMs":0,"activeMatches":64,"activeRooms":1,"queueDepth":64}
{"type":"capacity","timestamp":"2026-07-23T13:25:02.377Z","action":"acquire","durationMs":1,"activeMatches":64,"activeRooms":1,"queueDepth":64}
{"type":"capacity","timestamp":"2026-07-23T13:25:02.378Z","action":"acquire","durationMs":0,"activeMatches":64,"activeRooms":1,"queueDepth":64}
{"type":"capacity","timestamp":"2026-07-23T13:25:02.381Z","action":"acquire","durationMs":1,"activeMatches":64,"activeRooms":1,"queueDepth":64}
{"type":"capacity","timestamp":"2026-07-23T13:25:02.383Z","action":"acquire","durationMs":0,"activeMatches":64,"activeRooms":1,"queueDepth":64}
{"type":"capacity","timestamp":"2026-07-23T13:25:02.386Z","action":"acquire","durationMs":1,"activeMatches":64,"activeRooms":1,"queueDepth":64}
{"type":"capacity","timestamp":"2026-07-23T13:25:02.388Z","action":"acquire","durationMs":0,"activeMatches":64,"activeRooms":1,"queueDepth":64}
{"type":"capacity","timestamp":"2026-07-23T13:25:02.390Z","action":"acquire","durationMs":0,"activeMatches":64,"activeRooms":1,"queueDepth":64}
{"type":"capacity","timestamp":"2026-07-23T13:25:02.393Z","action":"acquire","durationMs":0,"activeMatches":64,"activeRooms":1,"queueDepth":64}
{"type":"capacity","timestamp":"2026-07-23T13:25:02.395Z","action":"acquire","durationMs":0,"activeMatches":64,"activeRooms":1,"queueDepth":64}
{"type":"simulation-batch","timestamp":"2026-07-23T13:25:02.396Z","roomId":"mw117t","durationMs":309,"processedMinutes":59,"eventCount":5,"activeMatches":64,"stateVersion":62}
{"type":"room-persist","timestamp":"2026-07-23T13:25:02.398Z","roomId":"mw117t","bytes":523086,"eventCount":5,"releasedMatches":0}
{"type":"room-alarm-complete","timestamp":"2026-07-23T13:25:02.431Z","roomId":"mw117t","elapsedMs":372}
{"type":"room-alarm","timestamp":"2026-07-23T13:25:02.440Z","roomId":"mw117t"}
{"type":"capacity","timestamp":"2026-07-23T13:25:02.449Z","action":"acquire","durationMs":1,"activeMatches":64,"activeRooms":1,"queueDepth":64}
{"type":"capacity","timestamp":"2026-07-23T13:25:02.454Z","action":"acquire","durationMs":0,"activeMatches":64,"activeRooms":1,"queueDepth":64}
{"type":"capacity","timestamp":"2026-07-23T13:25:02.457Z","action":"acquire","durationMs":1,"activeMatches":64,"activeRooms":1,"queueDepth":64}
{"type":"capacity","timestamp":"2026-07-23T13:25:02.459Z","action":"acquire","durationMs":1,"activeMatches":64,"activeRooms":1,"queueDepth":64}
{"type":"capacity","timestamp":"2026-07-23T13:25:02.461Z","action":"acquire","durationMs":0,"activeMatches":64,"activeRooms":1,"queueDepth":64}
{"type":"capacity","timestamp":"2026-07-23T13:25:02.464Z","action":"acquire","durationMs":0,"activeMatches":64,"activeRooms":1,"queueDepth":64}
{"type":"capacity","timestamp":"2026-07-23T13:25:02.466Z","action":"acquire","durationMs":0,"activeMatches":64,"activeRooms":1,"queueDepth":64}
{"type":"capacity","timestamp":"2026-07-23T13:25:02.469Z","action":"acquire","durationMs":1,"activeMatches":64,"activeRooms":1,"queueDepth":64}
{"type":"capacity","timestamp":"2026-07-23T13:25:02.471Z","action":"acquire","durationMs":0,"activeMatches":64,"activeRooms":1,"queueDepth":64}
{"type":"capacity","timestamp":"2026-07-23T13:25:02.474Z","action":"acquire","durationMs":1,"activeMatches":64,"activeRooms":1,"queueDepth":64}
{"type":"capacity","timestamp":"2026-07-23T13:25:02.490Z","action":"acquire","durationMs":0,"activeMatches":64,"activeRooms":1,"queueDepth":64}
{"type":"capacity","timestamp":"2026-07-23T13:25:02.492Z","action":"acquire","durationMs":0,"activeMatches":64,"activeRooms":1,"queueDepth":64}
{"type":"capacity","timestamp":"2026-07-23T13:25:02.495Z","action":"acquire","durationMs":1,"activeMatches":64,"activeRooms":1,"queueDepth":64}
{"type":"capacity","timestamp":"2026-07-23T13:25:02.497Z","action":"acquire","durationMs":1,"activeMatches":64,"activeRooms":1,"queueDepth":64}
{"type":"capacity","timestamp":"2026-07-23T13:25:02.499Z","action":"acquire","durationMs":1,"activeMatches":64,"activeRooms":1,"queueDepth":64}
{"type":"capacity","timestamp":"2026-07-23T13:25:02.501Z","action":"acquire","durationMs":1,"activeMatches":64,"activeRooms":1,"queueDepth":64}
{"type":"capacity","timestamp":"2026-07-23T13:25:02.504Z","action":"acquire","durationMs":1,"activeMatches":64,"activeRooms":1,"queueDepth":64}
{"type":"capacity","timestamp":"2026-07-23T13:25:02.509Z","action":"acquire","durationMs":0,"activeMatches":64,"activeRooms":1,"queueDepth":64}
{"type":"capacity","timestamp":"2026-07-23T13:25:02.525Z","action":"acquire","durationMs":1,"activeMatches":64,"activeRooms":1,"queueDepth":64}
{"type":"capacity","timestamp":"2026-07-23T13:25:02.527Z","action":"acquire","durationMs":0,"activeMatches":64,"activeRooms":1,"queueDepth":64}
{"type":"capacity","timestamp":"2026-07-23T13:25:02.529Z","action":"acquire","durationMs":0,"activeMatches":64,"activeRooms":1,"queueDepth":64}
{"type":"capacity","timestamp":"2026-07-23T13:25:02.531Z","action":"acquire","durationMs":1,"activeMatches":64,"activeRooms":1,"queueDepth":64}
{"type":"capacity","timestamp":"2026-07-23T13:25:02.534Z","action":"acquire","durationMs":1,"activeMatches":64,"activeRooms":1,"queueDepth":64}
{"type":"capacity","timestamp":"2026-07-23T13:25:02.545Z","action":"acquire","durationMs":1,"activeMatches":64,"activeRooms":1,"queueDepth":64}
{"type":"capacity","timestamp":"2026-07-23T13:25:02.546Z","action":"acquire","durationMs":0,"activeMatches":64,"activeRooms":1,"queueDepth":64}
{"type":"capacity","timestamp":"2026-07-23T13:25:02.549Z","action":"acquire","durationMs":1,"activeMatches":64,"activeRooms":1,"queueDepth":64}
{"type":"capacity","timestamp":"2026-07-23T13:25:02.551Z","action":"acquire","durationMs":1,"activeMatches":64,"activeRooms":1,"queueDepth":64}
{"type":"capacity","timestamp":"2026-07-23T13:25:02.554Z","action":"acquire","durationMs":1,"activeMatches":64,"activeRooms":1,"queueDepth":64}
{"type":"capacity","timestamp":"2026-07-23T13:25:02.556Z","action":"acquire","durationMs":0,"activeMatches":64,"activeRooms":1,"queueDepth":64}
{"type":"capacity","timestamp":"2026-07-23T13:25:02.558Z","action":"acquire","durationMs":0,"activeMatches":64,"activeRooms":1,"queueDepth":64}
{"type":"capacity","timestamp":"2026-07-23T13:25:02.561Z","action":"acquire","durationMs":0,"activeMatches":64,"activeRooms":1,"queueDepth":64}
{"type":"capacity","timestamp":"2026-07-23T13:25:02.572Z","action":"acquire","durationMs":1,"activeMatches":64,"activeRooms":1,"queueDepth":64}
{"type":"capacity","timestamp":"2026-07-23T13:25:02.574Z","action":"acquire","durationMs":0,"activeMatches":64,"activeRooms":1,"queueDepth":64}
{"type":"capacity","timestamp":"2026-07-23T13:25:02.576Z","action":"acquire","durationMs":0,"activeMatches":64,"activeRooms":1,"queueDepth":64}
{"type":"capacity","timestamp":"2026-07-23T13:25:02.578Z","action":"acquire","durationMs":0,"activeMatches":64,"activeRooms":1,"queueDepth":64}
{"type":"capacity","timestamp":"2026-07-23T13:25:02.587Z","action":"acquire","durationMs":1,"activeMatches":64,"activeRooms":1,"queueDepth":64}
{"type":"capacity","timestamp":"2026-07-23T13:25:02.590Z","action":"acquire","durationMs":1,"activeMatches":64,"activeRooms":1,"queueDepth":64}
{"type":"capacity","timestamp":"2026-07-23T13:25:02.598Z","action":"acquire","durationMs":0,"activeMatches":64,"activeRooms":1,"queueDepth":64}
{"type":"capacity","timestamp":"2026-07-23T13:25:02.602Z","action":"acquire","durationMs":1,"activeMatches":64,"activeRooms":1,"queueDepth":64}
{"type":"capacity","timestamp":"2026-07-23T13:25:02.611Z","action":"acquire","durationMs":1,"activeMatches":64,"activeRooms":1,"queueDepth":64}
{"type":"capacity","timestamp":"2026-07-23T13:25:02.623Z","action":"acquire","durationMs":1,"activeMatches":64,"activeRooms":1,"queueDepth":64}
{"type":"capacity","timestamp":"2026-07-23T13:25:02.625Z","action":"acquire","durationMs":1,"activeMatches":64,"activeRooms":1,"queueDepth":64}
{"type":"capacity","timestamp":"2026-07-23T13:25:02.627Z","action":"acquire","durationMs":1,"activeMatches":64,"activeRooms":1,"queueDepth":64}
{"type":"capacity","timestamp":"2026-07-23T13:25:02.628Z","action":"acquire","durationMs":0,"activeMatches":64,"activeRooms":1,"queueDepth":64}
{"type":"capacity","timestamp":"2026-07-23T13:25:02.631Z","action":"acquire","durationMs":0,"activeMatches":64,"activeRooms":1,"queueDepth":64}
{"type":"capacity","timestamp":"2026-07-23T13:25:02.639Z","action":"acquire","durationMs":1,"activeMatches":64,"activeRooms":1,"queueDepth":64}
{"type":"capacity","timestamp":"2026-07-23T13:25:02.647Z","action":"acquire","durationMs":1,"activeMatches":64,"activeRooms":1,"queueDepth":64}
{"type":"capacity","timestamp":"2026-07-23T13:25:02.649Z","action":"acquire","durationMs":1,"activeMatches":64,"activeRooms":1,"queueDepth":64}
{"type":"capacity","timestamp":"2026-07-23T13:25:02.651Z","action":"acquire","durationMs":1,"activeMatches":64,"activeRooms":1,"queueDepth":64}
{"type":"capacity","timestamp":"2026-07-23T13:25:02.653Z","action":"acquire","durationMs":1,"activeMatches":64,"activeRooms":1,"queueDepth":64}
{"type":"capacity","timestamp":"2026-07-23T13:25:02.655Z","action":"acquire","durationMs":0,"activeMatches":64,"activeRooms":1,"queueDepth":64}
{"type":"capacity","timestamp":"2026-07-23T13:25:02.657Z","action":"acquire","durationMs":0,"activeMatches":64,"activeRooms":1,"queueDepth":64}
{"type":"capacity","timestamp":"2026-07-23T13:25:02.659Z","action":"acquire","durationMs":0,"activeMatches":64,"activeRooms":1,"queueDepth":64}
{"type":"capacity","timestamp":"2026-07-23T13:25:02.661Z","action":"acquire","durationMs":0,"activeMatches":64,"activeRooms":1,"queueDepth":64}
{"type":"capacity","timestamp":"2026-07-23T13:25:02.663Z","action":"acquire","durationMs":0,"activeMatches":64,"activeRooms":1,"queueDepth":64}
{"type":"capacity","timestamp":"2026-07-23T13:25:02.665Z","action":"acquire","durationMs":0,"activeMatches":64,"activeRooms":1,"queueDepth":64}
{"type":"capacity","timestamp":"2026-07-23T13:25:02.668Z","action":"acquire","durationMs":0,"activeMatches":64,"activeRooms":1,"queueDepth":64}
{"type":"capacity","timestamp":"2026-07-23T13:25:02.670Z","action":"acquire","durationMs":0,"activeMatches":64,"activeRooms":1,"queueDepth":64}
{"type":"capacity","timestamp":"2026-07-23T13:25:02.672Z","action":"acquire","durationMs":0,"activeMatches":64,"activeRooms":1,"queueDepth":64}
{"type":"capacity","timestamp":"2026-07-23T13:25:02.675Z","action":"acquire","durationMs":1,"activeMatches":64,"activeRooms":1,"queueDepth":64}
{"type":"capacity","timestamp":"2026-07-23T13:25:02.705Z","action":"acquire","durationMs":0,"activeMatches":64,"activeRooms":1,"queueDepth":64}
{"type":"capacity","timestamp":"2026-07-23T13:25:02.720Z","action":"acquire","durationMs":1,"activeMatches":64,"activeRooms":1,"queueDepth":64}
{"type":"capacity","timestamp":"2026-07-23T13:25:02.729Z","action":"acquire","durationMs":1,"activeMatches":64,"activeRooms":1,"queueDepth":64}
{"type":"capacity","timestamp":"2026-07-23T13:25:02.735Z","action":"acquire","durationMs":1,"activeMatches":64,"activeRooms":1,"queueDepth":64}
{"type":"simulation-batch","timestamp":"2026-07-23T13:25:02.736Z","roomId":"mw117t","durationMs":293,"processedMinutes":39,"eventCount":2,"activeMatches":64,"stateVersion":63}
{"type":"room-persist","timestamp":"2026-07-23T13:25:02.742Z","roomId":"mw117t","bytes":523100,"eventCount":2,"releasedMatches":0}
{"type":"room-alarm-complete","timestamp":"2026-07-23T13:25:02.768Z","roomId":"mw117t","elapsedMs":337}
{"type":"room-alarm","timestamp":"2026-07-23T13:25:02.781Z","roomId":"mw117t"}
{"type":"capacity","timestamp":"2026-07-23T13:25:02.783Z","action":"acquire","durationMs":1,"activeMatches":64,"activeRooms":1,"queueDepth":64}
{"type":"capacity","timestamp":"2026-07-23T13:25:02.796Z","action":"acquire","durationMs":1,"activeMatches":64,"activeRooms":1,"queueDepth":64}
{"type":"capacity","timestamp":"2026-07-23T13:25:02.815Z","action":"acquire","durationMs":1,"activeMatches":64,"activeRooms":1,"queueDepth":64}
{"type":"capacity","timestamp":"2026-07-23T13:25:02.825Z","action":"acquire","durationMs":0,"activeMatches":64,"activeRooms":1,"queueDepth":64}
{"type":"capacity","timestamp":"2026-07-23T13:25:02.851Z","action":"acquire","durationMs":1,"activeMatches":64,"activeRooms":1,"queueDepth":64}
{"type":"capacity","timestamp":"2026-07-23T13:25:02.865Z","action":"acquire","durationMs":0,"activeMatches":64,"activeRooms":1,"queueDepth":64}
{"type":"capacity","timestamp":"2026-07-23T13:25:02.868Z","action":"acquire","durationMs":0,"activeMatches":64,"activeRooms":1,"queueDepth":64}
{"type":"capacity","timestamp":"2026-07-23T13:25:02.890Z","action":"acquire","durationMs":0,"activeMatches":64,"activeRooms":1,"queueDepth":64}
{"type":"capacity","timestamp":"2026-07-23T13:25:02.893Z","action":"acquire","durationMs":1,"activeMatches":64,"activeRooms":1,"queueDepth":64}
{"type":"capacity","timestamp":"2026-07-23T13:25:02.895Z","action":"acquire","durationMs":0,"activeMatches":64,"activeRooms":1,"queueDepth":64}
{"type":"capacity","timestamp":"2026-07-23T13:25:02.898Z","action":"acquire","durationMs":1,"activeMatches":64,"activeRooms":1,"queueDepth":64}
{"type":"capacity","timestamp":"2026-07-23T13:25:02.900Z","action":"acquire","durationMs":0,"activeMatches":64,"activeRooms":1,"queueDepth":64}
{"type":"capacity","timestamp":"2026-07-23T13:25:02.942Z","action":"acquire","durationMs":1,"activeMatches":64,"activeRooms":1,"queueDepth":64}
{"type":"capacity","timestamp":"2026-07-23T13:25:02.943Z","action":"acquire","durationMs":0,"activeMatches":64,"activeRooms":1,"queueDepth":64}
{"type":"capacity","timestamp":"2026-07-23T13:25:02.945Z","action":"acquire","durationMs":0,"activeMatches":64,"activeRooms":1,"queueDepth":64}
{"type":"capacity","timestamp":"2026-07-23T13:25:02.947Z","action":"acquire","durationMs":1,"activeMatches":64,"activeRooms":1,"queueDepth":64}
{"type":"capacity","timestamp":"2026-07-23T13:25:02.949Z","action":"acquire","durationMs":0,"activeMatches":64,"activeRooms":1,"queueDepth":64}
{"type":"capacity","timestamp":"2026-07-23T13:25:02.952Z","action":"acquire","durationMs":1,"activeMatches":64,"activeRooms":1,"queueDepth":64}
{"type":"capacity","timestamp":"2026-07-23T13:25:02.963Z","action":"acquire","durationMs":1,"activeMatches":64,"activeRooms":1,"queueDepth":64}
{"type":"capacity","timestamp":"2026-07-23T13:25:02.976Z","action":"acquire","durationMs":1,"activeMatches":64,"activeRooms":1,"queueDepth":64}
{"type":"capacity","timestamp":"2026-07-23T13:25:02.982Z","action":"acquire","durationMs":0,"activeMatches":64,"activeRooms":1,"queueDepth":64}
{"type":"capacity","timestamp":"2026-07-23T13:25:02.985Z","action":"acquire","durationMs":0,"activeMatches":64,"activeRooms":1,"queueDepth":64}
{"type":"capacity","timestamp":"2026-07-23T13:25:02.992Z","action":"acquire","durationMs":0,"activeMatches":64,"activeRooms":1,"queueDepth":64}
{"type":"capacity","timestamp":"2026-07-23T13:25:02.995Z","action":"acquire","durationMs":1,"activeMatches":64,"activeRooms":1,"queueDepth":64}
{"type":"capacity","timestamp":"2026-07-23T13:25:03.001Z","action":"acquire","durationMs":1,"activeMatches":64,"activeRooms":1,"queueDepth":64}
{"type":"capacity","timestamp":"2026-07-23T13:25:03.004Z","action":"acquire","durationMs":0,"activeMatches":64,"activeRooms":1,"queueDepth":64}
{"type":"capacity","timestamp":"2026-07-23T13:25:03.006Z","action":"acquire","durationMs":0,"activeMatches":64,"activeRooms":1,"queueDepth":64}
{"type":"capacity","timestamp":"2026-07-23T13:25:03.009Z","action":"acquire","durationMs":1,"activeMatches":64,"activeRooms":1,"queueDepth":64}
{"type":"capacity","timestamp":"2026-07-23T13:25:03.011Z","action":"acquire","durationMs":0,"activeMatches":64,"activeRooms":1,"queueDepth":64}
{"type":"capacity","timestamp":"2026-07-23T13:25:03.014Z","action":"acquire","durationMs":1,"activeMatches":64,"activeRooms":1,"queueDepth":64}
{"type":"capacity","timestamp":"2026-07-23T13:25:03.020Z","action":"acquire","durationMs":1,"activeMatches":64,"activeRooms":1,"queueDepth":64}
{"type":"capacity","timestamp":"2026-07-23T13:25:03.022Z","action":"acquire","durationMs":0,"activeMatches":64,"activeRooms":1,"queueDepth":64}
{"type":"capacity","timestamp":"2026-07-23T13:25:03.029Z","action":"acquire","durationMs":1,"activeMatches":64,"activeRooms":1,"queueDepth":64}
{"type":"capacity","timestamp":"2026-07-23T13:25:03.035Z","action":"acquire","durationMs":0,"activeMatches":64,"activeRooms":1,"queueDepth":64}
{"type":"capacity","timestamp":"2026-07-23T13:25:03.038Z","action":"acquire","durationMs":0,"activeMatches":64,"activeRooms":1,"queueDepth":64}
{"type":"capacity","timestamp":"2026-07-23T13:25:03.040Z","action":"acquire","durationMs":0,"activeMatches":64,"activeRooms":1,"queueDepth":64}
{"type":"capacity","timestamp":"2026-07-23T13:25:03.043Z","action":"acquire","durationMs":0,"activeMatches":64,"activeRooms":1,"queueDepth":64}
{"type":"capacity","timestamp":"2026-07-23T13:25:03.090Z","action":"acquire","durationMs":0,"activeMatches":64,"activeRooms":1,"queueDepth":64}
{"type":"capacity","timestamp":"2026-07-23T13:25:03.093Z","action":"acquire","durationMs":0,"activeMatches":64,"activeRooms":1,"queueDepth":64}
{"type":"capacity","timestamp":"2026-07-23T13:25:03.129Z","action":"acquire","durationMs":0,"activeMatches":64,"activeRooms":1,"queueDepth":64}
{"type":"capacity","timestamp":"2026-07-23T13:25:03.131Z","action":"acquire","durationMs":0,"activeMatches":64,"activeRooms":1,"queueDepth":64}
{"type":"capacity","timestamp":"2026-07-23T13:25:03.133Z","action":"acquire","durationMs":0,"activeMatches":64,"activeRooms":1,"queueDepth":64}
{"type":"capacity","timestamp":"2026-07-23T13:25:03.136Z","action":"acquire","durationMs":1,"activeMatches":64,"activeRooms":1,"queueDepth":64}
{"type":"capacity","timestamp":"2026-07-23T13:25:03.137Z","action":"acquire","durationMs":0,"activeMatches":64,"activeRooms":1,"queueDepth":64}
{"type":"capacity","timestamp":"2026-07-23T13:25:03.140Z","action":"acquire","durationMs":1,"activeMatches":64,"activeRooms":1,"queueDepth":64}
{"type":"capacity","timestamp":"2026-07-23T13:25:03.142Z","action":"acquire","durationMs":1,"activeMatches":64,"activeRooms":1,"queueDepth":64}
{"type":"capacity","timestamp":"2026-07-23T13:25:03.143Z","action":"acquire","durationMs":0,"activeMatches":64,"activeRooms":1,"queueDepth":64}
{"type":"capacity","timestamp":"2026-07-23T13:25:03.145Z","action":"acquire","durationMs":0,"activeMatches":64,"activeRooms":1,"queueDepth":64}
{"type":"capacity","timestamp":"2026-07-23T13:25:03.148Z","action":"acquire","durationMs":1,"activeMatches":64,"activeRooms":1,"queueDepth":64}
{"type":"capacity","timestamp":"2026-07-23T13:25:03.150Z","action":"acquire","durationMs":0,"activeMatches":64,"activeRooms":1,"queueDepth":64}
{"type":"capacity","timestamp":"2026-07-23T13:25:03.154Z","action":"acquire","durationMs":1,"activeMatches":64,"activeRooms":1,"queueDepth":64}
{"type":"capacity","timestamp":"2026-07-23T13:25:03.163Z","action":"acquire","durationMs":0,"activeMatches":64,"activeRooms":1,"queueDepth":64}
{"type":"capacity","timestamp":"2026-07-23T13:25:03.166Z","action":"acquire","durationMs":1,"activeMatches":64,"activeRooms":1,"queueDepth":64}
{"type":"capacity","timestamp":"2026-07-23T13:25:03.168Z","action":"acquire","durationMs":1,"activeMatches":64,"activeRooms":1,"queueDepth":64}
{"type":"capacity","timestamp":"2026-07-23T13:25:03.179Z","action":"acquire","durationMs":1,"activeMatches":64,"activeRooms":1,"queueDepth":64}
{"type":"capacity","timestamp":"2026-07-23T13:25:03.181Z","action":"acquire","durationMs":0,"activeMatches":64,"activeRooms":1,"queueDepth":64}
{"type":"capacity","timestamp":"2026-07-23T13:25:03.183Z","action":"acquire","durationMs":0,"activeMatches":64,"activeRooms":1,"queueDepth":64}
{"type":"capacity","timestamp":"2026-07-23T13:25:03.186Z","action":"acquire","durationMs":0,"activeMatches":64,"activeRooms":1,"queueDepth":64}
{"type":"capacity","timestamp":"2026-07-23T13:25:03.189Z","action":"acquire","durationMs":1,"activeMatches":64,"activeRooms":1,"queueDepth":64}
{"type":"capacity","timestamp":"2026-07-23T13:25:03.191Z","action":"acquire","durationMs":1,"activeMatches":64,"activeRooms":1,"queueDepth":64}
{"type":"capacity","timestamp":"2026-07-23T13:25:03.196Z","action":"acquire","durationMs":0,"activeMatches":64,"activeRooms":1,"queueDepth":64}
{"type":"capacity","timestamp":"2026-07-23T13:25:03.199Z","action":"acquire","durationMs":1,"activeMatches":64,"activeRooms":1,"queueDepth":64}
{"type":"capacity","timestamp":"2026-07-23T13:25:03.202Z","action":"acquire","durationMs":1,"activeMatches":64,"activeRooms":1,"queueDepth":64}
{"type":"capacity","timestamp":"2026-07-23T13:25:03.204Z","action":"acquire","durationMs":0,"activeMatches":64,"activeRooms":1,"queueDepth":64}
{"type":"simulation-batch","timestamp":"2026-07-23T13:25:03.206Z","roomId":"mw117t","durationMs":425,"processedMinutes":27,"eventCount":3,"activeMatches":64,"stateVersion":64}
{"type":"room-persist","timestamp":"2026-07-23T13:25:03.208Z","roomId":"mw117t","bytes":523121,"eventCount":3,"releasedMatches":0}
{"type":"room-alarm-complete","timestamp":"2026-07-23T13:25:03.239Z","roomId":"mw117t","elapsedMs":469}
{"type":"room-alarm","timestamp":"2026-07-23T13:25:03.244Z","roomId":"mw117t"}
{"type":"capacity","timestamp":"2026-07-23T13:25:03.247Z","action":"acquire","durationMs":2,"activeMatches":64,"activeRooms":1,"queueDepth":64}
{"type":"capacity","timestamp":"2026-07-23T13:25:03.251Z","action":"acquire","durationMs":1,"activeMatches":64,"activeRooms":1,"queueDepth":64}
{"type":"capacity","timestamp":"2026-07-23T13:25:03.255Z","action":"acquire","durationMs":0,"activeMatches":64,"activeRooms":1,"queueDepth":64}
{"type":"capacity","timestamp":"2026-07-23T13:25:03.257Z","action":"acquire","durationMs":1,"activeMatches":64,"activeRooms":1,"queueDepth":64}
{"type":"capacity","timestamp":"2026-07-23T13:25:03.259Z","action":"acquire","durationMs":0,"activeMatches":64,"activeRooms":1,"queueDepth":64}
{"type":"capacity","timestamp":"2026-07-23T13:25:03.266Z","action":"acquire","durationMs":0,"activeMatches":64,"activeRooms":1,"queueDepth":64}
{"type":"capacity","timestamp":"2026-07-23T13:25:03.269Z","action":"acquire","durationMs":1,"activeMatches":64,"activeRooms":1,"queueDepth":64}
{"type":"capacity","timestamp":"2026-07-23T13:25:03.273Z","action":"acquire","durationMs":0,"activeMatches":64,"activeRooms":1,"queueDepth":64}
{"type":"capacity","timestamp":"2026-07-23T13:25:03.275Z","action":"acquire","durationMs":0,"activeMatches":64,"activeRooms":1,"queueDepth":64}
{"type":"capacity","timestamp":"2026-07-23T13:25:03.278Z","action":"acquire","durationMs":1,"activeMatches":64,"activeRooms":1,"queueDepth":64}
{"type":"capacity","timestamp":"2026-07-23T13:25:03.280Z","action":"acquire","durationMs":0,"activeMatches":64,"activeRooms":1,"queueDepth":64}
{"type":"capacity","timestamp":"2026-07-23T13:25:03.282Z","action":"acquire","durationMs":0,"activeMatches":64,"activeRooms":1,"queueDepth":64}
{"type":"capacity","timestamp":"2026-07-23T13:25:03.284Z","action":"acquire","durationMs":1,"activeMatches":64,"activeRooms":1,"queueDepth":64}
{"type":"capacity","timestamp":"2026-07-23T13:25:03.287Z","action":"acquire","durationMs":1,"activeMatches":64,"activeRooms":1,"queueDepth":64}
{"type":"capacity","timestamp":"2026-07-23T13:25:03.289Z","action":"acquire","durationMs":0,"activeMatches":64,"activeRooms":1,"queueDepth":64}
{"type":"capacity","timestamp":"2026-07-23T13:25:03.296Z","action":"acquire","durationMs":1,"activeMatches":64,"activeRooms":1,"queueDepth":64}
{"type":"capacity","timestamp":"2026-07-23T13:25:03.305Z","action":"acquire","durationMs":1,"activeMatches":64,"activeRooms":1,"queueDepth":64}
{"type":"capacity","timestamp":"2026-07-23T13:25:03.308Z","action":"acquire","durationMs":1,"activeMatches":64,"activeRooms":1,"queueDepth":64}
{"type":"capacity","timestamp":"2026-07-23T13:25:03.311Z","action":"acquire","durationMs":0,"activeMatches":64,"activeRooms":1,"queueDepth":64}
{"type":"capacity","timestamp":"2026-07-23T13:25:03.313Z","action":"acquire","durationMs":1,"activeMatches":64,"activeRooms":1,"queueDepth":64}
{"type":"capacity","timestamp":"2026-07-23T13:25:03.314Z","action":"acquire","durationMs":0,"activeMatches":64,"activeRooms":1,"queueDepth":64}
{"type":"capacity","timestamp":"2026-07-23T13:25:03.317Z","action":"acquire","durationMs":1,"activeMatches":64,"activeRooms":1,"queueDepth":64}
{"type":"capacity","timestamp":"2026-07-23T13:25:03.319Z","action":"acquire","durationMs":0,"activeMatches":64,"activeRooms":1,"queueDepth":64}
{"type":"capacity","timestamp":"2026-07-23T13:25:03.322Z","action":"acquire","durationMs":1,"activeMatches":64,"activeRooms":1,"queueDepth":64}
{"type":"capacity","timestamp":"2026-07-23T13:25:03.329Z","action":"acquire","durationMs":1,"activeMatches":64,"activeRooms":1,"queueDepth":64}
{"type":"capacity","timestamp":"2026-07-23T13:25:03.330Z","action":"acquire","durationMs":0,"activeMatches":64,"activeRooms":1,"queueDepth":64}
{"type":"capacity","timestamp":"2026-07-23T13:25:03.332Z","action":"acquire","durationMs":0,"activeMatches":64,"activeRooms":1,"queueDepth":64}
{"type":"capacity","timestamp":"2026-07-23T13:25:03.334Z","action":"acquire","durationMs":1,"activeMatches":64,"activeRooms":1,"queueDepth":64}
{"type":"capacity","timestamp":"2026-07-23T13:25:03.337Z","action":"acquire","durationMs":1,"activeMatches":64,"activeRooms":1,"queueDepth":64}
{"type":"capacity","timestamp":"2026-07-23T13:25:03.339Z","action":"acquire","durationMs":1,"activeMatches":64,"activeRooms":1,"queueDepth":64}
{"type":"capacity","timestamp":"2026-07-23T13:25:03.343Z","action":"acquire","durationMs":1,"activeMatches":64,"activeRooms":1,"queueDepth":64}
{"type":"capacity","timestamp":"2026-07-23T13:25:03.345Z","action":"acquire","durationMs":1,"activeMatches":64,"activeRooms":1,"queueDepth":64}
{"type":"capacity","timestamp":"2026-07-23T13:25:03.348Z","action":"acquire","durationMs":1,"activeMatches":64,"activeRooms":1,"queueDepth":64}
{"type":"capacity","timestamp":"2026-07-23T13:25:03.356Z","action":"acquire","durationMs":1,"activeMatches":64,"activeRooms":1,"queueDepth":64}
{"type":"capacity","timestamp":"2026-07-23T13:25:03.364Z","action":"acquire","durationMs":0,"activeMatches":64,"activeRooms":1,"queueDepth":64}
{"type":"capacity","timestamp":"2026-07-23T13:25:03.366Z","action":"acquire","durationMs":1,"activeMatches":64,"activeRooms":1,"queueDepth":64}
{"type":"capacity","timestamp":"2026-07-23T13:25:03.368Z","action":"acquire","durationMs":1,"activeMatches":64,"activeRooms":1,"queueDepth":64}
{"type":"capacity","timestamp":"2026-07-23T13:25:03.371Z","action":"acquire","durationMs":1,"activeMatches":64,"activeRooms":1,"queueDepth":64}
{"type":"capacity","timestamp":"2026-07-23T13:25:03.373Z","action":"acquire","durationMs":1,"activeMatches":64,"activeRooms":1,"queueDepth":64}
{"type":"capacity","timestamp":"2026-07-23T13:25:03.375Z","action":"acquire","durationMs":1,"activeMatches":64,"activeRooms":1,"queueDepth":64}
{"type":"capacity","timestamp":"2026-07-23T13:25:03.378Z","action":"acquire","durationMs":1,"activeMatches":64,"activeRooms":1,"queueDepth":64}
{"type":"capacity","timestamp":"2026-07-23T13:25:03.382Z","action":"acquire","durationMs":1,"activeMatches":64,"activeRooms":1,"queueDepth":64}
{"type":"capacity","timestamp":"2026-07-23T13:25:03.387Z","action":"acquire","durationMs":0,"activeMatches":64,"activeRooms":1,"queueDepth":64}
{"type":"capacity","timestamp":"2026-07-23T13:25:03.390Z","action":"acquire","durationMs":1,"activeMatches":64,"activeRooms":1,"queueDepth":64}
{"type":"capacity","timestamp":"2026-07-23T13:25:03.398Z","action":"acquire","durationMs":1,"activeMatches":64,"activeRooms":1,"queueDepth":64}
{"type":"capacity","timestamp":"2026-07-23T13:25:03.412Z","action":"acquire","durationMs":1,"activeMatches":64,"activeRooms":1,"queueDepth":64}
{"type":"capacity","timestamp":"2026-07-23T13:25:03.421Z","action":"acquire","durationMs":1,"activeMatches":64,"activeRooms":1,"queueDepth":64}
{"type":"capacity","timestamp":"2026-07-23T13:25:03.423Z","action":"acquire","durationMs":0,"activeMatches":64,"activeRooms":1,"queueDepth":64}
{"type":"capacity","timestamp":"2026-07-23T13:25:03.429Z","action":"acquire","durationMs":1,"activeMatches":64,"activeRooms":1,"queueDepth":64}
{"type":"capacity","timestamp":"2026-07-23T13:25:03.430Z","action":"acquire","durationMs":0,"activeMatches":64,"activeRooms":1,"queueDepth":64}
{"type":"capacity","timestamp":"2026-07-23T13:25:03.432Z","action":"acquire","durationMs":0,"activeMatches":64,"activeRooms":1,"queueDepth":64}
{"type":"capacity","timestamp":"2026-07-23T13:25:03.434Z","action":"acquire","durationMs":0,"activeMatches":64,"activeRooms":1,"queueDepth":64}
{"type":"capacity","timestamp":"2026-07-23T13:25:03.437Z","action":"acquire","durationMs":0,"activeMatches":64,"activeRooms":1,"queueDepth":64}
{"type":"capacity","timestamp":"2026-07-23T13:25:03.439Z","action":"acquire","durationMs":0,"activeMatches":64,"activeRooms":1,"queueDepth":64}
{"type":"capacity","timestamp":"2026-07-23T13:25:03.441Z","action":"acquire","durationMs":1,"activeMatches":64,"activeRooms":1,"queueDepth":64}
{"type":"capacity","timestamp":"2026-07-23T13:25:03.442Z","action":"acquire","durationMs":0,"activeMatches":64,"activeRooms":1,"queueDepth":64}
{"type":"capacity","timestamp":"2026-07-23T13:25:03.444Z","action":"acquire","durationMs":0,"activeMatches":64,"activeRooms":1,"queueDepth":64}
{"type":"capacity","timestamp":"2026-07-23T13:25:03.446Z","action":"acquire","durationMs":0,"activeMatches":64,"activeRooms":1,"queueDepth":64}
{"type":"capacity","timestamp":"2026-07-23T13:25:03.449Z","action":"acquire","durationMs":1,"activeMatches":64,"activeRooms":1,"queueDepth":64}
{"type":"capacity","timestamp":"2026-07-23T13:25:03.458Z","action":"acquire","durationMs":0,"activeMatches":64,"activeRooms":1,"queueDepth":64}
{"type":"capacity","timestamp":"2026-07-23T13:25:03.461Z","action":"acquire","durationMs":1,"activeMatches":64,"activeRooms":1,"queueDepth":64}
{"type":"capacity","timestamp":"2026-07-23T13:25:03.462Z","action":"acquire","durationMs":0,"activeMatches":64,"activeRooms":1,"queueDepth":64}
{"type":"capacity","timestamp":"2026-07-23T13:25:03.465Z","action":"acquire","durationMs":1,"activeMatches":64,"activeRooms":1,"queueDepth":64}
{"type":"capacity","timestamp":"2026-07-23T13:25:03.466Z","action":"acquire","durationMs":0,"activeMatches":64,"activeRooms":1,"queueDepth":64}
{"type":"simulation-batch","timestamp":"2026-07-23T13:25:03.468Z","roomId":"mw117t","durationMs":224,"processedMinutes":48,"eventCount":8,"activeMatches":64,"stateVersion":65}
{"type":"room-persist","timestamp":"2026-07-23T13:25:03.473Z","roomId":"mw117t","bytes":523169,"eventCount":8,"releasedMatches":0}
{"type":"room-alarm-complete","timestamp":"2026-07-23T13:25:03.518Z","roomId":"mw117t","elapsedMs":278}
{"type":"room-alarm","timestamp":"2026-07-23T13:25:03.524Z","roomId":"mw117t"}
{"type":"capacity","timestamp":"2026-07-23T13:25:03.532Z","action":"acquire","durationMs":0,"activeMatches":64,"activeRooms":1,"queueDepth":64}
{"type":"capacity","timestamp":"2026-07-23T13:25:03.539Z","action":"acquire","durationMs":0,"activeMatches":64,"activeRooms":1,"queueDepth":64}
{"type":"capacity","timestamp":"2026-07-23T13:25:03.542Z","action":"acquire","durationMs":1,"activeMatches":64,"activeRooms":1,"queueDepth":64}
{"type":"capacity","timestamp":"2026-07-23T13:25:03.544Z","action":"acquire","durationMs":0,"activeMatches":64,"activeRooms":1,"queueDepth":64}
{"type":"capacity","timestamp":"2026-07-23T13:25:03.546Z","action":"acquire","durationMs":0,"activeMatches":64,"activeRooms":1,"queueDepth":64}
{"type":"capacity","timestamp":"2026-07-23T13:25:03.548Z","action":"acquire","durationMs":0,"activeMatches":64,"activeRooms":1,"queueDepth":64}
{"type":"capacity","timestamp":"2026-07-23T13:25:03.550Z","action":"acquire","durationMs":0,"activeMatches":64,"activeRooms":1,"queueDepth":64}
{"type":"capacity","timestamp":"2026-07-23T13:25:03.553Z","action":"acquire","durationMs":1,"activeMatches":64,"activeRooms":1,"queueDepth":64}
{"type":"capacity","timestamp":"2026-07-23T13:25:03.556Z","action":"acquire","durationMs":1,"activeMatches":64,"activeRooms":1,"queueDepth":64}
{"type":"capacity","timestamp":"2026-07-23T13:25:03.562Z","action":"acquire","durationMs":0,"activeMatches":64,"activeRooms":1,"queueDepth":64}
{"type":"capacity","timestamp":"2026-07-23T13:25:03.564Z","action":"acquire","durationMs":0,"activeMatches":64,"activeRooms":1,"queueDepth":64}
{"type":"capacity","timestamp":"2026-07-23T13:25:03.566Z","action":"acquire","durationMs":1,"activeMatches":64,"activeRooms":1,"queueDepth":64}
{"type":"capacity","timestamp":"2026-07-23T13:25:03.568Z","action":"acquire","durationMs":1,"activeMatches":64,"activeRooms":1,"queueDepth":64}
{"type":"capacity","timestamp":"2026-07-23T13:25:03.570Z","action":"acquire","durationMs":0,"activeMatches":64,"activeRooms":1,"queueDepth":64}
{"type":"capacity","timestamp":"2026-07-23T13:25:03.578Z","action":"acquire","durationMs":1,"activeMatches":64,"activeRooms":1,"queueDepth":64}
{"type":"capacity","timestamp":"2026-07-23T13:25:03.589Z","action":"acquire","durationMs":1,"activeMatches":64,"activeRooms":1,"queueDepth":64}
{"type":"capacity","timestamp":"2026-07-23T13:25:03.595Z","action":"acquire","durationMs":1,"activeMatches":64,"activeRooms":1,"queueDepth":64}
{"type":"capacity","timestamp":"2026-07-23T13:25:03.605Z","action":"acquire","durationMs":1,"activeMatches":64,"activeRooms":1,"queueDepth":64}
{"type":"capacity","timestamp":"2026-07-23T13:25:03.608Z","action":"acquire","durationMs":1,"activeMatches":64,"activeRooms":1,"queueDepth":64}
{"type":"capacity","timestamp":"2026-07-23T13:25:03.615Z","action":"acquire","durationMs":0,"activeMatches":64,"activeRooms":1,"queueDepth":64}
{"type":"capacity","timestamp":"2026-07-23T13:25:03.619Z","action":"acquire","durationMs":1,"activeMatches":64,"activeRooms":1,"queueDepth":64}
{"type":"capacity","timestamp":"2026-07-23T13:25:03.630Z","action":"acquire","durationMs":0,"activeMatches":64,"activeRooms":1,"queueDepth":64}
{"type":"capacity","timestamp":"2026-07-23T13:25:03.632Z","action":"acquire","durationMs":0,"activeMatches":64,"activeRooms":1,"queueDepth":64}
{"type":"capacity","timestamp":"2026-07-23T13:25:03.634Z","action":"acquire","durationMs":0,"activeMatches":64,"activeRooms":1,"queueDepth":64}
{"type":"capacity","timestamp":"2026-07-23T13:25:03.638Z","action":"acquire","durationMs":1,"activeMatches":64,"activeRooms":1,"queueDepth":64}
{"type":"capacity","timestamp":"2026-07-23T13:25:03.642Z","action":"acquire","durationMs":1,"activeMatches":64,"activeRooms":1,"queueDepth":64}
{"type":"capacity","timestamp":"2026-07-23T13:25:03.644Z","action":"acquire","durationMs":1,"activeMatches":64,"activeRooms":1,"queueDepth":64}
{"type":"capacity","timestamp":"2026-07-23T13:25:03.646Z","action":"acquire","durationMs":1,"activeMatches":64,"activeRooms":1,"queueDepth":64}
{"type":"capacity","timestamp":"2026-07-23T13:25:03.655Z","action":"acquire","durationMs":0,"activeMatches":64,"activeRooms":1,"queueDepth":64}
{"type":"capacity","timestamp":"2026-07-23T13:25:03.658Z","action":"acquire","durationMs":1,"activeMatches":64,"activeRooms":1,"queueDepth":64}
{"type":"capacity","timestamp":"2026-07-23T13:25:03.660Z","action":"acquire","durationMs":0,"activeMatches":64,"activeRooms":1,"queueDepth":64}
{"type":"capacity","timestamp":"2026-07-23T13:25:03.675Z","action":"acquire","durationMs":0,"activeMatches":64,"activeRooms":1,"queueDepth":64}
{"type":"capacity","timestamp":"2026-07-23T13:25:03.679Z","action":"acquire","durationMs":0,"activeMatches":64,"activeRooms":1,"queueDepth":64}
{"type":"capacity","timestamp":"2026-07-23T13:25:03.682Z","action":"acquire","durationMs":1,"activeMatches":64,"activeRooms":1,"queueDepth":64}
{"type":"capacity","timestamp":"2026-07-23T13:25:03.685Z","action":"acquire","durationMs":1,"activeMatches":64,"activeRooms":1,"queueDepth":64}
{"type":"capacity","timestamp":"2026-07-23T13:25:03.687Z","action":"acquire","durationMs":0,"activeMatches":64,"activeRooms":1,"queueDepth":64}
{"type":"capacity","timestamp":"2026-07-23T13:25:03.691Z","action":"acquire","durationMs":1,"activeMatches":64,"activeRooms":1,"queueDepth":64}
{"type":"capacity","timestamp":"2026-07-23T13:25:03.694Z","action":"acquire","durationMs":0,"activeMatches":64,"activeRooms":1,"queueDepth":64}
{"type":"capacity","timestamp":"2026-07-23T13:25:03.696Z","action":"acquire","durationMs":0,"activeMatches":64,"activeRooms":1,"queueDepth":64}
{"type":"capacity","timestamp":"2026-07-23T13:25:03.699Z","action":"acquire","durationMs":1,"activeMatches":64,"activeRooms":1,"queueDepth":64}
{"type":"capacity","timestamp":"2026-07-23T13:25:03.705Z","action":"acquire","durationMs":0,"activeMatches":64,"activeRooms":1,"queueDepth":64}
{"type":"capacity","timestamp":"2026-07-23T13:25:03.708Z","action":"acquire","durationMs":0,"activeMatches":64,"activeRooms":1,"queueDepth":64}
{"type":"capacity","timestamp":"2026-07-23T13:25:03.710Z","action":"acquire","durationMs":0,"activeMatches":64,"activeRooms":1,"queueDepth":64}
{"type":"capacity","timestamp":"2026-07-23T13:25:03.712Z","action":"acquire","durationMs":0,"activeMatches":64,"activeRooms":1,"queueDepth":64}
{"type":"capacity","timestamp":"2026-07-23T13:25:03.714Z","action":"acquire","durationMs":0,"activeMatches":64,"activeRooms":1,"queueDepth":64}
{"type":"capacity","timestamp":"2026-07-23T13:25:03.716Z","action":"acquire","durationMs":0,"activeMatches":64,"activeRooms":1,"queueDepth":64}
{"type":"capacity","timestamp":"2026-07-23T13:25:03.740Z","action":"acquire","durationMs":22,"activeMatches":64,"activeRooms":1,"queueDepth":64}
{"type":"capacity","timestamp":"2026-07-23T13:25:03.748Z","action":"acquire","durationMs":1,"activeMatches":64,"activeRooms":1,"queueDepth":64}
{"type":"capacity","timestamp":"2026-07-23T13:25:03.753Z","action":"acquire","durationMs":1,"activeMatches":64,"activeRooms":1,"queueDepth":64}
{"type":"capacity","timestamp":"2026-07-23T13:25:03.760Z","action":"acquire","durationMs":1,"activeMatches":64,"activeRooms":1,"queueDepth":64}
{"type":"capacity","timestamp":"2026-07-23T13:25:03.762Z","action":"acquire","durationMs":1,"activeMatches":64,"activeRooms":1,"queueDepth":64}
{"type":"capacity","timestamp":"2026-07-23T13:25:03.764Z","action":"acquire","durationMs":1,"activeMatches":64,"activeRooms":1,"queueDepth":64}
{"type":"capacity","timestamp":"2026-07-23T13:25:03.766Z","action":"acquire","durationMs":1,"activeMatches":64,"activeRooms":1,"queueDepth":64}
{"type":"capacity","timestamp":"2026-07-23T13:25:03.769Z","action":"acquire","durationMs":1,"activeMatches":64,"activeRooms":1,"queueDepth":64}
{"type":"capacity","timestamp":"2026-07-23T13:25:03.773Z","action":"acquire","durationMs":0,"activeMatches":64,"activeRooms":1,"queueDepth":64}
{"type":"capacity","timestamp":"2026-07-23T13:25:03.775Z","action":"acquire","durationMs":0,"activeMatches":64,"activeRooms":1,"queueDepth":64}
{"type":"capacity","timestamp":"2026-07-23T13:25:03.778Z","action":"acquire","durationMs":1,"activeMatches":64,"activeRooms":1,"queueDepth":64}
{"type":"capacity","timestamp":"2026-07-23T13:25:03.782Z","action":"acquire","durationMs":1,"activeMatches":64,"activeRooms":1,"queueDepth":64}
{"type":"capacity","timestamp":"2026-07-23T13:25:03.789Z","action":"acquire","durationMs":0,"activeMatches":64,"activeRooms":1,"queueDepth":64}
{"type":"capacity","timestamp":"2026-07-23T13:25:03.792Z","action":"acquire","durationMs":0,"activeMatches":64,"activeRooms":1,"queueDepth":64}
{"type":"capacity","timestamp":"2026-07-23T13:25:03.794Z","action":"acquire","durationMs":0,"activeMatches":64,"activeRooms":1,"queueDepth":64}
{"type":"capacity","timestamp":"2026-07-23T13:25:03.796Z","action":"acquire","durationMs":0,"activeMatches":64,"activeRooms":1,"queueDepth":64}
{"type":"capacity","timestamp":"2026-07-23T13:25:03.798Z","action":"acquire","durationMs":0,"activeMatches":64,"activeRooms":1,"queueDepth":64}
{"type":"capacity","timestamp":"2026-07-23T13:25:03.801Z","action":"acquire","durationMs":1,"activeMatches":64,"activeRooms":1,"queueDepth":64}
{"type":"simulation-batch","timestamp":"2026-07-23T13:25:03.808Z","roomId":"mw117t","durationMs":283,"processedMinutes":27,"eventCount":5,"activeMatches":64,"stateVersion":66}
{"type":"room-persist","timestamp":"2026-07-23T13:25:03.812Z","roomId":"mw117t","bytes":523178,"eventCount":5,"releasedMatches":0}
{"type":"room-alarm-complete","timestamp":"2026-07-23T13:25:03.828Z","roomId":"mw117t","elapsedMs":310}
{"type":"room-alarm","timestamp":"2026-07-23T13:25:03.831Z","roomId":"mw117t"}
{"type":"capacity","timestamp":"2026-07-23T13:25:03.833Z","action":"acquire","durationMs":0,"activeMatches":64,"activeRooms":1,"queueDepth":64}
{"type":"capacity","timestamp":"2026-07-23T13:25:03.838Z","action":"acquire","durationMs":1,"activeMatches":64,"activeRooms":1,"queueDepth":64}
{"type":"capacity","timestamp":"2026-07-23T13:25:03.841Z","action":"acquire","durationMs":1,"activeMatches":64,"activeRooms":1,"queueDepth":64}
{"type":"capacity","timestamp":"2026-07-23T13:25:03.843Z","action":"acquire","durationMs":1,"activeMatches":64,"activeRooms":1,"queueDepth":64}
{"type":"capacity","timestamp":"2026-07-23T13:25:03.844Z","action":"acquire","durationMs":0,"activeMatches":64,"activeRooms":1,"queueDepth":64}
{"type":"capacity","timestamp":"2026-07-23T13:25:03.847Z","action":"acquire","durationMs":1,"activeMatches":64,"activeRooms":1,"queueDepth":64}
{"type":"capacity","timestamp":"2026-07-23T13:25:03.849Z","action":"acquire","durationMs":1,"activeMatches":64,"activeRooms":1,"queueDepth":64}
{"type":"capacity","timestamp":"2026-07-23T13:25:03.851Z","action":"acquire","durationMs":0,"activeMatches":64,"activeRooms":1,"queueDepth":64}
{"type":"capacity","timestamp":"2026-07-23T13:25:03.855Z","action":"acquire","durationMs":1,"activeMatches":64,"activeRooms":1,"queueDepth":64}
{"type":"capacity","timestamp":"2026-07-23T13:25:03.860Z","action":"acquire","durationMs":1,"activeMatches":64,"activeRooms":1,"queueDepth":64}
{"type":"capacity","timestamp":"2026-07-23T13:25:03.862Z","action":"acquire","durationMs":0,"activeMatches":64,"activeRooms":1,"queueDepth":64}
{"type":"capacity","timestamp":"2026-07-23T13:25:03.864Z","action":"acquire","durationMs":0,"activeMatches":64,"activeRooms":1,"queueDepth":64}
{"type":"capacity","timestamp":"2026-07-23T13:25:03.867Z","action":"acquire","durationMs":1,"activeMatches":64,"activeRooms":1,"queueDepth":64}
{"type":"capacity","timestamp":"2026-07-23T13:25:03.870Z","action":"acquire","durationMs":0,"activeMatches":64,"activeRooms":1,"queueDepth":64}
{"type":"capacity","timestamp":"2026-07-23T13:25:03.873Z","action":"acquire","durationMs":1,"activeMatches":64,"activeRooms":1,"queueDepth":64}
{"type":"capacity","timestamp":"2026-07-23T13:25:03.876Z","action":"acquire","durationMs":0,"activeMatches":64,"activeRooms":1,"queueDepth":64}
{"type":"capacity","timestamp":"2026-07-23T13:25:03.879Z","action":"acquire","durationMs":1,"activeMatches":64,"activeRooms":1,"queueDepth":64}
{"type":"capacity","timestamp":"2026-07-23T13:25:03.881Z","action":"acquire","durationMs":0,"activeMatches":64,"activeRooms":1,"queueDepth":64}
{"type":"capacity","timestamp":"2026-07-23T13:25:03.884Z","action":"acquire","durationMs":1,"activeMatches":64,"activeRooms":1,"queueDepth":64}
{"type":"capacity","timestamp":"2026-07-23T13:25:03.886Z","action":"acquire","durationMs":0,"activeMatches":64,"activeRooms":1,"queueDepth":64}
{"type":"capacity","timestamp":"2026-07-23T13:25:03.888Z","action":"acquire","durationMs":0,"activeMatches":64,"activeRooms":1,"queueDepth":64}
{"type":"capacity","timestamp":"2026-07-23T13:25:03.890Z","action":"acquire","durationMs":0,"activeMatches":64,"activeRooms":1,"queueDepth":64}
{"type":"capacity","timestamp":"2026-07-23T13:25:03.892Z","action":"acquire","durationMs":0,"activeMatches":64,"activeRooms":1,"queueDepth":64}
{"type":"capacity","timestamp":"2026-07-23T13:25:03.895Z","action":"acquire","durationMs":1,"activeMatches":64,"activeRooms":1,"queueDepth":64}
{"type":"capacity","timestamp":"2026-07-23T13:25:03.897Z","action":"acquire","durationMs":0,"activeMatches":64,"activeRooms":1,"queueDepth":64}
{"type":"capacity","timestamp":"2026-07-23T13:25:03.899Z","action":"acquire","durationMs":0,"activeMatches":64,"activeRooms":1,"queueDepth":64}
{"type":"capacity","timestamp":"2026-07-23T13:25:03.901Z","action":"acquire","durationMs":0,"activeMatches":64,"activeRooms":1,"queueDepth":64}
{"type":"capacity","timestamp":"2026-07-23T13:25:03.904Z","action":"acquire","durationMs":1,"activeMatches":64,"activeRooms":1,"queueDepth":64}
{"type":"capacity","timestamp":"2026-07-23T13:25:03.906Z","action":"acquire","durationMs":1,"activeMatches":64,"activeRooms":1,"queueDepth":64}
{"type":"capacity","timestamp":"2026-07-23T13:25:03.908Z","action":"acquire","durationMs":1,"activeMatches":64,"activeRooms":1,"queueDepth":64}
{"type":"capacity","timestamp":"2026-07-23T13:25:03.910Z","action":"acquire","durationMs":0,"activeMatches":64,"activeRooms":1,"queueDepth":64}
{"type":"capacity","timestamp":"2026-07-23T13:25:03.912Z","action":"acquire","durationMs":0,"activeMatches":64,"activeRooms":1,"queueDepth":64}
{"type":"capacity","timestamp":"2026-07-23T13:25:03.915Z","action":"acquire","durationMs":1,"activeMatches":64,"activeRooms":1,"queueDepth":64}
{"type":"capacity","timestamp":"2026-07-23T13:25:03.936Z","action":"acquire","durationMs":1,"activeMatches":64,"activeRooms":1,"queueDepth":64}
{"type":"capacity","timestamp":"2026-07-23T13:25:03.937Z","action":"acquire","durationMs":0,"activeMatches":64,"activeRooms":1,"queueDepth":64}
{"type":"capacity","timestamp":"2026-07-23T13:25:03.940Z","action":"acquire","durationMs":1,"activeMatches":64,"activeRooms":1,"queueDepth":64}
{"type":"capacity","timestamp":"2026-07-23T13:25:03.945Z","action":"acquire","durationMs":0,"activeMatches":64,"activeRooms":1,"queueDepth":64}
{"type":"capacity","timestamp":"2026-07-23T13:25:03.947Z","action":"acquire","durationMs":0,"activeMatches":64,"activeRooms":1,"queueDepth":64}
{"type":"capacity","timestamp":"2026-07-23T13:25:03.949Z","action":"acquire","durationMs":0,"activeMatches":64,"activeRooms":1,"queueDepth":64}
{"type":"capacity","timestamp":"2026-07-23T13:25:03.952Z","action":"acquire","durationMs":1,"activeMatches":64,"activeRooms":1,"queueDepth":64}
{"type":"capacity","timestamp":"2026-07-23T13:25:03.955Z","action":"acquire","durationMs":1,"activeMatches":64,"activeRooms":1,"queueDepth":64}
{"type":"capacity","timestamp":"2026-07-23T13:25:03.960Z","action":"acquire","durationMs":1,"activeMatches":64,"activeRooms":1,"queueDepth":64}
{"type":"capacity","timestamp":"2026-07-23T13:25:03.963Z","action":"acquire","durationMs":1,"activeMatches":64,"activeRooms":1,"queueDepth":64}
{"type":"capacity","timestamp":"2026-07-23T13:25:03.965Z","action":"acquire","durationMs":1,"activeMatches":64,"activeRooms":1,"queueDepth":64}
{"type":"capacity","timestamp":"2026-07-23T13:25:03.967Z","action":"acquire","durationMs":1,"activeMatches":64,"activeRooms":1,"queueDepth":64}
{"type":"capacity","timestamp":"2026-07-23T13:25:03.970Z","action":"acquire","durationMs":1,"activeMatches":64,"activeRooms":1,"queueDepth":64}
{"type":"capacity","timestamp":"2026-07-23T13:25:03.973Z","action":"acquire","durationMs":0,"activeMatches":64,"activeRooms":1,"queueDepth":64}
{"type":"capacity","timestamp":"2026-07-23T13:25:03.978Z","action":"acquire","durationMs":0,"activeMatches":64,"activeRooms":1,"queueDepth":64}
{"type":"capacity","timestamp":"2026-07-23T13:25:03.981Z","action":"acquire","durationMs":0,"activeMatches":64,"activeRooms":1,"queueDepth":64}
{"type":"capacity","timestamp":"2026-07-23T13:25:03.984Z","action":"acquire","durationMs":1,"activeMatches":64,"activeRooms":1,"queueDepth":64}
{"type":"capacity","timestamp":"2026-07-23T13:25:03.988Z","action":"acquire","durationMs":1,"activeMatches":64,"activeRooms":1,"queueDepth":64}
{"type":"capacity","timestamp":"2026-07-23T13:25:03.994Z","action":"acquire","durationMs":1,"activeMatches":64,"activeRooms":1,"queueDepth":64}
{"type":"capacity","timestamp":"2026-07-23T13:25:03.996Z","action":"acquire","durationMs":1,"activeMatches":64,"activeRooms":1,"queueDepth":64}
{"type":"capacity","timestamp":"2026-07-23T13:25:03.998Z","action":"acquire","durationMs":1,"activeMatches":64,"activeRooms":1,"queueDepth":64}
{"type":"capacity","timestamp":"2026-07-23T13:25:04.000Z","action":"acquire","durationMs":1,"activeMatches":64,"activeRooms":1,"queueDepth":64}
{"type":"capacity","timestamp":"2026-07-23T13:25:04.002Z","action":"acquire","durationMs":0,"activeMatches":64,"activeRooms":1,"queueDepth":64}
{"type":"capacity","timestamp":"2026-07-23T13:25:04.004Z","action":"acquire","durationMs":1,"activeMatches":64,"activeRooms":1,"queueDepth":64}
{"type":"capacity","timestamp":"2026-07-23T13:25:04.007Z","action":"acquire","durationMs":1,"activeMatches":64,"activeRooms":1,"queueDepth":64}
{"type":"capacity","timestamp":"2026-07-23T13:25:04.009Z","action":"acquire","durationMs":1,"activeMatches":64,"activeRooms":1,"queueDepth":64}
{"type":"capacity","timestamp":"2026-07-23T13:25:04.011Z","action":"acquire","durationMs":1,"activeMatches":64,"activeRooms":1,"queueDepth":64}
{"type":"capacity","timestamp":"2026-07-23T13:25:04.013Z","action":"acquire","durationMs":1,"activeMatches":64,"activeRooms":1,"queueDepth":64}
{"type":"capacity","timestamp":"2026-07-23T13:25:04.015Z","action":"acquire","durationMs":1,"activeMatches":64,"activeRooms":1,"queueDepth":64}
{"type":"capacity","timestamp":"2026-07-23T13:25:04.018Z","action":"acquire","durationMs":0,"activeMatches":64,"activeRooms":1,"queueDepth":64}
{"type":"capacity","timestamp":"2026-07-23T13:25:04.027Z","action":"acquire","durationMs":1,"activeMatches":64,"activeRooms":1,"queueDepth":64}
{"type":"simulation-batch","timestamp":"2026-07-23T13:25:04.028Z","roomId":"mw117t","durationMs":197,"processedMinutes":31,"eventCount":3,"activeMatches":64,"stateVersion":67}
{"type":"room-persist","timestamp":"2026-07-23T13:25:04.030Z","roomId":"mw117t","bytes":523186,"eventCount":3,"releasedMatches":0}
{"type":"room-alarm-complete","timestamp":"2026-07-23T13:25:04.046Z","roomId":"mw117t","elapsedMs":218}
{"type":"room-alarm","timestamp":"2026-07-23T13:25:04.053Z","roomId":"mw117t"}
{"type":"capacity","timestamp":"2026-07-23T13:25:04.058Z","action":"acquire","durationMs":3,"activeMatches":64,"activeRooms":1,"queueDepth":64}
{"type":"capacity","timestamp":"2026-07-23T13:25:04.064Z","action":"acquire","durationMs":1,"activeMatches":64,"activeRooms":1,"queueDepth":64}
{"type":"capacity","timestamp":"2026-07-23T13:25:04.066Z","action":"acquire","durationMs":0,"activeMatches":64,"activeRooms":1,"queueDepth":64}
{"type":"capacity","timestamp":"2026-07-23T13:25:04.070Z","action":"acquire","durationMs":1,"activeMatches":64,"activeRooms":1,"queueDepth":64}
{"type":"capacity","timestamp":"2026-07-23T13:25:04.072Z","action":"acquire","durationMs":0,"activeMatches":64,"activeRooms":1,"queueDepth":64}
{"type":"capacity","timestamp":"2026-07-23T13:25:04.075Z","action":"acquire","durationMs":1,"activeMatches":64,"activeRooms":1,"queueDepth":64}
{"type":"capacity","timestamp":"2026-07-23T13:25:04.076Z","action":"acquire","durationMs":0,"activeMatches":64,"activeRooms":1,"queueDepth":64}
{"type":"capacity","timestamp":"2026-07-23T13:25:04.079Z","action":"acquire","durationMs":1,"activeMatches":64,"activeRooms":1,"queueDepth":64}
{"type":"capacity","timestamp":"2026-07-23T13:25:04.088Z","action":"acquire","durationMs":1,"activeMatches":64,"activeRooms":1,"queueDepth":64}
{"type":"capacity","timestamp":"2026-07-23T13:25:04.090Z","action":"acquire","durationMs":0,"activeMatches":64,"activeRooms":1,"queueDepth":64}
{"type":"capacity","timestamp":"2026-07-23T13:25:04.092Z","action":"acquire","durationMs":0,"activeMatches":64,"activeRooms":1,"queueDepth":64}
{"type":"capacity","timestamp":"2026-07-23T13:25:04.094Z","action":"acquire","durationMs":1,"activeMatches":64,"activeRooms":1,"queueDepth":64}
{"type":"capacity","timestamp":"2026-07-23T13:25:04.096Z","action":"acquire","durationMs":1,"activeMatches":64,"activeRooms":1,"queueDepth":64}
{"type":"capacity","timestamp":"2026-07-23T13:25:04.097Z","action":"acquire","durationMs":0,"activeMatches":64,"activeRooms":1,"queueDepth":64}
{"type":"capacity","timestamp":"2026-07-23T13:25:04.100Z","action":"acquire","durationMs":0,"activeMatches":64,"activeRooms":1,"queueDepth":64}
{"type":"capacity","timestamp":"2026-07-23T13:25:04.104Z","action":"acquire","durationMs":0,"activeMatches":64,"activeRooms":1,"queueDepth":64}
{"type":"capacity","timestamp":"2026-07-23T13:25:04.107Z","action":"acquire","durationMs":1,"activeMatches":64,"activeRooms":1,"queueDepth":64}
{"type":"capacity","timestamp":"2026-07-23T13:25:04.109Z","action":"acquire","durationMs":0,"activeMatches":64,"activeRooms":1,"queueDepth":64}
{"type":"capacity","timestamp":"2026-07-23T13:25:04.112Z","action":"acquire","durationMs":1,"activeMatches":64,"activeRooms":1,"queueDepth":64}
{"type":"capacity","timestamp":"2026-07-23T13:25:04.125Z","action":"acquire","durationMs":0,"activeMatches":64,"activeRooms":1,"queueDepth":64}
{"type":"capacity","timestamp":"2026-07-23T13:25:04.127Z","action":"acquire","durationMs":1,"activeMatches":64,"activeRooms":1,"queueDepth":64}
{"type":"capacity","timestamp":"2026-07-23T13:25:04.129Z","action":"acquire","durationMs":1,"activeMatches":64,"activeRooms":1,"queueDepth":64}
{"type":"capacity","timestamp":"2026-07-23T13:25:04.138Z","action":"acquire","durationMs":1,"activeMatches":64,"activeRooms":1,"queueDepth":64}
{"type":"capacity","timestamp":"2026-07-23T13:25:04.140Z","action":"acquire","durationMs":0,"activeMatches":64,"activeRooms":1,"queueDepth":64}
{"type":"capacity","timestamp":"2026-07-23T13:25:04.142Z","action":"acquire","durationMs":1,"activeMatches":64,"activeRooms":1,"queueDepth":64}
{"type":"capacity","timestamp":"2026-07-23T13:25:04.144Z","action":"acquire","durationMs":1,"activeMatches":64,"activeRooms":1,"queueDepth":64}
{"type":"capacity","timestamp":"2026-07-23T13:25:04.146Z","action":"acquire","durationMs":0,"activeMatches":64,"activeRooms":1,"queueDepth":64}
{"type":"capacity","timestamp":"2026-07-23T13:25:04.149Z","action":"acquire","durationMs":1,"activeMatches":64,"activeRooms":1,"queueDepth":64}
{"type":"capacity","timestamp":"2026-07-23T13:25:04.151Z","action":"acquire","durationMs":0,"activeMatches":64,"activeRooms":1,"queueDepth":64}
{"type":"capacity","timestamp":"2026-07-23T13:25:04.159Z","action":"acquire","durationMs":1,"activeMatches":64,"activeRooms":1,"queueDepth":64}
{"type":"capacity","timestamp":"2026-07-23T13:25:04.161Z","action":"acquire","durationMs":0,"activeMatches":64,"activeRooms":1,"queueDepth":64}
{"type":"capacity","timestamp":"2026-07-23T13:25:04.163Z","action":"acquire","durationMs":0,"activeMatches":64,"activeRooms":1,"queueDepth":64}
{"type":"capacity","timestamp":"2026-07-23T13:25:04.165Z","action":"acquire","durationMs":1,"activeMatches":64,"activeRooms":1,"queueDepth":64}
{"type":"capacity","timestamp":"2026-07-23T13:25:04.166Z","action":"acquire","durationMs":0,"activeMatches":64,"activeRooms":1,"queueDepth":64}
{"type":"capacity","timestamp":"2026-07-23T13:25:04.169Z","action":"acquire","durationMs":1,"activeMatches":64,"activeRooms":1,"queueDepth":64}
{"type":"capacity","timestamp":"2026-07-23T13:25:04.171Z","action":"acquire","durationMs":0,"activeMatches":64,"activeRooms":1,"queueDepth":64}
{"type":"capacity","timestamp":"2026-07-23T13:25:04.173Z","action":"acquire","durationMs":0,"activeMatches":64,"activeRooms":1,"queueDepth":64}
{"type":"capacity","timestamp":"2026-07-23T13:25:04.175Z","action":"acquire","durationMs":0,"activeMatches":64,"activeRooms":1,"queueDepth":64}
{"type":"capacity","timestamp":"2026-07-23T13:25:04.178Z","action":"acquire","durationMs":1,"activeMatches":64,"activeRooms":1,"queueDepth":64}
{"type":"capacity","timestamp":"2026-07-23T13:25:04.180Z","action":"acquire","durationMs":1,"activeMatches":64,"activeRooms":1,"queueDepth":64}
{"type":"capacity","timestamp":"2026-07-23T13:25:04.182Z","action":"acquire","durationMs":0,"activeMatches":64,"activeRooms":1,"queueDepth":64}
{"type":"capacity","timestamp":"2026-07-23T13:25:04.185Z","action":"acquire","durationMs":1,"activeMatches":64,"activeRooms":1,"queueDepth":64}
{"type":"capacity","timestamp":"2026-07-23T13:25:04.187Z","action":"acquire","durationMs":1,"activeMatches":64,"activeRooms":1,"queueDepth":64}
{"type":"capacity","timestamp":"2026-07-23T13:25:04.189Z","action":"acquire","durationMs":0,"activeMatches":64,"activeRooms":1,"queueDepth":64}
{"type":"capacity","timestamp":"2026-07-23T13:25:04.192Z","action":"acquire","durationMs":1,"activeMatches":64,"activeRooms":1,"queueDepth":64}
{"type":"capacity","timestamp":"2026-07-23T13:25:04.195Z","action":"acquire","durationMs":1,"activeMatches":64,"activeRooms":1,"queueDepth":64}
{"type":"capacity","timestamp":"2026-07-23T13:25:04.198Z","action":"acquire","durationMs":0,"activeMatches":64,"activeRooms":1,"queueDepth":64}
{"type":"capacity","timestamp":"2026-07-23T13:25:04.201Z","action":"acquire","durationMs":1,"activeMatches":64,"activeRooms":1,"queueDepth":64}
{"type":"capacity","timestamp":"2026-07-23T13:25:04.204Z","action":"acquire","durationMs":0,"activeMatches":64,"activeRooms":1,"queueDepth":64}
{"type":"capacity","timestamp":"2026-07-23T13:25:04.208Z","action":"acquire","durationMs":0,"activeMatches":64,"activeRooms":1,"queueDepth":64}
{"type":"capacity","timestamp":"2026-07-23T13:25:04.210Z","action":"acquire","durationMs":0,"activeMatches":64,"activeRooms":1,"queueDepth":64}
{"type":"capacity","timestamp":"2026-07-23T13:25:04.212Z","action":"acquire","durationMs":1,"activeMatches":64,"activeRooms":1,"queueDepth":64}
{"type":"capacity","timestamp":"2026-07-23T13:25:04.213Z","action":"acquire","durationMs":0,"activeMatches":64,"activeRooms":1,"queueDepth":64}
{"type":"capacity","timestamp":"2026-07-23T13:25:04.215Z","action":"acquire","durationMs":0,"activeMatches":64,"activeRooms":1,"queueDepth":64}
{"type":"capacity","timestamp":"2026-07-23T13:25:04.218Z","action":"acquire","durationMs":1,"activeMatches":64,"activeRooms":1,"queueDepth":64}
{"type":"capacity","timestamp":"2026-07-23T13:25:04.222Z","action":"acquire","durationMs":0,"activeMatches":64,"activeRooms":1,"queueDepth":64}
{"type":"capacity","timestamp":"2026-07-23T13:25:04.224Z","action":"acquire","durationMs":0,"activeMatches":64,"activeRooms":1,"queueDepth":64}
{"type":"capacity","timestamp":"2026-07-23T13:25:04.226Z","action":"acquire","durationMs":1,"activeMatches":64,"activeRooms":1,"queueDepth":64}
{"type":"capacity","timestamp":"2026-07-23T13:25:04.227Z","action":"acquire","durationMs":0,"activeMatches":64,"activeRooms":1,"queueDepth":64}
{"type":"capacity","timestamp":"2026-07-23T13:25:04.229Z","action":"acquire","durationMs":0,"activeMatches":64,"activeRooms":1,"queueDepth":64}
{"type":"capacity","timestamp":"2026-07-23T13:25:04.231Z","action":"acquire","durationMs":0,"activeMatches":64,"activeRooms":1,"queueDepth":64}
{"type":"capacity","timestamp":"2026-07-23T13:25:04.241Z","action":"acquire","durationMs":0,"activeMatches":64,"activeRooms":1,"queueDepth":64}
{"type":"capacity","timestamp":"2026-07-23T13:25:04.243Z","action":"acquire","durationMs":0,"activeMatches":64,"activeRooms":1,"queueDepth":64}
{"type":"capacity","timestamp":"2026-07-23T13:25:04.245Z","action":"acquire","durationMs":1,"activeMatches":64,"activeRooms":1,"queueDepth":64}
{"type":"simulation-batch","timestamp":"2026-07-23T13:25:04.246Z","roomId":"mw117t","durationMs":192,"processedMinutes":18,"eventCount":3,"activeMatches":64,"stateVersion":68}
{"type":"room-persist","timestamp":"2026-07-23T13:25:04.248Z","roomId":"mw117t","bytes":523202,"eventCount":3,"releasedMatches":0}
{"type":"room-alarm-complete","timestamp":"2026-07-23T13:25:04.296Z","roomId":"mw117t","elapsedMs":250}
{"type":"room-alarm","timestamp":"2026-07-23T13:25:04.306Z","roomId":"mw117t"}
{"type":"capacity","timestamp":"2026-07-23T13:25:04.308Z","action":"renew","durationMs":0,"activeMatches":64,"activeRooms":1,"queueDepth":64}
{"type":"capacity","timestamp":"2026-07-23T13:25:04.314Z","action":"renew","durationMs":0,"activeMatches":64,"activeRooms":1,"queueDepth":64}
{"type":"simulation-batch","timestamp":"2026-07-23T13:25:04.322Z","roomId":"mw117t","durationMs":16,"processedMinutes":1,"eventCount":0,"activeMatches":64,"stateVersion":69}
{"type":"room-persist","timestamp":"2026-07-23T13:25:04.324Z","roomId":"mw117t","bytes":523204,"eventCount":0,"releasedMatches":0}
{"type":"room-alarm-complete","timestamp":"2026-07-23T13:25:04.358Z","roomId":"mw117t","elapsedMs":61}
{"type":"room-alarm","timestamp":"2026-07-23T13:25:04.372Z","roomId":"mw117t"}
{"type":"capacity","timestamp":"2026-07-23T13:25:04.379Z","action":"acquire","durationMs":6,"activeMatches":64,"activeRooms":1,"queueDepth":64}
{"type":"capacity","timestamp":"2026-07-23T13:25:04.389Z","action":"acquire","durationMs":1,"activeMatches":64,"activeRooms":1,"queueDepth":64}
{"type":"capacity","timestamp":"2026-07-23T13:25:04.391Z","action":"acquire","durationMs":0,"activeMatches":64,"activeRooms":1,"queueDepth":64}
{"type":"capacity","timestamp":"2026-07-23T13:25:04.396Z","action":"acquire","durationMs":1,"activeMatches":64,"activeRooms":1,"queueDepth":64}
{"type":"capacity","timestamp":"2026-07-23T13:25:04.398Z","action":"acquire","durationMs":1,"activeMatches":64,"activeRooms":1,"queueDepth":64}
{"type":"capacity","timestamp":"2026-07-23T13:25:04.401Z","action":"acquire","durationMs":1,"activeMatches":64,"activeRooms":1,"queueDepth":64}
{"type":"capacity","timestamp":"2026-07-23T13:25:04.404Z","action":"acquire","durationMs":1,"activeMatches":64,"activeRooms":1,"queueDepth":64}
{"type":"capacity","timestamp":"2026-07-23T13:25:04.406Z","action":"acquire","durationMs":0,"activeMatches":64,"activeRooms":1,"queueDepth":64}
{"type":"capacity","timestamp":"2026-07-23T13:25:04.409Z","action":"acquire","durationMs":1,"activeMatches":64,"activeRooms":1,"queueDepth":64}
{"type":"capacity","timestamp":"2026-07-23T13:25:04.412Z","action":"acquire","durationMs":1,"activeMatches":64,"activeRooms":1,"queueDepth":64}
{"type":"capacity","timestamp":"2026-07-23T13:25:04.421Z","action":"acquire","durationMs":1,"activeMatches":64,"activeRooms":1,"queueDepth":64}
{"type":"capacity","timestamp":"2026-07-23T13:25:04.422Z","action":"acquire","durationMs":0,"activeMatches":64,"activeRooms":1,"queueDepth":64}
{"type":"capacity","timestamp":"2026-07-23T13:25:04.424Z","action":"acquire","durationMs":0,"activeMatches":64,"activeRooms":1,"queueDepth":64}
{"type":"capacity","timestamp":"2026-07-23T13:25:04.426Z","action":"acquire","durationMs":1,"activeMatches":64,"activeRooms":1,"queueDepth":64}
{"type":"capacity","timestamp":"2026-07-23T13:25:04.427Z","action":"acquire","durationMs":0,"activeMatches":64,"activeRooms":1,"queueDepth":64}
{"type":"capacity","timestamp":"2026-07-23T13:25:04.429Z","action":"acquire","durationMs":0,"activeMatches":64,"activeRooms":1,"queueDepth":64}
{"type":"capacity","timestamp":"2026-07-23T13:25:04.431Z","action":"acquire","durationMs":0,"activeMatches":64,"activeRooms":1,"queueDepth":64}
{"type":"capacity","timestamp":"2026-07-23T13:25:04.433Z","action":"acquire","durationMs":0,"activeMatches":64,"activeRooms":1,"queueDepth":64}
{"type":"capacity","timestamp":"2026-07-23T13:25:04.436Z","action":"acquire","durationMs":0,"activeMatches":64,"activeRooms":1,"queueDepth":64}
{"type":"capacity","timestamp":"2026-07-23T13:25:04.439Z","action":"acquire","durationMs":1,"activeMatches":64,"activeRooms":1,"queueDepth":64}
{"type":"capacity","timestamp":"2026-07-23T13:25:04.441Z","action":"acquire","durationMs":1,"activeMatches":64,"activeRooms":1,"queueDepth":64}
{"type":"capacity","timestamp":"2026-07-23T13:25:04.467Z","action":"acquire","durationMs":0,"activeMatches":64,"activeRooms":1,"queueDepth":64}
{"type":"capacity","timestamp":"2026-07-23T13:25:04.471Z","action":"acquire","durationMs":1,"activeMatches":64,"activeRooms":1,"queueDepth":64}
{"type":"capacity","timestamp":"2026-07-23T13:25:04.477Z","action":"acquire","durationMs":0,"activeMatches":64,"activeRooms":1,"queueDepth":64}
{"type":"capacity","timestamp":"2026-07-23T13:25:04.479Z","action":"acquire","durationMs":0,"activeMatches":64,"activeRooms":1,"queueDepth":64}
{"type":"capacity","timestamp":"2026-07-23T13:25:04.481Z","action":"acquire","durationMs":0,"activeMatches":64,"activeRooms":1,"queueDepth":64}
{"type":"capacity","timestamp":"2026-07-23T13:25:04.484Z","action":"acquire","durationMs":1,"activeMatches":64,"activeRooms":1,"queueDepth":64}
{"type":"capacity","timestamp":"2026-07-23T13:25:04.502Z","action":"acquire","durationMs":1,"activeMatches":64,"activeRooms":1,"queueDepth":64}
{"type":"capacity","timestamp":"2026-07-23T13:25:04.508Z","action":"acquire","durationMs":0,"activeMatches":64,"activeRooms":1,"queueDepth":64}
{"type":"capacity","timestamp":"2026-07-23T13:25:04.510Z","action":"acquire","durationMs":0,"activeMatches":64,"activeRooms":1,"queueDepth":64}
{"type":"capacity","timestamp":"2026-07-23T13:25:04.513Z","action":"acquire","durationMs":1,"activeMatches":64,"activeRooms":1,"queueDepth":64}
{"type":"capacity","timestamp":"2026-07-23T13:25:04.524Z","action":"acquire","durationMs":0,"activeMatches":64,"activeRooms":1,"queueDepth":64}
{"type":"capacity","timestamp":"2026-07-23T13:25:04.526Z","action":"acquire","durationMs":0,"activeMatches":64,"activeRooms":1,"queueDepth":64}
{"type":"capacity","timestamp":"2026-07-23T13:25:04.529Z","action":"acquire","durationMs":1,"activeMatches":64,"activeRooms":1,"queueDepth":64}
{"type":"capacity","timestamp":"2026-07-23T13:25:04.532Z","action":"acquire","durationMs":0,"activeMatches":64,"activeRooms":1,"queueDepth":64}
{"type":"capacity","timestamp":"2026-07-23T13:25:04.542Z","action":"acquire","durationMs":0,"activeMatches":64,"activeRooms":1,"queueDepth":64}
{"type":"capacity","timestamp":"2026-07-23T13:25:04.554Z","action":"acquire","durationMs":1,"activeMatches":64,"activeRooms":1,"queueDepth":64}
{"type":"capacity","timestamp":"2026-07-23T13:25:04.556Z","action":"acquire","durationMs":1,"activeMatches":64,"activeRooms":1,"queueDepth":64}
{"type":"capacity","timestamp":"2026-07-23T13:25:04.561Z","action":"acquire","durationMs":1,"activeMatches":64,"activeRooms":1,"queueDepth":64}
{"type":"capacity","timestamp":"2026-07-23T13:25:04.571Z","action":"acquire","durationMs":1,"activeMatches":64,"activeRooms":1,"queueDepth":64}
{"type":"capacity","timestamp":"2026-07-23T13:25:04.575Z","action":"acquire","durationMs":0,"activeMatches":64,"activeRooms":1,"queueDepth":64}
{"type":"capacity","timestamp":"2026-07-23T13:25:04.578Z","action":"acquire","durationMs":1,"activeMatches":64,"activeRooms":1,"queueDepth":64}
{"type":"capacity","timestamp":"2026-07-23T13:25:04.580Z","action":"acquire","durationMs":1,"activeMatches":64,"activeRooms":1,"queueDepth":64}
{"type":"capacity","timestamp":"2026-07-23T13:25:04.582Z","action":"acquire","durationMs":1,"activeMatches":64,"activeRooms":1,"queueDepth":64}
{"type":"capacity","timestamp":"2026-07-23T13:25:04.584Z","action":"acquire","durationMs":0,"activeMatches":64,"activeRooms":1,"queueDepth":64}
{"type":"capacity","timestamp":"2026-07-23T13:25:04.587Z","action":"acquire","durationMs":0,"activeMatches":64,"activeRooms":1,"queueDepth":64}
{"type":"capacity","timestamp":"2026-07-23T13:25:04.596Z","action":"acquire","durationMs":1,"activeMatches":64,"activeRooms":1,"queueDepth":64}
{"type":"capacity","timestamp":"2026-07-23T13:25:04.598Z","action":"acquire","durationMs":1,"activeMatches":64,"activeRooms":1,"queueDepth":64}
{"type":"capacity","timestamp":"2026-07-23T13:25:04.599Z","action":"acquire","durationMs":0,"activeMatches":64,"activeRooms":1,"queueDepth":64}
{"type":"capacity","timestamp":"2026-07-23T13:25:04.602Z","action":"acquire","durationMs":1,"activeMatches":64,"activeRooms":1,"queueDepth":64}
{"type":"capacity","timestamp":"2026-07-23T13:25:04.604Z","action":"acquire","durationMs":1,"activeMatches":64,"activeRooms":1,"queueDepth":64}
{"type":"capacity","timestamp":"2026-07-23T13:25:04.607Z","action":"acquire","durationMs":1,"activeMatches":64,"activeRooms":1,"queueDepth":64}
{"type":"capacity","timestamp":"2026-07-23T13:25:04.609Z","action":"acquire","durationMs":0,"activeMatches":64,"activeRooms":1,"queueDepth":64}
{"type":"capacity","timestamp":"2026-07-23T13:25:04.625Z","action":"acquire","durationMs":0,"activeMatches":64,"activeRooms":1,"queueDepth":64}
{"type":"capacity","timestamp":"2026-07-23T13:25:04.631Z","action":"acquire","durationMs":0,"activeMatches":64,"activeRooms":1,"queueDepth":64}
{"type":"capacity","timestamp":"2026-07-23T13:25:04.648Z","action":"acquire","durationMs":1,"activeMatches":64,"activeRooms":1,"queueDepth":64}
{"type":"capacity","timestamp":"2026-07-23T13:25:04.650Z","action":"acquire","durationMs":1,"activeMatches":64,"activeRooms":1,"queueDepth":64}
{"type":"capacity","timestamp":"2026-07-23T13:25:04.652Z","action":"acquire","durationMs":0,"activeMatches":64,"activeRooms":1,"queueDepth":64}
{"type":"capacity","timestamp":"2026-07-23T13:25:04.654Z","action":"acquire","durationMs":0,"activeMatches":64,"activeRooms":1,"queueDepth":64}
{"type":"capacity","timestamp":"2026-07-23T13:25:04.657Z","action":"acquire","durationMs":1,"activeMatches":64,"activeRooms":1,"queueDepth":64}
{"type":"capacity","timestamp":"2026-07-23T13:25:04.659Z","action":"acquire","durationMs":1,"activeMatches":64,"activeRooms":1,"queueDepth":64}
{"type":"capacity","timestamp":"2026-07-23T13:25:04.660Z","action":"acquire","durationMs":0,"activeMatches":64,"activeRooms":1,"queueDepth":64}
{"type":"capacity","timestamp":"2026-07-23T13:25:04.663Z","action":"acquire","durationMs":1,"activeMatches":64,"activeRooms":1,"queueDepth":64}
{"type":"capacity","timestamp":"2026-07-23T13:25:04.666Z","action":"acquire","durationMs":1,"activeMatches":64,"activeRooms":1,"queueDepth":64}
{"type":"simulation-batch","timestamp":"2026-07-23T13:25:04.669Z","roomId":"mw117t","durationMs":297,"processedMinutes":34,"eventCount":3,"activeMatches":64,"stateVersion":70}
{"type":"room-persist","timestamp":"2026-07-23T13:25:04.674Z","roomId":"mw117t","bytes":523264,"eventCount":3,"releasedMatches":0}
{"type":"room-alarm-complete","timestamp":"2026-07-23T13:25:04.697Z","roomId":"mw117t","elapsedMs":338}
{"type":"room-alarm","timestamp":"2026-07-23T13:25:04.705Z","roomId":"mw117t"}
{"type":"capacity","timestamp":"2026-07-23T13:25:04.710Z","action":"renew","durationMs":2,"activeMatches":64,"activeRooms":1,"queueDepth":64}
{"type":"capacity","timestamp":"2026-07-23T13:25:04.716Z","action":"renew","durationMs":1,"activeMatches":64,"activeRooms":1,"queueDepth":64}
{"type":"simulation-batch","timestamp":"2026-07-23T13:25:04.727Z","roomId":"mw117t","durationMs":21,"processedMinutes":2,"eventCount":0,"activeMatches":64,"stateVersion":71}
{"type":"room-persist","timestamp":"2026-07-23T13:25:04.731Z","roomId":"mw117t","bytes":523268,"eventCount":0,"releasedMatches":0}
{"type":"room-alarm-complete","timestamp":"2026-07-23T13:25:04.755Z","roomId":"mw117t","elapsedMs":58}
{"type":"room-alarm","timestamp":"2026-07-23T13:25:04.763Z","roomId":"mw117t"}
{"type":"capacity","timestamp":"2026-07-23T13:25:04.770Z","action":"renew","durationMs":6,"activeMatches":64,"activeRooms":1,"queueDepth":64}
{"type":"capacity","timestamp":"2026-07-23T13:25:04.774Z","action":"renew","durationMs":0,"activeMatches":64,"activeRooms":1,"queueDepth":64}
{"type":"simulation-batch","timestamp":"2026-07-23T13:25:04.780Z","roomId":"mw117t","durationMs":17,"processedMinutes":16,"eventCount":1,"activeMatches":64,"stateVersion":72}
{"type":"room-persist","timestamp":"2026-07-23T13:25:04.782Z","roomId":"mw117t","bytes":523276,"eventCount":1,"releasedMatches":0}
{"type":"room-alarm-complete","timestamp":"2026-07-23T13:25:04.802Z","roomId":"mw117t","elapsedMs":46}
{"type":"room-alarm","timestamp":"2026-07-23T13:25:04.828Z","roomId":"mw117t"}
{"type":"capacity","timestamp":"2026-07-23T13:25:04.833Z","action":"renew","durationMs":4,"activeMatches":64,"activeRooms":1,"queueDepth":64}
{"type":"capacity","timestamp":"2026-07-23T13:25:04.841Z","action":"acquire","durationMs":0,"activeMatches":64,"activeRooms":1,"queueDepth":64}
{"type":"capacity","timestamp":"2026-07-23T13:25:04.847Z","action":"acquire","durationMs":1,"activeMatches":64,"activeRooms":1,"queueDepth":64}
{"type":"capacity","timestamp":"2026-07-23T13:25:04.849Z","action":"acquire","durationMs":0,"activeMatches":64,"activeRooms":1,"queueDepth":64}
{"type":"capacity","timestamp":"2026-07-23T13:25:04.852Z","action":"acquire","durationMs":0,"activeMatches":64,"activeRooms":1,"queueDepth":64}
{"type":"capacity","timestamp":"2026-07-23T13:25:04.855Z","action":"acquire","durationMs":1,"activeMatches":64,"activeRooms":1,"queueDepth":64}
{"type":"capacity","timestamp":"2026-07-23T13:25:04.864Z","action":"acquire","durationMs":0,"activeMatches":64,"activeRooms":1,"queueDepth":64}
{"type":"capacity","timestamp":"2026-07-23T13:25:04.878Z","action":"acquire","durationMs":0,"activeMatches":64,"activeRooms":1,"queueDepth":64}
{"type":"capacity","timestamp":"2026-07-23T13:25:04.880Z","action":"acquire","durationMs":0,"activeMatches":64,"activeRooms":1,"queueDepth":64}
{"type":"capacity","timestamp":"2026-07-23T13:25:04.883Z","action":"acquire","durationMs":1,"activeMatches":64,"activeRooms":1,"queueDepth":64}
{"type":"capacity","timestamp":"2026-07-23T13:25:04.886Z","action":"acquire","durationMs":1,"activeMatches":64,"activeRooms":1,"queueDepth":64}
{"type":"capacity","timestamp":"2026-07-23T13:25:04.903Z","action":"acquire","durationMs":1,"activeMatches":64,"activeRooms":1,"queueDepth":64}
{"type":"capacity","timestamp":"2026-07-23T13:25:04.909Z","action":"acquire","durationMs":1,"activeMatches":64,"activeRooms":1,"queueDepth":64}
{"type":"capacity","timestamp":"2026-07-23T13:25:04.911Z","action":"acquire","durationMs":1,"activeMatches":64,"activeRooms":1,"queueDepth":64}
{"type":"capacity","timestamp":"2026-07-23T13:25:04.913Z","action":"acquire","durationMs":1,"activeMatches":64,"activeRooms":1,"queueDepth":64}
{"type":"capacity","timestamp":"2026-07-23T13:25:04.923Z","action":"acquire","durationMs":1,"activeMatches":64,"activeRooms":1,"queueDepth":64}
{"type":"capacity","timestamp":"2026-07-23T13:25:04.925Z","action":"acquire","durationMs":0,"activeMatches":64,"activeRooms":1,"queueDepth":64}
{"type":"capacity","timestamp":"2026-07-23T13:25:04.926Z","action":"acquire","durationMs":0,"activeMatches":64,"activeRooms":1,"queueDepth":64}
{"type":"capacity","timestamp":"2026-07-23T13:25:04.929Z","action":"acquire","durationMs":1,"activeMatches":64,"activeRooms":1,"queueDepth":64}
{"type":"capacity","timestamp":"2026-07-23T13:25:04.945Z","action":"acquire","durationMs":1,"activeMatches":64,"activeRooms":1,"queueDepth":64}
{"type":"capacity","timestamp":"2026-07-23T13:25:04.951Z","action":"acquire","durationMs":1,"activeMatches":64,"activeRooms":1,"queueDepth":64}
{"type":"capacity","timestamp":"2026-07-23T13:25:04.953Z","action":"acquire","durationMs":0,"activeMatches":64,"activeRooms":1,"queueDepth":64}
{"type":"capacity","timestamp":"2026-07-23T13:25:04.955Z","action":"acquire","durationMs":0,"activeMatches":64,"activeRooms":1,"queueDepth":64}
{"type":"capacity","timestamp":"2026-07-23T13:25:04.957Z","action":"acquire","durationMs":0,"activeMatches":64,"activeRooms":1,"queueDepth":64}
{"type":"capacity","timestamp":"2026-07-23T13:25:04.959Z","action":"acquire","durationMs":1,"activeMatches":64,"activeRooms":1,"queueDepth":64}
{"type":"capacity","timestamp":"2026-07-23T13:25:04.961Z","action":"acquire","durationMs":1,"activeMatches":64,"activeRooms":1,"queueDepth":64}
{"type":"capacity","timestamp":"2026-07-23T13:25:04.963Z","action":"acquire","durationMs":0,"activeMatches":64,"activeRooms":1,"queueDepth":64}
{"type":"capacity","timestamp":"2026-07-23T13:25:04.965Z","action":"acquire","durationMs":0,"activeMatches":64,"activeRooms":1,"queueDepth":64}
{"type":"capacity","timestamp":"2026-07-23T13:25:04.968Z","action":"acquire","durationMs":1,"activeMatches":64,"activeRooms":1,"queueDepth":64}
{"type":"capacity","timestamp":"2026-07-23T13:25:04.977Z","action":"acquire","durationMs":1,"activeMatches":64,"activeRooms":1,"queueDepth":64}
{"type":"capacity","timestamp":"2026-07-23T13:25:04.985Z","action":"acquire","durationMs":1,"activeMatches":64,"activeRooms":1,"queueDepth":64}
{"type":"capacity","timestamp":"2026-07-23T13:25:04.992Z","action":"acquire","durationMs":1,"activeMatches":64,"activeRooms":1,"queueDepth":64}
{"type":"capacity","timestamp":"2026-07-23T13:25:04.994Z","action":"acquire","durationMs":0,"activeMatches":64,"activeRooms":1,"queueDepth":64}
{"type":"capacity","timestamp":"2026-07-23T13:25:04.996Z","action":"acquire","durationMs":0,"activeMatches":64,"activeRooms":1,"queueDepth":64}
{"type":"capacity","timestamp":"2026-07-23T13:25:04.998Z","action":"acquire","durationMs":0,"activeMatches":64,"activeRooms":1,"queueDepth":64}
{"type":"capacity","timestamp":"2026-07-23T13:25:05.001Z","action":"acquire","durationMs":1,"activeMatches":64,"activeRooms":1,"queueDepth":64}
{"type":"capacity","timestamp":"2026-07-23T13:25:05.003Z","action":"acquire","durationMs":0,"activeMatches":64,"activeRooms":1,"queueDepth":64}
{"type":"capacity","timestamp":"2026-07-23T13:25:05.019Z","action":"acquire","durationMs":1,"activeMatches":64,"activeRooms":1,"queueDepth":64}
{"type":"capacity","timestamp":"2026-07-23T13:25:05.021Z","action":"acquire","durationMs":1,"activeMatches":64,"activeRooms":1,"queueDepth":64}
{"type":"capacity","timestamp":"2026-07-23T13:25:05.023Z","action":"acquire","durationMs":0,"activeMatches":64,"activeRooms":1,"queueDepth":64}
{"type":"capacity","timestamp":"2026-07-23T13:25:05.025Z","action":"acquire","durationMs":0,"activeMatches":64,"activeRooms":1,"queueDepth":64}
{"type":"capacity","timestamp":"2026-07-23T13:25:05.027Z","action":"acquire","durationMs":0,"activeMatches":64,"activeRooms":1,"queueDepth":64}
{"type":"capacity","timestamp":"2026-07-23T13:25:05.029Z","action":"acquire","durationMs":0,"activeMatches":64,"activeRooms":1,"queueDepth":64}
{"type":"capacity","timestamp":"2026-07-23T13:25:05.031Z","action":"acquire","durationMs":1,"activeMatches":64,"activeRooms":1,"queueDepth":64}
{"type":"capacity","timestamp":"2026-07-23T13:25:05.032Z","action":"acquire","durationMs":0,"activeMatches":64,"activeRooms":1,"queueDepth":64}
{"type":"capacity","timestamp":"2026-07-23T13:25:05.035Z","action":"acquire","durationMs":1,"activeMatches":64,"activeRooms":1,"queueDepth":64}
{"type":"capacity","timestamp":"2026-07-23T13:25:05.046Z","action":"acquire","durationMs":0,"activeMatches":64,"activeRooms":1,"queueDepth":64}
{"type":"capacity","timestamp":"2026-07-23T13:25:05.048Z","action":"acquire","durationMs":0,"activeMatches":64,"activeRooms":1,"queueDepth":64}
{"type":"capacity","timestamp":"2026-07-23T13:25:05.051Z","action":"acquire","durationMs":1,"activeMatches":64,"activeRooms":1,"queueDepth":64}
{"type":"capacity","timestamp":"2026-07-23T13:25:05.054Z","action":"acquire","durationMs":1,"activeMatches":64,"activeRooms":1,"queueDepth":64}
{"type":"capacity","timestamp":"2026-07-23T13:25:05.056Z","action":"acquire","durationMs":1,"activeMatches":64,"activeRooms":1,"queueDepth":64}
{"type":"capacity","timestamp":"2026-07-23T13:25:05.059Z","action":"acquire","durationMs":0,"activeMatches":64,"activeRooms":1,"queueDepth":64}
{"type":"capacity","timestamp":"2026-07-23T13:25:05.061Z","action":"acquire","durationMs":0,"activeMatches":64,"activeRooms":1,"queueDepth":64}
{"type":"capacity","timestamp":"2026-07-23T13:25:05.063Z","action":"acquire","durationMs":0,"activeMatches":64,"activeRooms":1,"queueDepth":64}
{"type":"capacity","timestamp":"2026-07-23T13:25:05.074Z","action":"acquire","durationMs":0,"activeMatches":64,"activeRooms":1,"queueDepth":64}
{"type":"capacity","timestamp":"2026-07-23T13:25:05.076Z","action":"acquire","durationMs":1,"activeMatches":64,"activeRooms":1,"queueDepth":64}
{"type":"capacity","timestamp":"2026-07-23T13:25:05.078Z","action":"acquire","durationMs":1,"activeMatches":64,"activeRooms":1,"queueDepth":64}
{"type":"capacity","timestamp":"2026-07-23T13:25:05.080Z","action":"acquire","durationMs":0,"activeMatches":64,"activeRooms":1,"queueDepth":64}
{"type":"capacity","timestamp":"2026-07-23T13:25:05.082Z","action":"acquire","durationMs":1,"activeMatches":64,"activeRooms":1,"queueDepth":64}
{"type":"capacity","timestamp":"2026-07-23T13:25:05.085Z","action":"acquire","durationMs":1,"activeMatches":64,"activeRooms":1,"queueDepth":64}
{"type":"capacity","timestamp":"2026-07-23T13:25:05.120Z","action":"acquire","durationMs":1,"activeMatches":64,"activeRooms":1,"queueDepth":64}
{"type":"capacity","timestamp":"2026-07-23T13:25:05.149Z","action":"acquire","durationMs":0,"activeMatches":64,"activeRooms":1,"queueDepth":64}
{"type":"capacity","timestamp":"2026-07-23T13:25:05.153Z","action":"acquire","durationMs":1,"activeMatches":64,"activeRooms":1,"queueDepth":64}
{"type":"capacity","timestamp":"2026-07-23T13:25:05.155Z","action":"acquire","durationMs":0,"activeMatches":64,"activeRooms":1,"queueDepth":64}
{"type":"capacity","timestamp":"2026-07-23T13:25:05.158Z","action":"acquire","durationMs":1,"activeMatches":64,"activeRooms":1,"queueDepth":64}
{"type":"simulation-batch","timestamp":"2026-07-23T13:25:05.182Z","roomId":"mw117t","durationMs":354,"processedMinutes":20,"eventCount":2,"activeMatches":64,"stateVersion":73}
{"type":"room-persist","timestamp":"2026-07-23T13:25:05.188Z","roomId":"mw117t","bytes":523277,"eventCount":2,"releasedMatches":0}
{"type":"room-alarm-complete","timestamp":"2026-07-23T13:25:05.214Z","roomId":"mw117t","elapsedMs":391}
{"type":"room-alarm","timestamp":"2026-07-23T13:25:05.221Z","roomId":"mw117t"}
{"type":"capacity","timestamp":"2026-07-23T13:25:05.222Z","action":"renew","durationMs":0,"activeMatches":64,"activeRooms":1,"queueDepth":64}
{"type":"capacity","timestamp":"2026-07-23T13:25:05.231Z","action":"renew","durationMs":0,"activeMatches":64,"activeRooms":1,"queueDepth":64}
{"type":"capacity","timestamp":"2026-07-23T13:25:05.233Z","action":"renew","durationMs":0,"activeMatches":64,"activeRooms":1,"queueDepth":64}
{"type":"capacity","timestamp":"2026-07-23T13:25:05.235Z","action":"renew","durationMs":0,"activeMatches":64,"activeRooms":1,"queueDepth":64}
{"type":"simulation-batch","timestamp":"2026-07-23T13:25:05.237Z","roomId":"mw117t","durationMs":16,"processedMinutes":5,"eventCount":1,"activeMatches":64,"stateVersion":74}
{"type":"room-persist","timestamp":"2026-07-23T13:25:05.239Z","roomId":"mw117t","bytes":523286,"eventCount":1,"releasedMatches":0}
{"type":"room-alarm-complete","timestamp":"2026-07-23T13:25:05.264Z","roomId":"mw117t","elapsedMs":50}
{"type":"room-alarm","timestamp":"2026-07-23T13:25:05.292Z","roomId":"mw117t"}
{"type":"capacity","timestamp":"2026-07-23T13:25:05.295Z","action":"renew","durationMs":1,"activeMatches":64,"activeRooms":1,"queueDepth":64}
{"type":"capacity","timestamp":"2026-07-23T13:25:05.302Z","action":"renew","durationMs":1,"activeMatches":64,"activeRooms":1,"queueDepth":64}
{"type":"simulation-batch","timestamp":"2026-07-23T13:25:05.311Z","roomId":"mw117t","durationMs":18,"processedMinutes":4,"eventCount":0,"activeMatches":64,"stateVersion":75}
{"type":"room-persist","timestamp":"2026-07-23T13:25:05.313Z","roomId":"mw117t","bytes":523285,"eventCount":0,"releasedMatches":0}
{"type":"room-alarm-complete","timestamp":"2026-07-23T13:25:05.337Z","roomId":"mw117t","elapsedMs":50}
{"type":"room-alarm","timestamp":"2026-07-23T13:25:05.351Z","roomId":"mw117t"}
{"type":"capacity","timestamp":"2026-07-23T13:25:05.353Z","action":"renew","durationMs":0,"activeMatches":64,"activeRooms":1,"queueDepth":64}
{"type":"capacity","timestamp":"2026-07-23T13:25:05.357Z","action":"renew","durationMs":1,"activeMatches":64,"activeRooms":1,"queueDepth":64}
{"type":"capacity","timestamp":"2026-07-23T13:25:05.359Z","action":"renew","durationMs":0,"activeMatches":64,"activeRooms":1,"queueDepth":64}
{"type":"capacity","timestamp":"2026-07-23T13:25:05.362Z","action":"acquire","durationMs":1,"activeMatches":64,"activeRooms":1,"queueDepth":64}
{"type":"capacity","timestamp":"2026-07-23T13:25:05.375Z","action":"acquire","durationMs":0,"activeMatches":64,"activeRooms":1,"queueDepth":64}
{"type":"capacity","timestamp":"2026-07-23T13:25:05.382Z","action":"acquire","durationMs":0,"activeMatches":64,"activeRooms":1,"queueDepth":64}
{"type":"capacity","timestamp":"2026-07-23T13:25:05.385Z","action":"acquire","durationMs":0,"activeMatches":64,"activeRooms":1,"queueDepth":64}
{"type":"capacity","timestamp":"2026-07-23T13:25:05.395Z","action":"acquire","durationMs":0,"activeMatches":64,"activeRooms":1,"queueDepth":64}
{"type":"capacity","timestamp":"2026-07-23T13:25:05.398Z","action":"acquire","durationMs":0,"activeMatches":64,"activeRooms":1,"queueDepth":64}
{"type":"capacity","timestamp":"2026-07-23T13:25:05.412Z","action":"acquire","durationMs":0,"activeMatches":64,"activeRooms":1,"queueDepth":64}
{"type":"capacity","timestamp":"2026-07-23T13:25:05.416Z","action":"acquire","durationMs":1,"activeMatches":64,"activeRooms":1,"queueDepth":64}
{"type":"capacity","timestamp":"2026-07-23T13:25:05.424Z","action":"acquire","durationMs":1,"activeMatches":64,"activeRooms":1,"queueDepth":64}
{"type":"capacity","timestamp":"2026-07-23T13:25:05.427Z","action":"acquire","durationMs":1,"activeMatches":64,"activeRooms":1,"queueDepth":64}
{"type":"capacity","timestamp":"2026-07-23T13:25:05.462Z","action":"acquire","durationMs":0,"activeMatches":64,"activeRooms":1,"queueDepth":64}
{"type":"capacity","timestamp":"2026-07-23T13:25:05.465Z","action":"acquire","durationMs":1,"activeMatches":64,"activeRooms":1,"queueDepth":64}
{"type":"capacity","timestamp":"2026-07-23T13:25:05.476Z","action":"acquire","durationMs":0,"activeMatches":64,"activeRooms":1,"queueDepth":64}
{"type":"capacity","timestamp":"2026-07-23T13:25:05.478Z","action":"acquire","durationMs":0,"activeMatches":64,"activeRooms":1,"queueDepth":64}
{"type":"capacity","timestamp":"2026-07-23T13:25:05.481Z","action":"acquire","durationMs":1,"activeMatches":64,"activeRooms":1,"queueDepth":64}
{"type":"capacity","timestamp":"2026-07-23T13:25:05.490Z","action":"acquire","durationMs":0,"activeMatches":64,"activeRooms":1,"queueDepth":64}
{"type":"capacity","timestamp":"2026-07-23T13:25:05.492Z","action":"acquire","durationMs":0,"activeMatches":64,"activeRooms":1,"queueDepth":64}
{"type":"capacity","timestamp":"2026-07-23T13:25:05.494Z","action":"acquire","durationMs":1,"activeMatches":64,"activeRooms":1,"queueDepth":64}
{"type":"capacity","timestamp":"2026-07-23T13:25:05.496Z","action":"acquire","durationMs":1,"activeMatches":64,"activeRooms":1,"queueDepth":64}
{"type":"capacity","timestamp":"2026-07-23T13:25:05.505Z","action":"acquire","durationMs":1,"activeMatches":64,"activeRooms":1,"queueDepth":64}
{"type":"capacity","timestamp":"2026-07-23T13:25:05.507Z","action":"acquire","durationMs":1,"activeMatches":64,"activeRooms":1,"queueDepth":64}
{"type":"capacity","timestamp":"2026-07-23T13:25:05.509Z","action":"acquire","durationMs":1,"activeMatches":64,"activeRooms":1,"queueDepth":64}
{"type":"capacity","timestamp":"2026-07-23T13:25:05.512Z","action":"acquire","durationMs":1,"activeMatches":64,"activeRooms":1,"queueDepth":64}
{"type":"capacity","timestamp":"2026-07-23T13:25:05.513Z","action":"acquire","durationMs":0,"activeMatches":64,"activeRooms":1,"queueDepth":64}
{"type":"capacity","timestamp":"2026-07-23T13:25:05.516Z","action":"acquire","durationMs":1,"activeMatches":64,"activeRooms":1,"queueDepth":64}
{"type":"capacity","timestamp":"2026-07-23T13:25:05.519Z","action":"acquire","durationMs":1,"activeMatches":64,"activeRooms":1,"queueDepth":64}
{"type":"capacity","timestamp":"2026-07-23T13:25:05.521Z","action":"acquire","durationMs":1,"activeMatches":64,"activeRooms":1,"queueDepth":64}
{"type":"capacity","timestamp":"2026-07-23T13:25:05.523Z","action":"acquire","durationMs":0,"activeMatches":64,"activeRooms":1,"queueDepth":64}
{"type":"capacity","timestamp":"2026-07-23T13:25:05.525Z","action":"acquire","durationMs":0,"activeMatches":64,"activeRooms":1,"queueDepth":64}
{"type":"capacity","timestamp":"2026-07-23T13:25:05.527Z","action":"acquire","durationMs":0,"activeMatches":64,"activeRooms":1,"queueDepth":64}
{"type":"capacity","timestamp":"2026-07-23T13:25:05.545Z","action":"acquire","durationMs":1,"activeMatches":64,"activeRooms":1,"queueDepth":64}
{"type":"capacity","timestamp":"2026-07-23T13:25:05.547Z","action":"acquire","durationMs":1,"activeMatches":64,"activeRooms":1,"queueDepth":64}
{"type":"capacity","timestamp":"2026-07-23T13:25:05.550Z","action":"acquire","durationMs":1,"activeMatches":64,"activeRooms":1,"queueDepth":64}
{"type":"capacity","timestamp":"2026-07-23T13:25:05.553Z","action":"acquire","durationMs":1,"activeMatches":64,"activeRooms":1,"queueDepth":64}
{"type":"capacity","timestamp":"2026-07-23T13:25:05.555Z","action":"acquire","durationMs":1,"activeMatches":64,"activeRooms":1,"queueDepth":64}
{"type":"capacity","timestamp":"2026-07-23T13:25:05.557Z","action":"acquire","durationMs":0,"activeMatches":64,"activeRooms":1,"queueDepth":64}
{"type":"capacity","timestamp":"2026-07-23T13:25:05.560Z","action":"acquire","durationMs":1,"activeMatches":64,"activeRooms":1,"queueDepth":64}
{"type":"capacity","timestamp":"2026-07-23T13:25:05.582Z","action":"acquire","durationMs":1,"activeMatches":64,"activeRooms":1,"queueDepth":64}
{"type":"capacity","timestamp":"2026-07-23T13:25:05.593Z","action":"acquire","durationMs":0,"activeMatches":64,"activeRooms":1,"queueDepth":64}
{"type":"capacity","timestamp":"2026-07-23T13:25:05.596Z","action":"acquire","durationMs":1,"activeMatches":64,"activeRooms":1,"queueDepth":64}
{"type":"capacity","timestamp":"2026-07-23T13:25:05.598Z","action":"acquire","durationMs":0,"activeMatches":64,"activeRooms":1,"queueDepth":64}
{"type":"capacity","timestamp":"2026-07-23T13:25:05.600Z","action":"acquire","durationMs":1,"activeMatches":64,"activeRooms":1,"queueDepth":64}
{"type":"capacity","timestamp":"2026-07-23T13:25:05.603Z","action":"acquire","durationMs":1,"activeMatches":64,"activeRooms":1,"queueDepth":64}
{"type":"capacity","timestamp":"2026-07-23T13:25:05.605Z","action":"acquire","durationMs":1,"activeMatches":64,"activeRooms":1,"queueDepth":64}
{"type":"capacity","timestamp":"2026-07-23T13:25:05.607Z","action":"acquire","durationMs":1,"activeMatches":64,"activeRooms":1,"queueDepth":64}
{"type":"capacity","timestamp":"2026-07-23T13:25:05.609Z","action":"acquire","durationMs":1,"activeMatches":64,"activeRooms":1,"queueDepth":64}
{"type":"capacity","timestamp":"2026-07-23T13:25:05.611Z","action":"acquire","durationMs":0,"activeMatches":64,"activeRooms":1,"queueDepth":64}
{"type":"capacity","timestamp":"2026-07-23T13:25:05.614Z","action":"acquire","durationMs":1,"activeMatches":64,"activeRooms":1,"queueDepth":64}
{"type":"capacity","timestamp":"2026-07-23T13:25:05.617Z","action":"acquire","durationMs":0,"activeMatches":64,"activeRooms":1,"queueDepth":64}
{"type":"capacity","timestamp":"2026-07-23T13:25:05.620Z","action":"acquire","durationMs":1,"activeMatches":64,"activeRooms":1,"queueDepth":64}
{"type":"capacity","timestamp":"2026-07-23T13:25:05.622Z","action":"acquire","durationMs":0,"activeMatches":64,"activeRooms":1,"queueDepth":64}
{"type":"capacity","timestamp":"2026-07-23T13:25:05.624Z","action":"acquire","durationMs":0,"activeMatches":64,"activeRooms":1,"queueDepth":64}
{"type":"capacity","timestamp":"2026-07-23T13:25:05.627Z","action":"acquire","durationMs":0,"activeMatches":64,"activeRooms":1,"queueDepth":64}
{"type":"capacity","timestamp":"2026-07-23T13:25:05.630Z","action":"acquire","durationMs":1,"activeMatches":64,"activeRooms":1,"queueDepth":64}
{"type":"capacity","timestamp":"2026-07-23T13:25:05.641Z","action":"acquire","durationMs":0,"activeMatches":64,"activeRooms":1,"queueDepth":64}
{"type":"capacity","timestamp":"2026-07-23T13:25:05.643Z","action":"acquire","durationMs":1,"activeMatches":64,"activeRooms":1,"queueDepth":64}
{"type":"capacity","timestamp":"2026-07-23T13:25:05.645Z","action":"acquire","durationMs":0,"activeMatches":64,"activeRooms":1,"queueDepth":64}
{"type":"capacity","timestamp":"2026-07-23T13:25:05.652Z","action":"acquire","durationMs":1,"activeMatches":64,"activeRooms":1,"queueDepth":64}
{"type":"capacity","timestamp":"2026-07-23T13:25:05.664Z","action":"acquire","durationMs":1,"activeMatches":64,"activeRooms":1,"queueDepth":64}
{"type":"capacity","timestamp":"2026-07-23T13:25:05.675Z","action":"acquire","durationMs":1,"activeMatches":64,"activeRooms":1,"queueDepth":64}
{"type":"capacity","timestamp":"2026-07-23T13:25:05.677Z","action":"acquire","durationMs":0,"activeMatches":64,"activeRooms":1,"queueDepth":64}
{"type":"capacity","timestamp":"2026-07-23T13:25:05.679Z","action":"acquire","durationMs":0,"activeMatches":64,"activeRooms":1,"queueDepth":64}
{"type":"capacity","timestamp":"2026-07-23T13:25:05.682Z","action":"acquire","durationMs":1,"activeMatches":64,"activeRooms":1,"queueDepth":64}
{"type":"capacity","timestamp":"2026-07-23T13:25:05.685Z","action":"acquire","durationMs":1,"activeMatches":64,"activeRooms":1,"queueDepth":64}
{"type":"simulation-batch","timestamp":"2026-07-23T13:25:05.696Z","roomId":"mw117t","durationMs":344,"processedMinutes":42,"eventCount":2,"activeMatches":64,"stateVersion":76}
{"type":"room-persist","timestamp":"2026-07-23T13:25:05.700Z","roomId":"mw117t","bytes":523280,"eventCount":2,"releasedMatches":0}
{"type":"room-alarm-complete","timestamp":"2026-07-23T13:25:05.743Z","roomId":"mw117t","elapsedMs":396}
{"type":"room-alarm","timestamp":"2026-07-23T13:25:05.756Z","roomId":"mw117t"}
{"type":"capacity","timestamp":"2026-07-23T13:25:05.761Z","action":"renew","durationMs":1,"activeMatches":64,"activeRooms":1,"queueDepth":64}
{"type":"simulation-batch","timestamp":"2026-07-23T13:25:05.775Z","roomId":"mw117t","durationMs":19,"processedMinutes":8,"eventCount":0,"activeMatches":64,"stateVersion":77}
{"type":"room-persist","timestamp":"2026-07-23T13:25:05.782Z","roomId":"mw117t","bytes":523343,"eventCount":0,"releasedMatches":0}
{"type":"room-alarm-complete","timestamp":"2026-07-23T13:25:05.825Z","roomId":"mw117t","elapsedMs":82}
{"type":"room-alarm","timestamp":"2026-07-23T13:25:05.835Z","roomId":"mw117t"}
{"type":"capacity","timestamp":"2026-07-23T13:25:05.849Z","action":"renew","durationMs":6,"activeMatches":64,"activeRooms":1,"queueDepth":64}
{"type":"simulation-batch","timestamp":"2026-07-23T13:25:05.857Z","roomId":"mw117t","durationMs":17,"processedMinutes":1,"eventCount":0,"activeMatches":64,"stateVersion":78}
{"type":"room-persist","timestamp":"2026-07-23T13:25:05.861Z","roomId":"mw117t","bytes":523345,"eventCount":0,"releasedMatches":0}
{"type":"room-alarm-complete","timestamp":"2026-07-23T13:25:05.885Z","roomId":"mw117t","elapsedMs":60}
{"type":"room-alarm","timestamp":"2026-07-23T13:25:05.911Z","roomId":"mw117t"}
{"type":"capacity","timestamp":"2026-07-23T13:25:05.915Z","action":"renew","durationMs":0,"activeMatches":64,"activeRooms":1,"queueDepth":64}
{"type":"simulation-batch","timestamp":"2026-07-23T13:25:05.927Z","roomId":"mw117t","durationMs":15,"processedMinutes":3,"eventCount":1,"activeMatches":64,"stateVersion":79}
{"type":"room-persist","timestamp":"2026-07-23T13:25:05.933Z","roomId":"mw117t","bytes":523373,"eventCount":1,"releasedMatches":0}
{"type":"room-alarm-complete","timestamp":"2026-07-23T13:25:05.964Z","roomId":"mw117t","elapsedMs":61}
{"type":"room-alarm","timestamp":"2026-07-23T13:25:05.974Z","roomId":"mw117t"}
{"type":"capacity","timestamp":"2026-07-23T13:25:05.980Z","action":"renew","durationMs":5,"activeMatches":64,"activeRooms":1,"queueDepth":64}
{"type":"simulation-batch","timestamp":"2026-07-23T13:25:05.998Z","roomId":"mw117t","durationMs":24,"processedMinutes":3,"eventCount":1,"activeMatches":64,"stateVersion":80}
{"type":"room-persist","timestamp":"2026-07-23T13:25:05.999Z","roomId":"mw117t","bytes":523400,"eventCount":1,"releasedMatches":0}
{"type":"room-alarm-complete","timestamp":"2026-07-23T13:25:06.031Z","roomId":"mw117t","elapsedMs":65}
{"type":"room-alarm","timestamp":"2026-07-23T13:25:06.043Z","roomId":"mw117t"}
{"type":"capacity","timestamp":"2026-07-23T13:25:06.044Z","action":"renew","durationMs":0,"activeMatches":64,"activeRooms":1,"queueDepth":64}
{"type":"capacity","timestamp":"2026-07-23T13:25:06.051Z","action":"renew","durationMs":0,"activeMatches":64,"activeRooms":1,"queueDepth":64}
{"type":"capacity","timestamp":"2026-07-23T13:25:06.055Z","action":"renew","durationMs":1,"activeMatches":64,"activeRooms":1,"queueDepth":64}
{"type":"capacity","timestamp":"2026-07-23T13:25:06.057Z","action":"renew","durationMs":1,"activeMatches":64,"activeRooms":1,"queueDepth":64}
{"type":"simulation-batch","timestamp":"2026-07-23T13:25:06.059Z","roomId":"mw117t","durationMs":16,"processedMinutes":4,"eventCount":2,"activeMatches":64,"stateVersion":81}
{"type":"room-persist","timestamp":"2026-07-23T13:25:06.061Z","roomId":"mw117t","bytes":523407,"eventCount":2,"releasedMatches":0}
{"type":"room-alarm-complete","timestamp":"2026-07-23T13:25:06.118Z","roomId":"mw117t","elapsedMs":87}
{"type":"room-alarm","timestamp":"2026-07-23T13:25:06.155Z","roomId":"mw117t"}
{"type":"simulation-batch","timestamp":"2026-07-23T13:25:06.175Z","roomId":"mw117t","durationMs":20,"processedMinutes":31,"eventCount":7,"activeMatches":64,"stateVersion":82}
{"type":"room-persist","timestamp":"2026-07-23T13:25:06.194Z","roomId":"mw117t","bytes":523489,"eventCount":7,"releasedMatches":0}
{"type":"room-alarm-complete","timestamp":"2026-07-23T13:25:06.302Z","roomId":"mw117t","elapsedMs":183}
{"type":"room-alarm","timestamp":"2026-07-23T13:25:06.329Z","roomId":"mw117t"}
{"type":"capacity","timestamp":"2026-07-23T13:25:06.330Z","action":"renew","durationMs":1,"activeMatches":64,"activeRooms":1,"queueDepth":64}
{"type":"simulation-batch","timestamp":"2026-07-23T13:25:06.355Z","roomId":"mw117t","durationMs":26,"processedMinutes":6,"eventCount":0,"activeMatches":64,"stateVersion":83}
{"type":"room-persist","timestamp":"2026-07-23T13:25:06.356Z","roomId":"mw117t","bytes":523541,"eventCount":0,"releasedMatches":0}
{"type":"room-alarm-complete","timestamp":"2026-07-23T13:25:06.391Z","roomId":"mw117t","elapsedMs":89}
{"type":"room-alarm","timestamp":"2026-07-23T13:25:06.410Z","roomId":"mw117t"}
{"type":"capacity","timestamp":"2026-07-23T13:25:06.427Z","action":"renew","durationMs":1,"activeMatches":64,"activeRooms":1,"queueDepth":64}
{"type":"simulation-batch","timestamp":"2026-07-23T13:25:06.455Z","roomId":"mw117t","durationMs":45,"processedMinutes":5,"eventCount":1,"activeMatches":64,"stateVersion":84}
{"type":"room-persist","timestamp":"2026-07-23T13:25:06.472Z","roomId":"mw117t","bytes":523566,"eventCount":1,"releasedMatches":0}
{"type":"room-alarm-complete","timestamp":"2026-07-23T13:25:06.514Z","roomId":"mw117t","elapsedMs":122}
{"type":"room-alarm","timestamp":"2026-07-23T13:25:06.528Z","roomId":"mw117t"}
{"type":"capacity","timestamp":"2026-07-23T13:25:06.530Z","action":"renew","durationMs":1,"activeMatches":64,"activeRooms":1,"queueDepth":64}
{"type":"capacity","timestamp":"2026-07-23T13:25:06.536Z","action":"renew","durationMs":1,"activeMatches":64,"activeRooms":1,"queueDepth":64}
{"type":"simulation-batch","timestamp":"2026-07-23T13:25:06.571Z","roomId":"mw117t","durationMs":43,"processedMinutes":4,"eventCount":2,"activeMatches":64,"stateVersion":85}
{"type":"room-persist","timestamp":"2026-07-23T13:25:06.572Z","roomId":"mw117t","bytes":523593,"eventCount":2,"releasedMatches":0}
{"type":"room-alarm-complete","timestamp":"2026-07-23T13:25:06.626Z","roomId":"mw117t","elapsedMs":110}
{"type":"room-alarm","timestamp":"2026-07-23T13:25:06.638Z","roomId":"mw117t"}
{"type":"capacity","timestamp":"2026-07-23T13:25:06.640Z","action":"renew","durationMs":1,"activeMatches":64,"activeRooms":1,"queueDepth":64}
{"type":"simulation-batch","timestamp":"2026-07-23T13:25:06.656Z","roomId":"mw117t","durationMs":18,"processedMinutes":6,"eventCount":2,"activeMatches":64,"stateVersion":86}
{"type":"room-persist","timestamp":"2026-07-23T13:25:06.658Z","roomId":"mw117t","bytes":523652,"eventCount":2,"releasedMatches":0}
{"type":"room-alarm-complete","timestamp":"2026-07-23T13:25:06.692Z","roomId":"mw117t","elapsedMs":66}
{"type":"room-alarm","timestamp":"2026-07-23T13:25:06.704Z","roomId":"mw117t"}
{"type":"capacity","timestamp":"2026-07-23T13:25:06.709Z","action":"renew","durationMs":4,"activeMatches":64,"activeRooms":1,"queueDepth":64}
{"type":"capacity","timestamp":"2026-07-23T13:25:06.715Z","action":"renew","durationMs":1,"activeMatches":64,"activeRooms":1,"queueDepth":64}
{"type":"simulation-batch","timestamp":"2026-07-23T13:25:06.726Z","roomId":"mw117t","durationMs":21,"processedMinutes":3,"eventCount":1,"activeMatches":64,"stateVersion":87}
{"type":"room-persist","timestamp":"2026-07-23T13:25:06.727Z","roomId":"mw117t","bytes":523658,"eventCount":1,"releasedMatches":0}
{"type":"room-alarm-complete","timestamp":"2026-07-23T13:25:06.761Z","roomId":"mw117t","elapsedMs":69}
{"type":"room-alarm","timestamp":"2026-07-23T13:25:06.773Z","roomId":"mw117t"}
{"type":"capacity","timestamp":"2026-07-23T13:25:06.778Z","action":"renew","durationMs":4,"activeMatches":64,"activeRooms":1,"queueDepth":64}
{"type":"capacity","timestamp":"2026-07-23T13:25:06.786Z","action":"renew","durationMs":1,"activeMatches":64,"activeRooms":1,"queueDepth":64}
{"type":"simulation-batch","timestamp":"2026-07-23T13:25:06.808Z","roomId":"mw117t","durationMs":35,"processedMinutes":2,"eventCount":0,"activeMatches":64,"stateVersion":88}
{"type":"room-persist","timestamp":"2026-07-23T13:25:06.813Z","roomId":"mw117t","bytes":523669,"eventCount":0,"releasedMatches":0}
{"type":"room-alarm-complete","timestamp":"2026-07-23T13:25:06.858Z","roomId":"mw117t","elapsedMs":96}
{"type":"room-alarm","timestamp":"2026-07-23T13:25:06.875Z","roomId":"mw117t"}
{"type":"capacity","timestamp":"2026-07-23T13:25:06.881Z","action":"renew","durationMs":5,"activeMatches":64,"activeRooms":1,"queueDepth":64}
{"type":"capacity","timestamp":"2026-07-23T13:25:06.888Z","action":"renew","durationMs":0,"activeMatches":64,"activeRooms":1,"queueDepth":64}
{"type":"simulation-batch","timestamp":"2026-07-23T13:25:06.890Z","roomId":"mw117t","durationMs":15,"processedMinutes":7,"eventCount":1,"activeMatches":64,"stateVersion":89}
{"type":"room-persist","timestamp":"2026-07-23T13:25:06.892Z","roomId":"mw117t","bytes":523730,"eventCount":1,"releasedMatches":0}
{"type":"room-alarm-complete","timestamp":"2026-07-23T13:25:06.975Z","roomId":"mw117t","elapsedMs":117}
{"type":"room-alarm","timestamp":"2026-07-23T13:25:06.986Z","roomId":"mw117t"}
{"type":"capacity","timestamp":"2026-07-23T13:25:06.987Z","action":"renew","durationMs":1,"activeMatches":64,"activeRooms":1,"queueDepth":64}
{"type":"capacity","timestamp":"2026-07-23T13:25:06.995Z","action":"renew","durationMs":0,"activeMatches":64,"activeRooms":1,"queueDepth":64}
{"type":"simulation-batch","timestamp":"2026-07-23T13:25:07.007Z","roomId":"mw117t","durationMs":21,"processedMinutes":6,"eventCount":1,"activeMatches":64,"stateVersion":90}
{"type":"room-persist","timestamp":"2026-07-23T13:25:07.009Z","roomId":"mw117t","bytes":523735,"eventCount":1,"releasedMatches":0}
{"type":"room-alarm-complete","timestamp":"2026-07-23T13:25:07.030Z","roomId":"mw117t","elapsedMs":55}
{"type":"room-alarm","timestamp":"2026-07-23T13:25:07.055Z","roomId":"mw117t"}
{"type":"capacity","timestamp":"2026-07-23T13:25:07.064Z","action":"renew","durationMs":2,"activeMatches":64,"activeRooms":1,"queueDepth":64}
{"type":"simulation-batch","timestamp":"2026-07-23T13:25:07.075Z","roomId":"mw117t","durationMs":19,"processedMinutes":8,"eventCount":1,"activeMatches":64,"stateVersion":91}
{"type":"room-persist","timestamp":"2026-07-23T13:25:07.081Z","roomId":"mw117t","bytes":523866,"eventCount":1,"releasedMatches":0}
{"type":"room-alarm-complete","timestamp":"2026-07-23T13:25:07.171Z","roomId":"mw117t","elapsedMs":126}
{"type":"room-alarm","timestamp":"2026-07-23T13:25:07.192Z","roomId":"mw117t"}
{"type":"simulation-batch","timestamp":"2026-07-23T13:25:07.207Z","roomId":"mw117t","durationMs":15,"processedMinutes":0,"eventCount":0,"activeMatches":64,"stateVersion":92}
{"type":"room-alarm-complete","timestamp":"2026-07-23T13:25:07.207Z","roomId":"mw117t","elapsedMs":36}
{"type":"room-alarm","timestamp":"2026-07-23T13:25:07.265Z","roomId":"mw117t"}
{"type":"capacity","timestamp":"2026-07-23T13:25:07.277Z","action":"renew","durationMs":7,"activeMatches":64,"activeRooms":1,"queueDepth":64}
{"type":"simulation-batch","timestamp":"2026-07-23T13:25:07.283Z","roomId":"mw117t","durationMs":18,"processedMinutes":9,"eventCount":1,"activeMatches":64,"stateVersion":92}
{"type":"room-persist","timestamp":"2026-07-23T13:25:07.285Z","roomId":"mw117t","bytes":523890,"eventCount":1,"releasedMatches":0}
{"type":"room-alarm-complete","timestamp":"2026-07-23T13:25:07.310Z","roomId":"mw117t","elapsedMs":64}
{"type":"room-alarm","timestamp":"2026-07-23T13:25:07.329Z","roomId":"mw117t"}
{"type":"capacity","timestamp":"2026-07-23T13:25:07.331Z","action":"renew","durationMs":0,"activeMatches":64,"activeRooms":1,"queueDepth":64}
{"type":"capacity","timestamp":"2026-07-23T13:25:07.338Z","action":"renew","durationMs":1,"activeMatches":64,"activeRooms":1,"queueDepth":64}
{"type":"capacity","timestamp":"2026-07-23T13:25:07.343Z","action":"renew","durationMs":1,"activeMatches":64,"activeRooms":1,"queueDepth":64}
{"type":"simulation-batch","timestamp":"2026-07-23T13:25:07.345Z","roomId":"mw117t","durationMs":15,"processedMinutes":11,"eventCount":1,"activeMatches":64,"stateVersion":93}
{"type":"room-persist","timestamp":"2026-07-23T13:25:07.347Z","roomId":"mw117t","bytes":523910,"eventCount":1,"releasedMatches":0}
{"type":"room-alarm-complete","timestamp":"2026-07-23T13:25:07.359Z","roomId":"mw117t","elapsedMs":36}
{"type":"room-alarm","timestamp":"2026-07-23T13:25:07.392Z","roomId":"mw117t"}
{"type":"capacity","timestamp":"2026-07-23T13:25:07.396Z","action":"renew","durationMs":3,"activeMatches":64,"activeRooms":1,"queueDepth":64}
{"type":"capacity","timestamp":"2026-07-23T13:25:07.403Z","action":"renew","durationMs":1,"activeMatches":64,"activeRooms":1,"queueDepth":64}
{"type":"simulation-batch","timestamp":"2026-07-23T13:25:07.412Z","roomId":"mw117t","durationMs":20,"processedMinutes":69,"eventCount":7,"activeMatches":64,"stateVersion":94}
{"type":"room-persist","timestamp":"2026-07-23T13:25:07.418Z","roomId":"mw117t","bytes":524094,"eventCount":7,"releasedMatches":0}
{"type":"room-alarm-complete","timestamp":"2026-07-23T13:25:07.442Z","roomId":"mw117t","elapsedMs":57}
{"type":"room-alarm","timestamp":"2026-07-23T13:25:07.448Z","roomId":"mw117t"}
{"type":"capacity","timestamp":"2026-07-23T13:25:07.453Z","action":"renew","durationMs":4,"activeMatches":64,"activeRooms":1,"queueDepth":64}
{"type":"capacity","timestamp":"2026-07-23T13:25:07.457Z","action":"renew","durationMs":1,"activeMatches":64,"activeRooms":1,"queueDepth":64}
{"type":"simulation-batch","timestamp":"2026-07-23T13:25:07.463Z","roomId":"mw117t","durationMs":15,"processedMinutes":7,"eventCount":1,"activeMatches":64,"stateVersion":95}
{"type":"room-persist","timestamp":"2026-07-23T13:25:07.466Z","roomId":"mw117t","bytes":524113,"eventCount":1,"releasedMatches":0}
{"type":"room-alarm-complete","timestamp":"2026-07-23T13:25:07.483Z","roomId":"mw117t","elapsedMs":40}
{"type":"room-alarm","timestamp":"2026-07-23T13:25:07.516Z","roomId":"mw117t"}
{"type":"capacity","timestamp":"2026-07-23T13:25:07.520Z","action":"renew","durationMs":0,"activeMatches":64,"activeRooms":1,"queueDepth":64}
{"type":"capacity","timestamp":"2026-07-23T13:25:07.523Z","action":"renew","durationMs":0,"activeMatches":64,"activeRooms":1,"queueDepth":64}
{"type":"capacity","timestamp":"2026-07-23T13:25:07.526Z","action":"acquire","durationMs":1,"activeMatches":64,"activeRooms":1,"queueDepth":64}
{"type":"capacity","timestamp":"2026-07-23T13:25:07.528Z","action":"acquire","durationMs":0,"activeMatches":64,"activeRooms":1,"queueDepth":64}
{"type":"capacity","timestamp":"2026-07-23T13:25:07.530Z","action":"acquire","durationMs":0,"activeMatches":64,"activeRooms":1,"queueDepth":64}
{"type":"capacity","timestamp":"2026-07-23T13:25:07.532Z","action":"acquire","durationMs":1,"activeMatches":64,"activeRooms":1,"queueDepth":64}
{"type":"capacity","timestamp":"2026-07-23T13:25:07.534Z","action":"acquire","durationMs":1,"activeMatches":64,"activeRooms":1,"queueDepth":64}
{"type":"capacity","timestamp":"2026-07-23T13:25:07.548Z","action":"acquire","durationMs":1,"activeMatches":64,"activeRooms":1,"queueDepth":64}
{"type":"capacity","timestamp":"2026-07-23T13:25:07.554Z","action":"acquire","durationMs":0,"activeMatches":64,"activeRooms":1,"queueDepth":64}
{"type":"capacity","timestamp":"2026-07-23T13:25:07.558Z","action":"acquire","durationMs":1,"activeMatches":64,"activeRooms":1,"queueDepth":64}
{"type":"capacity","timestamp":"2026-07-23T13:25:07.567Z","action":"acquire","durationMs":1,"activeMatches":64,"activeRooms":1,"queueDepth":64}
{"type":"capacity","timestamp":"2026-07-23T13:25:07.579Z","action":"acquire","durationMs":1,"activeMatches":64,"activeRooms":1,"queueDepth":64}
{"type":"capacity","timestamp":"2026-07-23T13:25:07.590Z","action":"acquire","durationMs":1,"activeMatches":64,"activeRooms":1,"queueDepth":64}
{"type":"capacity","timestamp":"2026-07-23T13:25:07.594Z","action":"acquire","durationMs":0,"activeMatches":64,"activeRooms":1,"queueDepth":64}
{"type":"capacity","timestamp":"2026-07-23T13:25:07.596Z","action":"acquire","durationMs":0,"activeMatches":64,"activeRooms":1,"queueDepth":64}
{"type":"capacity","timestamp":"2026-07-23T13:25:07.598Z","action":"acquire","durationMs":1,"activeMatches":64,"activeRooms":1,"queueDepth":64}
{"type":"capacity","timestamp":"2026-07-23T13:25:07.600Z","action":"acquire","durationMs":1,"activeMatches":64,"activeRooms":1,"queueDepth":64}
{"type":"capacity","timestamp":"2026-07-23T13:25:07.602Z","action":"acquire","durationMs":1,"activeMatches":64,"activeRooms":1,"queueDepth":64}
{"type":"capacity","timestamp":"2026-07-23T13:25:07.605Z","action":"acquire","durationMs":1,"activeMatches":64,"activeRooms":1,"queueDepth":64}
{"type":"capacity","timestamp":"2026-07-23T13:25:07.607Z","action":"acquire","durationMs":1,"activeMatches":64,"activeRooms":1,"queueDepth":64}
{"type":"capacity","timestamp":"2026-07-23T13:25:07.609Z","action":"acquire","durationMs":1,"activeMatches":64,"activeRooms":1,"queueDepth":64}
{"type":"capacity","timestamp":"2026-07-23T13:25:07.611Z","action":"acquire","durationMs":1,"activeMatches":64,"activeRooms":1,"queueDepth":64}
{"type":"capacity","timestamp":"2026-07-23T13:25:07.613Z","action":"acquire","durationMs":1,"activeMatches":64,"activeRooms":1,"queueDepth":64}
{"type":"capacity","timestamp":"2026-07-23T13:25:07.614Z","action":"acquire","durationMs":0,"activeMatches":64,"activeRooms":1,"queueDepth":64}
{"type":"capacity","timestamp":"2026-07-23T13:25:07.617Z","action":"acquire","durationMs":1,"activeMatches":64,"activeRooms":1,"queueDepth":64}
{"type":"capacity","timestamp":"2026-07-23T13:25:07.621Z","action":"acquire","durationMs":0,"activeMatches":64,"activeRooms":1,"queueDepth":64}
{"type":"capacity","timestamp":"2026-07-23T13:25:07.631Z","action":"acquire","durationMs":1,"activeMatches":64,"activeRooms":1,"queueDepth":64}
{"type":"capacity","timestamp":"2026-07-23T13:25:07.638Z","action":"acquire","durationMs":1,"activeMatches":64,"activeRooms":1,"queueDepth":64}
{"type":"capacity","timestamp":"2026-07-23T13:25:07.640Z","action":"acquire","durationMs":0,"activeMatches":64,"activeRooms":1,"queueDepth":64}
{"type":"capacity","timestamp":"2026-07-23T13:25:07.642Z","action":"acquire","durationMs":0,"activeMatches":64,"activeRooms":1,"queueDepth":64}
{"type":"capacity","timestamp":"2026-07-23T13:25:07.644Z","action":"acquire","durationMs":0,"activeMatches":64,"activeRooms":1,"queueDepth":64}
{"type":"capacity","timestamp":"2026-07-23T13:25:07.647Z","action":"acquire","durationMs":1,"activeMatches":64,"activeRooms":1,"queueDepth":64}
{"type":"capacity","timestamp":"2026-07-23T13:25:07.656Z","action":"acquire","durationMs":1,"activeMatches":64,"activeRooms":1,"queueDepth":64}
{"type":"capacity","timestamp":"2026-07-23T13:25:07.658Z","action":"acquire","durationMs":0,"activeMatches":64,"activeRooms":1,"queueDepth":64}
{"type":"capacity","timestamp":"2026-07-23T13:25:07.662Z","action":"acquire","durationMs":1,"activeMatches":64,"activeRooms":1,"queueDepth":64}
{"type":"capacity","timestamp":"2026-07-23T13:25:07.667Z","action":"acquire","durationMs":0,"activeMatches":64,"activeRooms":1,"queueDepth":64}
{"type":"capacity","timestamp":"2026-07-23T13:25:07.673Z","action":"acquire","durationMs":1,"activeMatches":64,"activeRooms":1,"queueDepth":64}
{"type":"capacity","timestamp":"2026-07-23T13:25:07.675Z","action":"acquire","durationMs":1,"activeMatches":64,"activeRooms":1,"queueDepth":64}
{"type":"capacity","timestamp":"2026-07-23T13:25:07.676Z","action":"acquire","durationMs":0,"activeMatches":64,"activeRooms":1,"queueDepth":64}
{"type":"capacity","timestamp":"2026-07-23T13:25:07.678Z","action":"acquire","durationMs":0,"activeMatches":64,"activeRooms":1,"queueDepth":64}
{"type":"capacity","timestamp":"2026-07-23T13:25:07.680Z","action":"acquire","durationMs":0,"activeMatches":64,"activeRooms":1,"queueDepth":64}
{"type":"capacity","timestamp":"2026-07-23T13:25:07.683Z","action":"acquire","durationMs":0,"activeMatches":64,"activeRooms":1,"queueDepth":64}
{"type":"capacity","timestamp":"2026-07-23T13:25:07.686Z","action":"acquire","durationMs":0,"activeMatches":64,"activeRooms":1,"queueDepth":64}
{"type":"capacity","timestamp":"2026-07-23T13:25:07.690Z","action":"acquire","durationMs":0,"activeMatches":64,"activeRooms":1,"queueDepth":64}
{"type":"capacity","timestamp":"2026-07-23T13:25:07.692Z","action":"acquire","durationMs":0,"activeMatches":64,"activeRooms":1,"queueDepth":64}
{"type":"capacity","timestamp":"2026-07-23T13:25:07.695Z","action":"acquire","durationMs":1,"activeMatches":64,"activeRooms":1,"queueDepth":64}
{"type":"capacity","timestamp":"2026-07-23T13:25:07.698Z","action":"acquire","durationMs":0,"activeMatches":64,"activeRooms":1,"queueDepth":64}
{"type":"capacity","timestamp":"2026-07-23T13:25:07.701Z","action":"acquire","durationMs":1,"activeMatches":64,"activeRooms":1,"queueDepth":64}
{"type":"capacity","timestamp":"2026-07-23T13:25:07.705Z","action":"acquire","durationMs":0,"activeMatches":64,"activeRooms":1,"queueDepth":64}
{"type":"capacity","timestamp":"2026-07-23T13:25:07.707Z","action":"acquire","durationMs":0,"activeMatches":64,"activeRooms":1,"queueDepth":64}
{"type":"capacity","timestamp":"2026-07-23T13:25:07.710Z","action":"acquire","durationMs":1,"activeMatches":64,"activeRooms":1,"queueDepth":64}
{"type":"capacity","timestamp":"2026-07-23T13:25:07.716Z","action":"acquire","durationMs":0,"activeMatches":64,"activeRooms":1,"queueDepth":64}
{"type":"capacity","timestamp":"2026-07-23T13:25:07.719Z","action":"acquire","durationMs":0,"activeMatches":64,"activeRooms":1,"queueDepth":64}
{"type":"capacity","timestamp":"2026-07-23T13:25:07.722Z","action":"acquire","durationMs":1,"activeMatches":64,"activeRooms":1,"queueDepth":64}
{"type":"capacity","timestamp":"2026-07-23T13:25:07.726Z","action":"acquire","durationMs":0,"activeMatches":64,"activeRooms":1,"queueDepth":64}
{"type":"capacity","timestamp":"2026-07-23T13:25:07.729Z","action":"acquire","durationMs":1,"activeMatches":64,"activeRooms":1,"queueDepth":64}
{"type":"capacity","timestamp":"2026-07-23T13:25:07.741Z","action":"acquire","durationMs":0,"activeMatches":64,"activeRooms":1,"queueDepth":64}
{"type":"capacity","timestamp":"2026-07-23T13:25:07.747Z","action":"acquire","durationMs":0,"activeMatches":64,"activeRooms":1,"queueDepth":64}
{"type":"capacity","timestamp":"2026-07-23T13:25:07.759Z","action":"acquire","durationMs":0,"activeMatches":64,"activeRooms":1,"queueDepth":64}
{"type":"capacity","timestamp":"2026-07-23T13:25:07.762Z","action":"acquire","durationMs":1,"activeMatches":64,"activeRooms":1,"queueDepth":64}
{"type":"capacity","timestamp":"2026-07-23T13:25:07.769Z","action":"acquire","durationMs":0,"activeMatches":64,"activeRooms":1,"queueDepth":64}
{"type":"capacity","timestamp":"2026-07-23T13:25:07.781Z","action":"acquire","durationMs":0,"activeMatches":64,"activeRooms":1,"queueDepth":64}
{"type":"capacity","timestamp":"2026-07-23T13:25:07.784Z","action":"acquire","durationMs":1,"activeMatches":64,"activeRooms":1,"queueDepth":64}
{"type":"capacity","timestamp":"2026-07-23T13:25:07.791Z","action":"acquire","durationMs":0,"activeMatches":64,"activeRooms":1,"queueDepth":64}
{"type":"capacity","timestamp":"2026-07-23T13:25:07.794Z","action":"acquire","durationMs":1,"activeMatches":64,"activeRooms":1,"queueDepth":64}
{"type":"capacity","timestamp":"2026-07-23T13:25:07.804Z","action":"acquire","durationMs":1,"activeMatches":64,"activeRooms":1,"queueDepth":64}
{"type":"simulation-batch","timestamp":"2026-07-23T13:25:07.809Z","roomId":"mw117t","durationMs":293,"processedMinutes":18,"eventCount":1,"activeMatches":64,"stateVersion":96}
{"type":"room-persist","timestamp":"2026-07-23T13:25:07.812Z","roomId":"mw117t","bytes":524201,"eventCount":1,"releasedMatches":0}
{"type":"room-alarm-complete","timestamp":"2026-07-23T13:25:07.831Z","roomId":"mw117t","elapsedMs":322}
{"type":"room-alarm","timestamp":"2026-07-23T13:25:07.837Z","roomId":"mw117t"}
{"type":"capacity","timestamp":"2026-07-23T13:25:07.841Z","action":"renew","durationMs":1,"activeMatches":64,"activeRooms":1,"queueDepth":64}
{"type":"capacity","timestamp":"2026-07-23T13:25:07.846Z","action":"renew","durationMs":0,"activeMatches":64,"activeRooms":1,"queueDepth":64}
{"type":"capacity","timestamp":"2026-07-23T13:25:07.849Z","action":"acquire","durationMs":1,"activeMatches":64,"activeRooms":1,"queueDepth":64}
{"type":"capacity","timestamp":"2026-07-23T13:25:07.852Z","action":"acquire","durationMs":1,"activeMatches":64,"activeRooms":1,"queueDepth":64}
{"type":"capacity","timestamp":"2026-07-23T13:25:07.856Z","action":"acquire","durationMs":1,"activeMatches":64,"activeRooms":1,"queueDepth":64}
{"type":"capacity","timestamp":"2026-07-23T13:25:07.860Z","action":"acquire","durationMs":0,"activeMatches":64,"activeRooms":1,"queueDepth":64}
{"type":"capacity","timestamp":"2026-07-23T13:25:07.863Z","action":"acquire","durationMs":0,"activeMatches":64,"activeRooms":1,"queueDepth":64}
{"type":"capacity","timestamp":"2026-07-23T13:25:07.873Z","action":"acquire","durationMs":0,"activeMatches":64,"activeRooms":1,"queueDepth":64}
{"type":"capacity","timestamp":"2026-07-23T13:25:07.877Z","action":"acquire","durationMs":1,"activeMatches":64,"activeRooms":1,"queueDepth":64}
{"type":"capacity","timestamp":"2026-07-23T13:25:07.899Z","action":"acquire","durationMs":1,"activeMatches":64,"activeRooms":1,"queueDepth":64}
{"type":"capacity","timestamp":"2026-07-23T13:25:07.915Z","action":"acquire","durationMs":1,"activeMatches":64,"activeRooms":1,"queueDepth":64}
{"type":"capacity","timestamp":"2026-07-23T13:25:07.921Z","action":"acquire","durationMs":0,"activeMatches":64,"activeRooms":1,"queueDepth":64}
{"type":"capacity","timestamp":"2026-07-23T13:25:07.924Z","action":"acquire","durationMs":1,"activeMatches":64,"activeRooms":1,"queueDepth":64}
{"type":"capacity","timestamp":"2026-07-23T13:25:07.927Z","action":"acquire","durationMs":1,"activeMatches":64,"activeRooms":1,"queueDepth":64}
{"type":"capacity","timestamp":"2026-07-23T13:25:07.931Z","action":"acquire","durationMs":0,"activeMatches":64,"activeRooms":1,"queueDepth":64}
{"type":"capacity","timestamp":"2026-07-23T13:25:07.934Z","action":"acquire","durationMs":1,"activeMatches":64,"activeRooms":1,"queueDepth":64}
{"type":"capacity","timestamp":"2026-07-23T13:25:07.937Z","action":"acquire","durationMs":1,"activeMatches":64,"activeRooms":1,"queueDepth":64}
{"type":"capacity","timestamp":"2026-07-23T13:25:07.940Z","action":"acquire","durationMs":0,"activeMatches":64,"activeRooms":1,"queueDepth":64}
{"type":"capacity","timestamp":"2026-07-23T13:25:07.942Z","action":"acquire","durationMs":0,"activeMatches":64,"activeRooms":1,"queueDepth":64}
{"type":"capacity","timestamp":"2026-07-23T13:25:07.944Z","action":"acquire","durationMs":1,"activeMatches":64,"activeRooms":1,"queueDepth":64}
{"type":"capacity","timestamp":"2026-07-23T13:25:07.945Z","action":"acquire","durationMs":0,"activeMatches":64,"activeRooms":1,"queueDepth":64}
{"type":"capacity","timestamp":"2026-07-23T13:25:07.947Z","action":"acquire","durationMs":0,"activeMatches":64,"activeRooms":1,"queueDepth":64}
{"type":"capacity","timestamp":"2026-07-23T13:25:07.950Z","action":"acquire","durationMs":1,"activeMatches":64,"activeRooms":1,"queueDepth":64}
{"type":"capacity","timestamp":"2026-07-23T13:25:07.952Z","action":"acquire","durationMs":0,"activeMatches":64,"activeRooms":1,"queueDepth":64}
{"type":"capacity","timestamp":"2026-07-23T13:25:07.956Z","action":"acquire","durationMs":0,"activeMatches":64,"activeRooms":1,"queueDepth":64}
{"type":"capacity","timestamp":"2026-07-23T13:25:07.961Z","action":"acquire","durationMs":0,"activeMatches":64,"activeRooms":1,"queueDepth":64}
{"type":"capacity","timestamp":"2026-07-23T13:25:07.965Z","action":"acquire","durationMs":0,"activeMatches":64,"activeRooms":1,"queueDepth":64}
{"type":"capacity","timestamp":"2026-07-23T13:25:07.968Z","action":"acquire","durationMs":1,"activeMatches":64,"activeRooms":1,"queueDepth":64}
{"type":"capacity","timestamp":"2026-07-23T13:25:07.972Z","action":"acquire","durationMs":0,"activeMatches":64,"activeRooms":1,"queueDepth":64}
{"type":"capacity","timestamp":"2026-07-23T13:25:07.978Z","action":"acquire","durationMs":0,"activeMatches":64,"activeRooms":1,"queueDepth":64}
{"type":"capacity","timestamp":"2026-07-23T13:25:07.980Z","action":"acquire","durationMs":0,"activeMatches":64,"activeRooms":1,"queueDepth":64}
{"type":"capacity","timestamp":"2026-07-23T13:25:07.983Z","action":"acquire","durationMs":1,"activeMatches":64,"activeRooms":1,"queueDepth":64}
{"type":"capacity","timestamp":"2026-07-23T13:25:07.994Z","action":"acquire","durationMs":1,"activeMatches":64,"activeRooms":1,"queueDepth":64}
{"type":"capacity","timestamp":"2026-07-23T13:25:08.004Z","action":"acquire","durationMs":1,"activeMatches":64,"activeRooms":1,"queueDepth":64}
{"type":"capacity","timestamp":"2026-07-23T13:25:08.006Z","action":"acquire","durationMs":1,"activeMatches":64,"activeRooms":1,"queueDepth":64}
{"type":"capacity","timestamp":"2026-07-23T13:25:08.007Z","action":"acquire","durationMs":0,"activeMatches":64,"activeRooms":1,"queueDepth":64}
{"type":"capacity","timestamp":"2026-07-23T13:25:08.009Z","action":"acquire","durationMs":0,"activeMatches":64,"activeRooms":1,"queueDepth":64}
{"type":"capacity","timestamp":"2026-07-23T13:25:08.011Z","action":"acquire","durationMs":0,"activeMatches":64,"activeRooms":1,"queueDepth":64}
{"type":"capacity","timestamp":"2026-07-23T13:25:08.013Z","action":"acquire","durationMs":1,"activeMatches":64,"activeRooms":1,"queueDepth":64}
{"type":"capacity","timestamp":"2026-07-23T13:25:08.014Z","action":"acquire","durationMs":0,"activeMatches":64,"activeRooms":1,"queueDepth":64}
{"type":"capacity","timestamp":"2026-07-23T13:25:08.017Z","action":"acquire","durationMs":1,"activeMatches":64,"activeRooms":1,"queueDepth":64}
{"type":"capacity","timestamp":"2026-07-23T13:25:08.021Z","action":"acquire","durationMs":1,"activeMatches":64,"activeRooms":1,"queueDepth":64}
{"type":"capacity","timestamp":"2026-07-23T13:25:08.032Z","action":"acquire","durationMs":0,"activeMatches":64,"activeRooms":1,"queueDepth":64}
{"type":"capacity","timestamp":"2026-07-23T13:25:08.035Z","action":"acquire","durationMs":0,"activeMatches":64,"activeRooms":1,"queueDepth":64}
{"type":"capacity","timestamp":"2026-07-23T13:25:08.039Z","action":"acquire","durationMs":1,"activeMatches":64,"activeRooms":1,"queueDepth":64}
{"type":"capacity","timestamp":"2026-07-23T13:25:08.043Z","action":"acquire","durationMs":1,"activeMatches":64,"activeRooms":1,"queueDepth":64}
{"type":"capacity","timestamp":"2026-07-23T13:25:08.044Z","action":"acquire","durationMs":0,"activeMatches":64,"activeRooms":1,"queueDepth":64}
{"type":"capacity","timestamp":"2026-07-23T13:25:08.046Z","action":"acquire","durationMs":1,"activeMatches":64,"activeRooms":1,"queueDepth":64}
{"type":"capacity","timestamp":"2026-07-23T13:25:08.047Z","action":"acquire","durationMs":0,"activeMatches":64,"activeRooms":1,"queueDepth":64}
{"type":"capacity","timestamp":"2026-07-23T13:25:08.049Z","action":"acquire","durationMs":0,"activeMatches":64,"activeRooms":1,"queueDepth":64}
{"type":"capacity","timestamp":"2026-07-23T13:25:08.052Z","action":"acquire","durationMs":0,"activeMatches":64,"activeRooms":1,"queueDepth":64}
{"type":"capacity","timestamp":"2026-07-23T13:25:08.054Z","action":"acquire","durationMs":1,"activeMatches":64,"activeRooms":1,"queueDepth":64}
{"type":"capacity","timestamp":"2026-07-23T13:25:08.055Z","action":"acquire","durationMs":0,"activeMatches":64,"activeRooms":1,"queueDepth":64}
{"type":"capacity","timestamp":"2026-07-23T13:25:08.057Z","action":"acquire","durationMs":0,"activeMatches":64,"activeRooms":1,"queueDepth":64}
{"type":"capacity","timestamp":"2026-07-23T13:25:08.059Z","action":"acquire","durationMs":0,"activeMatches":64,"activeRooms":1,"queueDepth":64}
{"type":"capacity","timestamp":"2026-07-23T13:25:08.061Z","action":"acquire","durationMs":1,"activeMatches":64,"activeRooms":1,"queueDepth":64}
{"type":"capacity","timestamp":"2026-07-23T13:25:08.063Z","action":"acquire","durationMs":1,"activeMatches":64,"activeRooms":1,"queueDepth":64}
{"type":"capacity","timestamp":"2026-07-23T13:25:08.079Z","action":"acquire","durationMs":1,"activeMatches":64,"activeRooms":1,"queueDepth":64}
{"type":"capacity","timestamp":"2026-07-23T13:25:08.082Z","action":"acquire","durationMs":1,"activeMatches":64,"activeRooms":1,"queueDepth":64}
{"type":"capacity","timestamp":"2026-07-23T13:25:08.084Z","action":"acquire","durationMs":1,"activeMatches":64,"activeRooms":1,"queueDepth":64}
{"type":"capacity","timestamp":"2026-07-23T13:25:08.088Z","action":"acquire","durationMs":1,"activeMatches":64,"activeRooms":1,"queueDepth":64}
{"type":"capacity","timestamp":"2026-07-23T13:25:08.090Z","action":"acquire","durationMs":1,"activeMatches":64,"activeRooms":1,"queueDepth":64}
{"type":"capacity","timestamp":"2026-07-23T13:25:08.092Z","action":"acquire","durationMs":1,"activeMatches":64,"activeRooms":1,"queueDepth":64}
{"type":"capacity","timestamp":"2026-07-23T13:25:08.094Z","action":"acquire","durationMs":0,"activeMatches":64,"activeRooms":1,"queueDepth":64}
{"type":"capacity","timestamp":"2026-07-23T13:25:08.097Z","action":"acquire","durationMs":1,"activeMatches":64,"activeRooms":1,"queueDepth":64}
{"type":"capacity","timestamp":"2026-07-23T13:25:08.099Z","action":"acquire","durationMs":1,"activeMatches":64,"activeRooms":1,"queueDepth":64}
{"type":"simulation-batch","timestamp":"2026-07-23T13:25:08.101Z","roomId":"mw117t","durationMs":264,"processedMinutes":31,"eventCount":5,"activeMatches":64,"stateVersion":97}
{"type":"room-persist","timestamp":"2026-07-23T13:25:08.103Z","roomId":"mw117t","bytes":524341,"eventCount":5,"releasedMatches":0}
{"type":"room-alarm-complete","timestamp":"2026-07-23T13:25:08.143Z","roomId":"mw117t","elapsedMs":312}
{"type":"room-alarm","timestamp":"2026-07-23T13:25:08.158Z","roomId":"mw117t"}
{"type":"capacity","timestamp":"2026-07-23T13:25:08.159Z","action":"renew","durationMs":0,"activeMatches":64,"activeRooms":1,"queueDepth":64}
{"type":"capacity","timestamp":"2026-07-23T13:25:08.165Z","action":"renew","durationMs":0,"activeMatches":64,"activeRooms":1,"queueDepth":64}
{"type":"capacity","timestamp":"2026-07-23T13:25:08.168Z","action":"renew","durationMs":0,"activeMatches":64,"activeRooms":1,"queueDepth":64}
{"type":"capacity","timestamp":"2026-07-23T13:25:08.173Z","action":"renew","durationMs":1,"activeMatches":64,"activeRooms":1,"queueDepth":64}
{"type":"simulation-batch","timestamp":"2026-07-23T13:25:08.175Z","roomId":"mw117t","durationMs":17,"processedMinutes":18,"eventCount":0,"activeMatches":64,"stateVersion":98}
{"type":"room-persist","timestamp":"2026-07-23T13:25:08.177Z","roomId":"mw117t","bytes":524500,"eventCount":0,"releasedMatches":0}
{"type":"room-alarm-complete","timestamp":"2026-07-23T13:25:08.225Z","roomId":"mw117t","elapsedMs":82}
{"type":"room-alarm","timestamp":"2026-07-23T13:25:08.242Z","roomId":"mw117t"}
{"type":"capacity","timestamp":"2026-07-23T13:25:08.257Z","action":"renew","durationMs":2,"activeMatches":64,"activeRooms":1,"queueDepth":64}
{"type":"simulation-batch","timestamp":"2026-07-23T13:25:08.264Z","roomId":"mw117t","durationMs":22,"processedMinutes":13,"eventCount":1,"activeMatches":64,"stateVersion":99}
{"type":"room-persist","timestamp":"2026-07-23T13:25:08.266Z","roomId":"mw117t","bytes":524654,"eventCount":1,"releasedMatches":0}
{"type":"room-alarm-complete","timestamp":"2026-07-23T13:25:08.308Z","roomId":"mw117t","elapsedMs":83}
{"type":"room-alarm","timestamp":"2026-07-23T13:25:08.316Z","roomId":"mw117t"}
{"type":"capacity","timestamp":"2026-07-23T13:25:08.321Z","action":"renew","durationMs":3,"activeMatches":64,"activeRooms":1,"queueDepth":64}
{"type":"capacity","timestamp":"2026-07-23T13:25:08.326Z","action":"acquire","durationMs":1,"activeMatches":64,"activeRooms":1,"queueDepth":64}
{"type":"capacity","timestamp":"2026-07-23T13:25:08.328Z","action":"acquire","durationMs":1,"activeMatches":64,"activeRooms":1,"queueDepth":64}
{"type":"capacity","timestamp":"2026-07-23T13:25:08.330Z","action":"acquire","durationMs":0,"activeMatches":64,"activeRooms":1,"queueDepth":64}
{"type":"capacity","timestamp":"2026-07-23T13:25:08.342Z","action":"acquire","durationMs":1,"activeMatches":64,"activeRooms":1,"queueDepth":64}
{"type":"capacity","timestamp":"2026-07-23T13:25:08.350Z","action":"acquire","durationMs":1,"activeMatches":64,"activeRooms":1,"queueDepth":64}
{"type":"capacity","timestamp":"2026-07-23T13:25:08.352Z","action":"acquire","durationMs":1,"activeMatches":64,"activeRooms":1,"queueDepth":64}
{"type":"capacity","timestamp":"2026-07-23T13:25:08.354Z","action":"acquire","durationMs":1,"activeMatches":64,"activeRooms":1,"queueDepth":64}
{"type":"capacity","timestamp":"2026-07-23T13:25:08.357Z","action":"acquire","durationMs":1,"activeMatches":64,"activeRooms":1,"queueDepth":64}
{"type":"capacity","timestamp":"2026-07-23T13:25:08.362Z","action":"acquire","durationMs":1,"activeMatches":64,"activeRooms":1,"queueDepth":64}
{"type":"capacity","timestamp":"2026-07-23T13:25:08.364Z","action":"acquire","durationMs":1,"activeMatches":64,"activeRooms":1,"queueDepth":64}
{"type":"capacity","timestamp":"2026-07-23T13:25:08.381Z","action":"acquire","durationMs":1,"activeMatches":64,"activeRooms":1,"queueDepth":64}
{"type":"capacity","timestamp":"2026-07-23T13:25:08.399Z","action":"acquire","durationMs":1,"activeMatches":64,"activeRooms":1,"queueDepth":64}
{"type":"capacity","timestamp":"2026-07-23T13:25:08.419Z","action":"acquire","durationMs":1,"activeMatches":64,"activeRooms":1,"queueDepth":64}
{"type":"capacity","timestamp":"2026-07-23T13:25:08.423Z","action":"acquire","durationMs":0,"activeMatches":64,"activeRooms":1,"queueDepth":64}
{"type":"capacity","timestamp":"2026-07-23T13:25:08.432Z","action":"acquire","durationMs":1,"activeMatches":64,"activeRooms":1,"queueDepth":64}
{"type":"capacity","timestamp":"2026-07-23T13:25:08.435Z","action":"acquire","durationMs":1,"activeMatches":64,"activeRooms":1,"queueDepth":64}
{"type":"capacity","timestamp":"2026-07-23T13:25:08.460Z","action":"acquire","durationMs":0,"activeMatches":64,"activeRooms":1,"queueDepth":64}
{"type":"capacity","timestamp":"2026-07-23T13:25:08.483Z","action":"acquire","durationMs":0,"activeMatches":64,"activeRooms":1,"queueDepth":64}
{"type":"capacity","timestamp":"2026-07-23T13:25:08.485Z","action":"acquire","durationMs":0,"activeMatches":64,"activeRooms":1,"queueDepth":64}
{"type":"capacity","timestamp":"2026-07-23T13:25:08.487Z","action":"acquire","durationMs":0,"activeMatches":64,"activeRooms":1,"queueDepth":64}
{"type":"capacity","timestamp":"2026-07-23T13:25:08.489Z","action":"acquire","durationMs":0,"activeMatches":64,"activeRooms":1,"queueDepth":64}
{"type":"capacity","timestamp":"2026-07-23T13:25:08.491Z","action":"acquire","durationMs":0,"activeMatches":64,"activeRooms":1,"queueDepth":64}
{"type":"capacity","timestamp":"2026-07-23T13:25:08.493Z","action":"acquire","durationMs":1,"activeMatches":64,"activeRooms":1,"queueDepth":64}
{"type":"capacity","timestamp":"2026-07-23T13:25:08.495Z","action":"acquire","durationMs":1,"activeMatches":64,"activeRooms":1,"queueDepth":64}
{"type":"capacity","timestamp":"2026-07-23T13:25:08.498Z","action":"acquire","durationMs":0,"activeMatches":64,"activeRooms":1,"queueDepth":64}
{"type":"capacity","timestamp":"2026-07-23T13:25:08.501Z","action":"acquire","durationMs":0,"activeMatches":64,"activeRooms":1,"queueDepth":64}
{"type":"capacity","timestamp":"2026-07-23T13:25:08.522Z","action":"acquire","durationMs":0,"activeMatches":64,"activeRooms":1,"queueDepth":64}
{"type":"capacity","timestamp":"2026-07-23T13:25:08.559Z","action":"acquire","durationMs":1,"activeMatches":64,"activeRooms":1,"queueDepth":64}
{"type":"capacity","timestamp":"2026-07-23T13:25:08.576Z","action":"acquire","durationMs":0,"activeMatches":64,"activeRooms":1,"queueDepth":64}
{"type":"capacity","timestamp":"2026-07-23T13:25:08.578Z","action":"acquire","durationMs":0,"activeMatches":64,"activeRooms":1,"queueDepth":64}
{"type":"capacity","timestamp":"2026-07-23T13:25:08.590Z","action":"acquire","durationMs":0,"activeMatches":64,"activeRooms":1,"queueDepth":64}
{"type":"capacity","timestamp":"2026-07-23T13:25:08.593Z","action":"acquire","durationMs":1,"activeMatches":64,"activeRooms":1,"queueDepth":64}
{"type":"capacity","timestamp":"2026-07-23T13:25:08.595Z","action":"acquire","durationMs":1,"activeMatches":64,"activeRooms":1,"queueDepth":64}
{"type":"capacity","timestamp":"2026-07-23T13:25:08.597Z","action":"acquire","durationMs":0,"activeMatches":64,"activeRooms":1,"queueDepth":64}
{"type":"capacity","timestamp":"2026-07-23T13:25:08.599Z","action":"acquire","durationMs":1,"activeMatches":64,"activeRooms":1,"queueDepth":64}
{"type":"capacity","timestamp":"2026-07-23T13:25:08.601Z","action":"acquire","durationMs":0,"activeMatches":64,"activeRooms":1,"queueDepth":64}
{"type":"capacity","timestamp":"2026-07-23T13:25:08.603Z","action":"acquire","durationMs":0,"activeMatches":64,"activeRooms":1,"queueDepth":64}
{"type":"capacity","timestamp":"2026-07-23T13:25:08.606Z","action":"acquire","durationMs":0,"activeMatches":64,"activeRooms":1,"queueDepth":64}
{"type":"capacity","timestamp":"2026-07-23T13:25:08.608Z","action":"acquire","durationMs":0,"activeMatches":64,"activeRooms":1,"queueDepth":64}
{"type":"capacity","timestamp":"2026-07-23T13:25:08.610Z","action":"acquire","durationMs":1,"activeMatches":64,"activeRooms":1,"queueDepth":64}
{"type":"capacity","timestamp":"2026-07-23T13:25:08.611Z","action":"acquire","durationMs":0,"activeMatches":64,"activeRooms":1,"queueDepth":64}
{"type":"capacity","timestamp":"2026-07-23T13:25:08.613Z","action":"acquire","durationMs":0,"activeMatches":64,"activeRooms":1,"queueDepth":64}
{"type":"capacity","timestamp":"2026-07-23T13:25:08.615Z","action":"acquire","durationMs":1,"activeMatches":64,"activeRooms":1,"queueDepth":64}
{"type":"capacity","timestamp":"2026-07-23T13:25:08.617Z","action":"acquire","durationMs":1,"activeMatches":64,"activeRooms":1,"queueDepth":64}
{"type":"capacity","timestamp":"2026-07-23T13:25:08.620Z","action":"acquire","durationMs":0,"activeMatches":64,"activeRooms":1,"queueDepth":64}
{"type":"capacity","timestamp":"2026-07-23T13:25:08.624Z","action":"acquire","durationMs":1,"activeMatches":64,"activeRooms":1,"queueDepth":64}
{"type":"capacity","timestamp":"2026-07-23T13:25:08.637Z","action":"acquire","durationMs":0,"activeMatches":64,"activeRooms":1,"queueDepth":64}
{"type":"capacity","timestamp":"2026-07-23T13:25:08.639Z","action":"acquire","durationMs":0,"activeMatches":64,"activeRooms":1,"queueDepth":64}
{"type":"capacity","timestamp":"2026-07-23T13:25:08.642Z","action":"acquire","durationMs":1,"activeMatches":64,"activeRooms":1,"queueDepth":64}
{"type":"capacity","timestamp":"2026-07-23T13:25:08.644Z","action":"acquire","durationMs":0,"activeMatches":64,"activeRooms":1,"queueDepth":64}
{"type":"capacity","timestamp":"2026-07-23T13:25:08.663Z","action":"acquire","durationMs":0,"activeMatches":64,"activeRooms":1,"queueDepth":64}
{"type":"capacity","timestamp":"2026-07-23T13:25:08.666Z","action":"acquire","durationMs":1,"activeMatches":64,"activeRooms":1,"queueDepth":64}
{"type":"capacity","timestamp":"2026-07-23T13:25:08.672Z","action":"acquire","durationMs":1,"activeMatches":64,"activeRooms":1,"queueDepth":64}
{"type":"capacity","timestamp":"2026-07-23T13:25:08.675Z","action":"acquire","durationMs":1,"activeMatches":64,"activeRooms":1,"queueDepth":64}
{"type":"capacity","timestamp":"2026-07-23T13:25:08.689Z","action":"acquire","durationMs":1,"activeMatches":64,"activeRooms":1,"queueDepth":64}
{"type":"capacity","timestamp":"2026-07-23T13:25:08.691Z","action":"acquire","durationMs":0,"activeMatches":64,"activeRooms":1,"queueDepth":64}
{"type":"capacity","timestamp":"2026-07-23T13:25:08.694Z","action":"acquire","durationMs":1,"activeMatches":64,"activeRooms":1,"queueDepth":64}
{"type":"capacity","timestamp":"2026-07-23T13:25:08.696Z","action":"acquire","durationMs":1,"activeMatches":64,"activeRooms":1,"queueDepth":64}
{"type":"capacity","timestamp":"2026-07-23T13:25:08.699Z","action":"acquire","durationMs":0,"activeMatches":64,"activeRooms":1,"queueDepth":64}
{"type":"capacity","timestamp":"2026-07-23T13:25:08.703Z","action":"acquire","durationMs":1,"activeMatches":64,"activeRooms":1,"queueDepth":64}
{"type":"capacity","timestamp":"2026-07-23T13:25:08.706Z","action":"acquire","durationMs":1,"activeMatches":64,"activeRooms":1,"queueDepth":64}
{"type":"capacity","timestamp":"2026-07-23T13:25:08.709Z","action":"acquire","durationMs":1,"activeMatches":64,"activeRooms":1,"queueDepth":64}
{"type":"capacity","timestamp":"2026-07-23T13:25:08.711Z","action":"acquire","durationMs":0,"activeMatches":64,"activeRooms":1,"queueDepth":64}
{"type":"capacity","timestamp":"2026-07-23T13:25:08.718Z","action":"acquire","durationMs":1,"activeMatches":64,"activeRooms":1,"queueDepth":64}
{"type":"simulation-batch","timestamp":"2026-07-23T13:25:08.726Z","roomId":"mw117t","durationMs":410,"processedMinutes":14,"eventCount":4,"activeMatches":64,"stateVersion":100}
{"type":"room-persist","timestamp":"2026-07-23T13:25:08.728Z","roomId":"mw117t","bytes":524725,"eventCount":4,"releasedMatches":0}
{"type":"room-alarm-complete","timestamp":"2026-07-23T13:25:08.762Z","roomId":"mw117t","elapsedMs":454}
{"type":"room-alarm","timestamp":"2026-07-23T13:25:08.786Z","roomId":"mw117t"}
{"type":"capacity","timestamp":"2026-07-23T13:25:08.793Z","action":"renew","durationMs":0,"activeMatches":64,"activeRooms":1,"queueDepth":64}
{"type":"capacity","timestamp":"2026-07-23T13:25:08.808Z","action":"renew","durationMs":9,"activeMatches":64,"activeRooms":1,"queueDepth":64}
{"type":"simulation-batch","timestamp":"2026-07-23T13:25:08.814Z","roomId":"mw117t","durationMs":28,"processedMinutes":31,"eventCount":2,"activeMatches":64,"stateVersion":101}
{"type":"room-persist","timestamp":"2026-07-23T13:25:08.816Z","roomId":"mw117t","bytes":524846,"eventCount":2,"releasedMatches":0}
{"type":"room-alarm-complete","timestamp":"2026-07-23T13:25:08.862Z","roomId":"mw117t","elapsedMs":100}
{"type":"room-alarm","timestamp":"2026-07-23T13:25:08.873Z","roomId":"mw117t"}
{"type":"capacity","timestamp":"2026-07-23T13:25:08.878Z","action":"renew","durationMs":1,"activeMatches":64,"activeRooms":1,"queueDepth":64}
{"type":"simulation-batch","timestamp":"2026-07-23T13:25:08.904Z","roomId":"mw117t","durationMs":31,"processedMinutes":12,"eventCount":1,"activeMatches":64,"stateVersion":102}
{"type":"room-persist","timestamp":"2026-07-23T13:25:08.912Z","roomId":"mw117t","bytes":524875,"eventCount":1,"releasedMatches":0}
{"type":"room-alarm-complete","timestamp":"2026-07-23T13:25:08.952Z","roomId":"mw117t","elapsedMs":90}
{"type":"room-alarm","timestamp":"2026-07-23T13:25:08.966Z","roomId":"mw117t"}
{"type":"capacity","timestamp":"2026-07-23T13:25:08.970Z","action":"renew","durationMs":1,"activeMatches":64,"activeRooms":1,"queueDepth":64}
{"type":"simulation-batch","timestamp":"2026-07-23T13:25:08.985Z","roomId":"mw117t","durationMs":19,"processedMinutes":10,"eventCount":0,"activeMatches":64,"stateVersion":103}
{"type":"room-persist","timestamp":"2026-07-23T13:25:08.986Z","roomId":"mw117t","bytes":524901,"eventCount":0,"releasedMatches":0}
{"type":"room-alarm-complete","timestamp":"2026-07-23T13:25:09.029Z","roomId":"mw117t","elapsedMs":76}
{"type":"room-alarm","timestamp":"2026-07-23T13:25:09.037Z","roomId":"mw117t"}
{"type":"capacity","timestamp":"2026-07-23T13:25:09.042Z","action":"renew","durationMs":0,"activeMatches":64,"activeRooms":1,"queueDepth":64}
{"type":"capacity","timestamp":"2026-07-23T13:25:09.048Z","action":"renew","durationMs":1,"activeMatches":64,"activeRooms":1,"queueDepth":64}
{"type":"capacity","timestamp":"2026-07-23T13:25:09.050Z","action":"acquire","durationMs":0,"activeMatches":64,"activeRooms":1,"queueDepth":64}
{"type":"capacity","timestamp":"2026-07-23T13:25:09.053Z","action":"acquire","durationMs":0,"activeMatches":64,"activeRooms":1,"queueDepth":64}
{"type":"capacity","timestamp":"2026-07-23T13:25:09.056Z","action":"acquire","durationMs":1,"activeMatches":64,"activeRooms":1,"queueDepth":64}
{"type":"capacity","timestamp":"2026-07-23T13:25:09.060Z","action":"acquire","durationMs":0,"activeMatches":64,"activeRooms":1,"queueDepth":64}
{"type":"capacity","timestamp":"2026-07-23T13:25:09.062Z","action":"acquire","durationMs":0,"activeMatches":64,"activeRooms":1,"queueDepth":64}
{"type":"capacity","timestamp":"2026-07-23T13:25:09.065Z","action":"acquire","durationMs":1,"activeMatches":64,"activeRooms":1,"queueDepth":64}
{"type":"capacity","timestamp":"2026-07-23T13:25:09.077Z","action":"acquire","durationMs":0,"activeMatches":64,"activeRooms":1,"queueDepth":64}
{"type":"capacity","timestamp":"2026-07-23T13:25:09.079Z","action":"acquire","durationMs":0,"activeMatches":64,"activeRooms":1,"queueDepth":64}
{"type":"capacity","timestamp":"2026-07-23T13:25:09.082Z","action":"acquire","durationMs":0,"activeMatches":64,"activeRooms":1,"queueDepth":64}
{"type":"capacity","timestamp":"2026-07-23T13:25:09.085Z","action":"acquire","durationMs":0,"activeMatches":64,"activeRooms":1,"queueDepth":64}
{"type":"capacity","timestamp":"2026-07-23T13:25:09.087Z","action":"acquire","durationMs":0,"activeMatches":64,"activeRooms":1,"queueDepth":64}
{"type":"capacity","timestamp":"2026-07-23T13:25:09.090Z","action":"acquire","durationMs":1,"activeMatches":64,"activeRooms":1,"queueDepth":64}
{"type":"capacity","timestamp":"2026-07-23T13:25:09.105Z","action":"acquire","durationMs":0,"activeMatches":64,"activeRooms":1,"queueDepth":64}
{"type":"capacity","timestamp":"2026-07-23T13:25:09.107Z","action":"acquire","durationMs":1,"activeMatches":64,"activeRooms":1,"queueDepth":64}
{"type":"capacity","timestamp":"2026-07-23T13:25:09.110Z","action":"acquire","durationMs":1,"activeMatches":64,"activeRooms":1,"queueDepth":64}
{"type":"capacity","timestamp":"2026-07-23T13:25:09.112Z","action":"acquire","durationMs":1,"activeMatches":64,"activeRooms":1,"queueDepth":64}
{"type":"capacity","timestamp":"2026-07-23T13:25:09.114Z","action":"acquire","durationMs":0,"activeMatches":64,"activeRooms":1,"queueDepth":64}
{"type":"capacity","timestamp":"2026-07-23T13:25:09.116Z","action":"acquire","durationMs":1,"activeMatches":64,"activeRooms":1,"queueDepth":64}
{"type":"capacity","timestamp":"2026-07-23T13:25:09.188Z","action":"acquire","durationMs":70,"activeMatches":64,"activeRooms":1,"queueDepth":64}
{"type":"capacity","timestamp":"2026-07-23T13:25:09.215Z","action":"acquire","durationMs":1,"activeMatches":64,"activeRooms":1,"queueDepth":64}
{"type":"capacity","timestamp":"2026-07-23T13:25:09.218Z","action":"acquire","durationMs":0,"activeMatches":64,"activeRooms":1,"queueDepth":64}
{"type":"capacity","timestamp":"2026-07-23T13:25:09.222Z","action":"acquire","durationMs":0,"activeMatches":64,"activeRooms":1,"queueDepth":64}
{"type":"capacity","timestamp":"2026-07-23T13:25:09.225Z","action":"acquire","durationMs":1,"activeMatches":64,"activeRooms":1,"queueDepth":64}
{"type":"capacity","timestamp":"2026-07-23T13:25:09.272Z","action":"acquire","durationMs":0,"activeMatches":64,"activeRooms":1,"queueDepth":64}
{"type":"capacity","timestamp":"2026-07-23T13:25:09.274Z","action":"acquire","durationMs":0,"activeMatches":64,"activeRooms":1,"queueDepth":64}
{"type":"capacity","timestamp":"2026-07-23T13:25:09.276Z","action":"acquire","durationMs":0,"activeMatches":64,"activeRooms":1,"queueDepth":64}
{"type":"capacity","timestamp":"2026-07-23T13:25:09.278Z","action":"acquire","durationMs":0,"activeMatches":64,"activeRooms":1,"queueDepth":64}
{"type":"capacity","timestamp":"2026-07-23T13:25:09.281Z","action":"acquire","durationMs":0,"activeMatches":64,"activeRooms":1,"queueDepth":64}
{"type":"capacity","timestamp":"2026-07-23T13:25:09.330Z","action":"acquire","durationMs":0,"activeMatches":64,"activeRooms":1,"queueDepth":64}
{"type":"capacity","timestamp":"2026-07-23T13:25:09.388Z","action":"acquire","durationMs":1,"activeMatches":64,"activeRooms":1,"queueDepth":64}
{"type":"capacity","timestamp":"2026-07-23T13:25:09.408Z","action":"acquire","durationMs":0,"activeMatches":64,"activeRooms":1,"queueDepth":64}
{"type":"capacity","timestamp":"2026-07-23T13:25:09.411Z","action":"acquire","durationMs":1,"activeMatches":64,"activeRooms":1,"queueDepth":64}
{"type":"capacity","timestamp":"2026-07-23T13:25:09.413Z","action":"acquire","durationMs":0,"activeMatches":64,"activeRooms":1,"queueDepth":64}
{"type":"capacity","timestamp":"2026-07-23T13:25:09.416Z","action":"acquire","durationMs":1,"activeMatches":64,"activeRooms":1,"queueDepth":64}
{"type":"capacity","timestamp":"2026-07-23T13:25:09.429Z","action":"acquire","durationMs":1,"activeMatches":64,"activeRooms":1,"queueDepth":64}
{"type":"capacity","timestamp":"2026-07-23T13:25:09.431Z","action":"acquire","durationMs":0,"activeMatches":64,"activeRooms":1,"queueDepth":64}
{"type":"capacity","timestamp":"2026-07-23T13:25:09.433Z","action":"acquire","durationMs":0,"activeMatches":64,"activeRooms":1,"queueDepth":64}
{"type":"capacity","timestamp":"2026-07-23T13:25:09.437Z","action":"acquire","durationMs":1,"activeMatches":64,"activeRooms":1,"queueDepth":64}
{"type":"capacity","timestamp":"2026-07-23T13:25:09.439Z","action":"acquire","durationMs":0,"activeMatches":64,"activeRooms":1,"queueDepth":64}
{"type":"capacity","timestamp":"2026-07-23T13:25:09.441Z","action":"acquire","durationMs":0,"activeMatches":64,"activeRooms":1,"queueDepth":64}
{"type":"capacity","timestamp":"2026-07-23T13:25:09.443Z","action":"acquire","durationMs":0,"activeMatches":64,"activeRooms":1,"queueDepth":64}
{"type":"capacity","timestamp":"2026-07-23T13:25:09.445Z","action":"acquire","durationMs":0,"activeMatches":64,"activeRooms":1,"queueDepth":64}
{"type":"capacity","timestamp":"2026-07-23T13:25:09.447Z","action":"acquire","durationMs":1,"activeMatches":64,"activeRooms":1,"queueDepth":64}
{"type":"capacity","timestamp":"2026-07-23T13:25:09.449Z","action":"acquire","durationMs":0,"activeMatches":64,"activeRooms":1,"queueDepth":64}
{"type":"capacity","timestamp":"2026-07-23T13:25:09.452Z","action":"acquire","durationMs":0,"activeMatches":64,"activeRooms":1,"queueDepth":64}
{"type":"capacity","timestamp":"2026-07-23T13:25:09.455Z","action":"acquire","durationMs":1,"activeMatches":64,"activeRooms":1,"queueDepth":64}
{"type":"capacity","timestamp":"2026-07-23T13:25:09.457Z","action":"acquire","durationMs":1,"activeMatches":64,"activeRooms":1,"queueDepth":64}
{"type":"capacity","timestamp":"2026-07-23T13:25:09.459Z","action":"acquire","durationMs":0,"activeMatches":64,"activeRooms":1,"queueDepth":64}
{"type":"capacity","timestamp":"2026-07-23T13:25:09.461Z","action":"acquire","durationMs":1,"activeMatches":64,"activeRooms":1,"queueDepth":64}
{"type":"capacity","timestamp":"2026-07-23T13:25:09.463Z","action":"acquire","durationMs":1,"activeMatches":64,"activeRooms":1,"queueDepth":64}
{"type":"capacity","timestamp":"2026-07-23T13:25:09.465Z","action":"acquire","durationMs":1,"activeMatches":64,"activeRooms":1,"queueDepth":64}
{"type":"capacity","timestamp":"2026-07-23T13:25:09.466Z","action":"acquire","durationMs":0,"activeMatches":64,"activeRooms":1,"queueDepth":64}
{"type":"capacity","timestamp":"2026-07-23T13:25:09.469Z","action":"acquire","durationMs":1,"activeMatches":64,"activeRooms":1,"queueDepth":64}
{"type":"capacity","timestamp":"2026-07-23T13:25:09.492Z","action":"acquire","durationMs":0,"activeMatches":64,"activeRooms":1,"queueDepth":64}
{"type":"capacity","timestamp":"2026-07-23T13:25:09.495Z","action":"acquire","durationMs":1,"activeMatches":64,"activeRooms":1,"queueDepth":64}
{"type":"capacity","timestamp":"2026-07-23T13:25:09.497Z","action":"acquire","durationMs":1,"activeMatches":64,"activeRooms":1,"queueDepth":64}
{"type":"capacity","timestamp":"2026-07-23T13:25:09.499Z","action":"acquire","durationMs":0,"activeMatches":64,"activeRooms":1,"queueDepth":64}
{"type":"capacity","timestamp":"2026-07-23T13:25:09.503Z","action":"acquire","durationMs":0,"activeMatches":64,"activeRooms":1,"queueDepth":64}
{"type":"capacity","timestamp":"2026-07-23T13:25:09.505Z","action":"acquire","durationMs":0,"activeMatches":64,"activeRooms":1,"queueDepth":64}
{"type":"capacity","timestamp":"2026-07-23T13:25:09.507Z","action":"acquire","durationMs":0,"activeMatches":64,"activeRooms":1,"queueDepth":64}
{"type":"capacity","timestamp":"2026-07-23T13:25:09.509Z","action":"acquire","durationMs":1,"activeMatches":64,"activeRooms":1,"queueDepth":64}
{"type":"capacity","timestamp":"2026-07-23T13:25:09.511Z","action":"acquire","durationMs":1,"activeMatches":64,"activeRooms":1,"queueDepth":64}
{"type":"capacity","timestamp":"2026-07-23T13:25:09.513Z","action":"acquire","durationMs":0,"activeMatches":64,"activeRooms":1,"queueDepth":64}
{"type":"capacity","timestamp":"2026-07-23T13:25:09.515Z","action":"acquire","durationMs":0,"activeMatches":64,"activeRooms":1,"queueDepth":64}
{"type":"simulation-batch","timestamp":"2026-07-23T13:25:09.517Z","roomId":"mw117t","durationMs":479,"processedMinutes":18,"eventCount":0,"activeMatches":64,"stateVersion":104}
{"type":"room-persist","timestamp":"2026-07-23T13:25:09.527Z","roomId":"mw117t","bytes":524963,"eventCount":0,"releasedMatches":0}
{"type":"room-alarm-complete","timestamp":"2026-07-23T13:25:09.644Z","roomId":"mw117t","elapsedMs":615}
{"type":"room-alarm","timestamp":"2026-07-23T13:25:09.657Z","roomId":"mw117t"}
{"type":"simulation-batch","timestamp":"2026-07-23T13:25:09.673Z","roomId":"mw117t","durationMs":16,"processedMinutes":15,"eventCount":3,"activeMatches":64,"stateVersion":105}
{"type":"room-persist","timestamp":"2026-07-23T13:25:09.676Z","roomId":"mw117t","bytes":524961,"eventCount":3,"releasedMatches":0}
{"type":"room-alarm-complete","timestamp":"2026-07-23T13:25:09.774Z","roomId":"mw117t","elapsedMs":130}
{"type":"room-alarm","timestamp":"2026-07-23T13:25:09.797Z","roomId":"mw117t"}
{"type":"capacity","timestamp":"2026-07-23T13:25:09.800Z","action":"renew","durationMs":1,"activeMatches":64,"activeRooms":1,"queueDepth":64}
{"type":"simulation-batch","timestamp":"2026-07-23T13:25:09.826Z","roomId":"mw117t","durationMs":28,"processedMinutes":49,"eventCount":7,"activeMatches":64,"stateVersion":106}
{"type":"room-persist","timestamp":"2026-07-23T13:25:09.827Z","roomId":"mw117t","bytes":525172,"eventCount":7,"releasedMatches":0}
{"type":"room-alarm-complete","timestamp":"2026-07-23T13:25:09.886Z","roomId":"mw117t","elapsedMs":112}
{"type":"room-alarm","timestamp":"2026-07-23T13:25:09.909Z","roomId":"mw117t"}
{"type":"capacity","timestamp":"2026-07-23T13:25:09.919Z","action":"renew","durationMs":0,"activeMatches":64,"activeRooms":1,"queueDepth":64}
{"type":"capacity","timestamp":"2026-07-23T13:25:09.926Z","action":"acquire","durationMs":1,"activeMatches":64,"activeRooms":1,"queueDepth":64}
{"type":"capacity","timestamp":"2026-07-23T13:25:09.928Z","action":"acquire","durationMs":0,"activeMatches":64,"activeRooms":1,"queueDepth":64}
{"type":"capacity","timestamp":"2026-07-23T13:25:09.948Z","action":"acquire","durationMs":1,"activeMatches":64,"activeRooms":1,"queueDepth":64}
{"type":"capacity","timestamp":"2026-07-23T13:25:09.959Z","action":"acquire","durationMs":1,"activeMatches":64,"activeRooms":1,"queueDepth":64}
{"type":"capacity","timestamp":"2026-07-23T13:25:09.962Z","action":"acquire","durationMs":0,"activeMatches":64,"activeRooms":1,"queueDepth":64}
{"type":"capacity","timestamp":"2026-07-23T13:25:09.986Z","action":"acquire","durationMs":0,"activeMatches":64,"activeRooms":1,"queueDepth":64}
{"type":"capacity","timestamp":"2026-07-23T13:25:09.989Z","action":"acquire","durationMs":0,"activeMatches":64,"activeRooms":1,"queueDepth":64}
{"type":"capacity","timestamp":"2026-07-23T13:25:10.016Z","action":"acquire","durationMs":1,"activeMatches":64,"activeRooms":1,"queueDepth":64}
{"type":"capacity","timestamp":"2026-07-23T13:25:10.018Z","action":"acquire","durationMs":0,"activeMatches":64,"activeRooms":1,"queueDepth":64}
{"type":"capacity","timestamp":"2026-07-23T13:25:10.021Z","action":"acquire","durationMs":1,"activeMatches":64,"activeRooms":1,"queueDepth":64}
{"type":"capacity","timestamp":"2026-07-23T13:25:10.024Z","action":"acquire","durationMs":1,"activeMatches":64,"activeRooms":1,"queueDepth":64}
{"type":"capacity","timestamp":"2026-07-23T13:25:10.031Z","action":"acquire","durationMs":0,"activeMatches":64,"activeRooms":1,"queueDepth":64}
{"type":"capacity","timestamp":"2026-07-23T13:25:10.033Z","action":"acquire","durationMs":0,"activeMatches":64,"activeRooms":1,"queueDepth":64}
{"type":"capacity","timestamp":"2026-07-23T13:25:10.035Z","action":"acquire","durationMs":0,"activeMatches":64,"activeRooms":1,"queueDepth":64}
{"type":"capacity","timestamp":"2026-07-23T13:25:10.037Z","action":"acquire","durationMs":0,"activeMatches":64,"activeRooms":1,"queueDepth":64}
{"type":"capacity","timestamp":"2026-07-23T13:25:10.040Z","action":"acquire","durationMs":0,"activeMatches":64,"activeRooms":1,"queueDepth":64}
{"type":"capacity","timestamp":"2026-07-23T13:25:10.043Z","action":"acquire","durationMs":1,"activeMatches":64,"activeRooms":1,"queueDepth":64}
{"type":"capacity","timestamp":"2026-07-23T13:25:10.045Z","action":"acquire","durationMs":1,"activeMatches":64,"activeRooms":1,"queueDepth":64}
{"type":"capacity","timestamp":"2026-07-23T13:25:10.052Z","action":"acquire","durationMs":0,"activeMatches":64,"activeRooms":1,"queueDepth":64}
{"type":"capacity","timestamp":"2026-07-23T13:25:10.055Z","action":"acquire","durationMs":0,"activeMatches":64,"activeRooms":1,"queueDepth":64}
{"type":"capacity","timestamp":"2026-07-23T13:25:10.063Z","action":"acquire","durationMs":1,"activeMatches":64,"activeRooms":1,"queueDepth":64}
{"type":"capacity","timestamp":"2026-07-23T13:25:10.065Z","action":"acquire","durationMs":1,"activeMatches":64,"activeRooms":1,"queueDepth":64}
{"type":"capacity","timestamp":"2026-07-23T13:25:10.067Z","action":"acquire","durationMs":0,"activeMatches":64,"activeRooms":1,"queueDepth":64}
{"type":"capacity","timestamp":"2026-07-23T13:25:10.091Z","action":"acquire","durationMs":1,"activeMatches":64,"activeRooms":1,"queueDepth":64}
{"type":"capacity","timestamp":"2026-07-23T13:25:10.099Z","action":"acquire","durationMs":0,"activeMatches":64,"activeRooms":1,"queueDepth":64}
{"type":"capacity","timestamp":"2026-07-23T13:25:10.105Z","action":"acquire","durationMs":1,"activeMatches":64,"activeRooms":1,"queueDepth":64}
{"type":"capacity","timestamp":"2026-07-23T13:25:10.129Z","action":"acquire","durationMs":1,"activeMatches":64,"activeRooms":1,"queueDepth":64}
{"type":"capacity","timestamp":"2026-07-23T13:25:10.131Z","action":"acquire","durationMs":0,"activeMatches":64,"activeRooms":1,"queueDepth":64}
{"type":"capacity","timestamp":"2026-07-23T13:25:10.138Z","action":"acquire","durationMs":0,"activeMatches":64,"activeRooms":1,"queueDepth":64}
{"type":"capacity","timestamp":"2026-07-23T13:25:10.140Z","action":"acquire","durationMs":0,"activeMatches":64,"activeRooms":1,"queueDepth":64}
{"type":"capacity","timestamp":"2026-07-23T13:25:10.143Z","action":"acquire","durationMs":1,"activeMatches":64,"activeRooms":1,"queueDepth":64}
{"type":"capacity","timestamp":"2026-07-23T13:25:10.145Z","action":"acquire","durationMs":1,"activeMatches":64,"activeRooms":1,"queueDepth":64}
{"type":"capacity","timestamp":"2026-07-23T13:25:10.147Z","action":"acquire","durationMs":0,"activeMatches":64,"activeRooms":1,"queueDepth":64}
{"type":"capacity","timestamp":"2026-07-23T13:25:10.151Z","action":"acquire","durationMs":1,"activeMatches":64,"activeRooms":1,"queueDepth":64}
{"type":"capacity","timestamp":"2026-07-23T13:25:10.206Z","action":"acquire","durationMs":0,"activeMatches":64,"activeRooms":1,"queueDepth":64}
{"type":"capacity","timestamp":"2026-07-23T13:25:10.223Z","action":"acquire","durationMs":1,"activeMatches":64,"activeRooms":1,"queueDepth":64}
{"type":"capacity","timestamp":"2026-07-23T13:25:10.250Z","action":"acquire","durationMs":1,"activeMatches":64,"activeRooms":1,"queueDepth":64}
{"type":"capacity","timestamp":"2026-07-23T13:25:10.253Z","action":"acquire","durationMs":1,"activeMatches":64,"activeRooms":1,"queueDepth":64}
{"type":"capacity","timestamp":"2026-07-23T13:25:10.255Z","action":"acquire","durationMs":0,"activeMatches":64,"activeRooms":1,"queueDepth":64}
{"type":"capacity","timestamp":"2026-07-23T13:25:10.257Z","action":"acquire","durationMs":0,"activeMatches":64,"activeRooms":1,"queueDepth":64}
{"type":"capacity","timestamp":"2026-07-23T13:25:10.260Z","action":"acquire","durationMs":1,"activeMatches":64,"activeRooms":1,"queueDepth":64}
{"type":"capacity","timestamp":"2026-07-23T13:25:10.262Z","action":"acquire","durationMs":1,"activeMatches":64,"activeRooms":1,"queueDepth":64}
{"type":"capacity","timestamp":"2026-07-23T13:25:10.263Z","action":"acquire","durationMs":0,"activeMatches":64,"activeRooms":1,"queueDepth":64}
{"type":"capacity","timestamp":"2026-07-23T13:25:10.265Z","action":"acquire","durationMs":0,"activeMatches":64,"activeRooms":1,"queueDepth":64}
{"type":"capacity","timestamp":"2026-07-23T13:25:10.267Z","action":"acquire","durationMs":0,"activeMatches":64,"activeRooms":1,"queueDepth":64}
{"type":"capacity","timestamp":"2026-07-23T13:25:10.271Z","action":"acquire","durationMs":0,"activeMatches":64,"activeRooms":1,"queueDepth":64}
{"type":"capacity","timestamp":"2026-07-23T13:25:10.294Z","action":"acquire","durationMs":1,"activeMatches":64,"activeRooms":1,"queueDepth":64}
{"type":"capacity","timestamp":"2026-07-23T13:25:10.296Z","action":"acquire","durationMs":1,"activeMatches":64,"activeRooms":1,"queueDepth":64}
{"type":"capacity","timestamp":"2026-07-23T13:25:10.298Z","action":"acquire","durationMs":0,"activeMatches":64,"activeRooms":1,"queueDepth":64}
{"type":"capacity","timestamp":"2026-07-23T13:25:10.349Z","action":"acquire","durationMs":1,"activeMatches":64,"activeRooms":1,"queueDepth":64}
{"type":"capacity","timestamp":"2026-07-23T13:25:10.363Z","action":"acquire","durationMs":0,"activeMatches":64,"activeRooms":1,"queueDepth":64}
{"type":"capacity","timestamp":"2026-07-23T13:25:10.365Z","action":"acquire","durationMs":1,"activeMatches":64,"activeRooms":1,"queueDepth":64}
{"type":"capacity","timestamp":"2026-07-23T13:25:10.368Z","action":"acquire","durationMs":2,"activeMatches":64,"activeRooms":1,"queueDepth":64}
{"type":"capacity","timestamp":"2026-07-23T13:25:10.370Z","action":"acquire","durationMs":0,"activeMatches":64,"activeRooms":1,"queueDepth":64}
{"type":"capacity","timestamp":"2026-07-23T13:25:10.373Z","action":"acquire","durationMs":0,"activeMatches":64,"activeRooms":1,"queueDepth":64}
{"type":"capacity","timestamp":"2026-07-23T13:25:10.375Z","action":"acquire","durationMs":0,"activeMatches":64,"activeRooms":1,"queueDepth":64}
{"type":"capacity","timestamp":"2026-07-23T13:25:10.379Z","action":"acquire","durationMs":1,"activeMatches":64,"activeRooms":1,"queueDepth":64}
{"type":"capacity","timestamp":"2026-07-23T13:25:10.414Z","action":"acquire","durationMs":1,"activeMatches":64,"activeRooms":1,"queueDepth":64}
{"type":"capacity","timestamp":"2026-07-23T13:25:10.417Z","action":"acquire","durationMs":1,"activeMatches":64,"activeRooms":1,"queueDepth":64}
{"type":"capacity","timestamp":"2026-07-23T13:25:10.441Z","action":"acquire","durationMs":0,"activeMatches":64,"activeRooms":1,"queueDepth":64}
{"type":"capacity","timestamp":"2026-07-23T13:25:10.443Z","action":"acquire","durationMs":1,"activeMatches":64,"activeRooms":1,"queueDepth":64}
{"type":"capacity","timestamp":"2026-07-23T13:25:10.445Z","action":"acquire","durationMs":1,"activeMatches":64,"activeRooms":1,"queueDepth":64}
{"type":"capacity","timestamp":"2026-07-23T13:25:10.447Z","action":"acquire","durationMs":1,"activeMatches":64,"activeRooms":1,"queueDepth":64}
{"type":"capacity","timestamp":"2026-07-23T13:25:10.466Z","action":"acquire","durationMs":1,"activeMatches":64,"activeRooms":1,"queueDepth":64}
{"type":"simulation-batch","timestamp":"2026-07-23T13:25:10.477Z","roomId":"mw117t","durationMs":559,"processedMinutes":18,"eventCount":3,"activeMatches":64,"stateVersion":107}
{"type":"room-persist","timestamp":"2026-07-23T13:25:10.483Z","roomId":"mw117t","bytes":525208,"eventCount":3,"releasedMatches":0}
{"type":"room-alarm-complete","timestamp":"2026-07-23T13:25:10.509Z","roomId":"mw117t","elapsedMs":622}
{"type":"room-alarm","timestamp":"2026-07-23T13:25:10.516Z","roomId":"mw117t"}
{"type":"capacity","timestamp":"2026-07-23T13:25:10.520Z","action":"acquire","durationMs":2,"activeMatches":64,"activeRooms":1,"queueDepth":64}
{"type":"capacity","timestamp":"2026-07-23T13:25:10.523Z","action":"acquire","durationMs":1,"activeMatches":64,"activeRooms":1,"queueDepth":64}
{"type":"capacity","timestamp":"2026-07-23T13:25:10.524Z","action":"acquire","durationMs":0,"activeMatches":64,"activeRooms":1,"queueDepth":64}
{"type":"capacity","timestamp":"2026-07-23T13:25:10.526Z","action":"acquire","durationMs":0,"activeMatches":64,"activeRooms":1,"queueDepth":64}
{"type":"capacity","timestamp":"2026-07-23T13:25:10.529Z","action":"acquire","durationMs":1,"activeMatches":64,"activeRooms":1,"queueDepth":64}
{"type":"capacity","timestamp":"2026-07-23T13:25:10.531Z","action":"acquire","durationMs":1,"activeMatches":64,"activeRooms":1,"queueDepth":64}
{"type":"capacity","timestamp":"2026-07-23T13:25:10.533Z","action":"acquire","durationMs":1,"activeMatches":64,"activeRooms":1,"queueDepth":64}
{"type":"capacity","timestamp":"2026-07-23T13:25:10.536Z","action":"acquire","durationMs":1,"activeMatches":64,"activeRooms":1,"queueDepth":64}
{"type":"capacity","timestamp":"2026-07-23T13:25:10.538Z","action":"acquire","durationMs":0,"activeMatches":64,"activeRooms":1,"queueDepth":64}
{"type":"capacity","timestamp":"2026-07-23T13:25:10.544Z","action":"acquire","durationMs":0,"activeMatches":64,"activeRooms":1,"queueDepth":64}
{"type":"capacity","timestamp":"2026-07-23T13:25:10.546Z","action":"acquire","durationMs":0,"activeMatches":64,"activeRooms":1,"queueDepth":64}
{"type":"capacity","timestamp":"2026-07-23T13:25:10.555Z","action":"acquire","durationMs":0,"activeMatches":64,"activeRooms":1,"queueDepth":64}
{"type":"capacity","timestamp":"2026-07-23T13:25:10.560Z","action":"acquire","durationMs":0,"activeMatches":64,"activeRooms":1,"queueDepth":64}
{"type":"capacity","timestamp":"2026-07-23T13:25:10.563Z","action":"acquire","durationMs":1,"activeMatches":64,"activeRooms":1,"queueDepth":64}
{"type":"capacity","timestamp":"2026-07-23T13:25:10.565Z","action":"acquire","durationMs":0,"activeMatches":64,"activeRooms":1,"queueDepth":64}
{"type":"capacity","timestamp":"2026-07-23T13:25:10.568Z","action":"acquire","durationMs":0,"activeMatches":64,"activeRooms":1,"queueDepth":64}
{"type":"capacity","timestamp":"2026-07-23T13:25:10.575Z","action":"acquire","durationMs":0,"activeMatches":64,"activeRooms":1,"queueDepth":64}
{"type":"capacity","timestamp":"2026-07-23T13:25:10.577Z","action":"acquire","durationMs":0,"activeMatches":64,"activeRooms":1,"queueDepth":64}
{"type":"capacity","timestamp":"2026-07-23T13:25:10.579Z","action":"acquire","durationMs":0,"activeMatches":64,"activeRooms":1,"queueDepth":64}
{"type":"capacity","timestamp":"2026-07-23T13:25:10.581Z","action":"acquire","durationMs":0,"activeMatches":64,"activeRooms":1,"queueDepth":64}
{"type":"capacity","timestamp":"2026-07-23T13:25:10.583Z","action":"acquire","durationMs":0,"activeMatches":64,"activeRooms":1,"queueDepth":64}
{"type":"capacity","timestamp":"2026-07-23T13:25:10.586Z","action":"acquire","durationMs":0,"activeMatches":64,"activeRooms":1,"queueDepth":64}
{"type":"capacity","timestamp":"2026-07-23T13:25:10.590Z","action":"acquire","durationMs":1,"activeMatches":64,"activeRooms":1,"queueDepth":64}
{"type":"capacity","timestamp":"2026-07-23T13:25:10.592Z","action":"acquire","durationMs":1,"activeMatches":64,"activeRooms":1,"queueDepth":64}
{"type":"capacity","timestamp":"2026-07-23T13:25:10.594Z","action":"acquire","durationMs":0,"activeMatches":64,"activeRooms":1,"queueDepth":64}
{"type":"capacity","timestamp":"2026-07-23T13:25:10.605Z","action":"acquire","durationMs":1,"activeMatches":64,"activeRooms":1,"queueDepth":64}
{"type":"capacity","timestamp":"2026-07-23T13:25:10.611Z","action":"acquire","durationMs":1,"activeMatches":64,"activeRooms":1,"queueDepth":64}
{"type":"capacity","timestamp":"2026-07-23T13:25:10.616Z","action":"acquire","durationMs":0,"activeMatches":64,"activeRooms":1,"queueDepth":64}
{"type":"capacity","timestamp":"2026-07-23T13:25:10.619Z","action":"acquire","durationMs":1,"activeMatches":64,"activeRooms":1,"queueDepth":64}
{"type":"capacity","timestamp":"2026-07-23T13:25:10.621Z","action":"acquire","durationMs":1,"activeMatches":64,"activeRooms":1,"queueDepth":64}
{"type":"capacity","timestamp":"2026-07-23T13:25:10.623Z","action":"acquire","durationMs":1,"activeMatches":64,"activeRooms":1,"queueDepth":64}
{"type":"capacity","timestamp":"2026-07-23T13:25:10.625Z","action":"acquire","durationMs":0,"activeMatches":64,"activeRooms":1,"queueDepth":64}
{"type":"capacity","timestamp":"2026-07-23T13:25:10.631Z","action":"acquire","durationMs":1,"activeMatches":64,"activeRooms":1,"queueDepth":64}
{"type":"capacity","timestamp":"2026-07-23T13:25:10.638Z","action":"acquire","durationMs":0,"activeMatches":64,"activeRooms":1,"queueDepth":64}
{"type":"capacity","timestamp":"2026-07-23T13:25:10.641Z","action":"acquire","durationMs":1,"activeMatches":64,"activeRooms":1,"queueDepth":64}
{"type":"capacity","timestamp":"2026-07-23T13:25:10.642Z","action":"acquire","durationMs":0,"activeMatches":64,"activeRooms":1,"queueDepth":64}
{"type":"capacity","timestamp":"2026-07-23T13:25:10.645Z","action":"acquire","durationMs":1,"activeMatches":64,"activeRooms":1,"queueDepth":64}
{"type":"capacity","timestamp":"2026-07-23T13:25:10.648Z","action":"acquire","durationMs":1,"activeMatches":64,"activeRooms":1,"queueDepth":64}
{"type":"capacity","timestamp":"2026-07-23T13:25:10.650Z","action":"acquire","durationMs":0,"activeMatches":64,"activeRooms":1,"queueDepth":64}
{"type":"capacity","timestamp":"2026-07-23T13:25:10.655Z","action":"acquire","durationMs":0,"activeMatches":64,"activeRooms":1,"queueDepth":64}
{"type":"capacity","timestamp":"2026-07-23T13:25:10.657Z","action":"acquire","durationMs":0,"activeMatches":64,"activeRooms":1,"queueDepth":64}
{"type":"capacity","timestamp":"2026-07-23T13:25:10.659Z","action":"acquire","durationMs":0,"activeMatches":64,"activeRooms":1,"queueDepth":64}
{"type":"capacity","timestamp":"2026-07-23T13:25:10.662Z","action":"acquire","durationMs":1,"activeMatches":64,"activeRooms":1,"queueDepth":64}
{"type":"capacity","timestamp":"2026-07-23T13:25:10.663Z","action":"acquire","durationMs":0,"activeMatches":64,"activeRooms":1,"queueDepth":64}
{"type":"capacity","timestamp":"2026-07-23T13:25:10.665Z","action":"acquire","durationMs":0,"activeMatches":64,"activeRooms":1,"queueDepth":64}
{"type":"capacity","timestamp":"2026-07-23T13:25:10.668Z","action":"acquire","durationMs":1,"activeMatches":64,"activeRooms":1,"queueDepth":64}
{"type":"capacity","timestamp":"2026-07-23T13:25:10.674Z","action":"acquire","durationMs":0,"activeMatches":64,"activeRooms":1,"queueDepth":64}
{"type":"capacity","timestamp":"2026-07-23T13:25:10.676Z","action":"acquire","durationMs":0,"activeMatches":64,"activeRooms":1,"queueDepth":64}
{"type":"capacity","timestamp":"2026-07-23T13:25:10.678Z","action":"acquire","durationMs":1,"activeMatches":64,"activeRooms":1,"queueDepth":64}
{"type":"capacity","timestamp":"2026-07-23T13:25:10.680Z","action":"acquire","durationMs":0,"activeMatches":64,"activeRooms":1,"queueDepth":64}
{"type":"capacity","timestamp":"2026-07-23T13:25:10.682Z","action":"acquire","durationMs":1,"activeMatches":64,"activeRooms":1,"queueDepth":64}
{"type":"capacity","timestamp":"2026-07-23T13:25:10.684Z","action":"acquire","durationMs":0,"activeMatches":64,"activeRooms":1,"queueDepth":64}
{"type":"capacity","timestamp":"2026-07-23T13:25:10.687Z","action":"acquire","durationMs":0,"activeMatches":64,"activeRooms":1,"queueDepth":64}
{"type":"capacity","timestamp":"2026-07-23T13:25:10.691Z","action":"acquire","durationMs":1,"activeMatches":64,"activeRooms":1,"queueDepth":64}
{"type":"capacity","timestamp":"2026-07-23T13:25:10.692Z","action":"acquire","durationMs":0,"activeMatches":64,"activeRooms":1,"queueDepth":64}
{"type":"capacity","timestamp":"2026-07-23T13:25:10.695Z","action":"acquire","durationMs":1,"activeMatches":64,"activeRooms":1,"queueDepth":64}
{"type":"capacity","timestamp":"2026-07-23T13:25:10.696Z","action":"acquire","durationMs":0,"activeMatches":64,"activeRooms":1,"queueDepth":64}
{"type":"capacity","timestamp":"2026-07-23T13:25:10.699Z","action":"acquire","durationMs":1,"activeMatches":64,"activeRooms":1,"queueDepth":64}
{"type":"capacity","timestamp":"2026-07-23T13:25:10.702Z","action":"acquire","durationMs":1,"activeMatches":64,"activeRooms":1,"queueDepth":64}
{"type":"capacity","timestamp":"2026-07-23T13:25:10.706Z","action":"acquire","durationMs":1,"activeMatches":64,"activeRooms":1,"queueDepth":64}
{"type":"capacity","timestamp":"2026-07-23T13:25:10.707Z","action":"acquire","durationMs":0,"activeMatches":64,"activeRooms":1,"queueDepth":64}
{"type":"capacity","timestamp":"2026-07-23T13:25:10.709Z","action":"acquire","durationMs":0,"activeMatches":64,"activeRooms":1,"queueDepth":64}
{"type":"capacity","timestamp":"2026-07-23T13:25:10.711Z","action":"acquire","durationMs":0,"activeMatches":64,"activeRooms":1,"queueDepth":64}
{"type":"capacity","timestamp":"2026-07-23T13:25:10.713Z","action":"acquire","durationMs":1,"activeMatches":64,"activeRooms":1,"queueDepth":64}
{"type":"simulation-batch","timestamp":"2026-07-23T13:25:10.714Z","roomId":"mw117t","durationMs":198,"processedMinutes":59,"eventCount":8,"activeMatches":64,"stateVersion":108}
{"type":"room-persist","timestamp":"2026-07-23T13:25:10.721Z","roomId":"mw117t","bytes":525316,"eventCount":8,"releasedMatches":0}
{"type":"room-alarm-complete","timestamp":"2026-07-23T13:25:10.743Z","roomId":"mw117t","elapsedMs":233}
{"type":"room-alarm","timestamp":"2026-07-23T13:25:10.747Z","roomId":"mw117t"}
{"type":"capacity","timestamp":"2026-07-23T13:25:10.749Z","action":"acquire","durationMs":1,"activeMatches":64,"activeRooms":1,"queueDepth":64}
{"type":"capacity","timestamp":"2026-07-23T13:25:10.753Z","action":"acquire","durationMs":1,"activeMatches":64,"activeRooms":1,"queueDepth":64}
{"type":"capacity","timestamp":"2026-07-23T13:25:10.755Z","action":"acquire","durationMs":0,"activeMatches":64,"activeRooms":1,"queueDepth":64}
{"type":"capacity","timestamp":"2026-07-23T13:25:10.764Z","action":"acquire","durationMs":1,"activeMatches":64,"activeRooms":1,"queueDepth":64}
{"type":"capacity","timestamp":"2026-07-23T13:25:10.766Z","action":"acquire","durationMs":0,"activeMatches":64,"activeRooms":1,"queueDepth":64}
{"type":"capacity","timestamp":"2026-07-23T13:25:10.769Z","action":"acquire","durationMs":1,"activeMatches":64,"activeRooms":1,"queueDepth":64}
{"type":"capacity","timestamp":"2026-07-23T13:25:10.771Z","action":"acquire","durationMs":1,"activeMatches":64,"activeRooms":1,"queueDepth":64}
{"type":"capacity","timestamp":"2026-07-23T13:25:10.772Z","action":"acquire","durationMs":0,"activeMatches":64,"activeRooms":1,"queueDepth":64}
{"type":"capacity","timestamp":"2026-07-23T13:25:10.775Z","action":"acquire","durationMs":1,"activeMatches":64,"activeRooms":1,"queueDepth":64}
{"type":"capacity","timestamp":"2026-07-23T13:25:10.780Z","action":"acquire","durationMs":1,"activeMatches":64,"activeRooms":1,"queueDepth":64}
{"type":"capacity","timestamp":"2026-07-23T13:25:10.782Z","action":"acquire","durationMs":0,"activeMatches":64,"activeRooms":1,"queueDepth":64}
{"type":"capacity","timestamp":"2026-07-23T13:25:10.784Z","action":"acquire","durationMs":1,"activeMatches":64,"activeRooms":1,"queueDepth":64}
{"type":"capacity","timestamp":"2026-07-23T13:25:10.786Z","action":"acquire","durationMs":0,"activeMatches":64,"activeRooms":1,"queueDepth":64}
{"type":"capacity","timestamp":"2026-07-23T13:25:10.788Z","action":"acquire","durationMs":0,"activeMatches":64,"activeRooms":1,"queueDepth":64}
{"type":"capacity","timestamp":"2026-07-23T13:25:10.790Z","action":"acquire","durationMs":0,"activeMatches":64,"activeRooms":1,"queueDepth":64}
{"type":"capacity","timestamp":"2026-07-23T13:25:10.793Z","action":"acquire","durationMs":1,"activeMatches":64,"activeRooms":1,"queueDepth":64}
{"type":"capacity","timestamp":"2026-07-23T13:25:10.794Z","action":"acquire","durationMs":0,"activeMatches":64,"activeRooms":1,"queueDepth":64}
{"type":"capacity","timestamp":"2026-07-23T13:25:10.796Z","action":"acquire","durationMs":0,"activeMatches":64,"activeRooms":1,"queueDepth":64}
{"type":"capacity","timestamp":"2026-07-23T13:25:10.798Z","action":"acquire","durationMs":0,"activeMatches":64,"activeRooms":1,"queueDepth":64}
{"type":"capacity","timestamp":"2026-07-23T13:25:10.800Z","action":"acquire","durationMs":0,"activeMatches":64,"activeRooms":1,"queueDepth":64}
{"type":"capacity","timestamp":"2026-07-23T13:25:10.803Z","action":"acquire","durationMs":1,"activeMatches":64,"activeRooms":1,"queueDepth":64}
{"type":"capacity","timestamp":"2026-07-23T13:25:10.805Z","action":"acquire","durationMs":0,"activeMatches":64,"activeRooms":1,"queueDepth":64}
{"type":"capacity","timestamp":"2026-07-23T13:25:10.808Z","action":"acquire","durationMs":1,"activeMatches":64,"activeRooms":1,"queueDepth":64}
{"type":"capacity","timestamp":"2026-07-23T13:25:10.815Z","action":"acquire","durationMs":0,"activeMatches":64,"activeRooms":1,"queueDepth":64}
{"type":"capacity","timestamp":"2026-07-23T13:25:10.818Z","action":"acquire","durationMs":1,"activeMatches":64,"activeRooms":1,"queueDepth":64}
{"type":"capacity","timestamp":"2026-07-23T13:25:10.820Z","action":"acquire","durationMs":0,"activeMatches":64,"activeRooms":1,"queueDepth":64}
{"type":"capacity","timestamp":"2026-07-23T13:25:10.822Z","action":"acquire","durationMs":0,"activeMatches":64,"activeRooms":1,"queueDepth":64}
{"type":"capacity","timestamp":"2026-07-23T13:25:10.825Z","action":"acquire","durationMs":0,"activeMatches":64,"activeRooms":1,"queueDepth":64}
{"type":"capacity","timestamp":"2026-07-23T13:25:10.832Z","action":"acquire","durationMs":1,"activeMatches":64,"activeRooms":1,"queueDepth":64}
{"type":"capacity","timestamp":"2026-07-23T13:25:10.837Z","action":"acquire","durationMs":0,"activeMatches":64,"activeRooms":1,"queueDepth":64}
{"type":"capacity","timestamp":"2026-07-23T13:25:10.840Z","action":"acquire","durationMs":1,"activeMatches":64,"activeRooms":1,"queueDepth":64}
{"type":"capacity","timestamp":"2026-07-23T13:25:10.842Z","action":"acquire","durationMs":1,"activeMatches":64,"activeRooms":1,"queueDepth":64}
{"type":"capacity","timestamp":"2026-07-23T13:25:10.845Z","action":"acquire","durationMs":1,"activeMatches":64,"activeRooms":1,"queueDepth":64}
{"type":"capacity","timestamp":"2026-07-23T13:25:10.852Z","action":"acquire","durationMs":1,"activeMatches":64,"activeRooms":1,"queueDepth":64}
{"type":"capacity","timestamp":"2026-07-23T13:25:10.854Z","action":"acquire","durationMs":1,"activeMatches":64,"activeRooms":1,"queueDepth":64}
{"type":"capacity","timestamp":"2026-07-23T13:25:10.857Z","action":"acquire","durationMs":1,"activeMatches":64,"activeRooms":1,"queueDepth":64}
{"type":"capacity","timestamp":"2026-07-23T13:25:10.866Z","action":"acquire","durationMs":0,"activeMatches":64,"activeRooms":1,"queueDepth":64}
{"type":"capacity","timestamp":"2026-07-23T13:25:10.878Z","action":"acquire","durationMs":1,"activeMatches":64,"activeRooms":1,"queueDepth":64}
{"type":"capacity","timestamp":"2026-07-23T13:25:10.881Z","action":"acquire","durationMs":1,"activeMatches":64,"activeRooms":1,"queueDepth":64}
{"type":"capacity","timestamp":"2026-07-23T13:25:10.892Z","action":"acquire","durationMs":1,"activeMatches":64,"activeRooms":1,"queueDepth":64}
{"type":"capacity","timestamp":"2026-07-23T13:25:10.899Z","action":"acquire","durationMs":0,"activeMatches":64,"activeRooms":1,"queueDepth":64}
{"type":"capacity","timestamp":"2026-07-23T13:25:10.908Z","action":"acquire","durationMs":0,"activeMatches":64,"activeRooms":1,"queueDepth":64}
{"type":"capacity","timestamp":"2026-07-23T13:25:10.910Z","action":"acquire","durationMs":0,"activeMatches":64,"activeRooms":1,"queueDepth":64}
{"type":"capacity","timestamp":"2026-07-23T13:25:10.912Z","action":"acquire","durationMs":1,"activeMatches":64,"activeRooms":1,"queueDepth":64}
{"type":"capacity","timestamp":"2026-07-23T13:25:10.914Z","action":"acquire","durationMs":1,"activeMatches":64,"activeRooms":1,"queueDepth":64}
{"type":"capacity","timestamp":"2026-07-23T13:25:10.916Z","action":"acquire","durationMs":1,"activeMatches":64,"activeRooms":1,"queueDepth":64}
{"type":"capacity","timestamp":"2026-07-23T13:25:10.919Z","action":"acquire","durationMs":1,"activeMatches":64,"activeRooms":1,"queueDepth":64}
{"type":"capacity","timestamp":"2026-07-23T13:25:10.924Z","action":"acquire","durationMs":0,"activeMatches":64,"activeRooms":1,"queueDepth":64}
{"type":"capacity","timestamp":"2026-07-23T13:25:10.927Z","action":"acquire","durationMs":1,"activeMatches":64,"activeRooms":1,"queueDepth":64}
{"type":"capacity","timestamp":"2026-07-23T13:25:10.933Z","action":"acquire","durationMs":1,"activeMatches":64,"activeRooms":1,"queueDepth":64}
{"type":"capacity","timestamp":"2026-07-23T13:25:10.936Z","action":"acquire","durationMs":1,"activeMatches":64,"activeRooms":1,"queueDepth":64}
{"type":"capacity","timestamp":"2026-07-23T13:25:10.949Z","action":"acquire","durationMs":1,"activeMatches":64,"activeRooms":1,"queueDepth":64}
{"type":"capacity","timestamp":"2026-07-23T13:25:10.951Z","action":"acquire","durationMs":0,"activeMatches":64,"activeRooms":1,"queueDepth":64}
{"type":"capacity","timestamp":"2026-07-23T13:25:10.954Z","action":"acquire","durationMs":1,"activeMatches":64,"activeRooms":1,"queueDepth":64}
{"type":"capacity","timestamp":"2026-07-23T13:25:10.956Z","action":"acquire","durationMs":0,"activeMatches":64,"activeRooms":1,"queueDepth":64}
{"type":"capacity","timestamp":"2026-07-23T13:25:10.961Z","action":"acquire","durationMs":0,"activeMatches":64,"activeRooms":1,"queueDepth":64}
{"type":"capacity","timestamp":"2026-07-23T13:25:10.964Z","action":"acquire","durationMs":1,"activeMatches":64,"activeRooms":1,"queueDepth":64}
{"type":"capacity","timestamp":"2026-07-23T13:25:10.978Z","action":"acquire","durationMs":1,"activeMatches":64,"activeRooms":1,"queueDepth":64}
{"type":"capacity","timestamp":"2026-07-23T13:25:10.985Z","action":"acquire","durationMs":1,"activeMatches":64,"activeRooms":1,"queueDepth":64}
{"type":"capacity","timestamp":"2026-07-23T13:25:10.995Z","action":"acquire","durationMs":0,"activeMatches":64,"activeRooms":1,"queueDepth":64}
{"type":"capacity","timestamp":"2026-07-23T13:25:11.001Z","action":"acquire","durationMs":1,"activeMatches":64,"activeRooms":1,"queueDepth":64}
{"type":"capacity","timestamp":"2026-07-23T13:25:11.015Z","action":"acquire","durationMs":1,"activeMatches":64,"activeRooms":1,"queueDepth":64}
{"type":"capacity","timestamp":"2026-07-23T13:25:11.024Z","action":"acquire","durationMs":0,"activeMatches":64,"activeRooms":1,"queueDepth":64}
{"type":"capacity","timestamp":"2026-07-23T13:25:11.028Z","action":"acquire","durationMs":1,"activeMatches":64,"activeRooms":1,"queueDepth":64}
{"type":"simulation-batch","timestamp":"2026-07-23T13:25:11.033Z","roomId":"mw117t","durationMs":286,"processedMinutes":19,"eventCount":0,"activeMatches":64,"stateVersion":109}
{"type":"room-persist","timestamp":"2026-07-23T13:25:11.040Z","roomId":"mw117t","bytes":525351,"eventCount":0,"releasedMatches":0}
{"type":"room-alarm-complete","timestamp":"2026-07-23T13:25:11.070Z","roomId":"mw117t","elapsedMs":326}
{"type":"room-alarm","timestamp":"2026-07-23T13:25:11.080Z","roomId":"mw117t"}
{"type":"capacity","timestamp":"2026-07-23T13:25:11.082Z","action":"acquire","durationMs":0,"activeMatches":64,"activeRooms":1,"queueDepth":64}
{"type":"capacity","timestamp":"2026-07-23T13:25:11.095Z","action":"acquire","durationMs":1,"activeMatches":64,"activeRooms":1,"queueDepth":64}
{"type":"capacity","timestamp":"2026-07-23T13:25:11.096Z","action":"acquire","durationMs":0,"activeMatches":64,"activeRooms":1,"queueDepth":64}
{"type":"capacity","timestamp":"2026-07-23T13:25:11.098Z","action":"acquire","durationMs":0,"activeMatches":64,"activeRooms":1,"queueDepth":64}
{"type":"capacity","timestamp":"2026-07-23T13:25:11.101Z","action":"acquire","durationMs":1,"activeMatches":64,"activeRooms":1,"queueDepth":64}
{"type":"capacity","timestamp":"2026-07-23T13:25:11.103Z","action":"acquire","durationMs":0,"activeMatches":64,"activeRooms":1,"queueDepth":64}
{"type":"capacity","timestamp":"2026-07-23T13:25:11.107Z","action":"acquire","durationMs":1,"activeMatches":64,"activeRooms":1,"queueDepth":64}
{"type":"capacity","timestamp":"2026-07-23T13:25:11.110Z","action":"acquire","durationMs":1,"activeMatches":64,"activeRooms":1,"queueDepth":64}
{"type":"capacity","timestamp":"2026-07-23T13:25:11.142Z","action":"acquire","durationMs":0,"activeMatches":64,"activeRooms":1,"queueDepth":64}
{"type":"capacity","timestamp":"2026-07-23T13:25:11.164Z","action":"acquire","durationMs":1,"activeMatches":64,"activeRooms":1,"queueDepth":64}
{"type":"capacity","timestamp":"2026-07-23T13:25:11.166Z","action":"acquire","durationMs":0,"activeMatches":64,"activeRooms":1,"queueDepth":64}
{"type":"capacity","timestamp":"2026-07-23T13:25:11.170Z","action":"acquire","durationMs":0,"activeMatches":64,"activeRooms":1,"queueDepth":64}
{"type":"capacity","timestamp":"2026-07-23T13:25:11.172Z","action":"acquire","durationMs":0,"activeMatches":64,"activeRooms":1,"queueDepth":64}
{"type":"capacity","timestamp":"2026-07-23T13:25:11.174Z","action":"acquire","durationMs":0,"activeMatches":64,"activeRooms":1,"queueDepth":64}
{"type":"capacity","timestamp":"2026-07-23T13:25:11.176Z","action":"acquire","durationMs":0,"activeMatches":64,"activeRooms":1,"queueDepth":64}
{"type":"capacity","timestamp":"2026-07-23T13:25:11.179Z","action":"acquire","durationMs":1,"activeMatches":64,"activeRooms":1,"queueDepth":64}
{"type":"capacity","timestamp":"2026-07-23T13:25:11.188Z","action":"acquire","durationMs":0,"activeMatches":64,"activeRooms":1,"queueDepth":64}
{"type":"capacity","timestamp":"2026-07-23T13:25:11.190Z","action":"acquire","durationMs":0,"activeMatches":64,"activeRooms":1,"queueDepth":64}
{"type":"capacity","timestamp":"2026-07-23T13:25:11.192Z","action":"acquire","durationMs":1,"activeMatches":64,"activeRooms":1,"queueDepth":64}
{"type":"capacity","timestamp":"2026-07-23T13:25:11.194Z","action":"acquire","durationMs":1,"activeMatches":64,"activeRooms":1,"queueDepth":64}
{"type":"capacity","timestamp":"2026-07-23T13:25:11.198Z","action":"acquire","durationMs":0,"activeMatches":64,"activeRooms":1,"queueDepth":64}
{"type":"capacity","timestamp":"2026-07-23T13:25:11.201Z","action":"acquire","durationMs":1,"activeMatches":64,"activeRooms":1,"queueDepth":64}
{"type":"capacity","timestamp":"2026-07-23T13:25:11.204Z","action":"acquire","durationMs":0,"activeMatches":64,"activeRooms":1,"queueDepth":64}
{"type":"capacity","timestamp":"2026-07-23T13:25:11.214Z","action":"acquire","durationMs":1,"activeMatches":64,"activeRooms":1,"queueDepth":64}
{"type":"capacity","timestamp":"2026-07-23T13:25:11.216Z","action":"acquire","durationMs":1,"activeMatches":64,"activeRooms":1,"queueDepth":64}
{"type":"capacity","timestamp":"2026-07-23T13:25:11.219Z","action":"acquire","durationMs":0,"activeMatches":64,"activeRooms":1,"queueDepth":64}
{"type":"capacity","timestamp":"2026-07-23T13:25:11.222Z","action":"acquire","durationMs":1,"activeMatches":64,"activeRooms":1,"queueDepth":64}
{"type":"capacity","timestamp":"2026-07-23T13:25:11.224Z","action":"acquire","durationMs":0,"activeMatches":64,"activeRooms":1,"queueDepth":64}
{"type":"capacity","timestamp":"2026-07-23T13:25:11.240Z","action":"acquire","durationMs":1,"activeMatches":64,"activeRooms":1,"queueDepth":64}
{"type":"capacity","timestamp":"2026-07-23T13:25:11.243Z","action":"acquire","durationMs":1,"activeMatches":64,"activeRooms":1,"queueDepth":64}
{"type":"capacity","timestamp":"2026-07-23T13:25:11.253Z","action":"acquire","durationMs":1,"activeMatches":64,"activeRooms":1,"queueDepth":64}
{"type":"capacity","timestamp":"2026-07-23T13:25:11.261Z","action":"acquire","durationMs":0,"activeMatches":64,"activeRooms":1,"queueDepth":64}
{"type":"capacity","timestamp":"2026-07-23T13:25:11.263Z","action":"acquire","durationMs":0,"activeMatches":64,"activeRooms":1,"queueDepth":64}
{"type":"capacity","timestamp":"2026-07-23T13:25:11.265Z","action":"acquire","durationMs":1,"activeMatches":64,"activeRooms":1,"queueDepth":64}
{"type":"capacity","timestamp":"2026-07-23T13:25:11.267Z","action":"acquire","durationMs":0,"activeMatches":64,"activeRooms":1,"queueDepth":64}
{"type":"capacity","timestamp":"2026-07-23T13:25:11.271Z","action":"acquire","durationMs":0,"activeMatches":64,"activeRooms":1,"queueDepth":64}
{"type":"capacity","timestamp":"2026-07-23T13:25:11.274Z","action":"acquire","durationMs":0,"activeMatches":64,"activeRooms":1,"queueDepth":64}
{"type":"capacity","timestamp":"2026-07-23T13:25:11.276Z","action":"acquire","durationMs":0,"activeMatches":64,"activeRooms":1,"queueDepth":64}
{"type":"capacity","timestamp":"2026-07-23T13:25:11.278Z","action":"acquire","durationMs":1,"activeMatches":64,"activeRooms":1,"queueDepth":64}
{"type":"capacity","timestamp":"2026-07-23T13:25:11.280Z","action":"acquire","durationMs":0,"activeMatches":64,"activeRooms":1,"queueDepth":64}
{"type":"capacity","timestamp":"2026-07-23T13:25:11.295Z","action":"acquire","durationMs":1,"activeMatches":64,"activeRooms":1,"queueDepth":64}
{"type":"capacity","timestamp":"2026-07-23T13:25:11.296Z","action":"acquire","durationMs":0,"activeMatches":64,"activeRooms":1,"queueDepth":64}
{"type":"capacity","timestamp":"2026-07-23T13:25:11.298Z","action":"acquire","durationMs":0,"activeMatches":64,"activeRooms":1,"queueDepth":64}
{"type":"capacity","timestamp":"2026-07-23T13:25:11.301Z","action":"acquire","durationMs":1,"activeMatches":64,"activeRooms":1,"queueDepth":64}
{"type":"capacity","timestamp":"2026-07-23T13:25:11.304Z","action":"acquire","durationMs":1,"activeMatches":64,"activeRooms":1,"queueDepth":64}
{"type":"capacity","timestamp":"2026-07-23T13:25:11.321Z","action":"acquire","durationMs":0,"activeMatches":64,"activeRooms":1,"queueDepth":64}
{"type":"capacity","timestamp":"2026-07-23T13:25:11.347Z","action":"acquire","durationMs":1,"activeMatches":64,"activeRooms":1,"queueDepth":64}
{"type":"capacity","timestamp":"2026-07-23T13:25:11.349Z","action":"acquire","durationMs":1,"activeMatches":64,"activeRooms":1,"queueDepth":64}
{"type":"capacity","timestamp":"2026-07-23T13:25:11.352Z","action":"acquire","durationMs":1,"activeMatches":64,"activeRooms":1,"queueDepth":64}
{"type":"capacity","timestamp":"2026-07-23T13:25:11.365Z","action":"acquire","durationMs":0,"activeMatches":64,"activeRooms":1,"queueDepth":64}
{"type":"capacity","timestamp":"2026-07-23T13:25:11.367Z","action":"acquire","durationMs":0,"activeMatches":64,"activeRooms":1,"queueDepth":64}
{"type":"capacity","timestamp":"2026-07-23T13:25:11.370Z","action":"acquire","durationMs":1,"activeMatches":64,"activeRooms":1,"queueDepth":64}
{"type":"capacity","timestamp":"2026-07-23T13:25:11.371Z","action":"acquire","durationMs":0,"activeMatches":64,"activeRooms":1,"queueDepth":64}
{"type":"capacity","timestamp":"2026-07-23T13:25:11.373Z","action":"acquire","durationMs":0,"activeMatches":64,"activeRooms":1,"queueDepth":64}
{"type":"capacity","timestamp":"2026-07-23T13:25:11.375Z","action":"acquire","durationMs":0,"activeMatches":64,"activeRooms":1,"queueDepth":64}
{"type":"capacity","timestamp":"2026-07-23T13:25:11.377Z","action":"acquire","durationMs":0,"activeMatches":64,"activeRooms":1,"queueDepth":64}
{"type":"capacity","timestamp":"2026-07-23T13:25:11.379Z","action":"acquire","durationMs":0,"activeMatches":64,"activeRooms":1,"queueDepth":64}
{"type":"capacity","timestamp":"2026-07-23T13:25:11.381Z","action":"acquire","durationMs":1,"activeMatches":64,"activeRooms":1,"queueDepth":64}
{"type":"capacity","timestamp":"2026-07-23T13:25:11.383Z","action":"acquire","durationMs":0,"activeMatches":64,"activeRooms":1,"queueDepth":64}
{"type":"capacity","timestamp":"2026-07-23T13:25:11.392Z","action":"acquire","durationMs":0,"activeMatches":64,"activeRooms":1,"queueDepth":64}
{"type":"capacity","timestamp":"2026-07-23T13:25:11.404Z","action":"acquire","durationMs":1,"activeMatches":64,"activeRooms":1,"queueDepth":64}
{"type":"capacity","timestamp":"2026-07-23T13:25:11.406Z","action":"acquire","durationMs":0,"activeMatches":64,"activeRooms":1,"queueDepth":64}
{"type":"capacity","timestamp":"2026-07-23T13:25:11.408Z","action":"acquire","durationMs":0,"activeMatches":64,"activeRooms":1,"queueDepth":64}
{"type":"capacity","timestamp":"2026-07-23T13:25:11.410Z","action":"acquire","durationMs":0,"activeMatches":64,"activeRooms":1,"queueDepth":64}
{"type":"simulation-batch","timestamp":"2026-07-23T13:25:11.412Z","roomId":"mw117t","durationMs":331,"processedMinutes":37,"eventCount":6,"activeMatches":64,"stateVersion":110}
{"type":"room-persist","timestamp":"2026-07-23T13:25:11.414Z","roomId":"mw117t","bytes":525380,"eventCount":6,"releasedMatches":0}
{"type":"room-alarm-complete","timestamp":"2026-07-23T13:25:11.450Z","roomId":"mw117t","elapsedMs":380}
{"type":"room-alarm","timestamp":"2026-07-23T13:25:11.456Z","roomId":"mw117t"}
{"type":"capacity","timestamp":"2026-07-23T13:25:11.460Z","action":"acquire","durationMs":1,"activeMatches":64,"activeRooms":1,"queueDepth":64}
{"type":"capacity","timestamp":"2026-07-23T13:25:11.465Z","action":"acquire","durationMs":0,"activeMatches":64,"activeRooms":1,"queueDepth":64}
{"type":"capacity","timestamp":"2026-07-23T13:25:11.467Z","action":"acquire","durationMs":1,"activeMatches":64,"activeRooms":1,"queueDepth":64}
{"type":"capacity","timestamp":"2026-07-23T13:25:11.470Z","action":"acquire","durationMs":1,"activeMatches":64,"activeRooms":1,"queueDepth":64}
{"type":"capacity","timestamp":"2026-07-23T13:25:11.472Z","action":"acquire","durationMs":0,"activeMatches":64,"activeRooms":1,"queueDepth":64}
{"type":"capacity","timestamp":"2026-07-23T13:25:11.474Z","action":"acquire","durationMs":0,"activeMatches":64,"activeRooms":1,"queueDepth":64}
{"type":"capacity","timestamp":"2026-07-23T13:25:11.476Z","action":"acquire","durationMs":0,"activeMatches":64,"activeRooms":1,"queueDepth":64}
{"type":"capacity","timestamp":"2026-07-23T13:25:11.478Z","action":"acquire","durationMs":0,"activeMatches":64,"activeRooms":1,"queueDepth":64}
{"type":"capacity","timestamp":"2026-07-23T13:25:11.480Z","action":"acquire","durationMs":0,"activeMatches":64,"activeRooms":1,"queueDepth":64}
{"type":"capacity","timestamp":"2026-07-23T13:25:11.482Z","action":"acquire","durationMs":1,"activeMatches":64,"activeRooms":1,"queueDepth":64}
{"type":"capacity","timestamp":"2026-07-23T13:25:11.483Z","action":"acquire","durationMs":0,"activeMatches":64,"activeRooms":1,"queueDepth":64}
{"type":"capacity","timestamp":"2026-07-23T13:25:11.486Z","action":"acquire","durationMs":0,"activeMatches":64,"activeRooms":1,"queueDepth":64}
{"type":"capacity","timestamp":"2026-07-23T13:25:11.488Z","action":"acquire","durationMs":1,"activeMatches":64,"activeRooms":1,"queueDepth":64}
{"type":"capacity","timestamp":"2026-07-23T13:25:11.491Z","action":"acquire","durationMs":0,"activeMatches":64,"activeRooms":1,"queueDepth":64}
{"type":"capacity","timestamp":"2026-07-23T13:25:11.499Z","action":"acquire","durationMs":1,"activeMatches":64,"activeRooms":1,"queueDepth":64}
{"type":"capacity","timestamp":"2026-07-23T13:25:11.502Z","action":"acquire","durationMs":1,"activeMatches":64,"activeRooms":1,"queueDepth":64}
{"type":"capacity","timestamp":"2026-07-23T13:25:11.504Z","action":"acquire","durationMs":1,"activeMatches":64,"activeRooms":1,"queueDepth":64}
{"type":"capacity","timestamp":"2026-07-23T13:25:11.506Z","action":"acquire","durationMs":1,"activeMatches":64,"activeRooms":1,"queueDepth":64}
{"type":"capacity","timestamp":"2026-07-23T13:25:11.523Z","action":"acquire","durationMs":1,"activeMatches":64,"activeRooms":1,"queueDepth":64}
{"type":"capacity","timestamp":"2026-07-23T13:25:11.525Z","action":"acquire","durationMs":1,"activeMatches":64,"activeRooms":1,"queueDepth":64}
{"type":"capacity","timestamp":"2026-07-23T13:25:11.526Z","action":"acquire","durationMs":0,"activeMatches":64,"activeRooms":1,"queueDepth":64}
{"type":"capacity","timestamp":"2026-07-23T13:25:11.529Z","action":"acquire","durationMs":1,"activeMatches":64,"activeRooms":1,"queueDepth":64}
{"type":"capacity","timestamp":"2026-07-23T13:25:11.540Z","action":"acquire","durationMs":1,"activeMatches":64,"activeRooms":1,"queueDepth":64}
{"type":"capacity","timestamp":"2026-07-23T13:25:11.542Z","action":"acquire","durationMs":1,"activeMatches":64,"activeRooms":1,"queueDepth":64}
{"type":"capacity","timestamp":"2026-07-23T13:25:11.543Z","action":"acquire","durationMs":0,"activeMatches":64,"activeRooms":1,"queueDepth":64}
{"type":"capacity","timestamp":"2026-07-23T13:25:11.545Z","action":"acquire","durationMs":1,"activeMatches":64,"activeRooms":1,"queueDepth":64}
{"type":"capacity","timestamp":"2026-07-23T13:25:11.546Z","action":"acquire","durationMs":0,"activeMatches":64,"activeRooms":1,"queueDepth":64}
{"type":"capacity","timestamp":"2026-07-23T13:25:11.548Z","action":"acquire","durationMs":1,"activeMatches":64,"activeRooms":1,"queueDepth":64}
{"type":"capacity","timestamp":"2026-07-23T13:25:11.549Z","action":"acquire","durationMs":0,"activeMatches":64,"activeRooms":1,"queueDepth":64}
{"type":"capacity","timestamp":"2026-07-23T13:25:11.554Z","action":"acquire","durationMs":1,"activeMatches":64,"activeRooms":1,"queueDepth":64}
{"type":"capacity","timestamp":"2026-07-23T13:25:11.563Z","action":"acquire","durationMs":1,"activeMatches":64,"activeRooms":1,"queueDepth":64}
{"type":"capacity","timestamp":"2026-07-23T13:25:11.565Z","action":"acquire","durationMs":1,"activeMatches":64,"activeRooms":1,"queueDepth":64}
{"type":"capacity","timestamp":"2026-07-23T13:25:11.567Z","action":"acquire","durationMs":1,"activeMatches":64,"activeRooms":1,"queueDepth":64}
{"type":"capacity","timestamp":"2026-07-23T13:25:11.570Z","action":"acquire","durationMs":0,"activeMatches":64,"activeRooms":1,"queueDepth":64}
{"type":"capacity","timestamp":"2026-07-23T13:25:11.572Z","action":"acquire","durationMs":0,"activeMatches":64,"activeRooms":1,"queueDepth":64}
{"type":"capacity","timestamp":"2026-07-23T13:25:11.575Z","action":"acquire","durationMs":1,"activeMatches":64,"activeRooms":1,"queueDepth":64}
{"type":"capacity","timestamp":"2026-07-23T13:25:11.580Z","action":"acquire","durationMs":0,"activeMatches":64,"activeRooms":1,"queueDepth":64}
{"type":"capacity","timestamp":"2026-07-23T13:25:11.582Z","action":"acquire","durationMs":1,"activeMatches":64,"activeRooms":1,"queueDepth":64}
{"type":"capacity","timestamp":"2026-07-23T13:25:11.584Z","action":"acquire","durationMs":1,"activeMatches":64,"activeRooms":1,"queueDepth":64}
{"type":"capacity","timestamp":"2026-07-23T13:25:11.586Z","action":"acquire","durationMs":0,"activeMatches":64,"activeRooms":1,"queueDepth":64}
{"type":"capacity","timestamp":"2026-07-23T13:25:11.589Z","action":"acquire","durationMs":1,"activeMatches":64,"activeRooms":1,"queueDepth":64}
{"type":"capacity","timestamp":"2026-07-23T13:25:11.592Z","action":"acquire","durationMs":0,"activeMatches":64,"activeRooms":1,"queueDepth":64}
{"type":"capacity","timestamp":"2026-07-23T13:25:11.594Z","action":"acquire","durationMs":0,"activeMatches":64,"activeRooms":1,"queueDepth":64}
{"type":"capacity","timestamp":"2026-07-23T13:25:11.597Z","action":"acquire","durationMs":1,"activeMatches":64,"activeRooms":1,"queueDepth":64}
{"type":"capacity","timestamp":"2026-07-23T13:25:11.611Z","action":"acquire","durationMs":0,"activeMatches":64,"activeRooms":1,"queueDepth":64}
{"type":"capacity","timestamp":"2026-07-23T13:25:11.621Z","action":"acquire","durationMs":1,"activeMatches":64,"activeRooms":1,"queueDepth":64}
{"type":"capacity","timestamp":"2026-07-23T13:25:11.624Z","action":"acquire","durationMs":1,"activeMatches":64,"activeRooms":1,"queueDepth":64}
{"type":"capacity","timestamp":"2026-07-23T13:25:11.627Z","action":"acquire","durationMs":1,"activeMatches":64,"activeRooms":1,"queueDepth":64}
{"type":"capacity","timestamp":"2026-07-23T13:25:11.638Z","action":"acquire","durationMs":1,"activeMatches":64,"activeRooms":1,"queueDepth":64}
{"type":"capacity","timestamp":"2026-07-23T13:25:11.647Z","action":"acquire","durationMs":0,"activeMatches":64,"activeRooms":1,"queueDepth":64}
{"type":"capacity","timestamp":"2026-07-23T13:25:11.650Z","action":"acquire","durationMs":0,"activeMatches":64,"activeRooms":1,"queueDepth":64}
{"type":"capacity","timestamp":"2026-07-23T13:25:11.655Z","action":"acquire","durationMs":1,"activeMatches":64,"activeRooms":1,"queueDepth":64}
{"type":"capacity","timestamp":"2026-07-23T13:25:11.656Z","action":"acquire","durationMs":0,"activeMatches":64,"activeRooms":1,"queueDepth":64}
{"type":"capacity","timestamp":"2026-07-23T13:25:11.659Z","action":"acquire","durationMs":1,"activeMatches":64,"activeRooms":1,"queueDepth":64}
{"type":"capacity","timestamp":"2026-07-23T13:25:11.679Z","action":"acquire","durationMs":1,"activeMatches":64,"activeRooms":1,"queueDepth":64}
{"type":"capacity","timestamp":"2026-07-23T13:25:11.706Z","action":"acquire","durationMs":1,"activeMatches":64,"activeRooms":1,"queueDepth":64}
{"type":"capacity","timestamp":"2026-07-23T13:25:11.717Z","action":"acquire","durationMs":1,"activeMatches":64,"activeRooms":1,"queueDepth":64}
{"type":"capacity","timestamp":"2026-07-23T13:25:11.732Z","action":"acquire","durationMs":0,"activeMatches":64,"activeRooms":1,"queueDepth":64}
{"type":"capacity","timestamp":"2026-07-23T13:25:11.747Z","action":"acquire","durationMs":1,"activeMatches":64,"activeRooms":1,"queueDepth":64}
{"type":"capacity","timestamp":"2026-07-23T13:25:11.761Z","action":"acquire","durationMs":0,"activeMatches":64,"activeRooms":1,"queueDepth":64}
{"type":"capacity","timestamp":"2026-07-23T13:25:11.764Z","action":"acquire","durationMs":1,"activeMatches":64,"activeRooms":1,"queueDepth":64}
{"type":"capacity","timestamp":"2026-07-23T13:25:11.777Z","action":"acquire","durationMs":1,"activeMatches":64,"activeRooms":1,"queueDepth":64}
{"type":"capacity","timestamp":"2026-07-23T13:25:11.779Z","action":"acquire","durationMs":0,"activeMatches":64,"activeRooms":1,"queueDepth":64}
{"type":"capacity","timestamp":"2026-07-23T13:25:11.790Z","action":"acquire","durationMs":0,"activeMatches":64,"activeRooms":1,"queueDepth":64}
{"type":"simulation-batch","timestamp":"2026-07-23T13:25:11.792Z","roomId":"mw117t","durationMs":335,"processedMinutes":32,"eventCount":1,"activeMatches":64,"stateVersion":111}
{"type":"room-persist","timestamp":"2026-07-23T13:25:11.793Z","roomId":"mw117t","bytes":525380,"eventCount":1,"releasedMatches":0}
{"type":"room-alarm-complete","timestamp":"2026-07-23T13:25:11.813Z","roomId":"mw117t","elapsedMs":363}
{"type":"room-alarm","timestamp":"2026-07-23T13:25:11.821Z","roomId":"mw117t"}
{"type":"capacity","timestamp":"2026-07-23T13:25:11.824Z","action":"acquire","durationMs":1,"activeMatches":64,"activeRooms":1,"queueDepth":64}
{"type":"capacity","timestamp":"2026-07-23T13:25:11.831Z","action":"acquire","durationMs":1,"activeMatches":64,"activeRooms":1,"queueDepth":64}
{"type":"capacity","timestamp":"2026-07-23T13:25:11.832Z","action":"acquire","durationMs":0,"activeMatches":64,"activeRooms":1,"queueDepth":64}
{"type":"capacity","timestamp":"2026-07-23T13:25:11.835Z","action":"acquire","durationMs":1,"activeMatches":64,"activeRooms":1,"queueDepth":64}
{"type":"capacity","timestamp":"2026-07-23T13:25:11.838Z","action":"acquire","durationMs":1,"activeMatches":64,"activeRooms":1,"queueDepth":64}
{"type":"capacity","timestamp":"2026-07-23T13:25:11.841Z","action":"acquire","durationMs":0,"activeMatches":64,"activeRooms":1,"queueDepth":64}
{"type":"capacity","timestamp":"2026-07-23T13:25:11.843Z","action":"acquire","durationMs":0,"activeMatches":64,"activeRooms":1,"queueDepth":64}
{"type":"capacity","timestamp":"2026-07-23T13:25:11.847Z","action":"acquire","durationMs":1,"activeMatches":64,"activeRooms":1,"queueDepth":64}
{"type":"capacity","timestamp":"2026-07-23T13:25:11.856Z","action":"acquire","durationMs":0,"activeMatches":64,"activeRooms":1,"queueDepth":64}
{"type":"capacity","timestamp":"2026-07-23T13:25:11.864Z","action":"acquire","durationMs":0,"activeMatches":64,"activeRooms":1,"queueDepth":64}
{"type":"capacity","timestamp":"2026-07-23T13:25:11.866Z","action":"acquire","durationMs":0,"activeMatches":64,"activeRooms":1,"queueDepth":64}
{"type":"capacity","timestamp":"2026-07-23T13:25:11.868Z","action":"acquire","durationMs":1,"activeMatches":64,"activeRooms":1,"queueDepth":64}
{"type":"capacity","timestamp":"2026-07-23T13:25:11.871Z","action":"acquire","durationMs":1,"activeMatches":64,"activeRooms":1,"queueDepth":64}
{"type":"capacity","timestamp":"2026-07-23T13:25:11.875Z","action":"acquire","durationMs":0,"activeMatches":64,"activeRooms":1,"queueDepth":64}
{"type":"capacity","timestamp":"2026-07-23T13:25:11.878Z","action":"acquire","durationMs":1,"activeMatches":64,"activeRooms":1,"queueDepth":64}
{"type":"capacity","timestamp":"2026-07-23T13:25:11.881Z","action":"acquire","durationMs":1,"activeMatches":64,"activeRooms":1,"queueDepth":64}
{"type":"capacity","timestamp":"2026-07-23T13:25:11.896Z","action":"acquire","durationMs":1,"activeMatches":64,"activeRooms":1,"queueDepth":64}
{"type":"capacity","timestamp":"2026-07-23T13:25:11.897Z","action":"acquire","durationMs":0,"activeMatches":64,"activeRooms":1,"queueDepth":64}
{"type":"capacity","timestamp":"2026-07-23T13:25:11.899Z","action":"acquire","durationMs":0,"activeMatches":64,"activeRooms":1,"queueDepth":64}
{"type":"capacity","timestamp":"2026-07-23T13:25:11.902Z","action":"acquire","durationMs":1,"activeMatches":64,"activeRooms":1,"queueDepth":64}
{"type":"capacity","timestamp":"2026-07-23T13:25:11.904Z","action":"acquire","durationMs":0,"activeMatches":64,"activeRooms":1,"queueDepth":64}
{"type":"capacity","timestamp":"2026-07-23T13:25:11.906Z","action":"acquire","durationMs":0,"activeMatches":64,"activeRooms":1,"queueDepth":64}
{"type":"capacity","timestamp":"2026-07-23T13:25:11.908Z","action":"acquire","durationMs":0,"activeMatches":64,"activeRooms":1,"queueDepth":64}
{"type":"capacity","timestamp":"2026-07-23T13:25:11.911Z","action":"acquire","durationMs":0,"activeMatches":64,"activeRooms":1,"queueDepth":64}
{"type":"capacity","timestamp":"2026-07-23T13:25:11.913Z","action":"acquire","durationMs":0,"activeMatches":64,"activeRooms":1,"queueDepth":64}
{"type":"capacity","timestamp":"2026-07-23T13:25:11.915Z","action":"acquire","durationMs":0,"activeMatches":64,"activeRooms":1,"queueDepth":64}
{"type":"capacity","timestamp":"2026-07-23T13:25:11.919Z","action":"acquire","durationMs":1,"activeMatches":64,"activeRooms":1,"queueDepth":64}
{"type":"capacity","timestamp":"2026-07-23T13:25:11.948Z","action":"acquire","durationMs":1,"activeMatches":64,"activeRooms":1,"queueDepth":64}
{"type":"capacity","timestamp":"2026-07-23T13:25:11.951Z","action":"acquire","durationMs":1,"activeMatches":64,"activeRooms":1,"queueDepth":64}
{"type":"capacity","timestamp":"2026-07-23T13:25:11.954Z","action":"acquire","durationMs":1,"activeMatches":64,"activeRooms":1,"queueDepth":64}
{"type":"capacity","timestamp":"2026-07-23T13:25:11.957Z","action":"acquire","durationMs":1,"activeMatches":64,"activeRooms":1,"queueDepth":64}
{"type":"capacity","timestamp":"2026-07-23T13:25:11.973Z","action":"acquire","durationMs":1,"activeMatches":64,"activeRooms":1,"queueDepth":64}
{"type":"capacity","timestamp":"2026-07-23T13:25:11.975Z","action":"acquire","durationMs":1,"activeMatches":64,"activeRooms":1,"queueDepth":64}
{"type":"capacity","timestamp":"2026-07-23T13:25:11.977Z","action":"acquire","durationMs":1,"activeMatches":64,"activeRooms":1,"queueDepth":64}
{"type":"capacity","timestamp":"2026-07-23T13:25:12.017Z","action":"acquire","durationMs":1,"activeMatches":64,"activeRooms":1,"queueDepth":64}
{"type":"capacity","timestamp":"2026-07-23T13:25:12.045Z","action":"acquire","durationMs":1,"activeMatches":64,"activeRooms":1,"queueDepth":64}
{"type":"capacity","timestamp":"2026-07-23T13:25:12.079Z","action":"acquire","durationMs":1,"activeMatches":64,"activeRooms":1,"queueDepth":64}
{"type":"capacity","timestamp":"2026-07-23T13:25:12.087Z","action":"acquire","durationMs":1,"activeMatches":64,"activeRooms":1,"queueDepth":64}
{"type":"capacity","timestamp":"2026-07-23T13:25:12.089Z","action":"acquire","durationMs":0,"activeMatches":64,"activeRooms":1,"queueDepth":64}
{"type":"capacity","timestamp":"2026-07-23T13:25:12.091Z","action":"acquire","durationMs":0,"activeMatches":64,"activeRooms":1,"queueDepth":64}
{"type":"capacity","timestamp":"2026-07-23T13:25:12.093Z","action":"acquire","durationMs":0,"activeMatches":64,"activeRooms":1,"queueDepth":64}
{"type":"capacity","timestamp":"2026-07-23T13:25:12.094Z","action":"acquire","durationMs":0,"activeMatches":64,"activeRooms":1,"queueDepth":64}
{"type":"capacity","timestamp":"2026-07-23T13:25:12.097Z","action":"acquire","durationMs":1,"activeMatches":64,"activeRooms":1,"queueDepth":64}
{"type":"capacity","timestamp":"2026-07-23T13:25:12.107Z","action":"acquire","durationMs":0,"activeMatches":64,"activeRooms":1,"queueDepth":64}
{"type":"capacity","timestamp":"2026-07-23T13:25:12.109Z","action":"acquire","durationMs":0,"activeMatches":64,"activeRooms":1,"queueDepth":64}
{"type":"capacity","timestamp":"2026-07-23T13:25:12.111Z","action":"acquire","durationMs":1,"activeMatches":64,"activeRooms":1,"queueDepth":64}
{"type":"capacity","timestamp":"2026-07-23T13:25:12.113Z","action":"acquire","durationMs":1,"activeMatches":64,"activeRooms":1,"queueDepth":64}
{"type":"capacity","timestamp":"2026-07-23T13:25:12.138Z","action":"acquire","durationMs":1,"activeMatches":64,"activeRooms":1,"queueDepth":64}
{"type":"capacity","timestamp":"2026-07-23T13:25:12.140Z","action":"acquire","durationMs":0,"activeMatches":64,"activeRooms":1,"queueDepth":64}
{"type":"capacity","timestamp":"2026-07-23T13:25:12.142Z","action":"acquire","durationMs":0,"activeMatches":64,"activeRooms":1,"queueDepth":64}
{"type":"capacity","timestamp":"2026-07-23T13:25:12.144Z","action":"acquire","durationMs":1,"activeMatches":64,"activeRooms":1,"queueDepth":64}
{"type":"capacity","timestamp":"2026-07-23T13:25:12.145Z","action":"acquire","durationMs":0,"activeMatches":64,"activeRooms":1,"queueDepth":64}
{"type":"capacity","timestamp":"2026-07-23T13:25:12.147Z","action":"acquire","durationMs":0,"activeMatches":64,"activeRooms":1,"queueDepth":64}
{"type":"capacity","timestamp":"2026-07-23T13:25:12.149Z","action":"acquire","durationMs":0,"activeMatches":64,"activeRooms":1,"queueDepth":64}
{"type":"capacity","timestamp":"2026-07-23T13:25:12.152Z","action":"acquire","durationMs":0,"activeMatches":64,"activeRooms":1,"queueDepth":64}
{"type":"capacity","timestamp":"2026-07-23T13:25:12.168Z","action":"acquire","durationMs":1,"activeMatches":64,"activeRooms":1,"queueDepth":64}
{"type":"capacity","timestamp":"2026-07-23T13:25:12.171Z","action":"acquire","durationMs":1,"activeMatches":64,"activeRooms":1,"queueDepth":64}
{"type":"capacity","timestamp":"2026-07-23T13:25:12.178Z","action":"acquire","durationMs":0,"activeMatches":64,"activeRooms":1,"queueDepth":64}
{"type":"capacity","timestamp":"2026-07-23T13:25:12.180Z","action":"acquire","durationMs":0,"activeMatches":64,"activeRooms":1,"queueDepth":64}
{"type":"capacity","timestamp":"2026-07-23T13:25:12.183Z","action":"acquire","durationMs":1,"activeMatches":64,"activeRooms":1,"queueDepth":64}
{"type":"capacity","timestamp":"2026-07-23T13:25:12.187Z","action":"acquire","durationMs":1,"activeMatches":64,"activeRooms":1,"queueDepth":64}
{"type":"capacity","timestamp":"2026-07-23T13:25:12.190Z","action":"acquire","durationMs":1,"activeMatches":64,"activeRooms":1,"queueDepth":64}
{"type":"capacity","timestamp":"2026-07-23T13:25:12.200Z","action":"acquire","durationMs":2,"activeMatches":64,"activeRooms":1,"queueDepth":64}
{"type":"capacity","timestamp":"2026-07-23T13:25:12.203Z","action":"acquire","durationMs":1,"activeMatches":64,"activeRooms":1,"queueDepth":64}
{"type":"simulation-batch","timestamp":"2026-07-23T13:25:12.214Z","roomId":"mw117t","durationMs":392,"processedMinutes":39,"eventCount":5,"activeMatches":64,"stateVersion":112}
{"type":"room-persist","timestamp":"2026-07-23T13:25:12.222Z","roomId":"mw117t","bytes":525426,"eventCount":5,"releasedMatches":0}
{"type":"room-alarm-complete","timestamp":"2026-07-23T13:25:12.281Z","roomId":"mw117t","elapsedMs":468}
{"type":"room-alarm","timestamp":"2026-07-23T13:25:12.288Z","roomId":"mw117t"}
{"type":"capacity","timestamp":"2026-07-23T13:25:12.292Z","action":"acquire","durationMs":3,"activeMatches":64,"activeRooms":1,"queueDepth":64}
{"type":"capacity","timestamp":"2026-07-23T13:25:12.297Z","action":"acquire","durationMs":0,"activeMatches":64,"activeRooms":1,"queueDepth":64}
{"type":"capacity","timestamp":"2026-07-23T13:25:12.299Z","action":"acquire","durationMs":0,"activeMatches":64,"activeRooms":1,"queueDepth":64}
{"type":"capacity","timestamp":"2026-07-23T13:25:12.304Z","action":"acquire","durationMs":1,"activeMatches":64,"activeRooms":1,"queueDepth":64}
{"type":"capacity","timestamp":"2026-07-23T13:25:12.327Z","action":"acquire","durationMs":1,"activeMatches":64,"activeRooms":1,"queueDepth":64}
{"type":"capacity","timestamp":"2026-07-23T13:25:12.344Z","action":"acquire","durationMs":1,"activeMatches":64,"activeRooms":1,"queueDepth":64}
{"type":"capacity","timestamp":"2026-07-23T13:25:12.354Z","action":"acquire","durationMs":0,"activeMatches":64,"activeRooms":1,"queueDepth":64}
{"type":"capacity","timestamp":"2026-07-23T13:25:12.356Z","action":"acquire","durationMs":0,"activeMatches":64,"activeRooms":1,"queueDepth":64}
{"type":"capacity","timestamp":"2026-07-23T13:25:12.358Z","action":"acquire","durationMs":0,"activeMatches":64,"activeRooms":1,"queueDepth":64}
{"type":"capacity","timestamp":"2026-07-23T13:25:12.368Z","action":"acquire","durationMs":1,"activeMatches":64,"activeRooms":1,"queueDepth":64}
{"type":"capacity","timestamp":"2026-07-23T13:25:12.371Z","action":"acquire","durationMs":1,"activeMatches":64,"activeRooms":1,"queueDepth":64}
{"type":"capacity","timestamp":"2026-07-23T13:25:12.373Z","action":"acquire","durationMs":1,"activeMatches":64,"activeRooms":1,"queueDepth":64}
{"type":"capacity","timestamp":"2026-07-23T13:25:12.375Z","action":"acquire","durationMs":1,"activeMatches":64,"activeRooms":1,"queueDepth":64}
{"type":"capacity","timestamp":"2026-07-23T13:25:12.387Z","action":"acquire","durationMs":0,"activeMatches":64,"activeRooms":1,"queueDepth":64}
{"type":"capacity","timestamp":"2026-07-23T13:25:12.398Z","action":"acquire","durationMs":0,"activeMatches":64,"activeRooms":1,"queueDepth":64}
{"type":"capacity","timestamp":"2026-07-23T13:25:12.401Z","action":"acquire","durationMs":0,"activeMatches":64,"activeRooms":1,"queueDepth":64}
{"type":"capacity","timestamp":"2026-07-23T13:25:12.403Z","action":"acquire","durationMs":0,"activeMatches":64,"activeRooms":1,"queueDepth":64}
{"type":"capacity","timestamp":"2026-07-23T13:25:12.406Z","action":"acquire","durationMs":1,"activeMatches":64,"activeRooms":1,"queueDepth":64}
{"type":"capacity","timestamp":"2026-07-23T13:25:12.416Z","action":"acquire","durationMs":0,"activeMatches":64,"activeRooms":1,"queueDepth":64}
{"type":"capacity","timestamp":"2026-07-23T13:25:12.419Z","action":"acquire","durationMs":0,"activeMatches":64,"activeRooms":1,"queueDepth":64}
{"type":"capacity","timestamp":"2026-07-23T13:25:12.425Z","action":"acquire","durationMs":0,"activeMatches":64,"activeRooms":1,"queueDepth":64}
{"type":"capacity","timestamp":"2026-07-23T13:25:12.428Z","action":"acquire","durationMs":1,"activeMatches":64,"activeRooms":1,"queueDepth":64}
{"type":"capacity","timestamp":"2026-07-23T13:25:12.432Z","action":"acquire","durationMs":0,"activeMatches":64,"activeRooms":1,"queueDepth":64}
{"type":"capacity","timestamp":"2026-07-23T13:25:12.435Z","action":"acquire","durationMs":1,"activeMatches":64,"activeRooms":1,"queueDepth":64}
{"type":"capacity","timestamp":"2026-07-23T13:25:12.446Z","action":"acquire","durationMs":1,"activeMatches":64,"activeRooms":1,"queueDepth":64}
{"type":"capacity","timestamp":"2026-07-23T13:25:12.463Z","action":"acquire","durationMs":1,"activeMatches":64,"activeRooms":1,"queueDepth":64}
{"type":"capacity","timestamp":"2026-07-23T13:25:12.465Z","action":"acquire","durationMs":0,"activeMatches":64,"activeRooms":1,"queueDepth":64}
{"type":"capacity","timestamp":"2026-07-23T13:25:12.481Z","action":"acquire","durationMs":1,"activeMatches":64,"activeRooms":1,"queueDepth":64}
{"type":"capacity","timestamp":"2026-07-23T13:25:12.485Z","action":"acquire","durationMs":1,"activeMatches":64,"activeRooms":1,"queueDepth":64}
{"type":"capacity","timestamp":"2026-07-23T13:25:12.494Z","action":"acquire","durationMs":0,"activeMatches":64,"activeRooms":1,"queueDepth":64}
{"type":"capacity","timestamp":"2026-07-23T13:25:12.504Z","action":"acquire","durationMs":1,"activeMatches":64,"activeRooms":1,"queueDepth":64}
{"type":"capacity","timestamp":"2026-07-23T13:25:12.506Z","action":"acquire","durationMs":1,"activeMatches":64,"activeRooms":1,"queueDepth":64}
{"type":"capacity","timestamp":"2026-07-23T13:25:12.508Z","action":"acquire","durationMs":1,"activeMatches":64,"activeRooms":1,"queueDepth":64}
{"type":"capacity","timestamp":"2026-07-23T13:25:12.510Z","action":"acquire","durationMs":1,"activeMatches":64,"activeRooms":1,"queueDepth":64}
{"type":"capacity","timestamp":"2026-07-23T13:25:12.512Z","action":"acquire","durationMs":0,"activeMatches":64,"activeRooms":1,"queueDepth":64}
{"type":"capacity","timestamp":"2026-07-23T13:25:12.514Z","action":"acquire","durationMs":1,"activeMatches":64,"activeRooms":1,"queueDepth":64}
{"type":"capacity","timestamp":"2026-07-23T13:25:12.518Z","action":"acquire","durationMs":1,"activeMatches":64,"activeRooms":1,"queueDepth":64}
{"type":"capacity","timestamp":"2026-07-23T13:25:12.520Z","action":"acquire","durationMs":0,"activeMatches":64,"activeRooms":1,"queueDepth":64}
{"type":"capacity","timestamp":"2026-07-23T13:25:12.523Z","action":"acquire","durationMs":1,"activeMatches":64,"activeRooms":1,"queueDepth":64}
{"type":"capacity","timestamp":"2026-07-23T13:25:12.530Z","action":"acquire","durationMs":0,"activeMatches":64,"activeRooms":1,"queueDepth":64}
{"type":"capacity","timestamp":"2026-07-23T13:25:12.533Z","action":"acquire","durationMs":1,"activeMatches":64,"activeRooms":1,"queueDepth":64}
{"type":"capacity","timestamp":"2026-07-23T13:25:12.540Z","action":"acquire","durationMs":1,"activeMatches":64,"activeRooms":1,"queueDepth":64}
{"type":"capacity","timestamp":"2026-07-23T13:25:12.559Z","action":"acquire","durationMs":0,"activeMatches":64,"activeRooms":1,"queueDepth":64}
{"type":"capacity","timestamp":"2026-07-23T13:25:12.561Z","action":"acquire","durationMs":0,"activeMatches":64,"activeRooms":1,"queueDepth":64}
{"type":"capacity","timestamp":"2026-07-23T13:25:12.563Z","action":"acquire","durationMs":0,"activeMatches":64,"activeRooms":1,"queueDepth":64}
{"type":"capacity","timestamp":"2026-07-23T13:25:12.565Z","action":"acquire","durationMs":1,"activeMatches":64,"activeRooms":1,"queueDepth":64}
{"type":"capacity","timestamp":"2026-07-23T13:25:12.568Z","action":"acquire","durationMs":1,"activeMatches":64,"activeRooms":1,"queueDepth":64}
{"type":"capacity","timestamp":"2026-07-23T13:25:12.584Z","action":"acquire","durationMs":1,"activeMatches":64,"activeRooms":1,"queueDepth":64}
{"type":"capacity","timestamp":"2026-07-23T13:25:12.599Z","action":"acquire","durationMs":0,"activeMatches":64,"activeRooms":1,"queueDepth":64}
{"type":"capacity","timestamp":"2026-07-23T13:25:12.602Z","action":"acquire","durationMs":1,"activeMatches":64,"activeRooms":1,"queueDepth":64}
{"type":"capacity","timestamp":"2026-07-23T13:25:12.604Z","action":"acquire","durationMs":0,"activeMatches":64,"activeRooms":1,"queueDepth":64}
{"type":"capacity","timestamp":"2026-07-23T13:25:12.607Z","action":"acquire","durationMs":1,"activeMatches":64,"activeRooms":1,"queueDepth":64}
{"type":"capacity","timestamp":"2026-07-23T13:25:12.609Z","action":"acquire","durationMs":1,"activeMatches":64,"activeRooms":1,"queueDepth":64}
{"type":"capacity","timestamp":"2026-07-23T13:25:12.611Z","action":"acquire","durationMs":1,"activeMatches":64,"activeRooms":1,"queueDepth":64}
{"type":"capacity","timestamp":"2026-07-23T13:25:12.612Z","action":"acquire","durationMs":0,"activeMatches":64,"activeRooms":1,"queueDepth":64}
{"type":"capacity","timestamp":"2026-07-23T13:25:12.614Z","action":"acquire","durationMs":0,"activeMatches":64,"activeRooms":1,"queueDepth":64}
{"type":"capacity","timestamp":"2026-07-23T13:25:12.617Z","action":"acquire","durationMs":1,"activeMatches":64,"activeRooms":1,"queueDepth":64}
{"type":"capacity","timestamp":"2026-07-23T13:25:12.621Z","action":"acquire","durationMs":0,"activeMatches":64,"activeRooms":1,"queueDepth":64}
{"type":"capacity","timestamp":"2026-07-23T13:25:12.623Z","action":"acquire","durationMs":0,"activeMatches":64,"activeRooms":1,"queueDepth":64}
{"type":"capacity","timestamp":"2026-07-23T13:25:12.626Z","action":"acquire","durationMs":1,"activeMatches":64,"activeRooms":1,"queueDepth":64}
{"type":"capacity","timestamp":"2026-07-23T13:25:12.628Z","action":"acquire","durationMs":1,"activeMatches":64,"activeRooms":1,"queueDepth":64}
{"type":"capacity","timestamp":"2026-07-23T13:25:12.629Z","action":"acquire","durationMs":0,"activeMatches":64,"activeRooms":1,"queueDepth":64}
{"type":"capacity","timestamp":"2026-07-23T13:25:12.631Z","action":"acquire","durationMs":0,"activeMatches":64,"activeRooms":1,"queueDepth":64}
{"type":"capacity","timestamp":"2026-07-23T13:25:12.635Z","action":"acquire","durationMs":0,"activeMatches":64,"activeRooms":1,"queueDepth":64}
{"type":"simulation-batch","timestamp":"2026-07-23T13:25:12.637Z","roomId":"mw117t","durationMs":349,"processedMinutes":43,"eventCount":3,"activeMatches":64,"stateVersion":113}
{"type":"room-persist","timestamp":"2026-07-23T13:25:12.639Z","roomId":"mw117t","bytes":525441,"eventCount":3,"releasedMatches":0}
{"type":"room-alarm-complete","timestamp":"2026-07-23T13:25:12.666Z","roomId":"mw117t","elapsedMs":385}
{"type":"room-alarm","timestamp":"2026-07-23T13:25:12.674Z","roomId":"mw117t"}
{"type":"worker-request","timestamp":"2026-07-23T13:25:12.677Z","requestId":"c3074328-e9c5-4340-930e-cc5793b2caf7","method":"GET","route":"/api/rooms/0211"}
{"type":"capacity","timestamp":"2026-07-23T13:25:12.679Z","action":"acquire","durationMs":4,"activeMatches":64,"activeRooms":1,"queueDepth":64}
{"type":"room-request","timestamp":"2026-07-23T13:25:12.687Z","action":"status","method":"GET"}
{"type":"capacity","timestamp":"2026-07-23T13:25:12.699Z","action":"acquire","durationMs":12,"activeMatches":64,"activeRooms":1,"queueDepth":64}
{"type":"capacity","timestamp":"2026-07-23T13:25:12.707Z","action":"acquire","durationMs":0,"activeMatches":64,"activeRooms":1,"queueDepth":64}
{"type":"capacity","timestamp":"2026-07-23T13:25:12.709Z","action":"acquire","durationMs":0,"activeMatches":64,"activeRooms":1,"queueDepth":64}
{"type":"capacity","timestamp":"2026-07-23T13:25:12.712Z","action":"acquire","durationMs":1,"activeMatches":64,"activeRooms":1,"queueDepth":64}
{"type":"capacity","timestamp":"2026-07-23T13:25:12.714Z","action":"acquire","durationMs":0,"activeMatches":64,"activeRooms":1,"queueDepth":64}
{"type":"capacity","timestamp":"2026-07-23T13:25:12.717Z","action":"acquire","durationMs":1,"activeMatches":64,"activeRooms":1,"queueDepth":64}
{"type":"capacity","timestamp":"2026-07-23T13:25:12.720Z","action":"acquire","durationMs":1,"activeMatches":64,"activeRooms":1,"queueDepth":64}
{"type":"capacity","timestamp":"2026-07-23T13:25:12.722Z","action":"acquire","durationMs":0,"activeMatches":64,"activeRooms":1,"queueDepth":64}
{"type":"capacity","timestamp":"2026-07-23T13:25:12.726Z","action":"acquire","durationMs":1,"activeMatches":64,"activeRooms":1,"queueDepth":64}
{"type":"capacity","timestamp":"2026-07-23T13:25:12.737Z","action":"acquire","durationMs":0,"activeMatches":64,"activeRooms":1,"queueDepth":64}
{"type":"capacity","timestamp":"2026-07-23T13:25:12.740Z","action":"acquire","durationMs":0,"activeMatches":64,"activeRooms":1,"queueDepth":64}
{"type":"capacity","timestamp":"2026-07-23T13:25:12.743Z","action":"acquire","durationMs":1,"activeMatches":64,"activeRooms":1,"queueDepth":64}
{"type":"capacity","timestamp":"2026-07-23T13:25:12.745Z","action":"acquire","durationMs":1,"activeMatches":64,"activeRooms":1,"queueDepth":64}
{"type":"capacity","timestamp":"2026-07-23T13:25:12.746Z","action":"acquire","durationMs":0,"activeMatches":64,"activeRooms":1,"queueDepth":64}
{"type":"capacity","timestamp":"2026-07-23T13:25:12.748Z","action":"acquire","durationMs":0,"activeMatches":64,"activeRooms":1,"queueDepth":64}
{"type":"capacity","timestamp":"2026-07-23T13:25:12.751Z","action":"acquire","durationMs":1,"activeMatches":64,"activeRooms":1,"queueDepth":64}
{"type":"capacity","timestamp":"2026-07-23T13:25:12.754Z","action":"acquire","durationMs":1,"activeMatches":64,"activeRooms":1,"queueDepth":64}
{"type":"capacity","timestamp":"2026-07-23T13:25:12.757Z","action":"acquire","durationMs":1,"activeMatches":64,"activeRooms":1,"queueDepth":64}
{"type":"capacity","timestamp":"2026-07-23T13:25:12.759Z","action":"acquire","durationMs":1,"activeMatches":64,"activeRooms":1,"queueDepth":64}
{"type":"capacity","timestamp":"2026-07-23T13:25:12.761Z","action":"acquire","durationMs":1,"activeMatches":64,"activeRooms":1,"queueDepth":64}
{"type":"capacity","timestamp":"2026-07-23T13:25:12.762Z","action":"acquire","durationMs":0,"activeMatches":64,"activeRooms":1,"queueDepth":64}
{"type":"capacity","timestamp":"2026-07-23T13:25:12.764Z","action":"acquire","durationMs":0,"activeMatches":64,"activeRooms":1,"queueDepth":64}
{"type":"capacity","timestamp":"2026-07-23T13:25:12.766Z","action":"acquire","durationMs":0,"activeMatches":64,"activeRooms":1,"queueDepth":64}
{"type":"capacity","timestamp":"2026-07-23T13:25:12.770Z","action":"acquire","durationMs":1,"activeMatches":64,"activeRooms":1,"queueDepth":64}
{"type":"capacity","timestamp":"2026-07-23T13:25:12.772Z","action":"acquire","durationMs":1,"activeMatches":64,"activeRooms":1,"queueDepth":64}
{"type":"capacity","timestamp":"2026-07-23T13:25:12.773Z","action":"acquire","durationMs":0,"activeMatches":64,"activeRooms":1,"queueDepth":64}
{"type":"capacity","timestamp":"2026-07-23T13:25:12.775Z","action":"acquire","durationMs":1,"activeMatches":64,"activeRooms":1,"queueDepth":64}
{"type":"capacity","timestamp":"2026-07-23T13:25:12.779Z","action":"acquire","durationMs":2,"activeMatches":64,"activeRooms":1,"queueDepth":64}
{"type":"capacity","timestamp":"2026-07-23T13:25:12.781Z","action":"acquire","durationMs":0,"activeMatches":64,"activeRooms":1,"queueDepth":64}
{"type":"capacity","timestamp":"2026-07-23T13:25:12.784Z","action":"acquire","durationMs":1,"activeMatches":64,"activeRooms":1,"queueDepth":64}
{"type":"capacity","timestamp":"2026-07-23T13:25:12.829Z","action":"acquire","durationMs":1,"activeMatches":64,"activeRooms":1,"queueDepth":64}
{"type":"capacity","timestamp":"2026-07-23T13:25:12.831Z","action":"acquire","durationMs":1,"activeMatches":64,"activeRooms":1,"queueDepth":64}
{"type":"capacity","timestamp":"2026-07-23T13:25:12.834Z","action":"acquire","durationMs":1,"activeMatches":64,"activeRooms":1,"queueDepth":64}
{"type":"capacity","timestamp":"2026-07-23T13:25:12.847Z","action":"acquire","durationMs":1,"activeMatches":64,"activeRooms":1,"queueDepth":64}
{"type":"capacity","timestamp":"2026-07-23T13:25:12.849Z","action":"acquire","durationMs":0,"activeMatches":64,"activeRooms":1,"queueDepth":64}
{"type":"capacity","timestamp":"2026-07-23T13:25:12.852Z","action":"acquire","durationMs":1,"activeMatches":64,"activeRooms":1,"queueDepth":64}
{"type":"capacity","timestamp":"2026-07-23T13:25:12.855Z","action":"acquire","durationMs":1,"activeMatches":64,"activeRooms":1,"queueDepth":64}
{"type":"capacity","timestamp":"2026-07-23T13:25:12.875Z","action":"acquire","durationMs":1,"activeMatches":64,"activeRooms":1,"queueDepth":64}
{"type":"capacity","timestamp":"2026-07-23T13:25:12.878Z","action":"acquire","durationMs":1,"activeMatches":64,"activeRooms":1,"queueDepth":64}
{"type":"capacity","timestamp":"2026-07-23T13:25:12.880Z","action":"acquire","durationMs":0,"activeMatches":64,"activeRooms":1,"queueDepth":64}
{"type":"capacity","timestamp":"2026-07-23T13:25:12.883Z","action":"acquire","durationMs":1,"activeMatches":64,"activeRooms":1,"queueDepth":64}
{"type":"capacity","timestamp":"2026-07-23T13:25:12.886Z","action":"acquire","durationMs":1,"activeMatches":64,"activeRooms":1,"queueDepth":64}
{"type":"capacity","timestamp":"2026-07-23T13:25:12.889Z","action":"acquire","durationMs":1,"activeMatches":64,"activeRooms":1,"queueDepth":64}
{"type":"capacity","timestamp":"2026-07-23T13:25:12.923Z","action":"acquire","durationMs":1,"activeMatches":64,"activeRooms":1,"queueDepth":64}
{"type":"capacity","timestamp":"2026-07-23T13:25:12.926Z","action":"acquire","durationMs":1,"activeMatches":64,"activeRooms":1,"queueDepth":64}
{"type":"capacity","timestamp":"2026-07-23T13:25:12.943Z","action":"acquire","durationMs":0,"activeMatches":64,"activeRooms":1,"queueDepth":64}
{"type":"capacity","timestamp":"2026-07-23T13:25:12.946Z","action":"acquire","durationMs":1,"activeMatches":64,"activeRooms":1,"queueDepth":64}
{"type":"capacity","timestamp":"2026-07-23T13:25:12.958Z","action":"acquire","durationMs":1,"activeMatches":64,"activeRooms":1,"queueDepth":64}
{"type":"capacity","timestamp":"2026-07-23T13:25:12.961Z","action":"acquire","durationMs":0,"activeMatches":64,"activeRooms":1,"queueDepth":64}
{"type":"capacity","timestamp":"2026-07-23T13:25:12.976Z","action":"acquire","durationMs":1,"activeMatches":64,"activeRooms":1,"queueDepth":64}
{"type":"capacity","timestamp":"2026-07-23T13:25:12.977Z","action":"acquire","durationMs":0,"activeMatches":64,"activeRooms":1,"queueDepth":64}
{"type":"capacity","timestamp":"2026-07-23T13:25:12.979Z","action":"acquire","durationMs":0,"activeMatches":64,"activeRooms":1,"queueDepth":64}
{"type":"capacity","timestamp":"2026-07-23T13:25:12.982Z","action":"acquire","durationMs":0,"activeMatches":64,"activeRooms":1,"queueDepth":64}
{"type":"capacity","timestamp":"2026-07-23T13:25:12.985Z","action":"acquire","durationMs":1,"activeMatches":64,"activeRooms":1,"queueDepth":64}
{"type":"capacity","timestamp":"2026-07-23T13:25:12.989Z","action":"acquire","durationMs":1,"activeMatches":64,"activeRooms":1,"queueDepth":64}
{"type":"capacity","timestamp":"2026-07-23T13:25:13.010Z","action":"acquire","durationMs":1,"activeMatches":64,"activeRooms":1,"queueDepth":64}
{"type":"capacity","timestamp":"2026-07-23T13:25:13.012Z","action":"acquire","durationMs":0,"activeMatches":64,"activeRooms":1,"queueDepth":64}
{"type":"capacity","timestamp":"2026-07-23T13:25:13.013Z","action":"acquire","durationMs":0,"activeMatches":64,"activeRooms":1,"queueDepth":64}
{"type":"capacity","timestamp":"2026-07-23T13:25:13.015Z","action":"acquire","durationMs":0,"activeMatches":64,"activeRooms":1,"queueDepth":64}
{"type":"capacity","timestamp":"2026-07-23T13:25:13.017Z","action":"acquire","durationMs":1,"activeMatches":64,"activeRooms":1,"queueDepth":64}
{"type":"capacity","timestamp":"2026-07-23T13:25:13.020Z","action":"acquire","durationMs":1,"activeMatches":64,"activeRooms":1,"queueDepth":64}
{"type":"capacity","timestamp":"2026-07-23T13:25:13.021Z","action":"acquire","durationMs":0,"activeMatches":64,"activeRooms":1,"queueDepth":64}
{"type":"capacity","timestamp":"2026-07-23T13:25:13.023Z","action":"acquire","durationMs":0,"activeMatches":64,"activeRooms":1,"queueDepth":64}
{"type":"capacity","timestamp":"2026-07-23T13:25:13.025Z","action":"acquire","durationMs":1,"activeMatches":64,"activeRooms":1,"queueDepth":64}
{"type":"capacity","timestamp":"2026-07-23T13:25:13.027Z","action":"acquire","durationMs":1,"activeMatches":64,"activeRooms":1,"queueDepth":64}
{"type":"capacity","timestamp":"2026-07-23T13:25:13.031Z","action":"acquire","durationMs":1,"activeMatches":64,"activeRooms":1,"queueDepth":64}
{"type":"capacity","timestamp":"2026-07-23T13:25:13.037Z","action":"acquire","durationMs":0,"activeMatches":64,"activeRooms":1,"queueDepth":64}
{"type":"capacity","timestamp":"2026-07-23T13:25:13.040Z","action":"acquire","durationMs":1,"activeMatches":64,"activeRooms":1,"queueDepth":64}
{"type":"capacity","timestamp":"2026-07-23T13:25:13.042Z","action":"acquire","durationMs":1,"activeMatches":64,"activeRooms":1,"queueDepth":64}
{"type":"capacity","timestamp":"2026-07-23T13:25:13.076Z","action":"acquire","durationMs":0,"activeMatches":64,"activeRooms":1,"queueDepth":64}
{"type":"capacity","timestamp":"2026-07-23T13:25:13.079Z","action":"acquire","durationMs":0,"activeMatches":64,"activeRooms":1,"queueDepth":64}
{"type":"capacity","timestamp":"2026-07-23T13:25:13.082Z","action":"acquire","durationMs":1,"activeMatches":64,"activeRooms":1,"queueDepth":64}
{"type":"capacity","timestamp":"2026-07-23T13:25:13.085Z","action":"acquire","durationMs":1,"activeMatches":64,"activeRooms":1,"queueDepth":64}
{"type":"capacity","timestamp":"2026-07-23T13:25:13.123Z","action":"acquire","durationMs":1,"activeMatches":64,"activeRooms":1,"queueDepth":64}
{"type":"capacity","timestamp":"2026-07-23T13:25:13.126Z","action":"acquire","durationMs":1,"activeMatches":64,"activeRooms":1,"queueDepth":64}
{"type":"capacity","timestamp":"2026-07-23T13:25:13.134Z","action":"acquire","durationMs":1,"activeMatches":64,"activeRooms":1,"queueDepth":64}
{"type":"capacity","timestamp":"2026-07-23T13:25:13.138Z","action":"acquire","durationMs":0,"activeMatches":64,"activeRooms":1,"queueDepth":64}
{"type":"capacity","timestamp":"2026-07-23T13:25:13.140Z","action":"acquire","durationMs":0,"activeMatches":64,"activeRooms":1,"queueDepth":64}
{"type":"capacity","timestamp":"2026-07-23T13:25:13.143Z","action":"acquire","durationMs":1,"activeMatches":64,"activeRooms":1,"queueDepth":64}
{"type":"capacity","timestamp":"2026-07-23T13:25:13.176Z","action":"acquire","durationMs":1,"activeMatches":64,"activeRooms":1,"queueDepth":64}
{"type":"capacity","timestamp":"2026-07-23T13:25:13.178Z","action":"acquire","durationMs":0,"activeMatches":64,"activeRooms":1,"queueDepth":64}
{"type":"capacity","timestamp":"2026-07-23T13:25:13.180Z","action":"acquire","durationMs":1,"activeMatches":64,"activeRooms":1,"queueDepth":64}
{"type":"capacity","timestamp":"2026-07-23T13:25:13.182Z","action":"acquire","durationMs":1,"activeMatches":64,"activeRooms":1,"queueDepth":64}
{"type":"capacity","timestamp":"2026-07-23T13:25:13.184Z","action":"acquire","durationMs":1,"activeMatches":64,"activeRooms":1,"queueDepth":64}
{"type":"capacity","timestamp":"2026-07-23T13:25:13.187Z","action":"acquire","durationMs":1,"activeMatches":64,"activeRooms":1,"queueDepth":64}
{"type":"capacity","timestamp":"2026-07-23T13:25:13.189Z","action":"acquire","durationMs":1,"activeMatches":64,"activeRooms":1,"queueDepth":64}
{"type":"capacity","timestamp":"2026-07-23T13:25:13.192Z","action":"acquire","durationMs":0,"activeMatches":64,"activeRooms":1,"queueDepth":64}
{"type":"capacity","timestamp":"2026-07-23T13:25:13.194Z","action":"acquire","durationMs":1,"activeMatches":64,"activeRooms":1,"queueDepth":64}
{"type":"capacity","timestamp":"2026-07-23T13:25:13.197Z","action":"acquire","durationMs":1,"activeMatches":64,"activeRooms":1,"queueDepth":64}
{"type":"capacity","timestamp":"2026-07-23T13:25:13.216Z","action":"acquire","durationMs":0,"activeMatches":64,"activeRooms":1,"queueDepth":64}
{"type":"capacity","timestamp":"2026-07-23T13:25:13.220Z","action":"acquire","durationMs":1,"activeMatches":64,"activeRooms":1,"queueDepth":64}
{"type":"capacity","timestamp":"2026-07-23T13:25:13.265Z","action":"acquire","durationMs":1,"activeMatches":64,"activeRooms":1,"queueDepth":64}
{"type":"capacity","timestamp":"2026-07-23T13:25:13.269Z","action":"acquire","durationMs":1,"activeMatches":64,"activeRooms":1,"queueDepth":64}
{"type":"capacity","timestamp":"2026-07-23T13:25:13.276Z","action":"acquire","durationMs":0,"activeMatches":64,"activeRooms":1,"queueDepth":64}
{"type":"capacity","timestamp":"2026-07-23T13:25:13.279Z","action":"acquire","durationMs":0,"activeMatches":64,"activeRooms":1,"queueDepth":64}
{"type":"capacity","timestamp":"2026-07-23T13:25:13.306Z","action":"acquire","durationMs":1,"activeMatches":64,"activeRooms":1,"queueDepth":64}
{"type":"capacity","timestamp":"2026-07-23T13:25:13.309Z","action":"acquire","durationMs":1,"activeMatches":64,"activeRooms":1,"queueDepth":64}
{"type":"capacity","timestamp":"2026-07-23T13:25:13.318Z","action":"acquire","durationMs":1,"activeMatches":64,"activeRooms":1,"queueDepth":64}
{"type":"capacity","timestamp":"2026-07-23T13:25:13.344Z","action":"acquire","durationMs":1,"activeMatches":64,"activeRooms":1,"queueDepth":64}
{"type":"capacity","timestamp":"2026-07-23T13:25:13.389Z","action":"acquire","durationMs":1,"activeMatches":64,"activeRooms":1,"queueDepth":64}
{"type":"capacity","timestamp":"2026-07-23T13:25:13.392Z","action":"acquire","durationMs":1,"activeMatches":64,"activeRooms":1,"queueDepth":64}
{"type":"capacity","timestamp":"2026-07-23T13:25:13.393Z","action":"acquire","durationMs":0,"activeMatches":64,"activeRooms":1,"queueDepth":64}
{"type":"capacity","timestamp":"2026-07-23T13:25:13.395Z","action":"acquire","durationMs":1,"activeMatches":64,"activeRooms":1,"queueDepth":64}
{"type":"capacity","timestamp":"2026-07-23T13:25:13.397Z","action":"acquire","durationMs":1,"activeMatches":64,"activeRooms":1,"queueDepth":64}
{"type":"capacity","timestamp":"2026-07-23T13:25:13.400Z","action":"acquire","durationMs":1,"activeMatches":64,"activeRooms":1,"queueDepth":64}
{"type":"capacity","timestamp":"2026-07-23T13:25:13.404Z","action":"acquire","durationMs":1,"activeMatches":64,"activeRooms":1,"queueDepth":64}
{"type":"capacity","timestamp":"2026-07-23T13:25:13.406Z","action":"acquire","durationMs":1,"activeMatches":64,"activeRooms":1,"queueDepth":64}
{"type":"capacity","timestamp":"2026-07-23T13:25:13.408Z","action":"acquire","durationMs":1,"activeMatches":64,"activeRooms":1,"queueDepth":64}
{"type":"capacity","timestamp":"2026-07-23T13:25:13.410Z","action":"acquire","durationMs":0,"activeMatches":64,"activeRooms":1,"queueDepth":64}
{"type":"capacity","timestamp":"2026-07-23T13:25:13.413Z","action":"acquire","durationMs":1,"activeMatches":64,"activeRooms":1,"queueDepth":64}
{"type":"capacity","timestamp":"2026-07-23T13:25:13.416Z","action":"acquire","durationMs":1,"activeMatches":64,"activeRooms":1,"queueDepth":64}
{"type":"capacity","timestamp":"2026-07-23T13:25:13.420Z","action":"acquire","durationMs":1,"activeMatches":64,"activeRooms":1,"queueDepth":64}
{"type":"capacity","timestamp":"2026-07-23T13:25:13.422Z","action":"acquire","durationMs":1,"activeMatches":64,"activeRooms":1,"queueDepth":64}
{"type":"capacity","timestamp":"2026-07-23T13:25:13.426Z","action":"acquire","durationMs":1,"activeMatches":64,"activeRooms":1,"queueDepth":64}
{"type":"capacity","timestamp":"2026-07-23T13:25:13.429Z","action":"acquire","durationMs":0,"activeMatches":64,"activeRooms":1,"queueDepth":64}
{"type":"capacity","timestamp":"2026-07-23T13:25:13.432Z","action":"acquire","durationMs":0,"activeMatches":64,"activeRooms":1,"queueDepth":64}
{"type":"capacity","timestamp":"2026-07-23T13:25:13.435Z","action":"acquire","durationMs":1,"activeMatches":64,"activeRooms":1,"queueDepth":64}
{"type":"capacity","timestamp":"2026-07-23T13:25:13.437Z","action":"acquire","durationMs":1,"activeMatches":64,"activeRooms":1,"queueDepth":64}
{"type":"capacity","timestamp":"2026-07-23T13:25:13.447Z","action":"acquire","durationMs":0,"activeMatches":64,"activeRooms":1,"queueDepth":64}
{"type":"capacity","timestamp":"2026-07-23T13:25:13.449Z","action":"acquire","durationMs":0,"activeMatches":64,"activeRooms":1,"queueDepth":64}
{"type":"capacity","timestamp":"2026-07-23T13:25:13.454Z","action":"acquire","durationMs":1,"activeMatches":64,"activeRooms":1,"queueDepth":64}
{"type":"capacity","timestamp":"2026-07-23T13:25:13.476Z","action":"acquire","durationMs":1,"activeMatches":64,"activeRooms":1,"queueDepth":64}
{"type":"capacity","timestamp":"2026-07-23T13:25:13.478Z","action":"acquire","durationMs":1,"activeMatches":64,"activeRooms":1,"queueDepth":64}
{"type":"capacity","timestamp":"2026-07-23T13:25:13.483Z","action":"acquire","durationMs":0,"activeMatches":64,"activeRooms":1,"queueDepth":64}
{"type":"capacity","timestamp":"2026-07-23T13:25:13.486Z","action":"acquire","durationMs":1,"activeMatches":64,"activeRooms":1,"queueDepth":64}
{"type":"capacity","timestamp":"2026-07-23T13:25:13.488Z","action":"acquire","durationMs":1,"activeMatches":64,"activeRooms":1,"queueDepth":64}
{"type":"simulation-batch","timestamp":"2026-07-23T13:25:13.490Z","roomId":"mw117t","durationMs":816,"processedMinutes":33,"eventCount":4,"activeMatches":64,"stateVersion":114}
{"type":"room-persist","timestamp":"2026-07-23T13:25:13.491Z","roomId":"mw117t","bytes":525478,"eventCount":4,"releasedMatches":0}
{"type":"room-alarm-complete","timestamp":"2026-07-23T13:25:13.540Z","roomId":"mw117t","elapsedMs":874}
{"type":"capacity","timestamp":"2026-07-23T13:25:13.541Z","action":"acquire","durationMs":0,"activeMatches":64,"activeRooms":1,"queueDepth":64}
{"type":"simulation-batch","timestamp":"2026-07-23T13:25:13.545Z","roomId":"mw117t","durationMs":850,"processedMinutes":36,"eventCount":4,"activeMatches":64,"stateVersion":114}
{"type":"room-persist","timestamp":"2026-07-23T13:25:13.546Z","roomId":"mw117t","bytes":525474,"eventCount":4,"releasedMatches":0}
{"type":"room-request-complete","timestamp":"2026-07-23T13:25:13.615Z","action":"status","status":200,"durationMs":928}
{"type":"worker-request-complete","timestamp":"2026-07-23T13:25:13.615Z","requestId":"c3074328-e9c5-4340-930e-cc5793b2caf7","method":"GET","route":"/api/rooms/0211","status":200,"elapsedMs":938}
{"type":"room-alarm","timestamp":"2026-07-23T13:25:13.624Z","roomId":"mw117t"}
[wrangler:info] GET /api/rooms/0211 200 OK (1146ms)
{"type":"capacity","timestamp":"2026-07-23T13:25:13.636Z","action":"acquire","durationMs":6,"activeMatches":64,"activeRooms":1,"queueDepth":64}
{"type":"capacity","timestamp":"2026-07-23T13:25:13.644Z","action":"acquire","durationMs":0,"activeMatches":64,"activeRooms":1,"queueDepth":64}
{"type":"capacity","timestamp":"2026-07-23T13:25:13.646Z","action":"acquire","durationMs":0,"activeMatches":64,"activeRooms":1,"queueDepth":64}
{"type":"capacity","timestamp":"2026-07-23T13:25:13.649Z","action":"acquire","durationMs":1,"activeMatches":64,"activeRooms":1,"queueDepth":64}
{"type":"capacity","timestamp":"2026-07-23T13:25:13.652Z","action":"acquire","durationMs":1,"activeMatches":64,"activeRooms":1,"queueDepth":64}
{"type":"capacity","timestamp":"2026-07-23T13:25:13.665Z","action":"acquire","durationMs":0,"activeMatches":64,"activeRooms":1,"queueDepth":64}
{"type":"capacity","timestamp":"2026-07-23T13:25:13.668Z","action":"acquire","durationMs":1,"activeMatches":64,"activeRooms":1,"queueDepth":64}
{"type":"capacity","timestamp":"2026-07-23T13:25:13.670Z","action":"acquire","durationMs":0,"activeMatches":64,"activeRooms":1,"queueDepth":64}
{"type":"capacity","timestamp":"2026-07-23T13:25:13.673Z","action":"acquire","durationMs":0,"activeMatches":64,"activeRooms":1,"queueDepth":64}
{"type":"capacity","timestamp":"2026-07-23T13:25:13.699Z","action":"acquire","durationMs":1,"activeMatches":64,"activeRooms":1,"queueDepth":64}
{"type":"capacity","timestamp":"2026-07-23T13:25:13.713Z","action":"acquire","durationMs":1,"activeMatches":64,"activeRooms":1,"queueDepth":64}
{"type":"capacity","timestamp":"2026-07-23T13:25:13.722Z","action":"acquire","durationMs":0,"activeMatches":64,"activeRooms":1,"queueDepth":64}
{"type":"capacity","timestamp":"2026-07-23T13:25:13.725Z","action":"acquire","durationMs":1,"activeMatches":64,"activeRooms":1,"queueDepth":64}
{"type":"capacity","timestamp":"2026-07-23T13:25:13.740Z","action":"acquire","durationMs":0,"activeMatches":64,"activeRooms":1,"queueDepth":64}
{"type":"capacity","timestamp":"2026-07-23T13:25:13.742Z","action":"acquire","durationMs":0,"activeMatches":64,"activeRooms":1,"queueDepth":64}
{"type":"capacity","timestamp":"2026-07-23T13:25:13.744Z","action":"acquire","durationMs":0,"activeMatches":64,"activeRooms":1,"queueDepth":64}
{"type":"capacity","timestamp":"2026-07-23T13:25:13.757Z","action":"acquire","durationMs":1,"activeMatches":64,"activeRooms":1,"queueDepth":64}
{"type":"capacity","timestamp":"2026-07-23T13:25:13.759Z","action":"acquire","durationMs":1,"activeMatches":64,"activeRooms":1,"queueDepth":64}
{"type":"capacity","timestamp":"2026-07-23T13:25:13.761Z","action":"acquire","durationMs":0,"activeMatches":64,"activeRooms":1,"queueDepth":64}
{"type":"capacity","timestamp":"2026-07-23T13:25:13.783Z","action":"acquire","durationMs":1,"activeMatches":64,"activeRooms":1,"queueDepth":64}
{"type":"capacity","timestamp":"2026-07-23T13:25:13.786Z","action":"acquire","durationMs":1,"activeMatches":64,"activeRooms":1,"queueDepth":64}
{"type":"capacity","timestamp":"2026-07-23T13:25:13.798Z","action":"acquire","durationMs":0,"activeMatches":64,"activeRooms":1,"queueDepth":64}
{"type":"capacity","timestamp":"2026-07-23T13:25:13.801Z","action":"acquire","durationMs":0,"activeMatches":64,"activeRooms":1,"queueDepth":64}
{"type":"capacity","timestamp":"2026-07-23T13:25:13.825Z","action":"acquire","durationMs":1,"activeMatches":64,"activeRooms":1,"queueDepth":64}
{"type":"capacity","timestamp":"2026-07-23T13:25:13.841Z","action":"acquire","durationMs":0,"activeMatches":64,"activeRooms":1,"queueDepth":64}
{"type":"capacity","timestamp":"2026-07-23T13:25:13.843Z","action":"acquire","durationMs":0,"activeMatches":64,"activeRooms":1,"queueDepth":64}
{"type":"capacity","timestamp":"2026-07-23T13:25:13.846Z","action":"acquire","durationMs":1,"activeMatches":64,"activeRooms":1,"queueDepth":64}
{"type":"capacity","timestamp":"2026-07-23T13:25:13.849Z","action":"acquire","durationMs":1,"activeMatches":64,"activeRooms":1,"queueDepth":64}
{"type":"capacity","timestamp":"2026-07-23T13:25:13.853Z","action":"acquire","durationMs":1,"activeMatches":64,"activeRooms":1,"queueDepth":64}
{"type":"capacity","timestamp":"2026-07-23T13:25:13.856Z","action":"acquire","durationMs":1,"activeMatches":64,"activeRooms":1,"queueDepth":64}
{"type":"capacity","timestamp":"2026-07-23T13:25:13.859Z","action":"acquire","durationMs":1,"activeMatches":64,"activeRooms":1,"queueDepth":64}
{"type":"capacity","timestamp":"2026-07-23T13:25:13.864Z","action":"acquire","durationMs":1,"activeMatches":64,"activeRooms":1,"queueDepth":64}
{"type":"capacity","timestamp":"2026-07-23T13:25:13.867Z","action":"acquire","durationMs":1,"activeMatches":64,"activeRooms":1,"queueDepth":64}
{"type":"capacity","timestamp":"2026-07-23T13:25:13.879Z","action":"acquire","durationMs":1,"activeMatches":64,"activeRooms":1,"queueDepth":64}
{"type":"capacity","timestamp":"2026-07-23T13:25:13.886Z","action":"acquire","durationMs":0,"activeMatches":64,"activeRooms":1,"queueDepth":64}
{"type":"capacity","timestamp":"2026-07-23T13:25:13.892Z","action":"acquire","durationMs":1,"activeMatches":64,"activeRooms":1,"queueDepth":64}
{"type":"capacity","timestamp":"2026-07-23T13:25:13.900Z","action":"acquire","durationMs":1,"activeMatches":64,"activeRooms":1,"queueDepth":64}
{"type":"capacity","timestamp":"2026-07-23T13:25:13.903Z","action":"acquire","durationMs":1,"activeMatches":64,"activeRooms":1,"queueDepth":64}
{"type":"capacity","timestamp":"2026-07-23T13:25:13.905Z","action":"acquire","durationMs":0,"activeMatches":64,"activeRooms":1,"queueDepth":64}
{"type":"capacity","timestamp":"2026-07-23T13:25:13.911Z","action":"acquire","durationMs":1,"activeMatches":64,"activeRooms":1,"queueDepth":64}
{"type":"capacity","timestamp":"2026-07-23T13:25:13.913Z","action":"acquire","durationMs":0,"activeMatches":64,"activeRooms":1,"queueDepth":64}
{"type":"capacity","timestamp":"2026-07-23T13:25:13.928Z","action":"acquire","durationMs":0,"activeMatches":64,"activeRooms":1,"queueDepth":64}
{"type":"capacity","timestamp":"2026-07-23T13:25:13.931Z","action":"acquire","durationMs":0,"activeMatches":64,"activeRooms":1,"queueDepth":64}
{"type":"capacity","timestamp":"2026-07-23T13:25:13.945Z","action":"acquire","durationMs":1,"activeMatches":64,"activeRooms":1,"queueDepth":64}
{"type":"capacity","timestamp":"2026-07-23T13:25:13.948Z","action":"acquire","durationMs":1,"activeMatches":64,"activeRooms":1,"queueDepth":64}
{"type":"capacity","timestamp":"2026-07-23T13:25:13.950Z","action":"acquire","durationMs":0,"activeMatches":64,"activeRooms":1,"queueDepth":64}
{"type":"capacity","timestamp":"2026-07-23T13:25:13.954Z","action":"acquire","durationMs":1,"activeMatches":64,"activeRooms":1,"queueDepth":64}
{"type":"capacity","timestamp":"2026-07-23T13:25:13.955Z","action":"acquire","durationMs":0,"activeMatches":64,"activeRooms":1,"queueDepth":64}
{"type":"capacity","timestamp":"2026-07-23T13:25:13.958Z","action":"acquire","durationMs":1,"activeMatches":64,"activeRooms":1,"queueDepth":64}
{"type":"capacity","timestamp":"2026-07-23T13:25:13.962Z","action":"acquire","durationMs":1,"activeMatches":64,"activeRooms":1,"queueDepth":64}
{"type":"capacity","timestamp":"2026-07-23T13:25:13.964Z","action":"acquire","durationMs":0,"activeMatches":64,"activeRooms":1,"queueDepth":64}
{"type":"capacity","timestamp":"2026-07-23T13:25:13.967Z","action":"acquire","durationMs":0,"activeMatches":64,"activeRooms":1,"queueDepth":64}
{"type":"capacity","timestamp":"2026-07-23T13:25:13.980Z","action":"acquire","durationMs":1,"activeMatches":64,"activeRooms":1,"queueDepth":64}
{"type":"capacity","timestamp":"2026-07-23T13:25:13.982Z","action":"acquire","durationMs":1,"activeMatches":64,"activeRooms":1,"queueDepth":64}
{"type":"capacity","timestamp":"2026-07-23T13:25:13.985Z","action":"acquire","durationMs":1,"activeMatches":64,"activeRooms":1,"queueDepth":64}
{"type":"capacity","timestamp":"2026-07-23T13:25:13.987Z","action":"acquire","durationMs":1,"activeMatches":64,"activeRooms":1,"queueDepth":64}
{"type":"capacity","timestamp":"2026-07-23T13:25:13.989Z","action":"acquire","durationMs":0,"activeMatches":64,"activeRooms":1,"queueDepth":64}
{"type":"capacity","timestamp":"2026-07-23T13:25:13.991Z","action":"acquire","durationMs":0,"activeMatches":64,"activeRooms":1,"queueDepth":64}
{"type":"capacity","timestamp":"2026-07-23T13:25:13.994Z","action":"acquire","durationMs":1,"activeMatches":64,"activeRooms":1,"queueDepth":64}
{"type":"capacity","timestamp":"2026-07-23T13:25:13.997Z","action":"acquire","durationMs":1,"activeMatches":64,"activeRooms":1,"queueDepth":64}
{"type":"capacity","timestamp":"2026-07-23T13:25:13.999Z","action":"acquire","durationMs":1,"activeMatches":64,"activeRooms":1,"queueDepth":64}
{"type":"capacity","timestamp":"2026-07-23T13:25:14.001Z","action":"acquire","durationMs":0,"activeMatches":64,"activeRooms":1,"queueDepth":64}
{"type":"capacity","timestamp":"2026-07-23T13:25:14.019Z","action":"acquire","durationMs":0,"activeMatches":64,"activeRooms":1,"queueDepth":64}
{"type":"capacity","timestamp":"2026-07-23T13:25:14.021Z","action":"acquire","durationMs":0,"activeMatches":64,"activeRooms":1,"queueDepth":64}
{"type":"simulation-batch","timestamp":"2026-07-23T13:25:14.023Z","roomId":"mw117t","durationMs":399,"processedMinutes":92,"eventCount":10,"activeMatches":64,"stateVersion":115}
{"type":"room-persist","timestamp":"2026-07-23T13:25:14.024Z","roomId":"mw117t","bytes":525488,"eventCount":10,"releasedMatches":0}
{"type":"room-alarm-complete","timestamp":"2026-07-23T13:25:14.081Z","roomId":"mw117t","elapsedMs":462}
{"type":"room-alarm","timestamp":"2026-07-23T13:25:14.093Z","roomId":"mw117t"}
{"type":"capacity","timestamp":"2026-07-23T13:25:14.097Z","action":"acquire","durationMs":3,"activeMatches":64,"activeRooms":1,"queueDepth":64}
{"type":"capacity","timestamp":"2026-07-23T13:25:14.102Z","action":"acquire","durationMs":1,"activeMatches":64,"activeRooms":1,"queueDepth":64}
{"type":"capacity","timestamp":"2026-07-23T13:25:14.111Z","action":"acquire","durationMs":0,"activeMatches":64,"activeRooms":1,"queueDepth":64}
{"type":"capacity","timestamp":"2026-07-23T13:25:14.124Z","action":"acquire","durationMs":0,"activeMatches":64,"activeRooms":1,"queueDepth":64}
{"type":"capacity","timestamp":"2026-07-23T13:25:14.142Z","action":"acquire","durationMs":1,"activeMatches":64,"activeRooms":1,"queueDepth":64}
{"type":"capacity","timestamp":"2026-07-23T13:25:14.144Z","action":"acquire","durationMs":1,"activeMatches":64,"activeRooms":1,"queueDepth":64}
{"type":"capacity","timestamp":"2026-07-23T13:25:14.146Z","action":"acquire","durationMs":1,"activeMatches":64,"activeRooms":1,"queueDepth":64}
{"type":"capacity","timestamp":"2026-07-23T13:25:14.150Z","action":"acquire","durationMs":1,"activeMatches":64,"activeRooms":1,"queueDepth":64}
{"type":"capacity","timestamp":"2026-07-23T13:25:14.160Z","action":"acquire","durationMs":0,"activeMatches":64,"activeRooms":1,"queueDepth":64}
{"type":"capacity","timestamp":"2026-07-23T13:25:14.176Z","action":"acquire","durationMs":0,"activeMatches":64,"activeRooms":1,"queueDepth":64}
{"type":"capacity","timestamp":"2026-07-23T13:25:14.179Z","action":"acquire","durationMs":1,"activeMatches":64,"activeRooms":1,"queueDepth":64}
{"type":"capacity","timestamp":"2026-07-23T13:25:14.198Z","action":"acquire","durationMs":1,"activeMatches":64,"activeRooms":1,"queueDepth":64}
{"type":"capacity","timestamp":"2026-07-23T13:25:14.200Z","action":"acquire","durationMs":1,"activeMatches":64,"activeRooms":1,"queueDepth":64}
{"type":"capacity","timestamp":"2026-07-23T13:25:14.233Z","action":"acquire","durationMs":2,"activeMatches":64,"activeRooms":1,"queueDepth":64}
{"type":"capacity","timestamp":"2026-07-23T13:25:14.237Z","action":"acquire","durationMs":0,"activeMatches":64,"activeRooms":1,"queueDepth":64}
{"type":"capacity","timestamp":"2026-07-23T13:25:14.240Z","action":"acquire","durationMs":1,"activeMatches":64,"activeRooms":1,"queueDepth":64}
{"type":"capacity","timestamp":"2026-07-23T13:25:14.243Z","action":"acquire","durationMs":1,"activeMatches":64,"activeRooms":1,"queueDepth":64}
{"type":"capacity","timestamp":"2026-07-23T13:25:14.250Z","action":"acquire","durationMs":1,"activeMatches":64,"activeRooms":1,"queueDepth":64}
{"type":"capacity","timestamp":"2026-07-23T13:25:14.253Z","action":"acquire","durationMs":1,"activeMatches":64,"activeRooms":1,"queueDepth":64}
{"type":"capacity","timestamp":"2026-07-23T13:25:14.255Z","action":"acquire","durationMs":1,"activeMatches":64,"activeRooms":1,"queueDepth":64}
{"type":"capacity","timestamp":"2026-07-23T13:25:14.260Z","action":"acquire","durationMs":1,"activeMatches":64,"activeRooms":1,"queueDepth":64}
{"type":"capacity","timestamp":"2026-07-23T13:25:14.268Z","action":"acquire","durationMs":1,"activeMatches":64,"activeRooms":1,"queueDepth":64}
{"type":"capacity","timestamp":"2026-07-23T13:25:14.271Z","action":"acquire","durationMs":1,"activeMatches":64,"activeRooms":1,"queueDepth":64}
{"type":"capacity","timestamp":"2026-07-23T13:25:14.281Z","action":"acquire","durationMs":0,"activeMatches":64,"activeRooms":1,"queueDepth":64}
{"type":"capacity","timestamp":"2026-07-23T13:25:14.283Z","action":"acquire","durationMs":1,"activeMatches":64,"activeRooms":1,"queueDepth":64}
{"type":"capacity","timestamp":"2026-07-23T13:25:14.286Z","action":"acquire","durationMs":0,"activeMatches":64,"activeRooms":1,"queueDepth":64}
{"type":"capacity","timestamp":"2026-07-23T13:25:14.294Z","action":"acquire","durationMs":1,"activeMatches":64,"activeRooms":1,"queueDepth":64}
{"type":"capacity","timestamp":"2026-07-23T13:25:14.305Z","action":"acquire","durationMs":0,"activeMatches":64,"activeRooms":1,"queueDepth":64}
{"type":"capacity","timestamp":"2026-07-23T13:25:14.312Z","action":"acquire","durationMs":1,"activeMatches":64,"activeRooms":1,"queueDepth":64}
{"type":"capacity","timestamp":"2026-07-23T13:25:14.314Z","action":"acquire","durationMs":1,"activeMatches":64,"activeRooms":1,"queueDepth":64}
{"type":"capacity","timestamp":"2026-07-23T13:25:14.316Z","action":"acquire","durationMs":1,"activeMatches":64,"activeRooms":1,"queueDepth":64}
{"type":"capacity","timestamp":"2026-07-23T13:25:14.319Z","action":"acquire","durationMs":0,"activeMatches":64,"activeRooms":1,"queueDepth":64}
{"type":"capacity","timestamp":"2026-07-23T13:25:14.323Z","action":"acquire","durationMs":0,"activeMatches":64,"activeRooms":1,"queueDepth":64}
{"type":"capacity","timestamp":"2026-07-23T13:25:14.328Z","action":"acquire","durationMs":0,"activeMatches":64,"activeRooms":1,"queueDepth":64}
{"type":"capacity","timestamp":"2026-07-23T13:25:14.331Z","action":"acquire","durationMs":1,"activeMatches":64,"activeRooms":1,"queueDepth":64}
{"type":"capacity","timestamp":"2026-07-23T13:25:14.334Z","action":"acquire","durationMs":1,"activeMatches":64,"activeRooms":1,"queueDepth":64}
{"type":"capacity","timestamp":"2026-07-23T13:25:14.338Z","action":"acquire","durationMs":1,"activeMatches":64,"activeRooms":1,"queueDepth":64}
{"type":"capacity","timestamp":"2026-07-23T13:25:14.340Z","action":"acquire","durationMs":1,"activeMatches":64,"activeRooms":1,"queueDepth":64}
{"type":"capacity","timestamp":"2026-07-23T13:25:14.342Z","action":"acquire","durationMs":1,"activeMatches":64,"activeRooms":1,"queueDepth":64}
{"type":"capacity","timestamp":"2026-07-23T13:25:14.344Z","action":"acquire","durationMs":1,"activeMatches":64,"activeRooms":1,"queueDepth":64}
{"type":"capacity","timestamp":"2026-07-23T13:25:14.346Z","action":"acquire","durationMs":1,"activeMatches":64,"activeRooms":1,"queueDepth":64}
{"type":"capacity","timestamp":"2026-07-23T13:25:14.348Z","action":"acquire","durationMs":1,"activeMatches":64,"activeRooms":1,"queueDepth":64}
{"type":"capacity","timestamp":"2026-07-23T13:25:14.350Z","action":"acquire","durationMs":0,"activeMatches":64,"activeRooms":1,"queueDepth":64}
{"type":"capacity","timestamp":"2026-07-23T13:25:14.352Z","action":"acquire","durationMs":0,"activeMatches":64,"activeRooms":1,"queueDepth":64}
{"type":"capacity","timestamp":"2026-07-23T13:25:14.354Z","action":"acquire","durationMs":0,"activeMatches":64,"activeRooms":1,"queueDepth":64}
{"type":"capacity","timestamp":"2026-07-23T13:25:14.356Z","action":"acquire","durationMs":0,"activeMatches":64,"activeRooms":1,"queueDepth":64}
{"type":"capacity","timestamp":"2026-07-23T13:25:14.358Z","action":"acquire","durationMs":1,"activeMatches":64,"activeRooms":1,"queueDepth":64}
{"type":"capacity","timestamp":"2026-07-23T13:25:14.360Z","action":"acquire","durationMs":1,"activeMatches":64,"activeRooms":1,"queueDepth":64}
{"type":"capacity","timestamp":"2026-07-23T13:25:14.361Z","action":"acquire","durationMs":0,"activeMatches":64,"activeRooms":1,"queueDepth":64}
{"type":"capacity","timestamp":"2026-07-23T13:25:14.363Z","action":"acquire","durationMs":0,"activeMatches":64,"activeRooms":1,"queueDepth":64}
{"type":"capacity","timestamp":"2026-07-23T13:25:14.366Z","action":"acquire","durationMs":1,"activeMatches":64,"activeRooms":1,"queueDepth":64}
{"type":"capacity","timestamp":"2026-07-23T13:25:14.369Z","action":"acquire","durationMs":1,"activeMatches":64,"activeRooms":1,"queueDepth":64}
{"type":"capacity","timestamp":"2026-07-23T13:25:14.399Z","action":"acquire","durationMs":0,"activeMatches":64,"activeRooms":1,"queueDepth":64}
{"type":"capacity","timestamp":"2026-07-23T13:25:14.402Z","action":"acquire","durationMs":0,"activeMatches":64,"activeRooms":1,"queueDepth":64}
{"type":"capacity","timestamp":"2026-07-23T13:25:14.409Z","action":"acquire","durationMs":1,"activeMatches":64,"activeRooms":1,"queueDepth":64}
{"type":"capacity","timestamp":"2026-07-23T13:25:14.423Z","action":"acquire","durationMs":1,"activeMatches":64,"activeRooms":1,"queueDepth":64}
{"type":"capacity","timestamp":"2026-07-23T13:25:14.425Z","action":"acquire","durationMs":0,"activeMatches":64,"activeRooms":1,"queueDepth":64}
{"type":"capacity","timestamp":"2026-07-23T13:25:14.434Z","action":"acquire","durationMs":0,"activeMatches":64,"activeRooms":1,"queueDepth":64}
{"type":"capacity","timestamp":"2026-07-23T13:25:14.438Z","action":"acquire","durationMs":0,"activeMatches":64,"activeRooms":1,"queueDepth":64}
{"type":"capacity","timestamp":"2026-07-23T13:25:14.441Z","action":"acquire","durationMs":0,"activeMatches":64,"activeRooms":1,"queueDepth":64}
{"type":"capacity","timestamp":"2026-07-23T13:25:14.450Z","action":"acquire","durationMs":1,"activeMatches":64,"activeRooms":1,"queueDepth":64}
{"type":"capacity","timestamp":"2026-07-23T13:25:14.463Z","action":"acquire","durationMs":1,"activeMatches":64,"activeRooms":1,"queueDepth":64}
{"type":"capacity","timestamp":"2026-07-23T13:25:14.465Z","action":"acquire","durationMs":1,"activeMatches":64,"activeRooms":1,"queueDepth":64}
{"type":"capacity","timestamp":"2026-07-23T13:25:14.468Z","action":"acquire","durationMs":1,"activeMatches":64,"activeRooms":1,"queueDepth":64}
{"type":"simulation-batch","timestamp":"2026-07-23T13:25:14.477Z","roomId":"mw117t","durationMs":384,"processedMinutes":41,"eventCount":3,"activeMatches":64,"stateVersion":116}
{"type":"room-persist","timestamp":"2026-07-23T13:25:14.480Z","roomId":"mw117t","bytes":525501,"eventCount":3,"releasedMatches":0}
{"type":"room-alarm-complete","timestamp":"2026-07-23T13:25:14.506Z","roomId":"mw117t","elapsedMs":424}
{"type":"room-alarm","timestamp":"2026-07-23T13:25:14.513Z","roomId":"mw117t"}
{"type":"worker-request","timestamp":"2026-07-23T13:25:14.520Z","requestId":"85300556-c6ca-4d17-a3ad-1deb968ecfc3","method":"DELETE","route":"/api/rooms/0211"}
{"type":"capacity","timestamp":"2026-07-23T13:25:14.521Z","action":"renew","durationMs":5,"activeMatches":64,"activeRooms":1,"queueDepth":64}
{"type":"capacity","timestamp":"2026-07-23T13:25:14.527Z","action":"renew","durationMs":1,"activeMatches":64,"activeRooms":1,"queueDepth":64}
{"type":"room-request","timestamp":"2026-07-23T13:25:14.528Z","action":"close","method":"DELETE"}
{"type":"simulation-batch","timestamp":"2026-07-23T13:25:14.542Z","roomId":"mw117t","durationMs":28,"processedMinutes":1,"eventCount":0,"activeMatches":64,"stateVersion":117}
{"type":"room-persist","timestamp":"2026-07-23T13:25:14.546Z","roomId":"mw117t","bytes":525495,"eventCount":0,"releasedMatches":0}
{"type":"capacity","timestamp":"2026-07-23T13:25:14.564Z","action":"release","durationMs":23,"activeMatches":64,"activeRooms":1,"queueDepth":63}
{"type":"room-alarm-complete","timestamp":"2026-07-23T13:25:14.567Z","roomId":"mw117t","elapsedMs":61}
{"type":"capacity","timestamp":"2026-07-23T13:25:14.575Z","action":"release","durationMs":7,"activeMatches":64,"activeRooms":1,"queueDepth":62}
{"type":"capacity","timestamp":"2026-07-23T13:25:14.587Z","action":"release","durationMs":1,"activeMatches":64,"activeRooms":1,"queueDepth":61}
{"type":"capacity","timestamp":"2026-07-23T13:25:14.590Z","action":"release","durationMs":1,"activeMatches":64,"activeRooms":1,"queueDepth":60}
{"type":"capacity","timestamp":"2026-07-23T13:25:14.599Z","action":"release","durationMs":1,"activeMatches":64,"activeRooms":1,"queueDepth":59}
{"type":"capacity","timestamp":"2026-07-23T13:25:14.606Z","action":"release","durationMs":0,"activeMatches":64,"activeRooms":1,"queueDepth":58}
{"type":"capacity","timestamp":"2026-07-23T13:25:14.609Z","action":"release","durationMs":1,"activeMatches":64,"activeRooms":1,"queueDepth":57}
{"type":"capacity","timestamp":"2026-07-23T13:25:14.615Z","action":"release","durationMs":0,"activeMatches":64,"activeRooms":1,"queueDepth":56}
{"type":"capacity","timestamp":"2026-07-23T13:25:14.619Z","action":"release","durationMs":1,"activeMatches":64,"activeRooms":1,"queueDepth":55}
{"type":"capacity","timestamp":"2026-07-23T13:25:14.626Z","action":"release","durationMs":0,"activeMatches":64,"activeRooms":1,"queueDepth":54}
{"type":"capacity","timestamp":"2026-07-23T13:25:14.628Z","action":"release","durationMs":0,"activeMatches":64,"activeRooms":1,"queueDepth":53}
{"type":"capacity","timestamp":"2026-07-23T13:25:14.631Z","action":"release","durationMs":1,"activeMatches":64,"activeRooms":1,"queueDepth":52}
{"type":"capacity","timestamp":"2026-07-23T13:25:14.641Z","action":"release","durationMs":0,"activeMatches":64,"activeRooms":1,"queueDepth":51}
{"type":"capacity","timestamp":"2026-07-23T13:25:14.643Z","action":"release","durationMs":0,"activeMatches":64,"activeRooms":1,"queueDepth":50}
{"type":"capacity","timestamp":"2026-07-23T13:25:14.645Z","action":"release","durationMs":0,"activeMatches":64,"activeRooms":1,"queueDepth":49}
{"type":"capacity","timestamp":"2026-07-23T13:25:14.648Z","action":"release","durationMs":1,"activeMatches":64,"activeRooms":1,"queueDepth":48}
{"type":"capacity","timestamp":"2026-07-23T13:25:14.655Z","action":"release","durationMs":1,"activeMatches":64,"activeRooms":1,"queueDepth":47}
{"type":"capacity","timestamp":"2026-07-23T13:25:14.662Z","action":"release","durationMs":0,"activeMatches":64,"activeRooms":1,"queueDepth":46}
{"type":"capacity","timestamp":"2026-07-23T13:25:14.665Z","action":"release","durationMs":1,"activeMatches":64,"activeRooms":1,"queueDepth":45}
{"type":"capacity","timestamp":"2026-07-23T13:25:14.668Z","action":"release","durationMs":1,"activeMatches":64,"activeRooms":1,"queueDepth":44}
{"type":"capacity","timestamp":"2026-07-23T13:25:14.673Z","action":"release","durationMs":1,"activeMatches":64,"activeRooms":1,"queueDepth":43}
{"type":"capacity","timestamp":"2026-07-23T13:25:14.680Z","action":"release","durationMs":1,"activeMatches":64,"activeRooms":1,"queueDepth":42}
{"type":"capacity","timestamp":"2026-07-23T13:25:14.682Z","action":"release","durationMs":0,"activeMatches":64,"activeRooms":1,"queueDepth":41}
{"type":"capacity","timestamp":"2026-07-23T13:25:14.686Z","action":"release","durationMs":1,"activeMatches":64,"activeRooms":1,"queueDepth":40}
{"type":"capacity","timestamp":"2026-07-23T13:25:14.693Z","action":"release","durationMs":1,"activeMatches":64,"activeRooms":1,"queueDepth":39}
{"type":"capacity","timestamp":"2026-07-23T13:25:14.704Z","action":"release","durationMs":1,"activeMatches":64,"activeRooms":1,"queueDepth":38}
{"type":"capacity","timestamp":"2026-07-23T13:25:14.716Z","action":"release","durationMs":1,"activeMatches":64,"activeRooms":1,"queueDepth":37}
{"type":"capacity","timestamp":"2026-07-23T13:25:14.719Z","action":"release","durationMs":1,"activeMatches":64,"activeRooms":1,"queueDepth":36}
{"type":"capacity","timestamp":"2026-07-23T13:25:14.722Z","action":"release","durationMs":1,"activeMatches":64,"activeRooms":1,"queueDepth":35}
{"type":"capacity","timestamp":"2026-07-23T13:25:14.727Z","action":"release","durationMs":0,"activeMatches":64,"activeRooms":1,"queueDepth":34}
{"type":"capacity","timestamp":"2026-07-23T13:25:14.732Z","action":"release","durationMs":0,"activeMatches":64,"activeRooms":1,"queueDepth":33}
{"type":"capacity","timestamp":"2026-07-23T13:25:14.742Z","action":"release","durationMs":1,"activeMatches":64,"activeRooms":1,"queueDepth":32}
{"type":"capacity","timestamp":"2026-07-23T13:25:14.749Z","action":"release","durationMs":1,"activeMatches":64,"activeRooms":1,"queueDepth":31}
{"type":"capacity","timestamp":"2026-07-23T13:25:14.752Z","action":"release","durationMs":1,"activeMatches":64,"activeRooms":1,"queueDepth":30}
{"type":"capacity","timestamp":"2026-07-23T13:25:14.757Z","action":"release","durationMs":1,"activeMatches":64,"activeRooms":1,"queueDepth":29}
{"type":"capacity","timestamp":"2026-07-23T13:25:14.760Z","action":"release","durationMs":0,"activeMatches":64,"activeRooms":1,"queueDepth":28}
{"type":"capacity","timestamp":"2026-07-23T13:25:14.763Z","action":"release","durationMs":1,"activeMatches":64,"activeRooms":1,"queueDepth":27}
{"type":"capacity","timestamp":"2026-07-23T13:25:14.766Z","action":"release","durationMs":1,"activeMatches":64,"activeRooms":1,"queueDepth":26}
{"type":"capacity","timestamp":"2026-07-23T13:25:14.769Z","action":"release","durationMs":1,"activeMatches":64,"activeRooms":1,"queueDepth":25}
{"type":"capacity","timestamp":"2026-07-23T13:25:14.779Z","action":"release","durationMs":0,"activeMatches":64,"activeRooms":1,"queueDepth":24}
{"type":"capacity","timestamp":"2026-07-23T13:25:14.781Z","action":"release","durationMs":0,"activeMatches":64,"activeRooms":1,"queueDepth":23}
{"type":"capacity","timestamp":"2026-07-23T13:25:14.784Z","action":"release","durationMs":1,"activeMatches":64,"activeRooms":1,"queueDepth":22}
{"type":"capacity","timestamp":"2026-07-23T13:25:14.792Z","action":"release","durationMs":0,"activeMatches":64,"activeRooms":1,"queueDepth":21}
{"type":"capacity","timestamp":"2026-07-23T13:25:14.796Z","action":"release","durationMs":0,"activeMatches":64,"activeRooms":1,"queueDepth":20}
{"type":"capacity","timestamp":"2026-07-23T13:25:14.805Z","action":"release","durationMs":1,"activeMatches":64,"activeRooms":1,"queueDepth":19}
{"type":"capacity","timestamp":"2026-07-23T13:25:14.807Z","action":"release","durationMs":0,"activeMatches":64,"activeRooms":1,"queueDepth":18}
{"type":"capacity","timestamp":"2026-07-23T13:25:14.810Z","action":"release","durationMs":1,"activeMatches":64,"activeRooms":1,"queueDepth":17}
{"type":"capacity","timestamp":"2026-07-23T13:25:14.816Z","action":"release","durationMs":1,"activeMatches":64,"activeRooms":1,"queueDepth":16}
{"type":"capacity","timestamp":"2026-07-23T13:25:14.827Z","action":"release","durationMs":1,"activeMatches":64,"activeRooms":1,"queueDepth":15}
{"type":"capacity","timestamp":"2026-07-23T13:25:14.829Z","action":"release","durationMs":0,"activeMatches":64,"activeRooms":1,"queueDepth":14}
{"type":"capacity","timestamp":"2026-07-23T13:25:14.831Z","action":"release","durationMs":0,"activeMatches":64,"activeRooms":1,"queueDepth":13}
{"type":"capacity","timestamp":"2026-07-23T13:25:14.833Z","action":"release","durationMs":0,"activeMatches":64,"activeRooms":1,"queueDepth":12}
{"type":"capacity","timestamp":"2026-07-23T13:25:14.837Z","action":"release","durationMs":0,"activeMatches":64,"activeRooms":1,"queueDepth":11}
{"type":"capacity","timestamp":"2026-07-23T13:25:14.844Z","action":"release","durationMs":1,"activeMatches":64,"activeRooms":1,"queueDepth":10}
{"type":"capacity","timestamp":"2026-07-23T13:25:14.846Z","action":"release","durationMs":0,"activeMatches":64,"activeRooms":1,"queueDepth":9}
{"type":"capacity","timestamp":"2026-07-23T13:25:14.852Z","action":"release","durationMs":1,"activeMatches":64,"activeRooms":1,"queueDepth":8}
{"type":"capacity","timestamp":"2026-07-23T13:25:14.859Z","action":"release","durationMs":0,"activeMatches":64,"activeRooms":1,"queueDepth":7}
{"type":"capacity","timestamp":"2026-07-23T13:25:14.862Z","action":"release","durationMs":1,"activeMatches":64,"activeRooms":1,"queueDepth":6}
{"type":"capacity","timestamp":"2026-07-23T13:25:14.864Z","action":"release","durationMs":1,"activeMatches":64,"activeRooms":1,"queueDepth":5}
{"type":"capacity","timestamp":"2026-07-23T13:25:14.867Z","action":"release","durationMs":1,"activeMatches":64,"activeRooms":1,"queueDepth":4}
{"type":"capacity","timestamp":"2026-07-23T13:25:14.874Z","action":"release","durationMs":0,"activeMatches":64,"activeRooms":1,"queueDepth":3}
{"type":"capacity","timestamp":"2026-07-23T13:25:14.876Z","action":"release","durationMs":0,"activeMatches":64,"activeRooms":1,"queueDepth":2}
{"type":"capacity","timestamp":"2026-07-23T13:25:14.878Z","action":"release","durationMs":0,"activeMatches":64,"activeRooms":1,"queueDepth":1}
{"type":"capacity","timestamp":"2026-07-23T13:25:14.880Z","action":"release","durationMs":0,"activeMatches":64,"activeRooms":1,"queueDepth":0}
{"type":"room-request-complete","timestamp":"2026-07-23T13:25:14.893Z","action":"close","status":200,"durationMs":365}
{"type":"worker-request-complete","timestamp":"2026-07-23T13:25:14.893Z","requestId":"85300556-c6ca-4d17-a3ad-1deb968ecfc3","method":"DELETE","route":"/api/rooms/0211","status":200,"elapsedMs":373}
[wrangler:info] DELETE /api/rooms/0211 200 OK (808ms)
{"type":"room-alarm","timestamp":"2026-07-23T13:25:15.899Z","roomId":"mw117t"}
{"type":"room-alarm-complete","timestamp":"2026-07-23T13:25:15.977Z","roomId":"mw117t","elapsedMs":84}
{"type":"capacity","timestamp":"2026-07-23T13:25:24.898Z","action":"diagnostics","durationMs":0,"activeMatches":64,"activeRooms":1,"queueDepth":0}
{"type":"capacity","timestamp":"2026-07-23T13:25:34.920Z","action":"diagnostics","durationMs":0,"activeMatches":64,"activeRooms":1,"queueDepth":0}
⎔ Reloading local server...
[wrangler:info] ✨ Parsed 3 valid header rules.
⎔ Local server updated and ready
⎔ Reloading local server...
[wrangler:info] ✨ Parsed 3 valid header rules.
⎔ Local server updated and ready
{"type":"worker-request","timestamp":"2026-07-23T13:25:43.978Z","requestId":"5348b76e-c68b-46c3-b650-70e3760bdc58","method":"GET","route":"/cdn-cgi/ProxyWorker/pause"}
{"type":"worker-request-complete","timestamp":"2026-07-23T13:25:43.984Z","requestId":"5348b76e-c68b-46c3-b650-70e3760bdc58","method":"GET","route":"/cdn-cgi/ProxyWorker/pause","status":404,"elapsedMs":6}
{"type":"worker-request","timestamp":"2026-07-23T13:25:44.047Z","requestId":"9c1aa437-a5f9-448f-8b9a-fcc6722aa9c1","method":"GET","route":"/cdn-cgi/ProxyWorker/pause"}
{"type":"worker-request-complete","timestamp":"2026-07-23T13:25:44.047Z","requestId":"9c1aa437-a5f9-448f-8b9a-fcc6722aa9c1","method":"GET","route":"/cdn-cgi/ProxyWorker/pause","status":404,"elapsedMs":0}
{"type":"worker-request","timestamp":"2026-07-23T13:25:44.067Z","requestId":"b526857d-b0c9-499b-a412-4d6991fd6aa3","method":"GET","route":"/cdn-cgi/ProxyWorker/pause"}
{"type":"worker-request-complete","timestamp":"2026-07-23T13:25:44.068Z","requestId":"b526857d-b0c9-499b-a412-4d6991fd6aa3","method":"GET","route":"/cdn-cgi/ProxyWorker/pause","status":404,"elapsedMs":1}
{"type":"worker-request","timestamp":"2026-07-23T13:25:44.077Z","requestId":"ac21f04a-f88c-4565-a263-03284be3fa62","method":"GET","route":"/cdn-cgi/ProxyWorker/pause"}
{"type":"worker-request-complete","timestamp":"2026-07-23T13:25:44.077Z","requestId":"ac21f04a-f88c-4565-a263-03284be3fa62","method":"GET","route":"/cdn-cgi/ProxyWorker/pause","status":404,"elapsedMs":0}
{"type":"worker-request","timestamp":"2026-07-23T13:25:44.108Z","requestId":"8f1da0fd-027b-4bf2-9dce-b2146ced1aae","method":"GET","route":"/cdn-cgi/ProxyWorker/pause"}
{"type":"worker-request-complete","timestamp":"2026-07-23T13:25:44.109Z","requestId":"8f1da0fd-027b-4bf2-9dce-b2146ced1aae","method":"GET","route":"/cdn-cgi/ProxyWorker/pause","status":404,"elapsedMs":1}
{"type":"worker-request","timestamp":"2026-07-23T13:25:44.531Z","requestId":"5bd56916-54a9-4594-9121-886548574acf","method":"GET","route":"/cdn-cgi/ProxyWorker/play"}
{"type":"worker-request-complete","timestamp":"2026-07-23T13:25:44.532Z","requestId":"5bd56916-54a9-4594-9121-886548574acf","method":"GET","route":"/cdn-cgi/ProxyWorker/play","status":404,"elapsedMs":1}
NOSENTRY SQLite alarm handler canceled with requestScheduledAlarm.; scheduledTime = 1784813144.92s; localAlarmState.orDefault(kj::UNIX_EPOCH) = 0ns; actorId = 406230131d73d8a2ce7b0efd9c3d47311f4b532500146501910d1eb5de087869
⎔ Reloading local server...
[wrangler:info] ✨ Parsed 3 valid header rules.
⎔ Local server updated and ready
⎔ Reloading local server...
[wrangler:info] ✨ Parsed 3 valid header rules.
⎔ Local server updated and ready
⎔ Reloading local server...
[wrangler:info] ✨ Parsed 3 valid header rules.
⎔ Local server updated and ready
⎔ Reloading local server...
[wrangler:info] ✨ Parsed 3 valid header rules.
⎔ Local server updated and ready
⎔ Reloading local server...
[wrangler:info] ✨ Parsed 3 valid header rules.
⎔ Local server updated and ready
⎔ Reloading local server...
[wrangler:info] ✨ Parsed 3 valid header rules.
⎔ Local server updated and ready
⎔ Reloading local server...
[wrangler:info] ✨ Parsed 3 valid header rules.
⎔ Local server updated and ready
⎔ Reloading local server...
[wrangler:info] ✨ Parsed 3 valid header rules.
⎔ Local server updated and ready
⎔ Reloading local server...
[wrangler:info] ✨ Parsed 3 valid header rules.
⎔ Local server updated and ready
⎔ Reloading local server...
[wrangler:info] ✨ Parsed 3 valid header rules.
⎔ Local server updated and ready
⎔ Reloading local server...
[wrangler:info] ✨ Parsed 3 valid header rules.
⎔ Local server updated and ready
⎔ Reloading local server...
[wrangler:info] ✨ Parsed 3 valid header rules.
⎔ Local server updated and ready
⎔ Reloading local server...
[wrangler:info] ✨ Parsed 3 valid header rules.
⎔ Local server updated and ready
⎔ Reloading local server...
[wrangler:info] ✨ Parsed 3 valid header rules.
⎔ Local server updated and ready
⎔ Reloading local server...
[wrangler:info] ✨ Parsed 3 valid header rules.
⎔ Local server updated and ready
⎔ Reloading local server...
[wrangler:info] ✨ Parsed 3 valid header rules.
⎔ Local server updated and ready
⎔ Reloading local server...
[wrangler:info] ✨ Parsed 3 valid header rules.
⎔ Local server updated and ready
⎔ Reloading local server...
[wrangler:info] ✨ Parsed 3 valid header rules.
⎔ Local server updated and ready
⎔ Reloading local server...
[wrangler:info] ✨ Parsed 3 valid header rules.
⎔ Local server updated and ready
⎔ Reloading local server...
[wrangler:info] ✨ Parsed 3 valid header rules.
⎔ Local server updated and ready
⎔ Reloading local server...
[wrangler:info] ✨ Parsed 3 valid header rules.
⎔ Local server updated and ready
⎔ Reloading local server...
[wrangler:info] ✨ Parsed 3 valid header rules.
⎔ Local server updated and ready
⎔ Reloading local server...
[wrangler:info] ✨ Parsed 3 valid header rules.
⎔ Local server updated and ready
⎔ Reloading local server...
[wrangler:info] ✨ Parsed 3 valid header rules.
⎔ Local server updated and ready
⎔ Reloading local server...
[wrangler:info] ✨ Parsed 3 valid header rules.
⎔ Local server updated and ready
⎔ Reloading local server...
[wrangler:info] ✨ Parsed 3 valid header rules.
⎔ Local server updated and ready
⎔ Reloading local server...
[wrangler:info] ✨ Parsed 3 valid header rules.
⎔ Local server updated and ready
⎔ Reloading local server...
[wrangler:info] ✨ Parsed 3 valid header rules.
⎔ Local server updated and ready
⎔ Reloading local server...
[wrangler:info] ✨ Parsed 3 valid header rules.
⎔ Local server updated and ready
Using secrets defined in process.env
Your Worker has access to the following bindings:
Binding                                                          Resource                      Mode
env.TOURNAMENT_ROOMS (TournamentRoom)                            Durable Object                local
env.ONLINE_CAPACITY (OnlineCapacityCoordinator)                  Durable Object                local
env.CHALLENGE_DB (256teams-accounts)                             D1 Database                   local
env.ONLINE_ANALYTICS (world_256_online)                          Analytics Engine Dataset      local
env.ROOM_CREATE_LIMITER (6 requests/60s)                         Rate Limit                    local
env.ROOM_JOIN_LIMITER (20 requests/60s)                          Rate Limit                    local
env.ROOM_API_LIMITER (300 requests/60s)                          Rate Limit                    local
env.BUG_REPORT_LIMITER (5 requests/60s)                          Rate Limit                    local
env.CHALLENGE_AUTH_LIMITER (10 requests/60s)                     Rate Limit                    local
env.CHALLENGE_API_LIMITER (120 requests/60s)                     Rate Limit                    local
env.ASSETS                                                       Assets                        local
env.ONLINE_MODE_ENABLED ("true")                                 Environment Variable          local
env.ONLINE_MAX_ACTIVE_MATCHES ("64")                             Environment Variable          local
env.PALESTINE_CHALLENGE_ENABLED ("true")                         Environment Variable          local

⎔ Reloading local server...
[wrangler:info] ✨ Parsed 3 valid header rules.
⎔ Local server updated and ready
⎔ Reloading local server...
[wrangler:info] ✨ Parsed 3 valid header rules.
⎔ Local server updated and ready
⎔ Reloading local server...
[wrangler:info] ✨ Parsed 3 valid header rules.
⎔ Local server updated and ready
⎔ Reloading local server...
[wrangler:info] ✨ Parsed 3 valid header rules.
⎔ Local server updated and ready
⎔ Reloading local server...
[wrangler:info] ✨ Parsed 3 valid header rules.
⎔ Local server updated and ready
⎔ Reloading local server...
[wrangler:info] ✨ Parsed 3 valid header rules.
⎔ Local server updated and ready
⎔ Reloading local server...
[wrangler:info] ✨ Parsed 3 valid header rules.
⎔ Local server updated and ready
⎔ Reloading local server...
[wrangler:info] ✨ Parsed 3 valid header rules.
⎔ Local server updated and ready
⎔ Reloading local server...
[wrangler:info] ✨ Parsed 3 valid header rules.
*** std::terminate() called with no exception

[32mIf you think this is a bug then please create an issue at https://github.com/cloudflare/workers-sdk/issues/new/choose[0m
⎔ Reloading local server...
[wrangler:info] ✨ Parsed 3 valid header rules.
