
 ⛅️ wrangler 4.114.0
────────────────────
Using secrets defined in process.env
Your Worker has access to the following bindings:
Binding                                                          Resource                      Mode
env.TOURNAMENT_ROOMS (TournamentRoom)                            Durable Object                local
env.ONLINE_CAPACITY (OnlineCapacityCoordinator)                  Durable Object                local
env.CHALLENGE_DB (256teams-accounts)                             D1 Database                   local
env.ONLINE_ANALYTICS (world_256_online)                          Analytics Engine Dataset      local
env.ROOM_CREATE_LIMITER (6 requests/60s)                         Rate Limit                    local
env.ROOM_JOIN_LIMITER (20 requests/60s)                          Rate Limit                    local
env.ROOM_API_LIMITER (300 requests/60s)                          Rate Limit                    local
env.BUG_REPORT_LIMITER (5 requests/60s)                          Rate Limit                    local
env.CHALLENGE_AUTH_LIMITER (10 requests/60s)                     Rate Limit                    local
env.CHALLENGE_API_LIMITER (120 requests/60s)                     Rate Limit                    local
env.ASSETS                                                       Assets                        local
env.ONLINE_MODE_ENABLED ("(hidden)")                             Environment Variable          local
env.ONLINE_MAX_ACTIVE_MATCHES ("64")                             Environment Variable          local
env.PALESTINE_CHALLENGE_ENABLED ("true")                         Environment Variable          local

Wrangler detected this dev session is running in an AI agent.
The Local Explorer API is available at http://127.0.0.1:8787/cdn-cgi/explorer/api
Useful routes:
  GET http://127.0.0.1:8787/cdn-cgi/explorer/api - OpenAPI schema
  GET http://127.0.0.1:8787/cdn-cgi/explorer/api/d1/database - D1 databases
  GET http://127.0.0.1:8787/cdn-cgi/explorer/api/local/workers - local Workers and bindings
  GET http://127.0.0.1:8787/cdn-cgi/explorer/api/r2/buckets - R2 buckets
  GET http://127.0.0.1:8787/cdn-cgi/explorer/api/storage/kv/namespaces - KV namespaces
  GET http://127.0.0.1:8787/cdn-cgi/explorer/api/workers/durable_objects/namespaces - Durable Object namespaces
  GET http://127.0.0.1:8787/cdn-cgi/explorer/api/workflows - Workflows
⎔ Starting local server...
[wrangler:info] ✨ Parsed 3 valid header rules.
[wrangler:info] Ready on http://127.0.0.1:8787
{"type":"worker-request","timestamp":"2026-07-26T00:55:45.129Z","requestId":"e3de6177-91dc-4785-8eb4-4b30bc9e9563","method":"GET","route":"/custom-tournament"}
{"type":"worker-request-complete","timestamp":"2026-07-26T00:55:45.326Z","requestId":"e3de6177-91dc-4785-8eb4-4b30bc9e9563","method":"GET","route":"/custom-tournament","status":200,"elapsedMs":196}
[wrangler:info] GET /custom-tournament 200 OK (207ms)
{"type":"worker-request","timestamp":"2026-07-26T00:55:55.392Z","requestId":"b0538974-a273-4097-9d03-b2a8b4b4618d","method":"GET","route":"/custom-tournament"}
{"type":"worker-request-complete","timestamp":"2026-07-26T00:55:55.419Z","requestId":"b0538974-a273-4097-9d03-b2a8b4b4618d","method":"GET","route":"/custom-tournament","status":200,"elapsedMs":27}
[wrangler:info] GET /custom-tournament 200 OK (32ms)
[wrangler:info] GET /clean.css 200 OK (41ms)
[wrangler:info] GET /legacy-data/catalog.generated.js 200 OK (20ms)
[wrangler:info] GET /app.js 200 OK (227ms)
{"type":"worker-request","timestamp":"2026-07-26T00:55:56.713Z","requestId":"5db57474-c05f-4fdd-bbb6-76f6751cefc6","method":"GET","route":"/api/challenge"}
{"type":"worker-request-complete","timestamp":"2026-07-26T00:55:56.775Z","requestId":"5db57474-c05f-4fdd-bbb6-76f6751cefc6","method":"GET","route":"/api/challenge","status":200,"elapsedMs":62}
[wrangler:info] GET /api/challenge 200 OK (68ms)
{"type":"worker-request","timestamp":"2026-07-26T00:55:56.786Z","requestId":"b7fc3b65-9a51-4f75-ab2b-faf844e8b825","method":"POST","route":"/api/challenge/achievements/retro-2014"}
{"type":"worker-request-complete","timestamp":"2026-07-26T00:55:56.801Z","requestId":"b7fc3b65-9a51-4f75-ab2b-faf844e8b825","method":"POST","route":"/api/challenge/achievements/retro-2014","status":200,"elapsedMs":15}
[wrangler:info] POST /api/challenge/achievements/retro-2014 200 OK (20ms)
{"type":"worker-request","timestamp":"2026-07-26T00:56:52.458Z","requestId":"a44aa31e-1cd7-4dd1-886f-3832078608b3","method":"GET","route":"/custom-tournament"}
{"type":"worker-request-complete","timestamp":"2026-07-26T00:56:52.460Z","requestId":"a44aa31e-1cd7-4dd1-886f-3832078608b3","method":"GET","route":"/custom-tournament","status":200,"elapsedMs":2}
[wrangler:info] GET /custom-tournament 200 OK (7ms)
[wrangler:info] GET /clean.css 304 Not Modified (5ms)
[wrangler:info] GET /legacy-data/catalog.generated.js 304 Not Modified (6ms)
[wrangler:info] GET /app.js 304 Not Modified (10ms)
{"type":"worker-request","timestamp":"2026-07-26T00:56:52.728Z","requestId":"cb59acc9-c467-470f-824b-187972348609","method":"GET","route":"/api/challenge"}
{"type":"worker-request-complete","timestamp":"2026-07-26T00:56:52.772Z","requestId":"cb59acc9-c467-470f-824b-187972348609","method":"GET","route":"/api/challenge","status":200,"elapsedMs":44}
[wrangler:info] GET /api/challenge 200 OK (48ms)
{"type":"worker-request","timestamp":"2026-07-26T00:56:52.785Z","requestId":"e1aff1c9-6c1f-4f49-94fa-72f50767aeca","method":"POST","route":"/api/challenge/achievements/retro-2014"}
{"type":"worker-request-complete","timestamp":"2026-07-26T00:56:52.811Z","requestId":"e1aff1c9-6c1f-4f49-94fa-72f50767aeca","method":"POST","route":"/api/challenge/achievements/retro-2014","status":200,"elapsedMs":26}
[wrangler:info] POST /api/challenge/achievements/retro-2014 200 OK (35ms)
[wrangler:info] GET /assets/flags/belarus.svg 200 OK (25ms)
⎔ Reloading local server...
[wrangler:info] ✨ Parsed 3 valid header rules.
⎔ Local server updated and ready
⎔ Reloading local server...
[wrangler:info] ✨ Parsed 3 valid header rules.
⎔ Local server updated and ready
{"type":"worker-request","timestamp":"2026-07-26T01:04:31.340Z","requestId":"3db981fe-b2ca-4037-a4f2-702b5b355487","method":"GET","route":"/custom-tournament"}
{"type":"worker-request-complete","timestamp":"2026-07-26T01:04:31.377Z","requestId":"3db981fe-b2ca-4037-a4f2-702b5b355487","method":"GET","route":"/custom-tournament","status":200,"elapsedMs":37}
[wrangler:info] GET /custom-tournament 200 OK (43ms)
[wrangler:info] GET /clean.css 200 OK (12ms)
[wrangler:info] GET /legacy-data/catalog.generated.js 200 OK (14ms)
[wrangler:info] GET /app.js 200 OK (84ms)
{"type":"worker-request","timestamp":"2026-07-26T01:04:31.936Z","requestId":"e8b25a7d-cd11-46a9-a739-aacc2aa8a6d2","method":"GET","route":"/api/challenge"}
{"type":"worker-request-complete","timestamp":"2026-07-26T01:04:31.953Z","requestId":"e8b25a7d-cd11-46a9-a739-aacc2aa8a6d2","method":"GET","route":"/api/challenge","status":200,"elapsedMs":17}
[wrangler:info] GET /api/challenge 200 OK (20ms)
⎔ Reloading local server...
[wrangler:info] ✨ Parsed 3 valid header rules.
⎔ Local server updated and ready
⎔ Reloading local server...
[wrangler:info] ✨ Parsed 3 valid header rules.
⎔ Local server updated and ready
{"type":"worker-request","timestamp":"2026-07-26T01:05:19.248Z","requestId":"cf1391b4-0573-4bd7-ba8a-eddc0a10d260","method":"GET","route":"/custom-tournament"}
{"type":"worker-request-complete","timestamp":"2026-07-26T01:05:19.282Z","requestId":"cf1391b4-0573-4bd7-ba8a-eddc0a10d260","method":"GET","route":"/custom-tournament","status":200,"elapsedMs":34}
[wrangler:info] GET /custom-tournament 200 OK (41ms)
[wrangler:info] GET /clean.css 304 Not Modified (17ms)
[wrangler:info] GET /legacy-data/catalog.generated.js 200 OK (29ms)
[wrangler:info] GET /app.js 200 OK (107ms)
{"type":"worker-request","timestamp":"2026-07-26T01:05:19.459Z","requestId":"7e23b742-a78a-4787-a2bf-330b3e5986c4","method":"GET","route":"/api/challenge"}
{"type":"worker-request-complete","timestamp":"2026-07-26T01:05:19.474Z","requestId":"7e23b742-a78a-4787-a2bf-330b3e5986c4","method":"GET","route":"/api/challenge","status":200,"elapsedMs":15}
[wrangler:info] GET /api/challenge 200 OK (19ms)
{"type":"worker-request","timestamp":"2026-07-26T01:06:26.803Z","requestId":"e4e997d7-f20e-4b79-aa24-cb3f7f6e7363","method":"GET","route":"/custom-tournament"}
{"type":"worker-request-complete","timestamp":"2026-07-26T01:06:26.804Z","requestId":"e4e997d7-f20e-4b79-aa24-cb3f7f6e7363","method":"GET","route":"/custom-tournament","status":200,"elapsedMs":1}
[wrangler:info] GET /custom-tournament 200 OK (5ms)
{"type":"worker-request","timestamp":"2026-07-26T01:07:37.190Z","requestId":"ce174c47-a5f8-424c-9d8d-f994b6be4f4a","method":"GET","route":"/custom-tournament"}
{"type":"worker-request-complete","timestamp":"2026-07-26T01:07:37.192Z","requestId":"ce174c47-a5f8-424c-9d8d-f994b6be4f4a","method":"GET","route":"/custom-tournament","status":200,"elapsedMs":2}
[wrangler:info] GET /custom-tournament 200 OK (8ms)
[wrangler:info] GET /clean.css 200 OK (4ms)
[wrangler:info] GET /app.js 200 OK (8ms)
[wrangler:info] GET /legacy-data/catalog.generated.js 200 OK (13ms)
{"type":"worker-request","timestamp":"2026-07-26T01:07:38.394Z","requestId":"8aa5bd69-2c34-48dd-ad9d-3184e5a9e94f","method":"GET","route":"/api/challenge"}
{"type":"worker-request-complete","timestamp":"2026-07-26T01:07:38.481Z","requestId":"8aa5bd69-2c34-48dd-ad9d-3184e5a9e94f","method":"GET","route":"/api/challenge","status":200,"elapsedMs":87}
[wrangler:info] GET /api/challenge 200 OK (93ms)
{"type":"worker-request","timestamp":"2026-07-26T01:07:38.491Z","requestId":"6f341054-b259-452a-bd46-b47032dac178","method":"POST","route":"/api/challenge/achievements/retro-2014"}
{"type":"worker-request-complete","timestamp":"2026-07-26T01:07:38.506Z","requestId":"6f341054-b259-452a-bd46-b47032dac178","method":"POST","route":"/api/challenge/achievements/retro-2014","status":200,"elapsedMs":15}
[wrangler:info] POST /api/challenge/achievements/retro-2014 200 OK (18ms)
⎔ Reloading local server...
[wrangler:info] ✨ Parsed 3 valid header rules.
⎔ Local server updated and ready
⎔ Reloading local server...
[wrangler:info] ✨ Parsed 3 valid header rules.
⎔ Local server updated and ready
⎔ Reloading local server...
[wrangler:info] ✨ Parsed 3 valid header rules.
⎔ Local server updated and ready
⎔ Reloading local server...
[wrangler:info] ✨ Parsed 3 valid header rules.
⎔ Local server updated and ready
{"type":"worker-request","timestamp":"2026-07-26T01:16:44.890Z","requestId":"0f6a2dc7-385f-4f1d-b743-8451848dbac4","method":"GET","route":"/custom-tournament"}
{"type":"worker-request-complete","timestamp":"2026-07-26T01:16:44.965Z","requestId":"0f6a2dc7-385f-4f1d-b743-8451848dbac4","method":"GET","route":"/custom-tournament","status":200,"elapsedMs":75}
[wrangler:info] GET /custom-tournament 200 OK (89ms)
[wrangler:info] GET /clean.css 200 OK (50ms)
[wrangler:info] GET /retro-data.js 200 OK (82ms)
[wrangler:info] GET /app.js 200 OK (307ms)
[wrangler:info] GET /legacy-data/catalog.generated.js 200 OK (337ms)
[wrangler:info] GET /assets/world-cup-2026-logo.png 200 OK (20ms)
{"type":"worker-request","timestamp":"2026-07-26T01:16:45.750Z","requestId":"e0b6c990-d7c3-408e-bea8-5ac357f852c4","method":"GET","route":"/api/challenge"}
{"type":"worker-request-complete","timestamp":"2026-07-26T01:16:45.820Z","requestId":"e0b6c990-d7c3-408e-bea8-5ac357f852c4","method":"GET","route":"/api/challenge","status":200,"elapsedMs":70}
[wrangler:info] GET /api/challenge 200 OK (75ms)
{"type":"worker-request","timestamp":"2026-07-26T01:17:04.298Z","requestId":"5daffac7-8489-46d5-ac00-2603688625ea","method":"GET","route":"/custom-tournament"}
{"type":"worker-request-complete","timestamp":"2026-07-26T01:17:04.301Z","requestId":"5daffac7-8489-46d5-ac00-2603688625ea","method":"GET","route":"/custom-tournament","status":200,"elapsedMs":3}
[wrangler:info] GET /custom-tournament 200 OK (9ms)
[wrangler:info] GET /clean.css 200 OK (11ms)
[wrangler:info] GET /retro-data.js 200 OK (14ms)
[wrangler:info] GET /legacy-data/catalog.generated.js 200 OK (12ms)
[wrangler:info] GET /app.js 200 OK (15ms)
{"type":"worker-request","timestamp":"2026-07-26T01:17:05.515Z","requestId":"52e4914e-ca7a-40af-9e3a-772bfe4897f5","method":"GET","route":"/api/challenge"}
{"type":"worker-request-complete","timestamp":"2026-07-26T01:17:05.592Z","requestId":"52e4914e-ca7a-40af-9e3a-772bfe4897f5","method":"GET","route":"/api/challenge","status":200,"elapsedMs":77}
[wrangler:info] GET /api/challenge 200 OK (82ms)
{"type":"worker-request","timestamp":"2026-07-26T01:17:05.611Z","requestId":"96d765ce-2730-4db3-825b-4e3a65e7c236","method":"POST","route":"/api/challenge/achievements/retro-2014"}
{"type":"worker-request-complete","timestamp":"2026-07-26T01:17:05.633Z","requestId":"96d765ce-2730-4db3-825b-4e3a65e7c236","method":"POST","route":"/api/challenge/achievements/retro-2014","status":200,"elapsedMs":22}
[wrangler:info] POST /api/challenge/achievements/retro-2014 200 OK (26ms)
[wrangler:info] GET /assets/audio/penalty-whistle.mp3 304 Not Modified (21ms)
[wrangler:info] GET /assets/audio/full-time-whistle.mp3 304 Not Modified (36ms)
⎔ Reloading local server...
[wrangler:info] ✨ Parsed 3 valid header rules.
⎔ Local server updated and ready
⎔ Reloading local server...
[wrangler:info] ✨ Parsed 3 valid header rules.
⎔ Local server updated and ready
{"type":"worker-request","timestamp":"2026-07-26T01:18:41.381Z","requestId":"053bc8ff-cb8c-4743-a504-4cb9bc35a69d","method":"GET","route":"/custom-tournament"}
{"type":"worker-request-complete","timestamp":"2026-07-26T01:18:41.418Z","requestId":"053bc8ff-cb8c-4743-a504-4cb9bc35a69d","method":"GET","route":"/custom-tournament","status":200,"elapsedMs":37}
[wrangler:info] GET /custom-tournament 200 OK (44ms)
[wrangler:info] GET /clean.css 304 Not Modified (21ms)
[wrangler:info] GET /retro-data.js 304 Not Modified (29ms)
[wrangler:info] GET /retro-2022-squads.js 200 OK (113ms)
[wrangler:info] GET /retro-2022-schedule.js 200 OK (142ms)
[wrangler:info] GET /retro-engine.js 200 OK (186ms)
[wrangler:info] GET /legacy-data/catalog.generated.js 200 OK (205ms)
[wrangler:info] GET /app.js 200 OK (399ms)
[wrangler:info] GET /assets/world-cup-2026-logo.png 304 Not Modified (13ms)
{"type":"worker-request","timestamp":"2026-07-26T01:18:42.073Z","requestId":"0fcf0ec9-1267-4898-b6e6-83f18d811293","method":"GET","route":"/api/challenge"}
{"type":"worker-request-complete","timestamp":"2026-07-26T01:18:42.138Z","requestId":"0fcf0ec9-1267-4898-b6e6-83f18d811293","method":"GET","route":"/api/challenge","status":200,"elapsedMs":65}
[wrangler:info] GET /api/challenge 200 OK (100ms)
[wrangler:info] GET /assets/flags/belarus.svg 304 Not Modified (9ms)
⎔ Reloading local server...
[wrangler:info] ✨ Parsed 3 valid header rules.
⎔ Local server updated and ready
⎔ Reloading local server...
[wrangler:info] ✨ Parsed 3 valid header rules.
⎔ Local server updated and ready
{"type":"worker-request","timestamp":"2026-07-26T01:22:21.427Z","requestId":"13a2b9fc-11b1-4980-9f42-20b1d478c415","method":"GET","route":"/custom-tournament"}
{"type":"worker-request-complete","timestamp":"2026-07-26T01:22:21.462Z","requestId":"13a2b9fc-11b1-4980-9f42-20b1d478c415","method":"GET","route":"/custom-tournament","status":200,"elapsedMs":35}
[wrangler:info] GET /custom-tournament 200 OK (42ms)
[wrangler:info] GET /clean.css 200 OK (16ms)
[wrangler:info] GET /retro-data.js 304 Not Modified (21ms)
[wrangler:info] GET /retro-2022-squads.js 304 Not Modified (40ms)
[wrangler:info] GET /retro-2022-schedule.js 304 Not Modified (53ms)
[wrangler:info] GET /legacy-data/catalog.generated.js 200 OK (59ms)
[wrangler:info] GET /retro-engine.js 304 Not Modified (101ms)
[wrangler:info] GET /app.js 200 OK (271ms)
[wrangler:info] GET /challenge.js 200 OK (309ms)
[wrangler:info] GET /assets/world-cup-2026-logo.png 304 Not Modified (10ms)
{"type":"worker-request","timestamp":"2026-07-26T01:22:21.914Z","requestId":"3da8308a-763d-4c6f-ae4a-034a0e89424f","method":"GET","route":"/api/challenge"}
{"type":"worker-request-complete","timestamp":"2026-07-26T01:22:21.931Z","requestId":"3da8308a-763d-4c6f-ae4a-034a0e89424f","method":"GET","route":"/api/challenge","status":200,"elapsedMs":17}
[wrangler:info] GET /api/challenge 200 OK (21ms)
{"type":"worker-request","timestamp":"2026-07-26T01:22:36.118Z","requestId":"e5dbe488-70ad-49c3-bb4a-9327175b862d","method":"GET","route":"/custom-tournament"}
{"type":"worker-request-complete","timestamp":"2026-07-26T01:22:36.121Z","requestId":"e5dbe488-70ad-49c3-bb4a-9327175b862d","method":"GET","route":"/custom-tournament","status":200,"elapsedMs":3}
[wrangler:info] GET /custom-tournament 200 OK (10ms)
[wrangler:info] GET /clean.css 304 Not Modified (20ms)
[wrangler:info] GET /retro-data.js 304 Not Modified (6ms)
[wrangler:info] GET /retro-2022-squads.js 304 Not Modified (6ms)
[wrangler:info] GET /retro-2022-schedule.js 304 Not Modified (28ms)
[wrangler:info] GET /retro-engine.js 304 Not Modified (31ms)
[wrangler:info] GET /legacy-data/catalog.generated.js 304 Not Modified (8ms)
[wrangler:info] GET /app.js 304 Not Modified (13ms)
[wrangler:info] GET /challenge.js 304 Not Modified (22ms)
[wrangler:info] GET /assets/world-cup-2026-logo.png 304 Not Modified (16ms)
{"type":"worker-request","timestamp":"2026-07-26T01:22:36.533Z","requestId":"92dde1a9-6cad-401d-8786-35f83a5f5b33","method":"GET","route":"/api/challenge"}
{"type":"worker-request-complete","timestamp":"2026-07-26T01:22:36.578Z","requestId":"92dde1a9-6cad-401d-8786-35f83a5f5b33","method":"GET","route":"/api/challenge","status":200,"elapsedMs":45}
[wrangler:info] GET /api/challenge 200 OK (49ms)
{"type":"worker-request","timestamp":"2026-07-26T01:23:34.954Z","requestId":"17b4c257-49ae-4dd3-8a27-88e7a83981f3","method":"GET","route":"/custom-tournament"}
{"type":"worker-request-complete","timestamp":"2026-07-26T01:23:34.958Z","requestId":"17b4c257-49ae-4dd3-8a27-88e7a83981f3","method":"GET","route":"/custom-tournament","status":200,"elapsedMs":4}
[wrangler:info] GET /custom-tournament 200 OK (10ms)
[wrangler:info] GET /clean.css 304 Not Modified (6ms)
[wrangler:info] GET /retro-data.js 304 Not Modified (14ms)
[wrangler:info] GET /retro-2022-squads.js 304 Not Modified (18ms)
[wrangler:info] GET /retro-2022-schedule.js 304 Not Modified (30ms)
[wrangler:info] GET /retro-engine.js 304 Not Modified (36ms)
[wrangler:info] GET /simulation-engine.js 200 OK (132ms)
[wrangler:info] GET /legacy-data/catalog.generated.js 304 Not Modified (136ms)
[wrangler:info] GET /app.js 304 Not Modified (142ms)
[wrangler:info] GET /challenge.js 304 Not Modified (139ms)
[wrangler:info] GET /assets/world-cup-2026-logo.png 304 Not Modified (6ms)
{"type":"worker-request","timestamp":"2026-07-26T01:23:35.340Z","requestId":"90af01e7-ee8a-4ee2-aca5-b6678cf0944c","method":"GET","route":"/api/challenge"}
{"type":"worker-request-complete","timestamp":"2026-07-26T01:23:35.382Z","requestId":"90af01e7-ee8a-4ee2-aca5-b6678cf0944c","method":"GET","route":"/api/challenge","status":200,"elapsedMs":42}
[wrangler:info] GET /api/challenge 200 OK (50ms)
⎔ Reloading local server...
[wrangler:info] ✨ Parsed 3 valid header rules.
⎔ Local server updated and ready
⎔ Reloading local server...
[wrangler:info] ✨ Parsed 3 valid header rules.
⎔ Local server updated and ready
{"type":"worker-request","timestamp":"2026-07-26T01:25:30.849Z","requestId":"9fc2765e-e00b-4216-ba47-a48a9415df2c","method":"GET","route":"/custom-tournament"}
{"type":"worker-request-complete","timestamp":"2026-07-26T01:25:31.429Z","requestId":"9fc2765e-e00b-4216-ba47-a48a9415df2c","method":"GET","route":"/custom-tournament","status":200,"elapsedMs":580}
[wrangler:info] GET /custom-tournament 200 OK (618ms)
[wrangler:info] GET /clean.css 200 OK (63ms)
[wrangler:info] GET /retro-data.js 304 Not Modified (59ms)
[wrangler:info] GET /retro-2022-squads.js 200 OK (132ms)
[wrangler:info] GET /legacy-data/catalog.generated.js 200 OK (119ms)
[wrangler:info] GET /retro-2022-schedule.js 200 OK (351ms)
[wrangler:info] GET /retro-engine.js 200 OK (554ms)
[wrangler:info] GET /simulation-engine.js 200 OK (813ms)
[wrangler:info] GET /app.js 200 OK (1685ms)
[wrangler:info] GET /challenge.js 200 OK (1079ms)
{"type":"worker-request","timestamp":"2026-07-26T01:25:33.890Z","requestId":"feffd2a9-8760-4f10-9d1f-7e8d4b0fb4c3","method":"GET","route":"/api/challenge"}
{"type":"worker-request-complete","timestamp":"2026-07-26T01:25:34.144Z","requestId":"feffd2a9-8760-4f10-9d1f-7e8d4b0fb4c3","method":"GET","route":"/api/challenge","status":200,"elapsedMs":254}
[wrangler:info] GET /api/challenge 200 OK (259ms)
{"type":"worker-request","timestamp":"2026-07-26T01:25:34.164Z","requestId":"65e366d7-cfcc-40c9-8e89-4da52205c311","method":"POST","route":"/api/challenge/achievements/retro-2014"}
{"type":"worker-request-complete","timestamp":"2026-07-26T01:25:34.236Z","requestId":"65e366d7-cfcc-40c9-8e89-4da52205c311","method":"POST","route":"/api/challenge/achievements/retro-2014","status":200,"elapsedMs":72}
[wrangler:info] POST /api/challenge/achievements/retro-2014 200 OK (95ms)
⎔ Reloading local server...
[wrangler:info] ✨ Parsed 3 valid header rules.
⎔ Local server updated and ready
⎔ Reloading local server...
[wrangler:info] ✨ Parsed 3 valid header rules.
⎔ Local server updated and ready
{"type":"worker-request","timestamp":"2026-07-26T01:32:00.657Z","requestId":"8a02fb13-828c-4565-bd3d-e1d7208c9b25","method":"GET","route":"/custom-tournament"}
{"type":"worker-request-complete","timestamp":"2026-07-26T01:32:00.718Z","requestId":"8a02fb13-828c-4565-bd3d-e1d7208c9b25","method":"GET","route":"/custom-tournament","status":200,"elapsedMs":60}
[wrangler:info] GET /custom-tournament 200 OK (75ms)
[wrangler:info] GET /clean.css 200 OK (37ms)
[wrangler:info] GET /retro-data.js 304 Not Modified (79ms)
[wrangler:info] GET /retro-2022-squads.js 304 Not Modified (126ms)
[wrangler:info] GET /legacy-data/catalog.generated.js 200 OK (107ms)
[wrangler:info] GET /retro-2022-schedule.js 304 Not Modified (216ms)
[wrangler:info] GET /app.js 200 OK (321ms)
[wrangler:info] GET /retro-engine.js 304 Not Modified (476ms)
[wrangler:info] GET /challenge.js 304 Not Modified (323ms)
[wrangler:info] GET /simulation-engine.js 304 Not Modified (595ms)
[wrangler:info] GET /assets/world-cup-2026-logo.png 304 Not Modified (17ms)
{"type":"worker-request","timestamp":"2026-07-26T01:32:01.697Z","requestId":"e023631c-2768-4e58-8631-eee508f2c242","method":"GET","route":"/api/challenge"}
{"type":"worker-request-complete","timestamp":"2026-07-26T01:32:01.771Z","requestId":"e023631c-2768-4e58-8631-eee508f2c242","method":"GET","route":"/api/challenge","status":200,"elapsedMs":73}
[wrangler:info] GET /api/challenge 200 OK (80ms)
{"type":"worker-request","timestamp":"2026-07-26T01:32:54.081Z","requestId":"08ccbaee-5d1e-412c-8d66-da8b8de462b8","method":"GET","route":"/custom-tournament"}
{"type":"worker-request-complete","timestamp":"2026-07-26T01:32:54.083Z","requestId":"08ccbaee-5d1e-412c-8d66-da8b8de462b8","method":"GET","route":"/custom-tournament","status":200,"elapsedMs":2}
[wrangler:info] GET /custom-tournament 200 OK (8ms)
[wrangler:info] GET /clean.css 200 OK (5ms)
[wrangler:info] GET /retro-data.js 304 Not Modified (7ms)
[wrangler:info] GET /retro-2022-squads.js 304 Not Modified (11ms)
[wrangler:info] GET /retro-2022-schedule.js 304 Not Modified (10ms)
[wrangler:info] GET /legacy-data/catalog.generated.js 200 OK (7ms)
[wrangler:info] GET /retro-engine.js 304 Not Modified (15ms)
[wrangler:info] GET /simulation-engine.js 304 Not Modified (19ms)
[wrangler:info] GET /app.js 200 OK (18ms)
[wrangler:info] GET /challenge.js 304 Not Modified (17ms)
{"type":"worker-request","timestamp":"2026-07-26T01:32:55.282Z","requestId":"60eb142b-4e47-4195-9328-70ba0ec783ec","method":"GET","route":"/api/challenge"}
{"type":"worker-request-complete","timestamp":"2026-07-26T01:32:55.332Z","requestId":"60eb142b-4e47-4195-9328-70ba0ec783ec","method":"GET","route":"/api/challenge","status":200,"elapsedMs":50}
[wrangler:info] GET /api/challenge 200 OK (55ms)
{"type":"worker-request","timestamp":"2026-07-26T01:32:55.346Z","requestId":"f104779b-a0fc-4701-b086-4cab38ca08f7","method":"POST","route":"/api/challenge/achievements/retro-2014"}
{"type":"worker-request-complete","timestamp":"2026-07-26T01:32:55.365Z","requestId":"f104779b-a0fc-4701-b086-4cab38ca08f7","method":"POST","route":"/api/challenge/achievements/retro-2014","status":200,"elapsedMs":19}
[wrangler:info] POST /api/challenge/achievements/retro-2014 200 OK (26ms)
{"type":"worker-request","timestamp":"2026-07-26T01:34:49.538Z","requestId":"d4405286-3649-4e4d-ab5f-141c7948f468","method":"GET","route":"/custom-tournament"}
{"type":"worker-request-complete","timestamp":"2026-07-26T01:34:49.540Z","requestId":"d4405286-3649-4e4d-ab5f-141c7948f468","method":"GET","route":"/custom-tournament","status":200,"elapsedMs":2}
[wrangler:info] GET /custom-tournament 200 OK (10ms)
[wrangler:info] GET /clean.css 304 Not Modified (15ms)
[wrangler:info] GET /retro-data.js 304 Not Modified (6ms)
[wrangler:info] GET /retro-2022-squads.js 304 Not Modified (6ms)
[wrangler:info] GET /retro-2022-schedule.js 304 Not Modified (7ms)
[wrangler:info] GET /retro-engine.js 304 Not Modified (16ms)
[wrangler:info] GET /simulation-engine.js 304 Not Modified (56ms)
[wrangler:info] GET /legacy-data/catalog.generated.js 304 Not Modified (83ms)
[wrangler:info] GET /app.js 304 Not Modified (44ms)
[wrangler:info] GET /challenge.js 304 Not Modified (34ms)
[wrangler:info] GET /assets/world-cup-2026-logo.png 304 Not Modified (8ms)
{"type":"worker-request","timestamp":"2026-07-26T01:34:50.059Z","requestId":"3c16c1f0-27bd-4de3-856f-5ec3f6d04ad0","method":"GET","route":"/api/challenge"}
{"type":"worker-request-complete","timestamp":"2026-07-26T01:34:50.078Z","requestId":"3c16c1f0-27bd-4de3-856f-5ec3f6d04ad0","method":"GET","route":"/api/challenge","status":200,"elapsedMs":19}
[wrangler:info] GET /api/challenge 200 OK (23ms)
⎔ Reloading local server...
[wrangler:info] ✨ Parsed 3 valid header rules.
⎔ Local server updated and ready
⎔ Reloading local server...
[wrangler:info] ✨ Parsed 3 valid header rules.
⎔ Local server updated and ready
{"type":"worker-request","timestamp":"2026-07-26T01:36:21.277Z","requestId":"8f9b77d5-3653-4430-a7dc-b35af9670ea1","method":"GET","route":"/custom-tournament"}
{"type":"worker-request-complete","timestamp":"2026-07-26T01:36:21.324Z","requestId":"8f9b77d5-3653-4430-a7dc-b35af9670ea1","method":"GET","route":"/custom-tournament","status":200,"elapsedMs":47}
[wrangler:info] GET /custom-tournament 200 OK (53ms)
[wrangler:info] GET /clean.css 200 OK (17ms)
[wrangler:info] GET /retro-data.js 304 Not Modified (35ms)
[wrangler:info] GET /retro-2022-squads.js 304 Not Modified (50ms)
[wrangler:info] GET /legacy-data/catalog.generated.js 200 OK (64ms)
[wrangler:info] GET /retro-2022-schedule.js 304 Not Modified (105ms)
[wrangler:info] GET /challenge.js 304 Not Modified (102ms)
[wrangler:info] GET /retro-engine.js 304 Not Modified (198ms)
[wrangler:info] GET /app.js 200 OK (367ms)
[wrangler:info] GET /simulation-engine.js 304 Not Modified (471ms)
[wrangler:info] GET /assets/world-cup-2026-logo.png 304 Not Modified (9ms)
{"type":"worker-request","timestamp":"2026-07-26T01:36:21.947Z","requestId":"823867e9-e671-4125-8e68-62c877ddf644","method":"GET","route":"/api/challenge"}
{"type":"worker-request-complete","timestamp":"2026-07-26T01:36:21.975Z","requestId":"823867e9-e671-4125-8e68-62c877ddf644","method":"GET","route":"/api/challenge","status":200,"elapsedMs":28}
[wrangler:info] GET /api/challenge 200 OK (30ms)
{"type":"worker-request","timestamp":"2026-07-26T01:37:18.117Z","requestId":"299280ce-fd1a-427d-9a05-7507eb698581","method":"GET","route":"/custom-tournament"}
{"type":"worker-request-complete","timestamp":"2026-07-26T01:37:18.122Z","requestId":"299280ce-fd1a-427d-9a05-7507eb698581","method":"GET","route":"/custom-tournament","status":200,"elapsedMs":5}
[wrangler:info] GET /custom-tournament 200 OK (21ms)
[wrangler:info] GET /clean.css 200 OK (8ms)
[wrangler:info] GET /retro-data.js 304 Not Modified (49ms)
[wrangler:info] GET /retro-2022-squads.js 304 Not Modified (26ms)
[wrangler:info] GET /retro-2022-schedule.js 304 Not Modified (25ms)
[wrangler:info] GET /retro-engine.js 304 Not Modified (36ms)
[wrangler:info] GET /simulation-engine.js 304 Not Modified (35ms)
[wrangler:info] GET /legacy-data/catalog.generated.js 200 OK (45ms)
[wrangler:info] GET /challenge.js 304 Not Modified (40ms)
[wrangler:info] GET /app.js 200 OK (54ms)
{"type":"worker-request","timestamp":"2026-07-26T01:37:19.462Z","requestId":"a7af5f7b-c5e5-4c1a-bab0-610c4baeefdd","method":"GET","route":"/api/challenge"}
{"type":"worker-request-complete","timestamp":"2026-07-26T01:37:19.592Z","requestId":"a7af5f7b-c5e5-4c1a-bab0-610c4baeefdd","method":"GET","route":"/api/challenge","status":200,"elapsedMs":130}
[wrangler:info] GET /api/challenge 200 OK (135ms)
{"type":"worker-request","timestamp":"2026-07-26T01:37:19.604Z","requestId":"18f56ee0-76b8-42e1-9645-39516a1cb3a4","method":"POST","route":"/api/challenge/achievements/retro-2014"}
{"type":"worker-request-complete","timestamp":"2026-07-26T01:37:19.626Z","requestId":"18f56ee0-76b8-42e1-9645-39516a1cb3a4","method":"POST","route":"/api/challenge/achievements/retro-2014","status":200,"elapsedMs":22}
[wrangler:info] POST /api/challenge/achievements/retro-2014 200 OK (29ms)
[wrangler:info] GET /assets/flags/belarus.svg 304 Not Modified (15ms)
⎔ Reloading local server...
[wrangler:info] ✨ Parsed 3 valid header rules.
⎔ Local server updated and ready
⎔ Reloading local server...
[wrangler:info] ✨ Parsed 3 valid header rules.
⎔ Local server updated and ready
{"type":"worker-request","timestamp":"2026-07-26T01:44:43.258Z","requestId":"1852d539-0237-4163-8e24-dec622942ceb","method":"GET","route":"/custom-tournament"}
{"type":"worker-request-complete","timestamp":"2026-07-26T01:44:43.357Z","requestId":"1852d539-0237-4163-8e24-dec622942ceb","method":"GET","route":"/custom-tournament","status":200,"elapsedMs":99}
[wrangler:info] GET /custom-tournament 200 OK (126ms)
[wrangler:info] GET /clean.css 200 OK (47ms)
[wrangler:info] GET /retro-data.js 304 Not Modified (129ms)
[wrangler:info] GET /retro-2022-squads.js 304 Not Modified (130ms)
[wrangler:info] GET /legacy-data/catalog.generated.js 200 OK (132ms)
[wrangler:info] GET /retro-2022-schedule.js 304 Not Modified (395ms)
[wrangler:info] GET /app.js 200 OK (532ms)
[wrangler:info] GET /retro-engine.js 304 Not Modified (720ms)
[wrangler:info] GET /challenge.js 304 Not Modified (448ms)
[wrangler:info] GET /simulation-engine.js 304 Not Modified (889ms)
[wrangler:info] GET /assets/world-cup-2026-logo.png 304 Not Modified (36ms)
{"type":"worker-request","timestamp":"2026-07-26T01:44:44.892Z","requestId":"26bd0e32-b3ca-4df1-a277-7b878d9e5a44","method":"GET","route":"/api/challenge"}
{"type":"worker-request-complete","timestamp":"2026-07-26T01:44:45.006Z","requestId":"26bd0e32-b3ca-4df1-a277-7b878d9e5a44","method":"GET","route":"/api/challenge","status":200,"elapsedMs":114}
[wrangler:info] GET /api/challenge 200 OK (127ms)
{"type":"worker-request","timestamp":"2026-07-26T01:45:22.474Z","requestId":"acc6c998-1891-4098-b747-2f3829bb6376","method":"GET","route":"/custom-tournament"}
{"type":"worker-request-complete","timestamp":"2026-07-26T01:45:22.488Z","requestId":"acc6c998-1891-4098-b747-2f3829bb6376","method":"GET","route":"/custom-tournament","status":200,"elapsedMs":14}
[wrangler:info] GET /custom-tournament 200 OK (23ms)
[wrangler:info] GET /clean.css 304 Not Modified (8ms)
[wrangler:info] GET /retro-data.js 304 Not Modified (10ms)
[wrangler:info] GET /retro-2022-squads.js 304 Not Modified (20ms)
[wrangler:info] GET /retro-2022-schedule.js 304 Not Modified (36ms)
[wrangler:info] GET /retro-engine.js 304 Not Modified (9ms)
[wrangler:info] GET /simulation-engine.js 304 Not Modified (12ms)
[wrangler:info] GET /legacy-data/catalog.generated.js 304 Not Modified (44ms)
[wrangler:info] GET /app.js 304 Not Modified (57ms)
[wrangler:info] GET /challenge.js 304 Not Modified (55ms)
[wrangler:info] GET /assets/world-cup-2026-logo.png 304 Not Modified (7ms)
{"type":"worker-request","timestamp":"2026-07-26T01:45:23.231Z","requestId":"dae4afb6-68b6-4798-ae4c-49528596f1d2","method":"GET","route":"/api/challenge"}
{"type":"worker-request-complete","timestamp":"2026-07-26T01:45:23.264Z","requestId":"dae4afb6-68b6-4798-ae4c-49528596f1d2","method":"GET","route":"/api/challenge","status":200,"elapsedMs":33}
[wrangler:info] GET /api/challenge 200 OK (44ms)
⎔ Reloading local server...
[wrangler:info] ✨ Parsed 3 valid header rules.
⎔ Local server updated and ready
⎔ Reloading local server...
[wrangler:info] ✨ Parsed 3 valid header rules.
⎔ Local server updated and ready
{"type":"worker-request","timestamp":"2026-07-26T01:46:14.500Z","requestId":"f584edd5-43d9-49f8-9204-a5c7f2f60378","method":"GET","route":"/custom-tournament"}
{"type":"worker-request-complete","timestamp":"2026-07-26T01:46:14.601Z","requestId":"f584edd5-43d9-49f8-9204-a5c7f2f60378","method":"GET","route":"/custom-tournament","status":200,"elapsedMs":101}
[wrangler:info] GET /custom-tournament 200 OK (118ms)
[wrangler:info] GET /clean.css 200 OK (22ms)
[wrangler:info] GET /retro-data.js 304 Not Modified (47ms)
[wrangler:info] GET /retro-2022-squads.js 304 Not Modified (172ms)
[wrangler:info] GET /app.js 200 OK (317ms)
[wrangler:info] GET /retro-2022-schedule.js 304 Not Modified (420ms)
[wrangler:info] GET /challenge.js 304 Not Modified (315ms)
[wrangler:info] GET /retro-engine.js 304 Not Modified (539ms)
[wrangler:info] GET /simulation-engine.js 304 Not Modified (607ms)
[wrangler:info] GET /legacy-data/catalog.generated.js 200 OK (640ms)
{"type":"worker-request","timestamp":"2026-07-26T01:46:15.776Z","requestId":"6a548c2d-5c2b-44b5-9d23-dc72c474e5a1","method":"GET","route":"/api/challenge"}
{"type":"worker-request-complete","timestamp":"2026-07-26T01:46:16.016Z","requestId":"6a548c2d-5c2b-44b5-9d23-dc72c474e5a1","method":"GET","route":"/api/challenge","status":200,"elapsedMs":240}
[wrangler:info] GET /api/challenge 200 OK (247ms)
{"type":"worker-request","timestamp":"2026-07-26T01:46:16.028Z","requestId":"04454751-1cc6-45bc-ab3a-3cb66ce18f1a","method":"POST","route":"/api/challenge/achievements/retro-2014"}
{"type":"worker-request-complete","timestamp":"2026-07-26T01:46:16.054Z","requestId":"04454751-1cc6-45bc-ab3a-3cb66ce18f1a","method":"POST","route":"/api/challenge/achievements/retro-2014","status":200,"elapsedMs":26}
[wrangler:info] POST /api/challenge/achievements/retro-2014 200 OK (32ms)
⎔ Reloading local server...
[wrangler:info] ✨ Parsed 3 valid header rules.
⎔ Local server updated and ready
⎔ Reloading local server...
[wrangler:info] ✨ Parsed 3 valid header rules.
⎔ Local server updated and ready
{"type":"worker-request","timestamp":"2026-07-26T01:53:08.116Z","requestId":"77b97e7a-cc10-48f4-b6ca-fa25d219833e","method":"GET","route":"/custom-tournament"}
{"type":"worker-request-complete","timestamp":"2026-07-26T01:53:08.159Z","requestId":"77b97e7a-cc10-48f4-b6ca-fa25d219833e","method":"GET","route":"/custom-tournament","status":200,"elapsedMs":43}
[wrangler:info] GET /custom-tournament 200 OK (51ms)
[wrangler:info] GET /clean.css 200 OK (18ms)
[wrangler:info] GET /retro-data.js 304 Not Modified (29ms)
[wrangler:info] GET /retro-2022-squads.js 304 Not Modified (47ms)
[wrangler:info] GET /legacy-data/catalog.generated.js 200 OK (50ms)
[wrangler:info] GET /retro-2022-schedule.js 304 Not Modified (81ms)
[wrangler:info] GET /app.js 200 OK (230ms)
[wrangler:info] GET /retro-engine.js 304 Not Modified (317ms)
[wrangler:info] GET /challenge.js 304 Not Modified (304ms)
[wrangler:info] GET /simulation-engine.js 304 Not Modified (436ms)
[wrangler:info] GET /assets/world-cup-2026-logo.png 304 Not Modified (12ms)
{"type":"worker-request","timestamp":"2026-07-26T01:53:08.835Z","requestId":"e8f96583-48b4-4fdb-9125-2058c163a403","method":"GET","route":"/api/challenge"}
{"type":"worker-request-complete","timestamp":"2026-07-26T01:53:08.864Z","requestId":"e8f96583-48b4-4fdb-9125-2058c163a403","method":"GET","route":"/api/challenge","status":200,"elapsedMs":29}
[wrangler:info] GET /api/challenge 200 OK (33ms)
{"type":"worker-request","timestamp":"2026-07-26T01:53:32.225Z","requestId":"9bb14c6a-519e-49ae-98db-96d9afb00a84","method":"GET","route":"/custom-tournament"}
{"type":"worker-request-complete","timestamp":"2026-07-26T01:53:32.226Z","requestId":"9bb14c6a-519e-49ae-98db-96d9afb00a84","method":"GET","route":"/custom-tournament","status":200,"elapsedMs":1}
[wrangler:info] GET /custom-tournament 200 OK (4ms)
[wrangler:info] GET /clean.css 304 Not Modified (9ms)
[wrangler:info] GET /retro-data.js 304 Not Modified (3ms)
[wrangler:info] GET /retro-2022-squads.js 304 Not Modified (6ms)
[wrangler:info] GET /retro-2022-schedule.js 304 Not Modified (6ms)
[wrangler:info] GET /retro-engine.js 304 Not Modified (7ms)
[wrangler:info] GET /simulation-engine.js 304 Not Modified (5ms)
[wrangler:info] GET /legacy-data/catalog.generated.js 304 Not Modified (7ms)
[wrangler:info] GET /app.js 304 Not Modified (8ms)
[wrangler:info] GET /challenge.js 304 Not Modified (5ms)
[wrangler:info] GET /assets/world-cup-2026-logo.png 304 Not Modified (3ms)
{"type":"worker-request","timestamp":"2026-07-26T01:53:32.438Z","requestId":"e75a923b-72ee-4d08-bb3c-d2733364d295","method":"GET","route":"/api/challenge"}
{"type":"worker-request-complete","timestamp":"2026-07-26T01:53:32.448Z","requestId":"e75a923b-72ee-4d08-bb3c-d2733364d295","method":"GET","route":"/api/challenge","status":200,"elapsedMs":10}
[wrangler:info] GET /api/challenge 200 OK (13ms)
⎔ Reloading local server...
[wrangler:info] ✨ Parsed 3 valid header rules.
⎔ Local server updated and ready
⎔ Reloading local server...
[wrangler:info] ✨ Parsed 3 valid header rules.
⎔ Local server updated and ready
{"type":"worker-request","timestamp":"2026-07-26T01:56:12.798Z","requestId":"78d61b2b-fb6e-4464-8bfa-8da116f2cd8e","method":"GET","route":"/custom-tournament"}
{"type":"worker-request-complete","timestamp":"2026-07-26T01:56:12.927Z","requestId":"78d61b2b-fb6e-4464-8bfa-8da116f2cd8e","method":"GET","route":"/custom-tournament","status":200,"elapsedMs":129}
[wrangler:info] GET /custom-tournament 200 OK (150ms)
[wrangler:info] GET /clean.css 200 OK (36ms)
[wrangler:info] GET /retro-data.js 304 Not Modified (35ms)
[wrangler:info] GET /retro-2022-squads.js 304 Not Modified (113ms)
[wrangler:info] GET /app.js 200 OK (303ms)
[wrangler:info] GET /retro-2022-schedule.js 304 Not Modified (385ms)
[wrangler:info] GET /challenge.js 304 Not Modified (327ms)
[wrangler:info] GET /retro-engine.js 304 Not Modified (479ms)
[wrangler:info] GET /simulation-engine.js 304 Not Modified (530ms)
[wrangler:info] GET /legacy-data/catalog.generated.js 200 OK (556ms)
{"type":"worker-request","timestamp":"2026-07-26T01:56:14.239Z","requestId":"3959c84a-4840-436a-861e-4dd07a33eb49","method":"GET","route":"/api/challenge"}
{"type":"worker-request-complete","timestamp":"2026-07-26T01:56:14.381Z","requestId":"3959c84a-4840-436a-861e-4dd07a33eb49","method":"GET","route":"/api/challenge","status":200,"elapsedMs":142}
[wrangler:info] GET /api/challenge 200 OK (157ms)
{"type":"worker-request","timestamp":"2026-07-26T01:56:14.417Z","requestId":"dad566b4-f132-4038-8489-3db5166ac5f5","method":"POST","route":"/api/challenge/achievements/retro-2014"}
{"type":"worker-request-complete","timestamp":"2026-07-26T01:56:14.564Z","requestId":"dad566b4-f132-4038-8489-3db5166ac5f5","method":"POST","route":"/api/challenge/achievements/retro-2014","status":200,"elapsedMs":147}
[wrangler:info] POST /api/challenge/achievements/retro-2014 200 OK (166ms)
⎔ Reloading local server...
[wrangler:info] ✨ Parsed 3 valid header rules.
⎔ Local server updated and ready
⎔ Reloading local server...
[wrangler:info] ✨ Parsed 3 valid header rules.
⎔ Local server updated and ready
{"type":"worker-request","timestamp":"2026-07-26T02:02:49.446Z","requestId":"2d78986d-b8f4-4385-ae02-c40f7a7ef87c","method":"GET","route":"/custom-tournament"}
{"type":"worker-request-complete","timestamp":"2026-07-26T02:02:49.698Z","requestId":"2d78986d-b8f4-4385-ae02-c40f7a7ef87c","method":"GET","route":"/custom-tournament","status":200,"elapsedMs":252}
[wrangler:info] GET /custom-tournament 200 OK (279ms)
[wrangler:info] GET /clean.css 200 OK (54ms)
[wrangler:info] GET /retro-data.js 304 Not Modified (54ms)
[wrangler:info] GET /retro-2022-squads.js 304 Not Modified (83ms)
[wrangler:info] GET /retro-2022-schedule.js 304 Not Modified (229ms)
[wrangler:info] GET /simulation-engine.js 304 Not Modified (384ms)
[wrangler:info] GET /retro-engine.js 304 Not Modified (492ms)
[wrangler:info] GET /legacy-data/catalog.generated.js 200 OK (463ms)
[wrangler:info] GET /app.js 200 OK (688ms)
[wrangler:info] GET /challenge.js 304 Not Modified (734ms)
[wrangler:info] GET /assets/world-cup-2026-logo.png 304 Not Modified (32ms)
{"type":"worker-request","timestamp":"2026-07-26T02:02:51.438Z","requestId":"63adf123-91fb-4f30-94a7-fa1a6d5557a3","method":"GET","route":"/api/challenge"}
{"type":"worker-request-complete","timestamp":"2026-07-26T02:02:51.514Z","requestId":"63adf123-91fb-4f30-94a7-fa1a6d5557a3","method":"GET","route":"/api/challenge","status":200,"elapsedMs":76}
[wrangler:info] GET /api/challenge 200 OK (82ms)
{"type":"worker-request","timestamp":"2026-07-26T02:05:01.607Z","requestId":"c1a5c12a-f2a8-400c-8aab-48cb26cc440b","method":"GET","route":"/custom-tournament"}
{"type":"worker-request-complete","timestamp":"2026-07-26T02:05:01.611Z","requestId":"c1a5c12a-f2a8-400c-8aab-48cb26cc440b","method":"GET","route":"/custom-tournament","status":200,"elapsedMs":4}
[wrangler:info] GET /custom-tournament 200 OK (10ms)
[wrangler:info] GET /clean.css 200 OK (9ms)
[wrangler:info] GET /retro-data.js 304 Not Modified (39ms)
[wrangler:info] GET /retro-engine.js 304 Not Modified (21ms)
[wrangler:info] GET /retro-2022-squads.js 304 Not Modified (38ms)
[wrangler:info] GET /retro-2022-schedule.js 304 Not Modified (53ms)
[wrangler:info] GET /app.js 200 OK (41ms)
[wrangler:info] GET /simulation-engine.js 304 Not Modified (75ms)
[wrangler:info] GET /challenge.js 304 Not Modified (75ms)
[wrangler:info] GET /legacy-data/catalog.generated.js 200 OK (101ms)
{"type":"worker-request","timestamp":"2026-07-26T02:05:02.988Z","requestId":"e675e185-01a1-435a-ba7b-c3267f6f0ee5","method":"GET","route":"/api/challenge"}
{"type":"worker-request-complete","timestamp":"2026-07-26T02:05:03.066Z","requestId":"e675e185-01a1-435a-ba7b-c3267f6f0ee5","method":"GET","route":"/api/challenge","status":200,"elapsedMs":78}
[wrangler:info] GET /api/challenge 200 OK (84ms)
{"type":"worker-request","timestamp":"2026-07-26T02:05:03.081Z","requestId":"68ec591f-2b52-4902-b55a-2e74e706fe6d","method":"POST","route":"/api/challenge/achievements/retro-2014"}
{"type":"worker-request-complete","timestamp":"2026-07-26T02:05:03.111Z","requestId":"68ec591f-2b52-4902-b55a-2e74e706fe6d","method":"POST","route":"/api/challenge/achievements/retro-2014","status":200,"elapsedMs":30}
[wrangler:info] POST /api/challenge/achievements/retro-2014 200 OK (35ms)
⎔ Reloading local server...
[wrangler:info] ✨ Parsed 3 valid header rules.
⎔ Local server updated and ready
⎔ Reloading local server...
[wrangler:info] ✨ Parsed 3 valid header rules.
⎔ Local server updated and ready
{"type":"worker-request","timestamp":"2026-07-26T02:08:22.842Z","requestId":"b06d248b-2699-45a0-8c31-f7f1a78c9178","method":"GET","route":"/custom-tournament"}
{"type":"worker-request-complete","timestamp":"2026-07-26T02:08:22.884Z","requestId":"b06d248b-2699-45a0-8c31-f7f1a78c9178","method":"GET","route":"/custom-tournament","status":200,"elapsedMs":42}
[wrangler:info] GET /custom-tournament 200 OK (51ms)
[wrangler:info] GET /clean.css 200 OK (20ms)
[wrangler:info] GET /retro-data.js 304 Not Modified (23ms)
[wrangler:info] GET /retro-2022-squads.js 304 Not Modified (39ms)
[wrangler:info] GET /retro-engine.js 304 Not Modified (72ms)
[wrangler:info] GET /retro-2022-schedule.js 304 Not Modified (108ms)
[wrangler:info] GET /challenge.js 304 Not Modified (129ms)
[wrangler:info] GET /simulation-engine.js 304 Not Modified (221ms)
[wrangler:info] GET /legacy-data/catalog.generated.js 200 OK (246ms)
[wrangler:info] GET /app.js 200 OK (454ms)
[wrangler:info] GET /assets/world-cup-2026-logo.png 304 Not Modified (13ms)
{"type":"worker-request","timestamp":"2026-07-26T02:08:23.534Z","requestId":"748fd9c1-5ee6-410b-a826-f7d5096dfa03","method":"GET","route":"/api/challenge"}
{"type":"worker-request-complete","timestamp":"2026-07-26T02:08:23.554Z","requestId":"748fd9c1-5ee6-410b-a826-f7d5096dfa03","method":"GET","route":"/api/challenge","status":200,"elapsedMs":20}
[wrangler:info] GET /api/challenge 200 OK (26ms)
{"type":"worker-request","timestamp":"2026-07-26T02:09:24.008Z","requestId":"10a5c60c-c541-4928-91db-2b19b4a417fe","method":"GET","route":"/custom-tournament"}
{"type":"worker-request-complete","timestamp":"2026-07-26T02:09:24.011Z","requestId":"10a5c60c-c541-4928-91db-2b19b4a417fe","method":"GET","route":"/custom-tournament","status":200,"elapsedMs":3}
[wrangler:info] GET /custom-tournament 200 OK (11ms)
[wrangler:info] GET /clean.css 200 OK (9ms)
[wrangler:info] GET /retro-data.js 304 Not Modified (21ms)
[wrangler:info] GET /retro-2022-squads.js 304 Not Modified (23ms)
[wrangler:info] GET /retro-2022-schedule.js 304 Not Modified (23ms)
[wrangler:info] GET /simulation-engine.js 304 Not Modified (14ms)
[wrangler:info] GET /retro-engine.js 304 Not Modified (29ms)
[wrangler:info] GET /app.js 200 OK (26ms)
[wrangler:info] GET /legacy-data/catalog.generated.js 200 OK (29ms)
[wrangler:info] GET /challenge.js 304 Not Modified (27ms)
{"type":"worker-request","timestamp":"2026-07-26T02:09:25.280Z","requestId":"9ce9cd34-e4a4-48d5-936b-985e42da1780","method":"GET","route":"/api/challenge"}
{"type":"worker-request-complete","timestamp":"2026-07-26T02:09:25.379Z","requestId":"9ce9cd34-e4a4-48d5-936b-985e42da1780","method":"GET","route":"/api/challenge","status":200,"elapsedMs":99}
[wrangler:info] GET /api/challenge 200 OK (106ms)
{"type":"worker-request","timestamp":"2026-07-26T02:09:25.394Z","requestId":"b12b5ebd-644f-4ee1-8a4f-9f4bd629f1fa","method":"POST","route":"/api/challenge/achievements/retro-2014"}
{"type":"worker-request-complete","timestamp":"2026-07-26T02:09:25.413Z","requestId":"b12b5ebd-644f-4ee1-8a4f-9f4bd629f1fa","method":"POST","route":"/api/challenge/achievements/retro-2014","status":200,"elapsedMs":19}
[wrangler:info] POST /api/challenge/achievements/retro-2014 200 OK (24ms)
⎔ Reloading local server...
[wrangler:info] ✨ Parsed 3 valid header rules.
⎔ Local server updated and ready
⎔ Reloading local server...
[wrangler:info] ✨ Parsed 3 valid header rules.
⎔ Local server updated and ready
{"type":"worker-request","timestamp":"2026-07-26T02:17:38.466Z","requestId":"9f5e03d2-93c1-47bb-8663-45db849984c4","method":"GET","route":"/custom-tournament"}
{"type":"worker-request-complete","timestamp":"2026-07-26T02:17:38.513Z","requestId":"9f5e03d2-93c1-47bb-8663-45db849984c4","method":"GET","route":"/custom-tournament","status":200,"elapsedMs":47}
[wrangler:info] GET /custom-tournament 200 OK (54ms)
[wrangler:info] GET /clean.css 200 OK (20ms)
[wrangler:info] GET /retro-data.js 304 Not Modified (26ms)
[wrangler:info] GET /retro-2022-squads.js 304 Not Modified (49ms)
[wrangler:info] GET /legacy-data/catalog.generated.js 200 OK (61ms)
[wrangler:info] GET /retro-2022-schedule.js 304 Not Modified (104ms)
[wrangler:info] GET /app.js 200 OK (256ms)
[wrangler:info] GET /retro-engine.js 304 Not Modified (364ms)
[wrangler:info] GET /challenge.js 304 Not Modified (314ms)
[wrangler:info] GET /simulation-engine.js 304 Not Modified (476ms)
[wrangler:info] GET /assets/world-cup-2026-logo.png 304 Not Modified (10ms)
{"type":"worker-request","timestamp":"2026-07-26T02:17:39.206Z","requestId":"ef0a1b27-1fd2-4a87-bfe1-19f39c196ea2","method":"GET","route":"/api/challenge"}
{"type":"worker-request-complete","timestamp":"2026-07-26T02:17:39.235Z","requestId":"ef0a1b27-1fd2-4a87-bfe1-19f39c196ea2","method":"GET","route":"/api/challenge","status":200,"elapsedMs":29}
[wrangler:info] GET /api/challenge 200 OK (33ms)
{"type":"worker-request","timestamp":"2026-07-26T02:18:19.675Z","requestId":"e2d539f6-737f-41de-a8bd-64f91bc43fe1","method":"GET","route":"/custom-tournament"}
{"type":"worker-request-complete","timestamp":"2026-07-26T02:18:19.684Z","requestId":"e2d539f6-737f-41de-a8bd-64f91bc43fe1","method":"GET","route":"/custom-tournament","status":200,"elapsedMs":9}
[wrangler:info] GET /custom-tournament 200 OK (23ms)
[wrangler:info] GET /clean.css 200 OK (7ms)
[wrangler:info] GET /retro-data.js 304 Not Modified (8ms)
[wrangler:info] GET /retro-2022-squads.js 304 Not Modified (14ms)
[wrangler:info] GET /retro-2022-schedule.js 304 Not Modified (24ms)
[wrangler:info] GET /retro-engine.js 304 Not Modified (30ms)
[wrangler:info] GET /simulation-engine.js 304 Not Modified (19ms)
[wrangler:info] GET /legacy-data/catalog.generated.js 200 OK (17ms)
[wrangler:info] GET /challenge.js 304 Not Modified (19ms)
[wrangler:info] GET /app.js 200 OK (23ms)
{"type":"worker-request","timestamp":"2026-07-26T02:18:21.055Z","requestId":"c533cd9e-ee76-42c3-bc20-1e2f2289fe9e","method":"GET","route":"/api/challenge"}
{"type":"worker-request-complete","timestamp":"2026-07-26T02:18:21.168Z","requestId":"c533cd9e-ee76-42c3-bc20-1e2f2289fe9e","method":"GET","route":"/api/challenge","status":200,"elapsedMs":113}
[wrangler:info] GET /api/challenge 200 OK (121ms)
{"type":"worker-request","timestamp":"2026-07-26T02:18:21.180Z","requestId":"29aa16e5-fbf2-49b5-bd8e-334b907fd7d2","method":"POST","route":"/api/challenge/achievements/retro-2014"}
{"type":"worker-request-complete","timestamp":"2026-07-26T02:18:21.200Z","requestId":"29aa16e5-fbf2-49b5-bd8e-334b907fd7d2","method":"POST","route":"/api/challenge/achievements/retro-2014","status":200,"elapsedMs":20}
[wrangler:info] POST /api/challenge/achievements/retro-2014 200 OK (26ms)
⎔ Reloading local server...
[wrangler:info] ✨ Parsed 3 valid header rules.
⎔ Local server updated and ready
⎔ Reloading local server...
[wrangler:info] ✨ Parsed 3 valid header rules.
⎔ Local server updated and ready
{"type":"worker-request","timestamp":"2026-07-26T02:23:01.369Z","requestId":"1f796c12-ae15-4405-aaa8-0c510c2512ff","method":"GET","route":"/custom-tournament"}
{"type":"worker-request-complete","timestamp":"2026-07-26T02:23:01.783Z","requestId":"1f796c12-ae15-4405-aaa8-0c510c2512ff","method":"GET","route":"/custom-tournament","status":200,"elapsedMs":414}
[wrangler:info] GET /custom-tournament 200 OK (481ms)
[wrangler:info] GET /clean.css 200 OK (71ms)
[wrangler:info] GET /retro-data.js 304 Not Modified (133ms)
[wrangler:info] GET /retro-2022-squads.js 304 Not Modified (148ms)
[wrangler:info] GET /legacy-data/catalog.generated.js 200 OK (144ms)
[wrangler:info] GET /retro-2022-schedule.js 304 Not Modified (349ms)
[wrangler:info] GET /app.js 200 OK (486ms)
[wrangler:info] GET /retro-engine.js 304 Not Modified (693ms)
[wrangler:info] GET /challenge.js 304 Not Modified (442ms)
[wrangler:info] GET /simulation-engine.js 304 Not Modified (870ms)
[wrangler:info] GET /assets/world-cup-2026-logo.png 304 Not Modified (37ms)
{"type":"worker-request","timestamp":"2026-07-26T02:23:03.404Z","requestId":"46ff38ff-76cc-4177-bc29-26221a97a346","method":"GET","route":"/api/challenge"}
{"type":"worker-request-complete","timestamp":"2026-07-26T02:23:03.485Z","requestId":"46ff38ff-76cc-4177-bc29-26221a97a346","method":"GET","route":"/api/challenge","status":200,"elapsedMs":81}
[wrangler:info] GET /api/challenge 200 OK (94ms)
{"type":"worker-request","timestamp":"2026-07-26T02:24:21.181Z","requestId":"f8504b31-68d3-40e9-900d-47adb5beaafc","method":"GET","route":"/custom-tournament"}
{"type":"worker-request-complete","timestamp":"2026-07-26T02:24:21.189Z","requestId":"f8504b31-68d3-40e9-900d-47adb5beaafc","method":"GET","route":"/custom-tournament","status":200,"elapsedMs":8}
[wrangler:info] GET /custom-tournament 200 OK (18ms)
[wrangler:info] GET /clean.css 200 OK (12ms)
[wrangler:info] GET /retro-data.js 304 Not Modified (38ms)
[wrangler:info] GET /simulation-engine.js 304 Not Modified (52ms)
[wrangler:info] GET /retro-2022-squads.js 304 Not Modified (99ms)
[wrangler:info] GET /retro-2022-schedule.js 304 Not Modified (122ms)
[wrangler:info] GET /legacy-data/catalog.generated.js 200 OK (65ms)
[wrangler:info] GET /retro-engine.js 304 Not Modified (148ms)
[wrangler:info] GET /challenge.js 304 Not Modified (73ms)
[wrangler:info] GET /app.js 200 OK (102ms)
{"type":"worker-request","timestamp":"2026-07-26T02:24:21.980Z","requestId":"da382d69-89be-4f37-897b-eb0c23b58d94","method":"GET","route":"/api/challenge"}
{"type":"worker-request-complete","timestamp":"2026-07-26T02:24:22.056Z","requestId":"da382d69-89be-4f37-897b-eb0c23b58d94","method":"GET","route":"/api/challenge","status":200,"elapsedMs":76}
[wrangler:info] GET /api/challenge 200 OK (81ms)
{"type":"worker-request","timestamp":"2026-07-26T02:24:22.069Z","requestId":"843b45f8-5743-41fe-8557-f6c7ce1ce510","method":"POST","route":"/api/challenge/achievements/retro-2014"}
{"type":"worker-request-complete","timestamp":"2026-07-26T02:24:22.093Z","requestId":"843b45f8-5743-41fe-8557-f6c7ce1ce510","method":"POST","route":"/api/challenge/achievements/retro-2014","status":200,"elapsedMs":24}
[wrangler:info] POST /api/challenge/achievements/retro-2014 200 OK (30ms)
⎔ Reloading local server...
[wrangler:info] ✨ Parsed 3 valid header rules.
⎔ Local server updated and ready
{"type":"worker-request","timestamp":"2026-07-26T02:25:24.289Z","requestId":"a2251862-3c9f-4f6d-926b-80ca73642559","method":"GET","route":"/custom-tournament"}
{"type":"worker-request-complete","timestamp":"2026-07-26T02:25:24.746Z","requestId":"a2251862-3c9f-4f6d-926b-80ca73642559","method":"GET","route":"/custom-tournament","status":200,"elapsedMs":457}
[wrangler:info] GET /custom-tournament 200 OK (488ms)
[wrangler:info] GET /clean.css 304 Not Modified (48ms)
[wrangler:info] GET /retro-data.js 304 Not Modified (176ms)
[wrangler:info] GET /retro-2022-squads.js 304 Not Modified (233ms)
[wrangler:info] GET /retro-2022-schedule.js 304 Not Modified (371ms)
[wrangler:info] GET /retro-engine.js 304 Not Modified (512ms)
[wrangler:info] GET /challenge.js 304 Not Modified (398ms)
[wrangler:info] GET /simulation-engine.js 304 Not Modified (739ms)
[wrangler:info] GET /legacy-data/catalog.generated.js 200 OK (782ms)
[wrangler:info] GET /app.js 200 OK (1936ms)
[wrangler:info] GET /assets/world-cup-2026-logo.png 304 Not Modified (15ms)
{"type":"worker-request","timestamp":"2026-07-26T02:25:27.851Z","requestId":"9c872cde-aaad-41b9-b0b0-1b513d1490b3","method":"GET","route":"/api/challenge"}
{"type":"worker-request-complete","timestamp":"2026-07-26T02:25:28.194Z","requestId":"9c872cde-aaad-41b9-b0b0-1b513d1490b3","method":"GET","route":"/api/challenge","status":200,"elapsedMs":343}
[wrangler:info] GET /api/challenge 200 OK (361ms)
[wrangler:info] GET /assets/audio/penalty-whistle.mp3 304 Not Modified (36ms)
[wrangler:info] GET /assets/audio/full-time-whistle.mp3 304 Not Modified (49ms)
[wrangler:info] GET /assets/audio/penalty-whistle.mp3 304 Not Modified (9ms)
[wrangler:info] GET /assets/audio/full-time-whistle.mp3 304 Not Modified (23ms)
⎔ Reloading local server...
[wrangler:info] ✨ Parsed 3 valid header rules.
⎔ Local server updated and ready
⎔ Reloading local server...
[wrangler:info] ✨ Parsed 3 valid header rules.
⎔ Local server updated and ready
{"type":"worker-request","timestamp":"2026-07-26T14:18:23.910Z","requestId":"ba63fc94-aeab-4540-baac-c500edd39aa6","method":"GET","route":"/custom-tournament"}
{"type":"worker-request-complete","timestamp":"2026-07-26T14:18:23.952Z","requestId":"ba63fc94-aeab-4540-baac-c500edd39aa6","method":"GET","route":"/custom-tournament","status":200,"elapsedMs":42}
[wrangler:info] GET /custom-tournament 200 OK (47ms)
[wrangler:info] GET /clean.css 304 Not Modified (14ms)
[wrangler:info] GET /assets/flags/palestine.svg 200 OK (30ms)
[wrangler:info] GET /player-pools.generated.js 200 OK (53ms)
[wrangler:info] GET /assets/retro-world-cup-2014.png 200 OK (79ms)
[wrangler:info] GET /retro-data.js 304 Not Modified (97ms)
[wrangler:info] GET /data.js 200 OK (130ms)
[wrangler:info] GET /retro-2014-squads.js 200 OK (80ms)
[wrangler:info] GET /retro-2010-squads.js 200 OK (224ms)
[wrangler:info] GET /retro-2010-schedule.js 200 OK (166ms)
[wrangler:info] GET /retro-2014-schedule.js 200 OK (36ms)
[wrangler:info] GET /retro-2018-schedule.js 200 OK (61ms)
[wrangler:info] GET /retro-2018-squads.js 200 OK (115ms)
[wrangler:info] GET /retro-2022-squads.js 304 Not Modified (82ms)
[wrangler:info] GET /retro-2022-schedule.js 304 Not Modified (112ms)
[wrangler:info] GET /retro-engine.js 304 Not Modified (149ms)
[wrangler:info] GET /presentation-engine.js 200 OK (170ms)
[wrangler:info] GET /legacy-data/catalog.generated.js 200 OK (121ms)
[wrangler:info] GET /simulation-engine.js 304 Not Modified (169ms)
[wrangler:info] GET /app.js 200 OK (309ms)
[wrangler:info] GET /challenge.js 304 Not Modified (316ms)
[wrangler:info] GET /analytics.js 200 OK (221ms)
[wrangler:info] GET /assets/world-cup-2026-logo.png 304 Not Modified (11ms)
{"type":"worker-request","timestamp":"2026-07-26T14:18:24.991Z","requestId":"d434bd74-53f1-4e2a-a3be-021afb0ef99e","method":"GET","route":"/api/challenge"}
{"type":"worker-request-complete","timestamp":"2026-07-26T14:18:25.002Z","requestId":"d434bd74-53f1-4e2a-a3be-021afb0ef99e","method":"GET","route":"/api/challenge","status":200,"elapsedMs":11}
[wrangler:info] GET /api/challenge 200 OK (14ms)
{"type":"worker-request","timestamp":"2026-07-26T14:18:28.001Z","requestId":"53c9ff66-3f26-46ec-818f-b83494cc7d80","method":"GET","route":"/"}
{"type":"worker-request-complete","timestamp":"2026-07-26T14:18:28.002Z","requestId":"53c9ff66-3f26-46ec-818f-b83494cc7d80","method":"GET","route":"/","status":200,"elapsedMs":1}
[wrangler:info] GET / 200 OK (6ms)
[wrangler:info] GET /clean.css 304 Not Modified (6ms)
[wrangler:info] GET /analytics.js 304 Not Modified (7ms)
[wrangler:info] GET /assets/flags/palestine.svg 304 Not Modified (17ms)
[wrangler:info] GET /assets/retro-world-cup-2014.png 304 Not Modified (18ms)
[wrangler:info] GET /player-pools.generated.js 304 Not Modified (8ms)
[wrangler:info] GET /data.js 304 Not Modified (6ms)
[wrangler:info] GET /retro-data.js 304 Not Modified (8ms)
[wrangler:info] GET /retro-2010-squads.js 304 Not Modified (5ms)
[wrangler:info] GET /retro-2010-schedule.js 304 Not Modified (4ms)
[wrangler:info] GET /retro-2014-squads.js 304 Not Modified (3ms)
[wrangler:info] GET /retro-2014-schedule.js 304 Not Modified (6ms)
[wrangler:info] GET /retro-2018-squads.js 304 Not Modified (9ms)
[wrangler:info] GET /retro-2018-schedule.js 304 Not Modified (10ms)
[wrangler:info] GET /retro-engine.js 304 Not Modified (5ms)
[wrangler:info] GET /presentation-engine.js 304 Not Modified (11ms)
[wrangler:info] GET /retro-2022-squads.js 304 Not Modified (18ms)
[wrangler:info] GET /retro-2022-schedule.js 304 Not Modified (22ms)
[wrangler:info] GET /legacy-data/catalog.generated.js 304 Not Modified (18ms)
[wrangler:info] GET /challenge.js 304 Not Modified (14ms)
[wrangler:info] GET /simulation-engine.js 304 Not Modified (25ms)
[wrangler:info] GET /app.js 304 Not Modified (22ms)
[wrangler:info] GET /assets/world-cup-2026-logo.png 304 Not Modified (3ms)
{"type":"worker-request","timestamp":"2026-07-26T14:18:28.170Z","requestId":"c9516be7-c5fa-4d75-92b5-1101ea0e6477","method":"GET","route":"/api/challenge"}
{"type":"worker-request-complete","timestamp":"2026-07-26T14:18:28.176Z","requestId":"c9516be7-c5fa-4d75-92b5-1101ea0e6477","method":"GET","route":"/api/challenge","status":200,"elapsedMs":6}
[wrangler:info] GET /api/challenge 200 OK (9ms)
{"type":"worker-request","timestamp":"2026-07-26T14:20:21.811Z","requestId":"65905176-dc35-4d6e-bdb7-ced16e674078","method":"GET","route":"/custom-tournament"}
{"type":"worker-request-complete","timestamp":"2026-07-26T14:20:21.812Z","requestId":"65905176-dc35-4d6e-bdb7-ced16e674078","method":"GET","route":"/custom-tournament","status":200,"elapsedMs":1}
[wrangler:info] GET /custom-tournament 200 OK (5ms)
[wrangler:info] GET /clean.css 304 Not Modified (10ms)
[wrangler:info] GET /assets/retro-world-cup-2014.png 200 OK (9ms)
[wrangler:info] GET /assets/flags/palestine.svg 200 OK (11ms)
[wrangler:info] GET /player-pools.generated.js 200 OK (7ms)
[wrangler:info] GET /data.js 200 OK (13ms)
[wrangler:info] GET /retro-data.js 304 Not Modified (14ms)
[wrangler:info] GET /retro-2010-squads.js 200 OK (16ms)
[wrangler:info] GET /retro-2010-schedule.js 200 OK (20ms)
[wrangler:info] GET /retro-2014-schedule.js 200 OK (12ms)
[wrangler:info] GET /retro-2014-squads.js 200 OK (29ms)
[wrangler:info] GET /retro-2018-squads.js 200 OK (13ms)
[wrangler:info] GET /retro-2018-schedule.js 200 OK (13ms)
[wrangler:info] GET /retro-2022-squads.js 304 Not Modified (13ms)
[wrangler:info] GET /retro-2022-schedule.js 304 Not Modified (19ms)
[wrangler:info] GET /presentation-engine.js 200 OK (8ms)
[wrangler:info] GET /retro-engine.js 304 Not Modified (12ms)
[wrangler:info] GET /simulation-engine.js 304 Not Modified (11ms)
[wrangler:info] GET /app.js 200 OK (7ms)
[wrangler:info] GET /legacy-data/catalog.generated.js 200 OK (11ms)
[wrangler:info] GET /challenge.js 304 Not Modified (12ms)
[wrangler:info] GET /analytics.js 200 OK (18ms)
[wrangler:info] GET /assets/retro-world-cup-2018.png 200 OK (20ms)
{"type":"worker-request","timestamp":"2026-07-26T14:20:23.091Z","requestId":"fec8426c-a062-451d-b97c-680bfffb5faa","method":"GET","route":"/api/challenge"}
{"type":"worker-request-complete","timestamp":"2026-07-26T14:20:23.129Z","requestId":"fec8426c-a062-451d-b97c-680bfffb5faa","method":"GET","route":"/api/challenge","status":200,"elapsedMs":38}
[wrangler:info] GET /api/challenge 200 OK (43ms)
{"type":"worker-request","timestamp":"2026-07-26T14:20:23.174Z","requestId":"13506ba2-a8ed-48ee-b50c-a13072cdf8d6","method":"POST","route":"/api/challenge/achievements/retro-2014"}
{"type":"worker-request-complete","timestamp":"2026-07-26T14:20:23.191Z","requestId":"13506ba2-a8ed-48ee-b50c-a13072cdf8d6","method":"POST","route":"/api/challenge/achievements/retro-2014","status":200,"elapsedMs":17}
[wrangler:info] POST /api/challenge/achievements/retro-2014 200 OK (23ms)
[wrangler:info] GET /assets/flags/belarus.svg 304 Not Modified (7ms)
⎔ Reloading local server...
[wrangler:info] ✨ Parsed 3 valid header rules.
⎔ Local server updated and ready
⎔ Reloading local server...
[wrangler:info] ✨ Parsed 3 valid header rules.
⎔ Local server updated and ready
{"type":"worker-request","timestamp":"2026-07-26T14:35:16.182Z","requestId":"0ca6c9a9-e24b-4961-8900-6189698d2d5f","method":"GET","route":"/custom-tournament"}
{"type":"worker-request-complete","timestamp":"2026-07-26T14:35:16.254Z","requestId":"0ca6c9a9-e24b-4961-8900-6189698d2d5f","method":"GET","route":"/custom-tournament","status":200,"elapsedMs":72}
[wrangler:info] GET /custom-tournament 200 OK (85ms)
[wrangler:info] GET /clean.css 200 OK (48ms)
[wrangler:info] GET /assets/flags/palestine.svg 304 Not Modified (58ms)
[wrangler:info] GET /assets/retro-world-cup-2014.png 304 Not Modified (82ms)
[wrangler:info] GET /retro-data.js 304 Not Modified (54ms)
[wrangler:info] GET /player-pools.generated.js 304 Not Modified (104ms)
[wrangler:info] GET /retro-2010-schedule.js 304 Not Modified (98ms)
[wrangler:info] GET /data.js 304 Not Modified (167ms)
[wrangler:info] GET /retro-2014-squads.js 304 Not Modified (160ms)
[wrangler:info] GET /retro-2014-schedule.js 304 Not Modified (136ms)
[wrangler:info] GET /retro-2010-squads.js 304 Not Modified (305ms)
[wrangler:info] GET /retro-2018-squads.js 304 Not Modified (225ms)
[wrangler:info] GET /retro-2018-schedule.js 304 Not Modified (212ms)
[wrangler:info] GET /retro-2022-squads.js 304 Not Modified (207ms)
[wrangler:info] GET /retro-2022-schedule.js 304 Not Modified (209ms)
[wrangler:info] GET /retro-engine.js 304 Not Modified (181ms)
[wrangler:info] GET /presentation-engine.js 304 Not Modified (167ms)
[wrangler:info] GET /simulation-engine.js 304 Not Modified (196ms)
[wrangler:info] GET /legacy-data/catalog.generated.js 200 OK (165ms)
[wrangler:info] GET /app.js 200 OK (316ms)
[wrangler:info] GET /analytics.js 304 Not Modified (284ms)
[wrangler:info] GET /challenge.js 304 Not Modified (330ms)
[wrangler:info] GET /assets/world-cup-2026-logo.png 304 Not Modified (15ms)
{"type":"worker-request","timestamp":"2026-07-26T14:35:17.348Z","requestId":"12f5f1e0-32dd-4ca3-bb74-addfc09a6d29","method":"GET","route":"/api/challenge"}
{"type":"worker-request-complete","timestamp":"2026-07-26T14:35:17.377Z","requestId":"12f5f1e0-32dd-4ca3-bb74-addfc09a6d29","method":"GET","route":"/api/challenge","status":200,"elapsedMs":29}
[wrangler:info] GET /api/challenge 200 OK (35ms)
{"type":"worker-request","timestamp":"2026-07-26T14:35:37.284Z","requestId":"d97a5ca7-2572-4121-b563-e0501ca23c1d","method":"GET","route":"/custom-tournament"}
{"type":"worker-request-complete","timestamp":"2026-07-26T14:35:37.285Z","requestId":"d97a5ca7-2572-4121-b563-e0501ca23c1d","method":"GET","route":"/custom-tournament","status":200,"elapsedMs":1}
[wrangler:info] GET /custom-tournament 200 OK (5ms)
[wrangler:info] GET /clean.css 200 OK (4ms)
[wrangler:info] GET /assets/flags/palestine.svg 304 Not Modified (18ms)
[wrangler:info] GET /assets/retro-world-cup-2014.png 304 Not Modified (17ms)
[wrangler:info] GET /player-pools.generated.js 304 Not Modified (7ms)
[wrangler:info] GET /data.js 304 Not Modified (43ms)
[wrangler:info] GET /retro-2010-squads.js 304 Not Modified (37ms)
[wrangler:info] GET /retro-data.js 304 Not Modified (45ms)
[wrangler:info] GET /retro-2014-squads.js 304 Not Modified (35ms)
[wrangler:info] GET /retro-2010-schedule.js 304 Not Modified (25ms)
[wrangler:info] GET /retro-2014-schedule.js 304 Not Modified (14ms)
[wrangler:info] GET /retro-2018-squads.js 304 Not Modified (15ms)
[wrangler:info] GET /retro-2018-schedule.js 304 Not Modified (22ms)
[wrangler:info] GET /retro-2022-squads.js 304 Not Modified (22ms)
[wrangler:info] GET /retro-2022-schedule.js 304 Not Modified (13ms)
[wrangler:info] GET /retro-engine.js 304 Not Modified (15ms)
[wrangler:info] GET /presentation-engine.js 304 Not Modified (21ms)
[wrangler:info] GET /simulation-engine.js 304 Not Modified (21ms)
[wrangler:info] GET /challenge.js 304 Not Modified (15ms)
[wrangler:info] GET /legacy-data/catalog.generated.js 200 OK (23ms)
[wrangler:info] GET /app.js 200 OK (24ms)
[wrangler:info] GET /analytics.js 304 Not Modified (24ms)
[wrangler:info] GET /assets/retro-world-cup-2018.png 304 Not Modified (10ms)
[wrangler:info] GET /assets/flags/belarus.svg 304 Not Modified (7ms)
{"type":"worker-request","timestamp":"2026-07-26T14:35:37.795Z","requestId":"bcfb94e2-f4f3-4905-8566-90b14ee7810c","method":"GET","route":"/api/challenge"}
{"type":"worker-request-complete","timestamp":"2026-07-26T14:35:37.845Z","requestId":"bcfb94e2-f4f3-4905-8566-90b14ee7810c","method":"GET","route":"/api/challenge","status":200,"elapsedMs":50}
[wrangler:info] GET /api/challenge 200 OK (57ms)
{"type":"worker-request","timestamp":"2026-07-26T14:35:37.853Z","requestId":"caa45184-a2fc-4973-94a3-4f5797ece0e2","method":"POST","route":"/api/challenge/achievements/retro-2014"}
{"type":"worker-request-complete","timestamp":"2026-07-26T14:35:37.869Z","requestId":"caa45184-a2fc-4973-94a3-4f5797ece0e2","method":"POST","route":"/api/challenge/achievements/retro-2014","status":200,"elapsedMs":16}
[wrangler:info] POST /api/challenge/achievements/retro-2014 200 OK (19ms)
⎔ Reloading local server...
[wrangler:info] ✨ Parsed 3 valid header rules.
⎔ Local server updated and ready
⎔ Reloading local server...
[wrangler:info] ✨ Parsed 3 valid header rules.
⎔ Local server updated and ready
{"type":"worker-request","timestamp":"2026-07-26T14:54:40.602Z","requestId":"2de6e4f8-842b-4f31-af35-5298462fffc2","method":"GET","route":"/custom-tournament"}
{"type":"worker-request-complete","timestamp":"2026-07-26T14:54:40.660Z","requestId":"2de6e4f8-842b-4f31-af35-5298462fffc2","method":"GET","route":"/custom-tournament","status":200,"elapsedMs":58}
[wrangler:info] GET /custom-tournament 200 OK (67ms)
[wrangler:info] GET /clean.css 200 OK (52ms)
[wrangler:info] GET /assets/flags/palestine.svg 304 Not Modified (66ms)
[wrangler:info] GET /assets/retro-world-cup-2014.png 304 Not Modified (75ms)
[wrangler:info] GET /player-pools.generated.js 304 Not Modified (59ms)
[wrangler:info] GET /data.js 304 Not Modified (84ms)
[wrangler:info] GET /retro-2010-squads.js 304 Not Modified (129ms)
[wrangler:info] GET /retro-data.js 304 Not Modified (160ms)
[wrangler:info] GET /retro-2014-schedule.js 304 Not Modified (97ms)
[wrangler:info] GET /retro-2014-squads.js 304 Not Modified (149ms)
[wrangler:info] GET /retro-2010-schedule.js 304 Not Modified (254ms)
[wrangler:info] GET /retro-2018-squads.js 304 Not Modified (178ms)
[wrangler:info] GET /retro-2018-schedule.js 304 Not Modified (201ms)
[wrangler:info] GET /retro-2022-squads.js 304 Not Modified (255ms)
[wrangler:info] GET /retro-2022-schedule.js 304 Not Modified (207ms)
[wrangler:info] GET /retro-engine.js 304 Not Modified (205ms)
[wrangler:info] GET /simulation-engine.js 304 Not Modified (178ms)
[wrangler:info] GET /presentation-engine.js 304 Not Modified (216ms)
[wrangler:info] GET /legacy-data/catalog.generated.js 200 OK (226ms)
[wrangler:info] GET /app.js 200 OK (321ms)
[wrangler:info] GET /challenge.js 304 Not Modified (345ms)
[wrangler:info] GET /analytics.js 304 Not Modified (341ms)
[wrangler:info] GET /assets/world-cup-2026-logo.png 304 Not Modified (12ms)
{"type":"worker-request","timestamp":"2026-07-26T14:54:41.770Z","requestId":"e5a4c37c-6ba3-4afb-bfbc-5dedbe912a7a","method":"GET","route":"/api/challenge"}
{"type":"worker-request-complete","timestamp":"2026-07-26T14:54:41.795Z","requestId":"e5a4c37c-6ba3-4afb-bfbc-5dedbe912a7a","method":"GET","route":"/api/challenge","status":200,"elapsedMs":25}
[wrangler:info] GET /api/challenge 200 OK (31ms)
{"type":"worker-request","timestamp":"2026-07-26T14:55:10.727Z","requestId":"85056333-68da-4ee2-a51b-f8ac9688fd93","method":"GET","route":"/custom-tournament"}
{"type":"worker-request-complete","timestamp":"2026-07-26T14:55:10.728Z","requestId":"85056333-68da-4ee2-a51b-f8ac9688fd93","method":"GET","route":"/custom-tournament","status":200,"elapsedMs":1}
[wrangler:info] GET /custom-tournament 200 OK (8ms)
[wrangler:info] GET /clean.css 200 OK (10ms)
[wrangler:info] GET /assets/flags/palestine.svg 304 Not Modified (24ms)
[wrangler:info] GET /assets/retro-world-cup-2014.png 304 Not Modified (27ms)
[wrangler:info] GET /player-pools.generated.js 304 Not Modified (13ms)
[wrangler:info] GET /data.js 304 Not Modified (20ms)
[wrangler:info] GET /retro-data.js 304 Not Modified (15ms)
[wrangler:info] GET /retro-2010-squads.js 304 Not Modified (15ms)
[wrangler:info] GET /retro-2014-squads.js 304 Not Modified (19ms)
[wrangler:info] GET /retro-2010-schedule.js 304 Not Modified (38ms)
[wrangler:info] GET /retro-2018-squads.js 304 Not Modified (34ms)
[wrangler:info] GET /retro-2014-schedule.js 304 Not Modified (49ms)
[wrangler:info] GET /retro-2022-squads.js 304 Not Modified (33ms)
[wrangler:info] GET /retro-2018-schedule.js 304 Not Modified (41ms)
[wrangler:info] GET /retro-engine.js 304 Not Modified (31ms)
[wrangler:info] GET /retro-2022-schedule.js 304 Not Modified (47ms)
[wrangler:info] GET /presentation-engine.js 304 Not Modified (33ms)
[wrangler:info] GET /simulation-engine.js 304 Not Modified (27ms)
[wrangler:info] GET /legacy-data/catalog.generated.js 200 OK (24ms)
[wrangler:info] GET /app.js 200 OK (25ms)
[wrangler:info] GET /challenge.js 304 Not Modified (25ms)
[wrangler:info] GET /analytics.js 304 Not Modified (18ms)
[wrangler:info] GET /assets/retro-world-cup-2018.png 304 Not Modified (15ms)
[wrangler:info] GET /assets/flags/belarus.svg 304 Not Modified (19ms)
{"type":"worker-request","timestamp":"2026-07-26T14:55:11.942Z","requestId":"a12f028f-36e5-4612-92dd-ad0768f87057","method":"GET","route":"/api/challenge"}
{"type":"worker-request-complete","timestamp":"2026-07-26T14:55:11.990Z","requestId":"a12f028f-36e5-4612-92dd-ad0768f87057","method":"GET","route":"/api/challenge","status":200,"elapsedMs":48}
[wrangler:info] GET /api/challenge 200 OK (54ms)
{"type":"worker-request","timestamp":"2026-07-26T14:55:11.998Z","requestId":"7a3897ce-4d2a-45c2-937d-e9aef0311a38","method":"POST","route":"/api/challenge/achievements/retro-2014"}
{"type":"worker-request-complete","timestamp":"2026-07-26T14:55:12.010Z","requestId":"7a3897ce-4d2a-45c2-937d-e9aef0311a38","method":"POST","route":"/api/challenge/achievements/retro-2014","status":200,"elapsedMs":12}
[wrangler:info] POST /api/challenge/achievements/retro-2014 200 OK (16ms)
⎔ Reloading local server...
[wrangler:info] ✨ Parsed 3 valid header rules.
⎔ Local server updated and ready
⎔ Reloading local server...
[wrangler:info] ✨ Parsed 3 valid header rules.
⎔ Local server updated and ready
{"type":"worker-request","timestamp":"2026-07-26T15:00:21.436Z","requestId":"3b112dba-e0ab-47b8-9195-e589d8a81c70","method":"GET","route":"/custom-tournament"}
{"type":"worker-request-complete","timestamp":"2026-07-26T15:00:21.490Z","requestId":"3b112dba-e0ab-47b8-9195-e589d8a81c70","method":"GET","route":"/custom-tournament","status":200,"elapsedMs":54}
[wrangler:info] GET /custom-tournament 200 OK (61ms)
[wrangler:info] GET /clean.css 200 OK (37ms)
[wrangler:info] GET /assets/flags/palestine.svg 304 Not Modified (39ms)
[wrangler:info] GET /assets/retro-world-cup-2014.png 304 Not Modified (60ms)
[wrangler:info] GET /retro-2010-squads.js 304 Not Modified (66ms)
[wrangler:info] GET /player-pools.generated.js 304 Not Modified (127ms)
[wrangler:info] GET /retro-2010-schedule.js 304 Not Modified (123ms)
[wrangler:info] GET /data.js 304 Not Modified (191ms)
[wrangler:info] GET /retro-2014-squads.js 304 Not Modified (149ms)
[wrangler:info] GET /retro-2014-schedule.js 304 Not Modified (131ms)
[wrangler:info] GET /retro-data.js 304 Not Modified (286ms)
[wrangler:info] GET /retro-2018-squads.js 304 Not Modified (178ms)
[wrangler:info] GET /retro-2018-schedule.js 304 Not Modified (172ms)
[wrangler:info] GET /retro-2022-squads.js 304 Not Modified (197ms)
[wrangler:info] GET /retro-2022-schedule.js 304 Not Modified (196ms)
[wrangler:info] GET /retro-engine.js 304 Not Modified (204ms)
[wrangler:info] GET /presentation-engine.js 304 Not Modified (184ms)
[wrangler:info] GET /simulation-engine.js 304 Not Modified (197ms)
[wrangler:info] GET /legacy-data/catalog.generated.js 200 OK (150ms)
[wrangler:info] GET /app.js 200 OK (302ms)
[wrangler:info] GET /analytics.js 304 Not Modified (270ms)
[wrangler:info] GET /challenge.js 304 Not Modified (304ms)
[wrangler:info] GET /assets/world-cup-2026-logo.png 304 Not Modified (12ms)
{"type":"worker-request","timestamp":"2026-07-26T15:00:22.560Z","requestId":"77e90a4b-1c89-451b-9887-6707026961bb","method":"GET","route":"/api/challenge"}
{"type":"worker-request-complete","timestamp":"2026-07-26T15:00:22.589Z","requestId":"77e90a4b-1c89-451b-9887-6707026961bb","method":"GET","route":"/api/challenge","status":200,"elapsedMs":29}
[wrangler:info] GET /api/challenge 200 OK (32ms)
{"type":"worker-request","timestamp":"2026-07-26T15:01:00.488Z","requestId":"c0ecf47b-510b-4204-9d40-bce1e497d381","method":"GET","route":"/custom-tournament"}
{"type":"worker-request-complete","timestamp":"2026-07-26T15:01:00.490Z","requestId":"c0ecf47b-510b-4204-9d40-bce1e497d381","method":"GET","route":"/custom-tournament","status":200,"elapsedMs":2}
[wrangler:info] GET /custom-tournament 200 OK (7ms)
[wrangler:info] GET /clean.css 200 OK (8ms)
[wrangler:info] GET /assets/flags/palestine.svg 304 Not Modified (13ms)
[wrangler:info] GET /assets/retro-world-cup-2014.png 304 Not Modified (15ms)
[wrangler:info] GET /player-pools.generated.js 304 Not Modified (7ms)
[wrangler:info] GET /data.js 304 Not Modified (14ms)
[wrangler:info] GET /retro-data.js 304 Not Modified (9ms)
[wrangler:info] GET /retro-2010-squads.js 304 Not Modified (8ms)
[wrangler:info] GET /retro-2010-schedule.js 304 Not Modified (11ms)
[wrangler:info] GET /retro-2014-schedule.js 304 Not Modified (12ms)
[wrangler:info] GET /retro-2014-squads.js 304 Not Modified (20ms)
[wrangler:info] GET /retro-2018-squads.js 304 Not Modified (17ms)
[wrangler:info] GET /retro-2022-squads.js 304 Not Modified (14ms)
[wrangler:info] GET /retro-2018-schedule.js 304 Not Modified (27ms)
[wrangler:info] GET /retro-2022-schedule.js 304 Not Modified (20ms)
[wrangler:info] GET /presentation-engine.js 304 Not Modified (17ms)
[wrangler:info] GET /retro-engine.js 304 Not Modified (27ms)
[wrangler:info] GET /simulation-engine.js 304 Not Modified (23ms)
[wrangler:info] GET /legacy-data/catalog.generated.js 200 OK (21ms)
[wrangler:info] GET /challenge.js 304 Not Modified (19ms)
[wrangler:info] GET /app.js 200 OK (25ms)
[wrangler:info] GET /analytics.js 304 Not Modified (18ms)
[wrangler:info] GET /assets/retro-world-cup-2018.png 304 Not Modified (12ms)
{"type":"worker-request","timestamp":"2026-07-26T15:01:01.672Z","requestId":"2f87a370-e966-4043-bc41-fbc623ee61d0","method":"GET","route":"/api/challenge"}
{"type":"worker-request-complete","timestamp":"2026-07-26T15:01:01.702Z","requestId":"2f87a370-e966-4043-bc41-fbc623ee61d0","method":"GET","route":"/api/challenge","status":200,"elapsedMs":30}
[wrangler:info] GET /api/challenge 200 OK (33ms)
{"type":"worker-request","timestamp":"2026-07-26T15:01:01.731Z","requestId":"b1a05715-264b-413a-9888-de2c3bc0ac19","method":"POST","route":"/api/challenge/achievements/retro-2014"}
{"type":"worker-request-complete","timestamp":"2026-07-26T15:01:01.745Z","requestId":"b1a05715-264b-413a-9888-de2c3bc0ac19","method":"POST","route":"/api/challenge/achievements/retro-2014","status":200,"elapsedMs":14}
[wrangler:info] POST /api/challenge/achievements/retro-2014 200 OK (29ms)
{"type":"worker-request","timestamp":"2026-07-26T15:01:09.532Z","requestId":"10d8dd71-4f76-40c0-8786-20f2cd0ccea1","method":"GET","route":"/custom-tournament"}
{"type":"worker-request-complete","timestamp":"2026-07-26T15:01:09.534Z","requestId":"10d8dd71-4f76-40c0-8786-20f2cd0ccea1","method":"GET","route":"/custom-tournament","status":200,"elapsedMs":2}
[wrangler:info] GET /custom-tournament 200 OK (6ms)
[wrangler:info] GET /analytics.js 304 Not Modified (6ms)
[wrangler:info] GET /clean.css 304 Not Modified (9ms)
[wrangler:info] GET /assets/flags/palestine.svg 304 Not Modified (11ms)
[wrangler:info] GET /assets/retro-world-cup-2014.png 304 Not Modified (15ms)
[wrangler:info] GET /player-pools.generated.js 304 Not Modified (11ms)
[wrangler:info] GET /data.js 304 Not Modified (9ms)
[wrangler:info] GET /retro-data.js 304 Not Modified (8ms)
[wrangler:info] GET /retro-2010-squads.js 304 Not Modified (16ms)
[wrangler:info] GET /retro-2014-squads.js 304 Not Modified (14ms)
[wrangler:info] GET /retro-2010-schedule.js 304 Not Modified (24ms)
[wrangler:info] GET /retro-2018-squads.js 304 Not Modified (18ms)
[wrangler:info] GET /retro-2014-schedule.js 304 Not Modified (27ms)
[wrangler:info] GET /retro-2018-schedule.js 304 Not Modified (25ms)
[wrangler:info] GET /retro-2022-squads.js 304 Not Modified (19ms)
[wrangler:info] GET /presentation-engine.js 304 Not Modified (11ms)
[wrangler:info] GET /retro-2022-schedule.js 304 Not Modified (27ms)
[wrangler:info] GET /retro-engine.js 304 Not Modified (25ms)
[wrangler:info] GET /simulation-engine.js 304 Not Modified (21ms)
[wrangler:info] GET /challenge.js 304 Not Modified (14ms)
[wrangler:info] GET /legacy-data/catalog.generated.js 304 Not Modified (21ms)
[wrangler:info] GET /app.js 304 Not Modified (22ms)
[wrangler:info] GET /assets/retro-world-cup-2018.png 304 Not Modified (6ms)
{"type":"worker-request","timestamp":"2026-07-26T15:01:09.898Z","requestId":"91e59931-0fd4-4952-886a-58f29d5fa9fe","method":"GET","route":"/api/challenge"}
{"type":"worker-request-complete","timestamp":"2026-07-26T15:01:09.914Z","requestId":"91e59931-0fd4-4952-886a-58f29d5fa9fe","method":"GET","route":"/api/challenge","status":200,"elapsedMs":16}
[wrangler:info] GET /api/challenge 200 OK (20ms)
{"type":"worker-request","timestamp":"2026-07-26T15:01:09.921Z","requestId":"c95cd1a2-c54e-4831-9e2b-c7d0c147a962","method":"POST","route":"/api/challenge/achievements/retro-2014"}
{"type":"worker-request-complete","timestamp":"2026-07-26T15:01:09.931Z","requestId":"c95cd1a2-c54e-4831-9e2b-c7d0c147a962","method":"POST","route":"/api/challenge/achievements/retro-2014","status":200,"elapsedMs":10}
[wrangler:info] POST /api/challenge/achievements/retro-2014 200 OK (14ms)
[wrangler:info] GET /assets/flags/belarus.svg 304 Not Modified (9ms)
⎔ Reloading local server...
[wrangler:info] ✨ Parsed 3 valid header rules.
⎔ Local server updated and ready
⎔ Reloading local server...
[wrangler:info] ✨ Parsed 3 valid header rules.
⎔ Local server updated and ready
{"type":"worker-request","timestamp":"2026-07-26T15:15:37.100Z","requestId":"441e63a7-2704-4353-9115-34414603d513","method":"GET","route":"/custom-tournament"}
{"type":"worker-request-complete","timestamp":"2026-07-26T15:15:37.200Z","requestId":"441e63a7-2704-4353-9115-34414603d513","method":"GET","route":"/custom-tournament","status":200,"elapsedMs":100}
[wrangler:info] GET /custom-tournament 200 OK (109ms)
[wrangler:info] GET /clean.css 200 OK (27ms)
[wrangler:info] GET /assets/flags/palestine.svg 304 Not Modified (33ms)
[wrangler:info] GET /assets/retro-world-cup-2014.png 304 Not Modified (75ms)
[wrangler:info] GET /retro-2010-squads.js 304 Not Modified (91ms)
[wrangler:info] GET /player-pools.generated.js 304 Not Modified (254ms)
[wrangler:info] GET /retro-2010-schedule.js 304 Not Modified (285ms)
[wrangler:info] GET /data.js 304 Not Modified (386ms)
[wrangler:info] GET /retro-2014-squads.js 304 Not Modified (335ms)
[wrangler:info] GET /retro-2014-schedule.js 304 Not Modified (190ms)
[wrangler:info] GET /retro-data.js 304 Not Modified (519ms)
[wrangler:info] GET /retro-2018-squads.js 304 Not Modified (224ms)
[wrangler:info] GET /retro-2018-schedule.js 304 Not Modified (219ms)
[wrangler:info] GET /retro-2022-squads.js 304 Not Modified (198ms)
[wrangler:info] GET /retro-2022-schedule.js 304 Not Modified (212ms)
[wrangler:info] GET /retro-engine.js 304 Not Modified (225ms)
[wrangler:info] GET /presentation-engine.js 304 Not Modified (200ms)
[wrangler:info] GET /simulation-engine.js 304 Not Modified (224ms)
[wrangler:info] GET /legacy-data/catalog.generated.js 200 OK (194ms)
[wrangler:info] GET /app.js 304 Not Modified (365ms)
[wrangler:info] GET /analytics.js 304 Not Modified (327ms)
[wrangler:info] GET /challenge.js 304 Not Modified (373ms)
[wrangler:info] GET /assets/world-cup-2026-logo.png 304 Not Modified (13ms)
{"type":"worker-request","timestamp":"2026-07-26T15:15:38.584Z","requestId":"7dc85a85-a631-44bd-a99f-7a3bc02dad32","method":"GET","route":"/api/challenge"}
{"type":"worker-request-complete","timestamp":"2026-07-26T15:15:38.633Z","requestId":"7dc85a85-a631-44bd-a99f-7a3bc02dad32","method":"GET","route":"/api/challenge","status":200,"elapsedMs":49}
[wrangler:info] GET /api/challenge 200 OK (62ms)
{"type":"worker-request","timestamp":"2026-07-26T15:29:06.744Z","requestId":"9df59892-e886-4cf4-ae0c-5fed541a034b","method":"GET","route":"/custom-tournament"}
{"type":"worker-request-complete","timestamp":"2026-07-26T15:29:06.750Z","requestId":"9df59892-e886-4cf4-ae0c-5fed541a034b","method":"GET","route":"/custom-tournament","status":200,"elapsedMs":6}
[wrangler:info] GET /custom-tournament 200 OK (13ms)
[wrangler:info] GET /clean.css 200 OK (8ms)
[wrangler:info] GET /assets/flags/palestine.svg 304 Not Modified (7ms)
[wrangler:info] GET /assets/retro-world-cup-2014.png 304 Not Modified (13ms)
[wrangler:info] GET /player-pools.generated.js 304 Not Modified (5ms)
[wrangler:info] GET /data.js 304 Not Modified (8ms)
[wrangler:info] GET /retro-data.js 304 Not Modified (11ms)
[wrangler:info] GET /retro-2010-squads.js 304 Not Modified (12ms)
[wrangler:info] GET /retro-2010-schedule.js 304 Not Modified (11ms)
[wrangler:info] GET /retro-2014-squads.js 304 Not Modified (16ms)
[wrangler:info] GET /retro-2018-squads.js 304 Not Modified (13ms)
[wrangler:info] GET /retro-2018-schedule.js 304 Not Modified (13ms)
[wrangler:info] GET /retro-2014-schedule.js 304 Not Modified (23ms)
[wrangler:info] GET /retro-2022-squads.js 304 Not Modified (17ms)
[wrangler:info] GET /retro-2022-schedule.js 304 Not Modified (22ms)
[wrangler:info] GET /simulation-engine.js 304 Not Modified (22ms)
[wrangler:info] GET /retro-engine.js 304 Not Modified (33ms)
[wrangler:info] GET /presentation-engine.js 304 Not Modified (36ms)
[wrangler:info] GET /legacy-data/catalog.generated.js 200 OK (37ms)
[wrangler:info] GET /challenge.js 304 Not Modified (26ms)
[wrangler:info] GET /app.js 304 Not Modified (42ms)
[wrangler:info] GET /analytics.js 304 Not Modified (20ms)
[wrangler:info] GET /assets/retro-world-cup-2018.png 304 Not Modified (13ms)
{"type":"worker-request","timestamp":"2026-07-26T15:29:07.167Z","requestId":"bac3e2f5-f57a-4d95-a9b9-7af531e7b149","method":"GET","route":"/api/challenge"}
{"type":"worker-request-complete","timestamp":"2026-07-26T15:29:07.210Z","requestId":"bac3e2f5-f57a-4d95-a9b9-7af531e7b149","method":"GET","route":"/api/challenge","status":200,"elapsedMs":43}
[wrangler:info] GET /api/challenge 200 OK (48ms)
{"type":"worker-request","timestamp":"2026-07-26T15:29:07.223Z","requestId":"5df19c82-6389-46b1-aaed-b03b98865f59","method":"POST","route":"/api/challenge/achievements/retro-2014"}
{"type":"worker-request-complete","timestamp":"2026-07-26T15:29:07.238Z","requestId":"5df19c82-6389-46b1-aaed-b03b98865f59","method":"POST","route":"/api/challenge/achievements/retro-2014","status":200,"elapsedMs":15}
[wrangler:info] POST /api/challenge/achievements/retro-2014 200 OK (21ms)
{"type":"worker-request","timestamp":"2026-07-26T15:29:37.756Z","requestId":"fc815a9c-4119-42d7-b3d4-5d2db9584450","method":"GET","route":"/custom-tournament"}
{"type":"worker-request-complete","timestamp":"2026-07-26T15:29:37.758Z","requestId":"fc815a9c-4119-42d7-b3d4-5d2db9584450","method":"GET","route":"/custom-tournament","status":200,"elapsedMs":2}
[wrangler:info] GET /custom-tournament 200 OK (10ms)
[wrangler:info] GET /analytics.js 304 Not Modified (7ms)
[wrangler:info] GET /clean.css 304 Not Modified (10ms)
[wrangler:info] GET /assets/flags/palestine.svg 304 Not Modified (14ms)
[wrangler:info] GET /assets/retro-world-cup-2014.png 304 Not Modified (16ms)
[wrangler:info] GET /data.js 304 Not Modified (9ms)
[wrangler:info] GET /player-pools.generated.js 304 Not Modified (8ms)
[wrangler:info] GET /retro-data.js 304 Not Modified (12ms)
[wrangler:info] GET /retro-2010-squads.js 304 Not Modified (11ms)
[wrangler:info] GET /retro-2010-schedule.js 304 Not Modified (14ms)
[wrangler:info] GET /retro-2014-schedule.js 304 Not Modified (11ms)
[wrangler:info] GET /retro-2014-squads.js 304 Not Modified (21ms)
[wrangler:info] GET /retro-2018-squads.js 304 Not Modified (23ms)
[wrangler:info] GET /retro-2018-schedule.js 304 Not Modified (28ms)
[wrangler:info] GET /presentation-engine.js 304 Not Modified (15ms)
[wrangler:info] GET /retro-2022-squads.js 304 Not Modified (35ms)
[wrangler:info] GET /retro-2022-schedule.js 304 Not Modified (34ms)
[wrangler:info] GET /retro-engine.js 304 Not Modified (33ms)
[wrangler:info] GET /simulation-engine.js 304 Not Modified (29ms)
[wrangler:info] GET /app.js 304 Not Modified (30ms)
[wrangler:info] GET /legacy-data/catalog.generated.js 304 Not Modified (35ms)
[wrangler:info] GET /challenge.js 304 Not Modified (32ms)
[wrangler:info] GET /assets/retro-world-cup-2018.png 304 Not Modified (6ms)
{"type":"worker-request","timestamp":"2026-07-26T15:29:38.076Z","requestId":"40c181a8-b68b-4d85-8c53-b829324d57ac","method":"GET","route":"/api/challenge"}
{"type":"worker-request-complete","timestamp":"2026-07-26T15:29:38.108Z","requestId":"40c181a8-b68b-4d85-8c53-b829324d57ac","method":"GET","route":"/api/challenge","status":200,"elapsedMs":32}
[wrangler:info] GET /api/challenge 200 OK (36ms)
{"type":"worker-request","timestamp":"2026-07-26T15:29:38.118Z","requestId":"e016371e-06a4-4164-b8d3-45a30fd91cf4","method":"POST","route":"/api/challenge/achievements/retro-2014"}
{"type":"worker-request-complete","timestamp":"2026-07-26T15:29:38.130Z","requestId":"e016371e-06a4-4164-b8d3-45a30fd91cf4","method":"POST","route":"/api/challenge/achievements/retro-2014","status":200,"elapsedMs":12}
[wrangler:info] POST /api/challenge/achievements/retro-2014 200 OK (20ms)
⎔ Reloading local server...
[wrangler:info] ✨ Parsed 3 valid header rules.
⎔ Local server updated and ready
⎔ Reloading local server...
[wrangler:info] ✨ Parsed 3 valid header rules.
⎔ Local server updated and ready
{"type":"worker-request","timestamp":"2026-07-26T15:46:48.890Z","requestId":"a367bc29-ee3d-4e58-8cc8-2fc45bb76e0e","method":"GET","route":"/custom-tournament"}
{"type":"worker-request-complete","timestamp":"2026-07-26T15:46:48.976Z","requestId":"a367bc29-ee3d-4e58-8cc8-2fc45bb76e0e","method":"GET","route":"/custom-tournament","status":200,"elapsedMs":86}
[wrangler:info] GET /custom-tournament 200 OK (96ms)
[wrangler:info] GET /analytics.js 304 Not Modified (10ms)
[wrangler:info] GET /clean.css 200 OK (26ms)
[wrangler:info] GET /assets/flags/palestine.svg 304 Not Modified (29ms)
[wrangler:info] GET /assets/retro-world-cup-2014.png 304 Not Modified (47ms)
[wrangler:info] GET /player-pools.generated.js 304 Not Modified (35ms)
[wrangler:info] GET /data.js 304 Not Modified (68ms)
[wrangler:info] GET /retro-data.js 304 Not Modified (96ms)
[wrangler:info] GET /retro-2010-squads.js 304 Not Modified (166ms)
[wrangler:info] GET /retro-2010-schedule.js 304 Not Modified (190ms)
[wrangler:info] GET /retro-2014-schedule.js 304 Not Modified (191ms)
[wrangler:info] GET /retro-2018-squads.js 304 Not Modified (207ms)
[wrangler:info] GET /retro-2018-schedule.js 304 Not Modified (200ms)
[wrangler:info] GET /retro-2022-squads.js 304 Not Modified (186ms)
[wrangler:info] GET /retro-2014-squads.js 304 Not Modified (393ms)
[wrangler:info] GET /retro-2022-schedule.js 304 Not Modified (235ms)
[wrangler:info] GET /retro-engine.js 304 Not Modified (244ms)
[wrangler:info] GET /presentation-engine.js 304 Not Modified (231ms)
[wrangler:info] GET /simulation-engine.js 304 Not Modified (255ms)
[wrangler:info] GET /legacy-data/catalog.generated.js 200 OK (228ms)
[wrangler:info] GET /app.js 304 Not Modified (378ms)
[wrangler:info] GET /challenge.js 304 Not Modified (389ms)
[wrangler:info] GET /assets/retro-world-cup-2018.png 304 Not Modified (17ms)
{"type":"worker-request","timestamp":"2026-07-26T15:46:50.177Z","requestId":"abe5b109-281b-4193-afd8-b21de584cfe8","method":"GET","route":"/api/challenge"}
{"type":"worker-request-complete","timestamp":"2026-07-26T15:46:50.230Z","requestId":"abe5b109-281b-4193-afd8-b21de584cfe8","method":"GET","route":"/api/challenge","status":200,"elapsedMs":53}
[wrangler:info] GET /api/challenge 200 OK (56ms)
{"type":"worker-request","timestamp":"2026-07-26T15:46:50.240Z","requestId":"8dbbe2ef-b554-432a-99b4-3fed74049849","method":"POST","route":"/api/challenge/achievements/retro-2014"}
{"type":"worker-request-complete","timestamp":"2026-07-26T15:46:50.255Z","requestId":"8dbbe2ef-b554-432a-99b4-3fed74049849","method":"POST","route":"/api/challenge/achievements/retro-2014","status":200,"elapsedMs":15}
[wrangler:info] POST /api/challenge/achievements/retro-2014 200 OK (21ms)
⎔ Reloading local server...
[wrangler:info] ✨ Parsed 3 valid header rules.
⎔ Local server updated and ready
⎔ Reloading local server...
[wrangler:info] ✨ Parsed 3 valid header rules.
⎔ Local server updated and ready
{"type":"worker-request","timestamp":"2026-07-26T15:58:27.777Z","requestId":"e12acd02-fccb-4303-977d-48606415d237","method":"GET","route":"/"}
{"type":"worker-request-complete","timestamp":"2026-07-26T15:58:27.845Z","requestId":"e12acd02-fccb-4303-977d-48606415d237","method":"GET","route":"/","status":200,"elapsedMs":68}
[wrangler:info] GET / 200 OK (77ms)
[wrangler:info] GET /analytics.js 304 Not Modified (13ms)
[wrangler:info] GET /clean.css 200 OK (28ms)
[wrangler:info] GET /assets/flags/palestine.svg 304 Not Modified (28ms)
[wrangler:info] GET /assets/retro-world-cup-2014.png 304 Not Modified (45ms)
[wrangler:info] GET /player-pools.generated.js 304 Not Modified (55ms)
[wrangler:info] GET /data.js 304 Not Modified (86ms)
[wrangler:info] GET /retro-data.js 304 Not Modified (123ms)
[wrangler:info] GET /retro-2010-squads.js 304 Not Modified (190ms)
[wrangler:info] GET /retro-2010-schedule.js 304 Not Modified (211ms)
[wrangler:info] GET /retro-2014-schedule.js 304 Not Modified (190ms)
[wrangler:info] GET /retro-2018-squads.js 304 Not Modified (205ms)
[wrangler:info] GET /retro-2018-schedule.js 304 Not Modified (194ms)
[wrangler:info] GET /retro-2022-squads.js 304 Not Modified (181ms)
[wrangler:info] GET /retro-2014-squads.js 304 Not Modified (421ms)
[wrangler:info] GET /retro-2022-schedule.js 304 Not Modified (241ms)
[wrangler:info] GET /retro-engine.js 304 Not Modified (252ms)
[wrangler:info] GET /presentation-engine.js 304 Not Modified (237ms)
[wrangler:info] GET /simulation-engine.js 304 Not Modified (256ms)
[wrangler:info] GET /legacy-data/catalog.generated.js 200 OK (227ms)
[wrangler:info] GET /app.js 304 Not Modified (365ms)
[wrangler:info] GET /challenge.js 304 Not Modified (369ms)
[wrangler:info] GET /assets/retro-world-cup-2018.png 304 Not Modified (13ms)
{"type":"worker-request","timestamp":"2026-07-26T15:58:28.988Z","requestId":"e3d8e064-68e4-4afb-aaf3-8cb1d633af39","method":"GET","route":"/api/challenge"}
{"type":"worker-request-complete","timestamp":"2026-07-26T15:58:29.036Z","requestId":"e3d8e064-68e4-4afb-aaf3-8cb1d633af39","method":"GET","route":"/api/challenge","status":200,"elapsedMs":48}
[wrangler:info] GET /api/challenge 200 OK (52ms)
{"type":"worker-request","timestamp":"2026-07-26T15:58:29.049Z","requestId":"2e75de81-cb9a-44c6-869d-455a44b79686","method":"POST","route":"/api/challenge/achievements/retro-2014"}
{"type":"worker-request-complete","timestamp":"2026-07-26T15:58:29.062Z","requestId":"2e75de81-cb9a-44c6-869d-455a44b79686","method":"POST","route":"/api/challenge/achievements/retro-2014","status":200,"elapsedMs":13}
[wrangler:info] POST /api/challenge/achievements/retro-2014 200 OK (21ms)
{"type":"worker-request","timestamp":"2026-07-26T16:00:18.525Z","requestId":"9825621a-82d8-4720-a12c-0e78fa69f27e","method":"GET","route":"/"}
{"type":"worker-request-complete","timestamp":"2026-07-26T16:00:18.527Z","requestId":"9825621a-82d8-4720-a12c-0e78fa69f27e","method":"GET","route":"/","status":200,"elapsedMs":2}
[wrangler:info] GET / 200 OK (13ms)
[wrangler:info] GET /analytics.js 304 Not Modified (5ms)
[wrangler:info] GET /clean.css 304 Not Modified (21ms)
[wrangler:info] GET /assets/flags/palestine.svg 304 Not Modified (19ms)
[wrangler:info] GET /assets/retro-world-cup-2014.png 304 Not Modified (19ms)
[wrangler:info] GET /player-pools.generated.js 304 Not Modified (14ms)
[wrangler:info] GET /data.js 304 Not Modified (35ms)
[wrangler:info] GET /retro-data.js 304 Not Modified (35ms)
[wrangler:info] GET /retro-2010-squads.js 304 Not Modified (51ms)
[wrangler:info] GET /retro-2010-schedule.js 304 Not Modified (56ms)
[wrangler:info] GET /retro-2014-squads.js 304 Not Modified (52ms)
[wrangler:info] GET /retro-2014-schedule.js 304 Not Modified (54ms)
[wrangler:info] GET /retro-2018-schedule.js 304 Not Modified (34ms)
[wrangler:info] GET /retro-2018-squads.js 304 Not Modified (38ms)
[wrangler:info] GET /retro-2022-squads.js 304 Not Modified (38ms)
[wrangler:info] GET /retro-engine.js 304 Not Modified (35ms)
[wrangler:info] GET /retro-2022-schedule.js 304 Not Modified (41ms)
[wrangler:info] GET /presentation-engine.js 304 Not Modified (34ms)
[wrangler:info] GET /simulation-engine.js 304 Not Modified (26ms)
[wrangler:info] GET /legacy-data/catalog.generated.js 304 Not Modified (32ms)
[wrangler:info] GET /challenge.js 304 Not Modified (23ms)
[wrangler:info] GET /app.js 304 Not Modified (41ms)
[wrangler:info] GET /assets/retro-world-cup-2018.png 304 Not Modified (5ms)
{"type":"worker-request","timestamp":"2026-07-26T16:00:18.934Z","requestId":"72007bcf-8673-426f-b59c-06fc85dbc330","method":"GET","route":"/api/challenge"}
{"type":"worker-request-complete","timestamp":"2026-07-26T16:00:18.982Z","requestId":"72007bcf-8673-426f-b59c-06fc85dbc330","method":"GET","route":"/api/challenge","status":200,"elapsedMs":48}
[wrangler:info] GET /api/challenge 200 OK (60ms)
{"type":"worker-request","timestamp":"2026-07-26T16:00:18.991Z","requestId":"0f9111ac-ca3e-434d-b852-ca7f32d45f3b","method":"POST","route":"/api/challenge/achievements/retro-2014"}
{"type":"worker-request-complete","timestamp":"2026-07-26T16:00:19.011Z","requestId":"0f9111ac-ca3e-434d-b852-ca7f32d45f3b","method":"POST","route":"/api/challenge/achievements/retro-2014","status":200,"elapsedMs":20}
[wrangler:info] POST /api/challenge/achievements/retro-2014 200 OK (27ms)
{"type":"worker-request","timestamp":"2026-07-26T16:11:49.384Z","requestId":"3a1a09dd-e585-472c-ad53-6e06e2864a94","method":"GET","route":"/custom-tournament"}
{"type":"worker-request-complete","timestamp":"2026-07-26T16:11:49.446Z","requestId":"3a1a09dd-e585-472c-ad53-6e06e2864a94","method":"GET","route":"/custom-tournament","status":200,"elapsedMs":62}
[wrangler:info] GET /custom-tournament 200 OK (75ms)
[wrangler:info] GET /analytics.js 304 Not Modified (19ms)
[wrangler:info] GET /clean.css 304 Not Modified (34ms)
[wrangler:info] GET /assets/flags/palestine.svg 304 Not Modified (52ms)
[wrangler:info] GET /assets/retro-world-cup-2014.png 304 Not Modified (56ms)
[wrangler:info] GET /player-pools.generated.js 304 Not Modified (62ms)
[wrangler:info] GET /data.js 304 Not Modified (91ms)
[wrangler:info] GET /retro-data.js 304 Not Modified (124ms)
[wrangler:info] GET /retro-2010-squads.js 304 Not Modified (185ms)
[wrangler:info] GET /retro-2010-schedule.js 304 Not Modified (205ms)
[wrangler:info] GET /retro-2014-schedule.js 304 Not Modified (174ms)
[wrangler:info] GET /retro-2018-squads.js 304 Not Modified (184ms)
[wrangler:info] GET /retro-2018-schedule.js 304 Not Modified (174ms)
[wrangler:info] GET /retro-2022-squads.js 304 Not Modified (169ms)
[wrangler:info] GET /retro-2014-squads.js 304 Not Modified (393ms)
[wrangler:info] GET /retro-2022-schedule.js 304 Not Modified (218ms)
[wrangler:info] GET /retro-engine.js 304 Not Modified (231ms)
[wrangler:info] GET /presentation-engine.js 304 Not Modified (225ms)
[wrangler:info] GET /simulation-engine.js 304 Not Modified (249ms)
[wrangler:info] GET /legacy-data/catalog.generated.js 304 Not Modified (221ms)
[wrangler:info] GET /app.js 304 Not Modified (363ms)
[wrangler:info] GET /challenge.js 304 Not Modified (375ms)
[wrangler:info] GET /assets/retro-world-cup-2018.png 304 Not Modified (25ms)
{"type":"worker-request","timestamp":"2026-07-26T16:11:50.563Z","requestId":"9e9114a4-cb64-4de6-be4e-485c4881424f","method":"GET","route":"/api/challenge"}
{"type":"worker-request-complete","timestamp":"2026-07-26T16:11:50.594Z","requestId":"9e9114a4-cb64-4de6-be4e-485c4881424f","method":"GET","route":"/api/challenge","status":200,"elapsedMs":31}
[wrangler:info] GET /api/challenge 200 OK (34ms)
{"type":"worker-request","timestamp":"2026-07-26T16:11:50.602Z","requestId":"6ccd9409-31a4-423b-b7a4-1f518f0117cd","method":"POST","route":"/api/challenge/achievements/retro-2014"}
{"type":"worker-request-complete","timestamp":"2026-07-26T16:11:50.616Z","requestId":"6ccd9409-31a4-423b-b7a4-1f518f0117cd","method":"POST","route":"/api/challenge/achievements/retro-2014","status":200,"elapsedMs":14}
[wrangler:info] POST /api/challenge/achievements/retro-2014 200 OK (18ms)
{"type":"worker-request","timestamp":"2026-07-26T16:13:10.670Z","requestId":"18002e3f-8797-4ee3-be1a-1752c9f2ecae","method":"GET","route":"/"}
{"type":"worker-request-complete","timestamp":"2026-07-26T16:13:10.674Z","requestId":"18002e3f-8797-4ee3-be1a-1752c9f2ecae","method":"GET","route":"/","status":200,"elapsedMs":4}
[wrangler:info] GET / 200 OK (10ms)
[wrangler:info] GET /clean.css 200 OK (39ms)
[wrangler:info] GET /assets/flags/palestine.svg 304 Not Modified (60ms)
[wrangler:info] GET /assets/retro-world-cup-2014.png 304 Not Modified (52ms)
[wrangler:info] GET /player-pools.generated.js 304 Not Modified (24ms)
[wrangler:info] GET /data.js 304 Not Modified (49ms)
[wrangler:info] GET /retro-2010-squads.js 304 Not Modified (47ms)
[wrangler:info] GET /retro-data.js 304 Not Modified (124ms)
[wrangler:info] GET /retro-2010-schedule.js 304 Not Modified (90ms)
[wrangler:info] GET /retro-2014-squads.js 304 Not Modified (5ms)
[wrangler:info] GET /retro-2014-schedule.js 304 Not Modified (16ms)
[wrangler:info] GET /retro-2018-squads.js 304 Not Modified (17ms)
[wrangler:info] GET /retro-2018-schedule.js 304 Not Modified (16ms)
[wrangler:info] GET /retro-2022-squads.js 304 Not Modified (6ms)
[wrangler:info] GET /retro-2022-schedule.js 304 Not Modified (9ms)
[wrangler:info] GET /retro-engine.js 304 Not Modified (25ms)
[wrangler:info] GET /presentation-engine.js 304 Not Modified (62ms)
[wrangler:info] GET /legacy-data/catalog.generated.js 200 OK (47ms)
[wrangler:info] GET /app.js 304 Not Modified (48ms)
[wrangler:info] GET /simulation-engine.js 304 Not Modified (68ms)
[wrangler:info] GET /analytics.js 304 Not Modified (36ms)
[wrangler:info] GET /challenge.js 304 Not Modified (53ms)
[wrangler:info] GET /assets/world-cup-2026-logo.png 304 Not Modified (11ms)
{"type":"worker-request","timestamp":"2026-07-26T16:13:11.348Z","requestId":"0f8d7244-87f8-4865-832e-4499c69f0273","method":"GET","route":"/api/challenge"}
{"type":"worker-request-complete","timestamp":"2026-07-26T16:13:11.383Z","requestId":"0f8d7244-87f8-4865-832e-4499c69f0273","method":"GET","route":"/api/challenge","status":200,"elapsedMs":35}
[wrangler:info] GET /api/challenge 200 OK (39ms)
⎔ Reloading local server...
[wrangler:info] ✨ Parsed 3 valid header rules.
⎔ Local server updated and ready
⎔ Reloading local server...
[wrangler:info] ✨ Parsed 3 valid header rules.
⎔ Local server updated and ready
⎔ Reloading local server...
[wrangler:info] ✨ Parsed 3 valid header rules.
⎔ Local server updated and ready
{"type":"worker-request","timestamp":"2026-07-26T16:14:39.726Z","requestId":"5a887e42-3ba0-40d7-b544-5dc660dd9fa8","method":"GET","route":"/qa-responsive.html"}
{"type":"worker-request-complete","timestamp":"2026-07-26T16:14:39.731Z","requestId":"5a887e42-3ba0-40d7-b544-5dc660dd9fa8","method":"GET","route":"/qa-responsive.html","status":307,"elapsedMs":6}
[wrangler:info] GET /qa-responsive.html 307 Temporary Redirect (13ms)
[wrangler:info] GET /qa-responsive 200 OK (5ms)
{"type":"worker-request","timestamp":"2026-07-26T16:14:39.778Z","requestId":"f0a4cbef-2ad7-406f-8329-7bc7b3296cf0","method":"GET","route":"/custom-tournament"}
{"type":"worker-request-complete","timestamp":"2026-07-26T16:14:39.810Z","requestId":"f0a4cbef-2ad7-406f-8329-7bc7b3296cf0","method":"GET","route":"/custom-tournament","status":200,"elapsedMs":32}
[wrangler:info] GET /custom-tournament 200 OK (35ms)
{"type":"worker-request","timestamp":"2026-07-26T16:14:39.813Z","requestId":"400fdbc0-5af1-48b1-9d28-0b47afb31056","method":"GET","route":"/custom-tournament"}
{"type":"worker-request-complete","timestamp":"2026-07-26T16:14:39.815Z","requestId":"400fdbc0-5af1-48b1-9d28-0b47afb31056","method":"GET","route":"/custom-tournament","status":200,"elapsedMs":2}
[wrangler:info] GET /custom-tournament 200 OK (39ms)
⎔ Reloading local server...
[wrangler:info] ✨ Parsed 3 valid header rules.
⎔ Local server updated and ready
⎔ Reloading local server...
[wrangler:info] ✨ Parsed 3 valid header rules.
⎔ Local server updated and ready
⎔ Reloading local server...
[wrangler:info] ✨ Parsed 3 valid header rules.
⎔ Local server updated and ready
{"type":"worker-request","timestamp":"2026-07-26T16:15:51.144Z","requestId":"4b3af06b-995c-4c0d-b8d8-08fc0e04761f","method":"GET","route":"/custom-tournament"}
{"type":"worker-request-complete","timestamp":"2026-07-26T16:15:51.250Z","requestId":"4b3af06b-995c-4c0d-b8d8-08fc0e04761f","method":"GET","route":"/custom-tournament","status":200,"elapsedMs":106}
[wrangler:info] GET /custom-tournament 200 OK (125ms)
[wrangler:info] GET /clean.css 200 OK (29ms)
[wrangler:info] GET /assets/flags/palestine.svg 304 Not Modified (39ms)
[wrangler:info] GET /assets/retro-world-cup-2014.png 304 Not Modified (65ms)
[wrangler:info] GET /retro-2010-squads.js 304 Not Modified (78ms)
[wrangler:info] GET /player-pools.generated.js 304 Not Modified (164ms)
[wrangler:info] GET /retro-2010-schedule.js 304 Not Modified (172ms)
[wrangler:info] GET /data.js 304 Not Modified (259ms)
[wrangler:info] GET /retro-2014-squads.js 304 Not Modified (216ms)
[wrangler:info] GET /retro-2014-schedule.js 304 Not Modified (197ms)
[wrangler:info] GET /retro-data.js 304 Not Modified (399ms)
[wrangler:info] GET /retro-2018-squads.js 304 Not Modified (221ms)
[wrangler:info] GET /retro-2018-schedule.js 304 Not Modified (216ms)
[wrangler:info] GET /retro-2022-squads.js 304 Not Modified (202ms)
[wrangler:info] GET /retro-2022-schedule.js 304 Not Modified (204ms)
[wrangler:info] GET /retro-engine.js 304 Not Modified (216ms)
[wrangler:info] GET /presentation-engine.js 304 Not Modified (197ms)
[wrangler:info] GET /simulation-engine.js 304 Not Modified (203ms)
[wrangler:info] GET /legacy-data/catalog.generated.js 200 OK (182ms)
[wrangler:info] GET /app.js 304 Not Modified (351ms)
[wrangler:info] GET /analytics.js 304 Not Modified (315ms)
[wrangler:info] GET /challenge.js 304 Not Modified (360ms)
[wrangler:info] GET /assets/world-cup-2026-logo.png 304 Not Modified (16ms)
{"type":"worker-request","timestamp":"2026-07-26T16:15:52.438Z","requestId":"53a18b47-65a0-45f9-ac9b-16d681201f01","method":"GET","route":"/api/challenge"}
{"type":"worker-request-complete","timestamp":"2026-07-26T16:15:52.467Z","requestId":"53a18b47-65a0-45f9-ac9b-16d681201f01","method":"GET","route":"/api/challenge","status":200,"elapsedMs":29}
[wrangler:info] GET /api/challenge 200 OK (34ms)
{"type":"worker-request","timestamp":"2026-07-26T16:16:19.058Z","requestId":"2f7e093c-c260-44ae-8e89-cb2fb067c132","method":"GET","route":"/custom-tournament"}
{"type":"worker-request-complete","timestamp":"2026-07-26T16:16:19.061Z","requestId":"2f7e093c-c260-44ae-8e89-cb2fb067c132","method":"GET","route":"/custom-tournament","status":200,"elapsedMs":3}
[wrangler:info] GET /custom-tournament 200 OK (13ms)
[wrangler:info] GET /clean.css 200 OK (23ms)
[wrangler:info] GET /analytics.js 304 Not Modified (64ms)
[wrangler:info] GET /assets/flags/palestine.svg 304 Not Modified (71ms)
[wrangler:info] GET /assets/retro-world-cup-2014.png 304 Not Modified (50ms)
[wrangler:info] GET /player-pools.generated.js 304 Not Modified (64ms)
[wrangler:info] GET /data.js 304 Not Modified (85ms)
[wrangler:info] GET /retro-data.js 304 Not Modified (86ms)
[wrangler:info] GET /retro-2014-squads.js 304 Not Modified (28ms)
[wrangler:info] GET /retro-2010-squads.js 304 Not Modified (62ms)
[wrangler:info] GET /retro-2014-schedule.js 304 Not Modified (32ms)
[wrangler:info] GET /retro-2018-squads.js 304 Not Modified (47ms)
[wrangler:info] GET /retro-2010-schedule.js 304 Not Modified (100ms)
[wrangler:info] GET /retro-2022-squads.js 304 Not Modified (32ms)
[wrangler:info] GET /retro-2022-schedule.js 304 Not Modified (35ms)
[wrangler:info] GET /retro-2018-schedule.js 304 Not Modified (53ms)
[wrangler:info] GET /presentation-engine.js 304 Not Modified (29ms)
[wrangler:info] GET /retro-engine.js 304 Not Modified (32ms)
[wrangler:info] GET /legacy-data/catalog.generated.js 200 OK (22ms)
[wrangler:info] GET /simulation-engine.js 304 Not Modified (29ms)
[wrangler:info] GET /app.js 304 Not Modified (30ms)
[wrangler:info] GET /challenge.js 304 Not Modified (27ms)
[wrangler:info] GET /assets/retro-world-cup-2018.png 304 Not Modified (15ms)
{"type":"worker-request","timestamp":"2026-07-26T16:16:19.581Z","requestId":"cdde99d4-93c7-4345-b69c-0ea81bf4c75a","method":"GET","route":"/api/challenge"}
{"type":"worker-request-complete","timestamp":"2026-07-26T16:16:19.703Z","requestId":"cdde99d4-93c7-4345-b69c-0ea81bf4c75a","method":"GET","route":"/api/challenge","status":200,"elapsedMs":122}
[wrangler:info] GET /api/challenge 200 OK (131ms)
{"type":"worker-request","timestamp":"2026-07-26T16:16:19.720Z","requestId":"ca4bfd50-5ee2-401e-b09c-42f35f7b63f5","method":"POST","route":"/api/challenge/achievements/retro-2014"}
{"type":"worker-request-complete","timestamp":"2026-07-26T16:16:19.747Z","requestId":"ca4bfd50-5ee2-401e-b09c-42f35f7b63f5","method":"POST","route":"/api/challenge/achievements/retro-2014","status":200,"elapsedMs":27}
[wrangler:info] POST /api/challenge/achievements/retro-2014 200 OK (35ms)
[wrangler:info] GET /assets/retro-world-cup-2006.png 304 Not Modified (13ms)
⎔ Reloading local server...
[wrangler:info] ✨ Parsed 3 valid header rules.
⎔ Local server updated and ready
{"type":"worker-request","timestamp":"2026-07-26T16:28:23.794Z","requestId":"232a25c4-370a-48d9-b422-7cefe8d5d27e","method":"GET","route":"/custom-tournament"}
{"type":"worker-request-complete","timestamp":"2026-07-26T16:28:23.870Z","requestId":"232a25c4-370a-48d9-b422-7cefe8d5d27e","method":"GET","route":"/custom-tournament","status":200,"elapsedMs":76}
[wrangler:info] GET /custom-tournament 200 OK (84ms)
[wrangler:info] GET /analytics.js 304 Not Modified (11ms)
[wrangler:info] GET /clean.css 200 OK (24ms)
[wrangler:info] GET /assets/flags/palestine.svg 304 Not Modified (28ms)
[wrangler:info] GET /assets/retro-world-cup-2014.png 304 Not Modified (43ms)
[wrangler:info] GET /player-pools.generated.js 304 Not Modified (36ms)
[wrangler:info] GET /data.js 304 Not Modified (61ms)
[wrangler:info] GET /retro-data.js 304 Not Modified (89ms)
[wrangler:info] GET /retro-2010-squads.js 304 Not Modified (152ms)
[wrangler:info] GET /retro-2010-schedule.js 304 Not Modified (179ms)
[wrangler:info] GET /retro-2014-schedule.js 304 Not Modified (177ms)
[wrangler:info] GET /retro-2018-squads.js 304 Not Modified (197ms)
[wrangler:info] GET /retro-2018-schedule.js 304 Not Modified (189ms)
[wrangler:info] GET /retro-2022-squads.js 304 Not Modified (179ms)
[wrangler:info] GET /retro-2014-squads.js 304 Not Modified (374ms)
[wrangler:info] GET /retro-2022-schedule.js 304 Not Modified (227ms)
[wrangler:info] GET /retro-engine.js 304 Not Modified (229ms)
[wrangler:info] GET /presentation-engine.js 304 Not Modified (214ms)
[wrangler:info] GET /simulation-engine.js 304 Not Modified (232ms)
[wrangler:info] GET /legacy-data/catalog.generated.js 200 OK (201ms)
[wrangler:info] GET /app.js 304 Not Modified (332ms)
[wrangler:info] GET /challenge.js 304 Not Modified (338ms)
[wrangler:info] GET /assets/retro-world-cup-2006.png 304 Not Modified (12ms)
{"type":"worker-request","timestamp":"2026-07-26T16:28:24.948Z","requestId":"a76b84d2-1a8c-4d35-b214-1564dc18bfdc","method":"GET","route":"/api/challenge"}
{"type":"worker-request-complete","timestamp":"2026-07-26T16:28:25.006Z","requestId":"a76b84d2-1a8c-4d35-b214-1564dc18bfdc","method":"GET","route":"/api/challenge","status":200,"elapsedMs":58}
[wrangler:info] GET /api/challenge 200 OK (62ms)
{"type":"worker-request","timestamp":"2026-07-26T16:28:25.018Z","requestId":"b7b5a49d-d58c-4de9-92d7-983e9da8e0e8","method":"POST","route":"/api/challenge/achievements/retro-2014"}
{"type":"worker-request-complete","timestamp":"2026-07-26T16:28:25.034Z","requestId":"b7b5a49d-d58c-4de9-92d7-983e9da8e0e8","method":"POST","route":"/api/challenge/achievements/retro-2014","status":200,"elapsedMs":16}
[wrangler:info] POST /api/challenge/achievements/retro-2014 200 OK (23ms)
{"type":"worker-request","timestamp":"2026-07-26T16:31:40.880Z","requestId":"e72f2736-05bb-45d4-a5e2-1ac09c83d4e1","method":"GET","route":"/custom-tournament"}
{"type":"worker-request-complete","timestamp":"2026-07-26T16:31:40.886Z","requestId":"e72f2736-05bb-45d4-a5e2-1ac09c83d4e1","method":"GET","route":"/custom-tournament","status":200,"elapsedMs":6}
[wrangler:info] GET /custom-tournament 200 OK (11ms)
[wrangler:info] GET /analytics.js 304 Not Modified (11ms)
[wrangler:info] GET /clean.css 304 Not Modified (12ms)
[wrangler:info] GET /assets/flags/palestine.svg 304 Not Modified (8ms)
[wrangler:info] GET /assets/retro-world-cup-2014.png 304 Not Modified (11ms)
[wrangler:info] GET /player-pools.generated.js 304 Not Modified (21ms)
[wrangler:info] GET /data.js 304 Not Modified (33ms)
[wrangler:info] GET /retro-data.js 304 Not Modified (34ms)
[wrangler:info] GET /retro-2010-squads.js 304 Not Modified (47ms)
[wrangler:info] GET /retro-2014-squads.js 304 Not Modified (47ms)
[wrangler:info] GET /retro-2010-schedule.js 304 Not Modified (68ms)
[wrangler:info] GET /retro-2014-schedule.js 304 Not Modified (44ms)
[wrangler:info] GET /retro-2018-squads.js 304 Not Modified (43ms)
[wrangler:info] GET /retro-2018-schedule.js 304 Not Modified (55ms)
[wrangler:info] GET /retro-2022-squads.js 304 Not Modified (40ms)
[wrangler:info] GET /retro-2022-schedule.js 304 Not Modified (40ms)
[wrangler:info] GET /retro-engine.js 304 Not Modified (42ms)
[wrangler:info] GET /presentation-engine.js 304 Not Modified (42ms)
[wrangler:info] GET /simulation-engine.js 304 Not Modified (35ms)
[wrangler:info] GET /legacy-data/catalog.generated.js 304 Not Modified (36ms)
[wrangler:info] GET /challenge.js 304 Not Modified (32ms)
[wrangler:info] GET /app.js 304 Not Modified (38ms)
[wrangler:info] GET /assets/retro-world-cup-2006.png 304 Not Modified (7ms)
{"type":"worker-request","timestamp":"2026-07-26T16:31:41.311Z","requestId":"e35a016d-7ca2-41c9-b4f8-430de141d151","method":"GET","route":"/api/challenge"}
{"type":"worker-request-complete","timestamp":"2026-07-26T16:31:41.347Z","requestId":"e35a016d-7ca2-41c9-b4f8-430de141d151","method":"GET","route":"/api/challenge","status":200,"elapsedMs":36}
[wrangler:info] GET /api/challenge 200 OK (42ms)
{"type":"worker-request","timestamp":"2026-07-26T16:31:41.358Z","requestId":"b165f92c-db13-4590-8de1-d536f8700b32","method":"POST","route":"/api/challenge/achievements/retro-2014"}
{"type":"worker-request-complete","timestamp":"2026-07-26T16:31:41.374Z","requestId":"b165f92c-db13-4590-8de1-d536f8700b32","method":"POST","route":"/api/challenge/achievements/retro-2014","status":200,"elapsedMs":16}
[wrangler:info] POST /api/challenge/achievements/retro-2014 200 OK (21ms)
⎔ Reloading local server...
[wrangler:info] ✨ Parsed 3 valid header rules.
⎔ Local server updated and ready
⎔ Reloading local server...
[wrangler:info] ✨ Parsed 3 valid header rules.
⎔ Local server updated and ready
{"type":"worker-request","timestamp":"2026-07-26T16:32:59.438Z","requestId":"926f6e8e-6105-4866-adf9-047ff958e3bb","method":"GET","route":"/custom-tournament"}
{"type":"worker-request-complete","timestamp":"2026-07-26T16:32:59.479Z","requestId":"926f6e8e-6105-4866-adf9-047ff958e3bb","method":"GET","route":"/custom-tournament","status":200,"elapsedMs":41}
[wrangler:info] GET /custom-tournament 200 OK (48ms)
[wrangler:info] GET /clean.css 200 OK (19ms)
[wrangler:info] GET /player-pools.generated.js 304 Not Modified (39ms)
[wrangler:info] GET /assets/flags/palestine.svg 304 Not Modified (43ms)
[wrangler:info] GET /assets/retro-world-cup-2014.png 304 Not Modified (56ms)
[wrangler:info] GET /data.js 304 Not Modified (75ms)
[wrangler:info] GET /retro-2010-squads.js 304 Not Modified (114ms)
[wrangler:info] GET /retro-data.js 304 Not Modified (165ms)
[wrangler:info] GET /retro-2014-squads.js 304 Not Modified (171ms)
[wrangler:info] GET /retro-2010-schedule.js 304 Not Modified (200ms)
[wrangler:info] GET /retro-2014-schedule.js 304 Not Modified (210ms)
[wrangler:info] GET /retro-2018-squads.js 304 Not Modified (238ms)
[wrangler:info] GET /retro-2018-schedule.js 304 Not Modified (213ms)
[wrangler:info] GET /retro-2022-squads.js 304 Not Modified (223ms)
[wrangler:info] GET /retro-2022-schedule.js 304 Not Modified (202ms)
[wrangler:info] GET /retro-engine.js 304 Not Modified (209ms)
[wrangler:info] GET /presentation-engine.js 304 Not Modified (219ms)
[wrangler:info] GET /simulation-engine.js 304 Not Modified (226ms)
[wrangler:info] GET /legacy-data/catalog.generated.js 200 OK (222ms)
[wrangler:info] GET /app.js 200 OK (330ms)
[wrangler:info] GET /challenge.js 304 Not Modified (340ms)
[wrangler:info] GET /analytics.js 304 Not Modified (311ms)
[wrangler:info] GET /assets/world-cup-2026-logo.png 304 Not Modified (10ms)
{"type":"worker-request","timestamp":"2026-07-26T16:33:00.416Z","requestId":"9207eedd-7020-46d8-8b4a-05c3e8943e1a","method":"GET","route":"/api/challenge"}
{"type":"worker-request-complete","timestamp":"2026-07-26T16:33:00.430Z","requestId":"9207eedd-7020-46d8-8b4a-05c3e8943e1a","method":"GET","route":"/api/challenge","status":200,"elapsedMs":14}
[wrangler:info] GET /api/challenge 200 OK (17ms)
{"type":"worker-request","timestamp":"2026-07-26T16:34:08.111Z","requestId":"4a0da3df-81c5-4c2e-b52d-1dea38c67206","method":"GET","route":"/custom-tournament"}
{"type":"worker-request-complete","timestamp":"2026-07-26T16:34:08.133Z","requestId":"4a0da3df-81c5-4c2e-b52d-1dea38c67206","method":"GET","route":"/custom-tournament","status":200,"elapsedMs":22}
[wrangler:info] GET /custom-tournament 200 OK (36ms)
[wrangler:info] GET /analytics.js 304 Not Modified (7ms)
[wrangler:info] GET /clean.css 304 Not Modified (80ms)
[wrangler:info] GET /assets/flags/palestine.svg 304 Not Modified (80ms)
[wrangler:info] GET /player-pools.generated.js 304 Not Modified (83ms)
[wrangler:info] GET /assets/retro-world-cup-2014.png 304 Not Modified (86ms)
[wrangler:info] GET /data.js 304 Not Modified (155ms)
[wrangler:info] GET /retro-data.js 304 Not Modified (157ms)
[wrangler:info] GET /retro-2010-squads.js 304 Not Modified (77ms)
[wrangler:info] GET /retro-2010-schedule.js 304 Not Modified (75ms)
[wrangler:info] GET /retro-2014-schedule.js 304 Not Modified (47ms)
[wrangler:info] GET /retro-2014-squads.js 304 Not Modified (50ms)
[wrangler:info] GET /retro-2018-squads.js 304 Not Modified (38ms)
[wrangler:info] GET /retro-2022-squads.js 304 Not Modified (33ms)
[wrangler:info] GET /retro-2022-schedule.js 304 Not Modified (33ms)
[wrangler:info] GET /retro-2018-schedule.js 304 Not Modified (48ms)
[wrangler:info] GET /presentation-engine.js 304 Not Modified (39ms)
[wrangler:info] GET /retro-engine.js 304 Not Modified (49ms)
[wrangler:info] GET /simulation-engine.js 304 Not Modified (42ms)
[wrangler:info] GET /legacy-data/catalog.generated.js 304 Not Modified (39ms)
[wrangler:info] GET /challenge.js 304 Not Modified (32ms)
[wrangler:info] GET /app.js 304 Not Modified (48ms)
[wrangler:info] GET /assets/world-cup-2026-logo.png 304 Not Modified (8ms)
{"type":"worker-request","timestamp":"2026-07-26T16:34:08.715Z","requestId":"aa80a483-2523-4885-954a-66e5ee1c56f5","method":"GET","route":"/api/challenge"}
{"type":"worker-request-complete","timestamp":"2026-07-26T16:34:08.803Z","requestId":"aa80a483-2523-4885-954a-66e5ee1c56f5","method":"GET","route":"/api/challenge","status":200,"elapsedMs":88}
[wrangler:info] GET /api/challenge 200 OK (92ms)
⎔ Reloading local server...
[wrangler:info] ✨ Parsed 3 valid header rules.
⎔ Local server updated and ready
⎔ Reloading local server...
[wrangler:info] ✨ Parsed 3 valid header rules.
⎔ Local server updated and ready
{"type":"worker-request","timestamp":"2026-07-26T16:34:27.668Z","requestId":"2c779794-5f4b-4850-89fb-94a5a144b647","method":"GET","route":"/custom-tournament"}
{"type":"worker-request-complete","timestamp":"2026-07-26T16:34:27.764Z","requestId":"2c779794-5f4b-4850-89fb-94a5a144b647","method":"GET","route":"/custom-tournament","status":200,"elapsedMs":96}
[wrangler:info] GET /custom-tournament 200 OK (111ms)
[wrangler:info] GET /clean.css 200 OK (38ms)
[wrangler:info] GET /analytics.js 304 Not Modified (53ms)
[wrangler:info] GET /assets/flags/palestine.svg 304 Not Modified (63ms)
[wrangler:info] GET /retro-data.js 304 Not Modified (76ms)
[wrangler:info] GET /assets/retro-world-cup-2014.png 304 Not Modified (186ms)
[wrangler:info] GET /retro-2010-squads.js 304 Not Modified (217ms)
[wrangler:info] GET /player-pools.generated.js 304 Not Modified (334ms)
[wrangler:info] GET /retro-2010-schedule.js 304 Not Modified (222ms)
[wrangler:info] GET /retro-2014-squads.js 304 Not Modified (220ms)
[wrangler:info] GET /data.js 304 Not Modified (461ms)
[wrangler:info] GET /retro-2014-schedule.js 304 Not Modified (240ms)
[wrangler:info] GET /retro-2018-squads.js 304 Not Modified (234ms)
[wrangler:info] GET /retro-2018-schedule.js 304 Not Modified (243ms)
[wrangler:info] GET /retro-2022-squads.js 304 Not Modified (270ms)
[wrangler:info] GET /retro-2022-schedule.js 304 Not Modified (261ms)
[wrangler:info] GET /retro-engine.js 304 Not Modified (292ms)
[wrangler:info] GET /presentation-engine.js 304 Not Modified (274ms)
[wrangler:info] GET /simulation-engine.js 304 Not Modified (291ms)
[wrangler:info] GET /legacy-data/catalog.generated.js 200 OK (252ms)
[wrangler:info] GET /challenge.js 304 Not Modified (277ms)
[wrangler:info] GET /app.js 304 Not Modified (470ms)
[wrangler:info] GET /assets/world-cup-2026-logo.png 304 Not Modified (16ms)
{"type":"worker-request","timestamp":"2026-07-26T16:34:29.219Z","requestId":"caf4c376-8b5d-4a61-a2aa-ff4b9166ea07","method":"GET","route":"/api/challenge"}
{"type":"worker-request-complete","timestamp":"2026-07-26T16:34:29.381Z","requestId":"caf4c376-8b5d-4a61-a2aa-ff4b9166ea07","method":"GET","route":"/api/challenge","status":200,"elapsedMs":162}
[wrangler:info] GET /api/challenge 200 OK (167ms)
{"type":"worker-request","timestamp":"2026-07-26T16:35:02.758Z","requestId":"b42bf260-3017-4c84-b96e-260da9de959b","method":"GET","route":"/custom-tournament"}
{"type":"worker-request-complete","timestamp":"2026-07-26T16:35:02.760Z","requestId":"b42bf260-3017-4c84-b96e-260da9de959b","method":"GET","route":"/custom-tournament","status":200,"elapsedMs":3}
[wrangler:info] GET /custom-tournament 200 OK (9ms)
[wrangler:info] GET /clean.css 304 Not Modified (6ms)
[wrangler:info] GET /assets/flags/palestine.svg 304 Not Modified (5ms)
[wrangler:info] GET /assets/retro-world-cup-2014.png 304 Not Modified (15ms)
[wrangler:info] GET /player-pools.generated.js 304 Not Modified (18ms)
[wrangler:info] GET /data.js 304 Not Modified (18ms)
[wrangler:info] GET /retro-2010-squads.js 304 Not Modified (24ms)
[wrangler:info] GET /retro-data.js 304 Not Modified (40ms)
[wrangler:info] GET /retro-2010-schedule.js 304 Not Modified (52ms)
[wrangler:info] GET /retro-2014-squads.js 304 Not Modified (59ms)
[wrangler:info] GET /retro-2014-schedule.js 304 Not Modified (77ms)
[wrangler:info] GET /retro-2018-squads.js 304 Not Modified (69ms)
[wrangler:info] GET /retro-2018-schedule.js 304 Not Modified (58ms)
[wrangler:info] GET /retro-2022-squads.js 304 Not Modified (51ms)
[wrangler:info] GET /retro-2022-schedule.js 304 Not Modified (66ms)
[wrangler:info] GET /retro-engine.js 304 Not Modified (93ms)
[wrangler:info] GET /presentation-engine.js 304 Not Modified (92ms)
[wrangler:info] GET /simulation-engine.js 304 Not Modified (89ms)
[wrangler:info] GET /analytics.js 304 Not Modified (16ms)
[wrangler:info] GET /legacy-data/catalog.generated.js 304 Not Modified (98ms)
[wrangler:info] GET /app.js 304 Not Modified (60ms)
[wrangler:info] GET /challenge.js 304 Not Modified (39ms)
[wrangler:info] GET /assets/world-cup-2026-logo.png 304 Not Modified (5ms)
{"type":"worker-request","timestamp":"2026-07-26T16:35:03.361Z","requestId":"a5166474-cfae-411f-80c6-725940ebd123","method":"GET","route":"/api/challenge"}
{"type":"worker-request-complete","timestamp":"2026-07-26T16:35:03.483Z","requestId":"a5166474-cfae-411f-80c6-725940ebd123","method":"GET","route":"/api/challenge","status":200,"elapsedMs":122}
[wrangler:info] GET /api/challenge 200 OK (126ms)
{"type":"worker-request","timestamp":"2026-07-26T16:35:21.789Z","requestId":"77c74764-0b41-433f-a38b-065dccdf4f47","method":"GET","route":"/custom-tournament"}
{"type":"worker-request-complete","timestamp":"2026-07-26T16:35:21.792Z","requestId":"77c74764-0b41-433f-a38b-065dccdf4f47","method":"GET","route":"/custom-tournament","status":200,"elapsedMs":3}
[wrangler:info] GET /custom-tournament 200 OK (10ms)
[wrangler:info] GET /clean.css 200 OK (7ms)
[wrangler:info] GET /assets/flags/palestine.svg 304 Not Modified (9ms)
[wrangler:info] GET /assets/retro-world-cup-2014.png 304 Not Modified (15ms)
[wrangler:info] GET /player-pools.generated.js 304 Not Modified (8ms)
[wrangler:info] GET /data.js 304 Not Modified (19ms)
[wrangler:info] GET /retro-2010-squads.js 304 Not Modified (16ms)
[wrangler:info] GET /retro-data.js 304 Not Modified (23ms)
[wrangler:info] GET /retro-2010-schedule.js 304 Not Modified (31ms)
[wrangler:info] GET /retro-2014-squads.js 304 Not Modified (32ms)
[wrangler:info] GET /retro-2014-schedule.js 304 Not Modified (17ms)
[wrangler:info] GET /retro-2018-squads.js 304 Not Modified (22ms)
[wrangler:info] GET /retro-2018-schedule.js 304 Not Modified (26ms)
[wrangler:info] GET /retro-2022-schedule.js 304 Not Modified (19ms)
[wrangler:info] GET /retro-2022-squads.js 304 Not Modified (34ms)
[wrangler:info] GET /retro-engine.js 304 Not Modified (33ms)
[wrangler:info] GET /presentation-engine.js 304 Not Modified (33ms)
[wrangler:info] GET /simulation-engine.js 304 Not Modified (33ms)
[wrangler:info] GET /legacy-data/catalog.generated.js 200 OK (33ms)
[wrangler:info] GET /app.js 200 OK (29ms)
[wrangler:info] GET /analytics.js 304 Not Modified (23ms)
[wrangler:info] GET /challenge.js 304 Not Modified (35ms)
[wrangler:info] GET /assets/retro-world-cup-2006.png 304 Not Modified (19ms)
{"type":"worker-request","timestamp":"2026-07-26T16:35:22.247Z","requestId":"07912b8a-bcd3-4c4e-bcc2-baecc62e350d","method":"GET","route":"/api/challenge"}
{"type":"worker-request-complete","timestamp":"2026-07-26T16:35:22.297Z","requestId":"07912b8a-bcd3-4c4e-bcc2-baecc62e350d","method":"GET","route":"/api/challenge","status":200,"elapsedMs":50}
[wrangler:info] GET /api/challenge 200 OK (56ms)
{"type":"worker-request","timestamp":"2026-07-26T16:35:22.310Z","requestId":"887bd040-90b0-4e07-8d76-bde53a22ff6e","method":"POST","route":"/api/challenge/achievements/retro-2014"}
{"type":"worker-request-complete","timestamp":"2026-07-26T16:35:22.331Z","requestId":"887bd040-90b0-4e07-8d76-bde53a22ff6e","method":"POST","route":"/api/challenge/achievements/retro-2014","status":200,"elapsedMs":21}
[wrangler:info] POST /api/challenge/achievements/retro-2014 200 OK (25ms)
⎔ Reloading local server...
[wrangler:info] ✨ Parsed 3 valid header rules.
⎔ Local server updated and ready
⎔ Reloading local server...
[wrangler:info] ✨ Parsed 3 valid header rules.
⎔ Local server updated and ready
{"type":"worker-request","timestamp":"2026-07-26T16:37:51.888Z","requestId":"503a7bf7-70aa-45ca-9ac4-4e91fa4d2169","method":"GET","route":"/custom-tournament"}
{"type":"worker-request-complete","timestamp":"2026-07-26T16:37:51.930Z","requestId":"503a7bf7-70aa-45ca-9ac4-4e91fa4d2169","method":"GET","route":"/custom-tournament","status":200,"elapsedMs":42}
[wrangler:info] GET /custom-tournament 200 OK (48ms)
[wrangler:info] GET /clean.css 200 OK (22ms)
[wrangler:info] GET /assets/flags/palestine.svg 304 Not Modified (27ms)
[wrangler:info] GET /assets/retro-world-cup-2014.png 304 Not Modified (41ms)
[wrangler:info] GET /retro-2010-squads.js 304 Not Modified (41ms)
[wrangler:info] GET /player-pools.generated.js 304 Not Modified (127ms)
[wrangler:info] GET /retro-2010-schedule.js 304 Not Modified (132ms)
[wrangler:info] GET /data.js 304 Not Modified (198ms)
[wrangler:info] GET /retro-2014-squads.js 304 Not Modified (177ms)
[wrangler:info] GET /retro-2014-schedule.js 304 Not Modified (147ms)
[wrangler:info] GET /retro-data.js 304 Not Modified (300ms)
[wrangler:info] GET /retro-2018-squads.js 304 Not Modified (184ms)
[wrangler:info] GET /retro-2018-schedule.js 304 Not Modified (185ms)
[wrangler:info] GET /retro-2022-squads.js 304 Not Modified (186ms)
[wrangler:info] GET /retro-2022-schedule.js 304 Not Modified (188ms)
[wrangler:info] GET /retro-engine.js 304 Not Modified (196ms)
[wrangler:info] GET /presentation-engine.js 304 Not Modified (179ms)
[wrangler:info] GET /simulation-engine.js 304 Not Modified (203ms)
[wrangler:info] GET /legacy-data/catalog.generated.js 200 OK (173ms)
[wrangler:info] GET /app.js 200 OK (337ms)
[wrangler:info] GET /analytics.js 304 Not Modified (303ms)
[wrangler:info] GET /challenge.js 304 Not Modified (338ms)
[wrangler:info] GET /assets/world-cup-2026-logo.png 304 Not Modified (10ms)
{"type":"worker-request","timestamp":"2026-07-26T16:37:52.987Z","requestId":"fb301aa1-f838-49ef-80be-455a87d6bad1","method":"GET","route":"/api/challenge"}
{"type":"worker-request-complete","timestamp":"2026-07-26T16:37:53.005Z","requestId":"fb301aa1-f838-49ef-80be-455a87d6bad1","method":"GET","route":"/api/challenge","status":200,"elapsedMs":18}
[wrangler:info] GET /api/challenge 200 OK (21ms)
{"type":"worker-request","timestamp":"2026-07-26T16:38:54.152Z","requestId":"c8a69f28-47c8-4beb-a70e-37980422a15a","method":"GET","route":"/custom-tournament"}
{"type":"worker-request-complete","timestamp":"2026-07-26T16:38:54.153Z","requestId":"c8a69f28-47c8-4beb-a70e-37980422a15a","method":"GET","route":"/custom-tournament","status":200,"elapsedMs":1}
[wrangler:info] GET /custom-tournament 200 OK (5ms)
[wrangler:info] GET /clean.css 304 Not Modified (7ms)
[wrangler:info] GET /assets/flags/palestine.svg 304 Not Modified (7ms)
[wrangler:info] GET /assets/retro-world-cup-2014.png 304 Not Modified (10ms)
[wrangler:info] GET /player-pools.generated.js 304 Not Modified (4ms)
[wrangler:info] GET /data.js 304 Not Modified (4ms)
[wrangler:info] GET /retro-data.js 304 Not Modified (6ms)
[wrangler:info] GET /retro-2010-squads.js 304 Not Modified (2ms)
[wrangler:info] GET /retro-2010-schedule.js 304 Not Modified (3ms)
[wrangler:info] GET /retro-2014-squads.js 304 Not Modified (3ms)
[wrangler:info] GET /retro-2014-schedule.js 304 Not Modified (5ms)
[wrangler:info] GET /retro-2018-squads.js 304 Not Modified (5ms)
[wrangler:info] GET /retro-2018-schedule.js 304 Not Modified (6ms)
[wrangler:info] GET /retro-2022-squads.js 304 Not Modified (6ms)
[wrangler:info] GET /retro-engine.js 304 Not Modified (9ms)
[wrangler:info] GET /retro-2022-schedule.js 304 Not Modified (10ms)
[wrangler:info] GET /presentation-engine.js 304 Not Modified (6ms)
[wrangler:info] GET /simulation-engine.js 304 Not Modified (4ms)
[wrangler:info] GET /legacy-data/catalog.generated.js 304 Not Modified (8ms)
[wrangler:info] GET /app.js 304 Not Modified (13ms)
[wrangler:info] GET /challenge.js 304 Not Modified (16ms)
[wrangler:info] GET /analytics.js 304 Not Modified (15ms)
[wrangler:info] GET /assets/world-cup-2026-logo.png 304 Not Modified (6ms)
{"type":"worker-request","timestamp":"2026-07-26T16:38:54.399Z","requestId":"2011ef05-c395-46d7-a668-1e06a17abbbc","method":"GET","route":"/api/challenge"}
{"type":"worker-request-complete","timestamp":"2026-07-26T16:38:54.407Z","requestId":"2011ef05-c395-46d7-a668-1e06a17abbbc","method":"GET","route":"/api/challenge","status":200,"elapsedMs":8}
[wrangler:info] GET /api/challenge 200 OK (11ms)
{"type":"worker-request","timestamp":"2026-07-26T16:40:56.061Z","requestId":"8d2d7813-4ee9-4535-85b6-95c3e4189da3","method":"GET","route":"/custom-tournament"}
{"type":"worker-request-complete","timestamp":"2026-07-26T16:40:56.064Z","requestId":"8d2d7813-4ee9-4535-85b6-95c3e4189da3","method":"GET","route":"/custom-tournament","status":200,"elapsedMs":3}
[wrangler:info] GET /custom-tournament 200 OK (15ms)
[wrangler:info] GET /clean.css 200 OK (5ms)
[wrangler:info] GET /assets/flags/palestine.svg 304 Not Modified (11ms)
[wrangler:info] GET /assets/retro-world-cup-2014.png 304 Not Modified (17ms)
[wrangler:info] GET /player-pools.generated.js 304 Not Modified (7ms)
[wrangler:info] GET /data.js 304 Not Modified (29ms)
[wrangler:info] GET /retro-2010-squads.js 304 Not Modified (36ms)
[wrangler:info] GET /retro-data.js 304 Not Modified (49ms)
[wrangler:info] GET /retro-2010-schedule.js 304 Not Modified (49ms)
[wrangler:info] GET /retro-2014-schedule.js 304 Not Modified (47ms)
[wrangler:info] GET /retro-2018-squads.js 304 Not Modified (33ms)
[wrangler:info] GET /retro-2014-squads.js 304 Not Modified (72ms)
[wrangler:info] GET /retro-2018-schedule.js 304 Not Modified (40ms)
[wrangler:info] GET /retro-2022-squads.js 304 Not Modified (39ms)
[wrangler:info] GET /retro-2022-schedule.js 304 Not Modified (38ms)
[wrangler:info] GET /retro-engine.js 304 Not Modified (33ms)
[wrangler:info] GET /presentation-engine.js 304 Not Modified (30ms)
[wrangler:info] GET /simulation-engine.js 304 Not Modified (27ms)
[wrangler:info] GET /legacy-data/catalog.generated.js 200 OK (25ms)
[wrangler:info] GET /challenge.js 304 Not Modified (20ms)
[wrangler:info] GET /app.js 200 OK (25ms)
[wrangler:info] GET /analytics.js 304 Not Modified (21ms)
[wrangler:info] GET /assets/retro-world-cup-2006.png 304 Not Modified (24ms)
{"type":"worker-request","timestamp":"2026-07-26T16:40:57.331Z","requestId":"6ff8f6d4-36b5-474d-8718-81e82ebb95b2","method":"GET","route":"/api/challenge"}
{"type":"worker-request-complete","timestamp":"2026-07-26T16:40:57.436Z","requestId":"6ff8f6d4-36b5-474d-8718-81e82ebb95b2","method":"GET","route":"/api/challenge","status":200,"elapsedMs":105}
[wrangler:info] GET /api/challenge 200 OK (110ms)
{"type":"worker-request","timestamp":"2026-07-26T16:40:57.446Z","requestId":"8a3b3e29-36e4-49ff-9ecb-69b6f8544101","method":"POST","route":"/api/challenge/achievements/retro-2014"}
{"type":"worker-request-complete","timestamp":"2026-07-26T16:40:57.461Z","requestId":"8a3b3e29-36e4-49ff-9ecb-69b6f8544101","method":"POST","route":"/api/challenge/achievements/retro-2014","status":200,"elapsedMs":15}
[wrangler:info] POST /api/challenge/achievements/retro-2014 200 OK (19ms)
⎔ Reloading local server...
[wrangler:info] ✨ Parsed 3 valid header rules.
⎔ Local server updated and ready
⎔ Reloading local server...
[wrangler:info] ✨ Parsed 3 valid header rules.
⎔ Local server updated and ready
{"type":"worker-request","timestamp":"2026-07-26T16:43:53.928Z","requestId":"f01745b3-4e5b-4bd5-a9b0-15d3288bf930","method":"GET","route":"/custom-tournament"}
{"type":"worker-request-complete","timestamp":"2026-07-26T16:43:54.015Z","requestId":"f01745b3-4e5b-4bd5-a9b0-15d3288bf930","method":"GET","route":"/custom-tournament","status":200,"elapsedMs":87}
[wrangler:info] GET /custom-tournament 200 OK (98ms)
[wrangler:info] GET /clean.css 304 Not Modified (27ms)
[wrangler:info] GET /assets/flags/palestine.svg 304 Not Modified (41ms)
[wrangler:info] GET /assets/retro-world-cup-2014.png 304 Not Modified (94ms)
[wrangler:info] GET /player-pools.generated.js 304 Not Modified (87ms)
[wrangler:info] GET /data.js 304 Not Modified (106ms)
[wrangler:info] GET /retro-data.js 304 Not Modified (140ms)
[wrangler:info] GET /retro-2010-squads.js 304 Not Modified (290ms)
[wrangler:info] GET /retro-2010-schedule.js 304 Not Modified (298ms)
[wrangler:info] GET /retro-2014-schedule.js 304 Not Modified (249ms)
[wrangler:info] GET /retro-2018-schedule.js 304 Not Modified (257ms)
[wrangler:info] GET /retro-2014-squads.js 304 Not Modified (385ms)
[wrangler:info] GET /retro-2022-squads.js 304 Not Modified (270ms)
[wrangler:info] GET /retro-2018-squads.js 304 Not Modified (543ms)
[wrangler:info] GET /retro-2022-schedule.js 304 Not Modified (367ms)
[wrangler:info] GET /retro-engine.js 304 Not Modified (370ms)
[wrangler:info] GET /presentation-engine.js 304 Not Modified (376ms)
[wrangler:info] GET /simulation-engine.js 304 Not Modified (383ms)
[wrangler:info] GET /legacy-data/catalog.generated.js 200 OK (266ms)
[wrangler:info] GET /app.js 200 OK (460ms)
[wrangler:info] GET /challenge.js 304 Not Modified (465ms)
[wrangler:info] GET /analytics.js 304 Not Modified (434ms)
[wrangler:info] GET /assets/world-cup-2026-logo.png 304 Not Modified (17ms)
{"type":"worker-request","timestamp":"2026-07-26T16:43:55.797Z","requestId":"c2af9366-78cc-4eee-bbf5-b5900c538d2a","method":"GET","route":"/api/challenge"}
{"type":"worker-request-complete","timestamp":"2026-07-26T16:43:55.929Z","requestId":"c2af9366-78cc-4eee-bbf5-b5900c538d2a","method":"GET","route":"/api/challenge","status":200,"elapsedMs":132}
[wrangler:info] GET /api/challenge 200 OK (159ms)
{"type":"worker-request","timestamp":"2026-07-26T16:43:56.107Z","requestId":"47c9a7a9-ca5f-41ec-bf5f-95037e6ecf11","method":"GET","route":"/default-mode"}
{"type":"worker-request-complete","timestamp":"2026-07-26T16:43:56.119Z","requestId":"47c9a7a9-ca5f-41ec-bf5f-95037e6ecf11","method":"GET","route":"/default-mode","status":200,"elapsedMs":12}
[wrangler:info] GET /default-mode 200 OK (25ms)
[wrangler:info] GET /clean.css 304 Not Modified (5ms)
[wrangler:info] GET /analytics.js 304 Not Modified (17ms)
[wrangler:info] GET /assets/flags/palestine.svg 304 Not Modified (11ms)
[wrangler:info] GET /assets/retro-world-cup-2014.png 304 Not Modified (5ms)
[wrangler:info] GET /player-pools.generated.js 304 Not Modified (6ms)
[wrangler:info] GET /data.js 304 Not Modified (7ms)
[wrangler:info] GET /retro-data.js 304 Not Modified (24ms)
[wrangler:info] GET /retro-2010-squads.js 304 Not Modified (43ms)
[wrangler:info] GET /retro-2010-schedule.js 304 Not Modified (92ms)
[wrangler:info] GET /retro-2014-squads.js 304 Not Modified (86ms)
[wrangler:info] GET /retro-2018-squads.js 304 Not Modified (50ms)
[wrangler:info] GET /retro-2014-schedule.js 304 Not Modified (68ms)
[wrangler:info] GET /retro-2018-schedule.js 304 Not Modified (78ms)
[wrangler:info] GET /retro-2022-squads.js 304 Not Modified (101ms)
[wrangler:info] GET /legacy-data/catalog.generated.js 304 Not Modified (37ms)
[wrangler:info] GET /retro-2022-schedule.js 304 Not Modified (127ms)
[wrangler:info] GET /retro-engine.js 304 Not Modified (118ms)
[wrangler:info] GET /presentation-engine.js 304 Not Modified (114ms)
[wrangler:info] GET /simulation-engine.js 304 Not Modified (101ms)
[wrangler:info] GET /app.js 304 Not Modified (81ms)
[wrangler:info] GET /challenge.js 304 Not Modified (69ms)
[wrangler:info] GET /assets/world-cup-2026-logo.png 304 Not Modified (6ms)
{"type":"worker-request","timestamp":"2026-07-26T16:43:56.714Z","requestId":"d0acae4b-afcd-48fe-9429-6f6b166b475c","method":"GET","route":"/api/challenge"}
{"type":"worker-request-complete","timestamp":"2026-07-26T16:43:56.729Z","requestId":"d0acae4b-afcd-48fe-9429-6f6b166b475c","method":"GET","route":"/api/challenge","status":200,"elapsedMs":15}
[wrangler:info] GET /api/challenge 200 OK (19ms)
{"type":"worker-request","timestamp":"2026-07-26T16:43:56.853Z","requestId":"bdbfb866-eaed-42f5-bb7d-3d1894336e39","method":"GET","route":"/"}
{"type":"worker-request-complete","timestamp":"2026-07-26T16:43:56.855Z","requestId":"bdbfb866-eaed-42f5-bb7d-3d1894336e39","method":"GET","route":"/","status":200,"elapsedMs":2}
[wrangler:info] GET / 200 OK (13ms)
[wrangler:info] GET /clean.css 304 Not Modified (6ms)
[wrangler:info] GET /analytics.js 304 Not Modified (64ms)
[wrangler:info] GET /assets/flags/palestine.svg 304 Not Modified (70ms)
[wrangler:info] GET /assets/retro-world-cup-2014.png 304 Not Modified (67ms)
[wrangler:info] GET /player-pools.generated.js 304 Not Modified (115ms)
[wrangler:info] GET /data.js 304 Not Modified (121ms)
[wrangler:info] GET /retro-data.js 304 Not Modified (110ms)
[wrangler:info] GET /retro-2010-schedule.js 304 Not Modified (41ms)
[wrangler:info] GET /retro-2010-squads.js 304 Not Modified (72ms)
[wrangler:info] GET /retro-2014-squads.js 304 Not Modified (61ms)
[wrangler:info] GET /retro-2018-schedule.js 304 Not Modified (44ms)
[wrangler:info] GET /retro-2014-schedule.js 304 Not Modified (65ms)
[wrangler:info] GET /retro-2018-squads.js 304 Not Modified (66ms)
[wrangler:info] GET /retro-2022-schedule.js 304 Not Modified (37ms)
[wrangler:info] GET /retro-2022-squads.js 304 Not Modified (45ms)
[wrangler:info] GET /retro-engine.js 304 Not Modified (40ms)
[wrangler:info] GET /presentation-engine.js 304 Not Modified (42ms)
[wrangler:info] GET /simulation-engine.js 304 Not Modified (41ms)
[wrangler:info] GET /legacy-data/catalog.generated.js 304 Not Modified (42ms)
[wrangler:info] GET /app.js 304 Not Modified (42ms)
[wrangler:info] GET /challenge.js 304 Not Modified (36ms)
[wrangler:info] GET /assets/world-cup-2026-logo.png 304 Not Modified (8ms)
{"type":"worker-request","timestamp":"2026-07-26T16:43:57.279Z","requestId":"c8b77eb1-5d55-4287-97cd-023292195bcc","method":"GET","route":"/api/challenge"}
{"type":"worker-request-complete","timestamp":"2026-07-26T16:43:57.314Z","requestId":"c8b77eb1-5d55-4287-97cd-023292195bcc","method":"GET","route":"/api/challenge","status":200,"elapsedMs":35}
[wrangler:info] GET /api/challenge 200 OK (39ms)
⎔ Reloading local server...
[wrangler:info] ✨ Parsed 3 valid header rules.
⎔ Local server updated and ready
⎔ Reloading local server...
[wrangler:info] ✨ Parsed 3 valid header rules.
⎔ Local server updated and ready
{"type":"worker-request","timestamp":"2026-07-26T16:44:36.926Z","requestId":"436eb95b-786a-4240-aa75-102940314b72","method":"GET","route":"/custom-tournament"}
{"type":"worker-request-complete","timestamp":"2026-07-26T16:44:37.018Z","requestId":"436eb95b-786a-4240-aa75-102940314b72","method":"GET","route":"/custom-tournament","status":200,"elapsedMs":92}
[wrangler:info] GET /custom-tournament 200 OK (102ms)
[wrangler:info] GET /clean.css 200 OK (22ms)
[wrangler:info] GET /analytics.js 304 Not Modified (39ms)
[wrangler:info] GET /assets/flags/palestine.svg 304 Not Modified (45ms)
[wrangler:info] GET /assets/retro-world-cup-2014.png 304 Not Modified (62ms)
[wrangler:info] GET /retro-data.js 304 Not Modified (81ms)
[wrangler:info] GET /retro-2010-squads.js 304 Not Modified (133ms)
[wrangler:info] GET /player-pools.generated.js 304 Not Modified (227ms)
[wrangler:info] GET /retro-2010-schedule.js 304 Not Modified (219ms)
[wrangler:info] GET /data.js 304 Not Modified (324ms)
[wrangler:info] GET /retro-2014-squads.js 304 Not Modified (267ms)
[wrangler:info] GET /retro-2014-schedule.js 304 Not Modified (240ms)
[wrangler:info] GET /retro-2018-squads.js 304 Not Modified (224ms)
[wrangler:info] GET /retro-2018-schedule.js 304 Not Modified (210ms)
[wrangler:info] GET /retro-2022-squads.js 304 Not Modified (224ms)
[wrangler:info] GET /retro-2022-schedule.js 304 Not Modified (202ms)
[wrangler:info] GET /retro-engine.js 304 Not Modified (213ms)
[wrangler:info] GET /simulation-engine.js 304 Not Modified (210ms)
[wrangler:info] GET /presentation-engine.js 304 Not Modified (250ms)
[wrangler:info] GET /legacy-data/catalog.generated.js 200 OK (247ms)
[wrangler:info] GET /app.js 304 Not Modified (405ms)
[wrangler:info] GET /challenge.js 304 Not Modified (426ms)
[wrangler:info] GET /assets/world-cup-2026-logo.png 304 Not Modified (17ms)
{"type":"worker-request","timestamp":"2026-07-26T16:44:38.277Z","requestId":"658a4e60-3ab2-4252-bfa5-d743edbcdb03","method":"GET","route":"/api/challenge"}
{"type":"worker-request-complete","timestamp":"2026-07-26T16:44:38.375Z","requestId":"658a4e60-3ab2-4252-bfa5-d743edbcdb03","method":"GET","route":"/api/challenge","status":200,"elapsedMs":92}
[wrangler:info] GET /api/challenge 200 OK (102ms)
{"type":"worker-request","timestamp":"2026-07-26T16:44:38.497Z","requestId":"e709564a-2b3c-4ff8-8063-02c8d6252ab9","method":"GET","route":"/default-mode"}
{"type":"worker-request-complete","timestamp":"2026-07-26T16:44:38.499Z","requestId":"e709564a-2b3c-4ff8-8063-02c8d6252ab9","method":"GET","route":"/default-mode","status":200,"elapsedMs":2}
[wrangler:info] GET /default-mode 200 OK (8ms)
[wrangler:info] GET /analytics.js 304 Not Modified (21ms)
[wrangler:info] GET /clean.css 304 Not Modified (26ms)
[wrangler:info] GET /assets/flags/palestine.svg 304 Not Modified (26ms)
[wrangler:info] GET /assets/retro-world-cup-2014.png 304 Not Modified (29ms)
[wrangler:info] GET /player-pools.generated.js 304 Not Modified (45ms)
[wrangler:info] GET /data.js 304 Not Modified (42ms)
[wrangler:info] GET /retro-2010-schedule.js 304 Not Modified (27ms)
[wrangler:info] GET /retro-data.js 304 Not Modified (70ms)
[wrangler:info] GET /retro-2010-squads.js 304 Not Modified (91ms)
[wrangler:info] GET /retro-2014-squads.js 304 Not Modified (87ms)
[wrangler:info] GET /retro-2022-squads.js 304 Not Modified (30ms)
[wrangler:info] GET /retro-2018-squads.js 304 Not Modified (67ms)
[wrangler:info] GET /retro-2014-schedule.js 304 Not Modified (78ms)
[wrangler:info] GET /retro-2018-schedule.js 304 Not Modified (68ms)
[wrangler:info] GET /retro-2022-schedule.js 304 Not Modified (44ms)
[wrangler:info] GET /retro-engine.js 304 Not Modified (45ms)
[wrangler:info] GET /presentation-engine.js 304 Not Modified (46ms)
[wrangler:info] GET /simulation-engine.js 304 Not Modified (44ms)
[wrangler:info] GET /legacy-data/catalog.generated.js 304 Not Modified (46ms)
[wrangler:info] GET /challenge.js 304 Not Modified (34ms)
[wrangler:info] GET /app.js 304 Not Modified (46ms)
[wrangler:info] GET /assets/world-cup-2026-logo.png 304 Not Modified (7ms)
{"type":"worker-request","timestamp":"2026-07-26T16:44:38.825Z","requestId":"d4d32698-4497-482e-b493-eb18db926edd","method":"GET","route":"/api/challenge"}
{"type":"worker-request-complete","timestamp":"2026-07-26T16:44:38.867Z","requestId":"d4d32698-4497-482e-b493-eb18db926edd","method":"GET","route":"/api/challenge","status":200,"elapsedMs":42}
[wrangler:info] GET /api/challenge 200 OK (46ms)
{"type":"worker-request","timestamp":"2026-07-26T16:44:39.000Z","requestId":"baa5140c-63e0-4ce3-a2fa-828145901d20","method":"GET","route":"/"}
{"type":"worker-request-complete","timestamp":"2026-07-26T16:44:39.002Z","requestId":"baa5140c-63e0-4ce3-a2fa-828145901d20","method":"GET","route":"/","status":200,"elapsedMs":2}
[wrangler:info] GET / 200 OK (10ms)
[wrangler:info] GET /clean.css 304 Not Modified (32ms)
[wrangler:info] GET /analytics.js 304 Not Modified (30ms)
[wrangler:info] GET /assets/flags/palestine.svg 304 Not Modified (35ms)
[wrangler:info] GET /assets/retro-world-cup-2014.png 304 Not Modified (41ms)
[wrangler:info] GET /data.js 304 Not Modified (49ms)
[wrangler:info] GET /player-pools.generated.js 304 Not Modified (72ms)
[wrangler:info] GET /retro-data.js 304 Not Modified (69ms)
[wrangler:info] GET /retro-2010-schedule.js 304 Not Modified (76ms)
[wrangler:info] GET /retro-2010-squads.js 304 Not Modified (91ms)
[wrangler:info] GET /retro-2014-squads.js 304 Not Modified (77ms)
[wrangler:info] GET /retro-2014-schedule.js 304 Not Modified (69ms)
[wrangler:info] GET /retro-2018-squads.js 304 Not Modified (64ms)
[wrangler:info] GET /retro-2018-schedule.js 304 Not Modified (59ms)
[wrangler:info] GET /retro-2022-squads.js 304 Not Modified (54ms)
[wrangler:info] GET /retro-2022-schedule.js 304 Not Modified (49ms)
[wrangler:info] GET /retro-engine.js 304 Not Modified (49ms)
[wrangler:info] GET /presentation-engine.js 304 Not Modified (48ms)
[wrangler:info] GET /simulation-engine.js 304 Not Modified (34ms)
[wrangler:info] GET /legacy-data/catalog.generated.js 304 Not Modified (37ms)
[wrangler:info] GET /app.js 304 Not Modified (39ms)
[wrangler:info] GET /challenge.js 304 Not Modified (40ms)
[wrangler:info] GET /assets/world-cup-2026-logo.png 304 Not Modified (20ms)
{"type":"worker-request","timestamp":"2026-07-26T16:44:39.324Z","requestId":"056dd778-a751-4535-8b8d-266b294296ee","method":"GET","route":"/api/challenge"}
{"type":"worker-request-complete","timestamp":"2026-07-26T16:44:39.375Z","requestId":"056dd778-a751-4535-8b8d-266b294296ee","method":"GET","route":"/api/challenge","status":200,"elapsedMs":51}
[wrangler:info] GET /api/challenge 200 OK (56ms)
{"type":"worker-request","timestamp":"2026-07-26T16:44:39.531Z","requestId":"e4c07f5d-90d5-4bcd-a9b6-efdf8f03bc95","method":"GET","route":"/retro-22-world-cup"}
{"type":"worker-request-complete","timestamp":"2026-07-26T16:44:39.533Z","requestId":"e4c07f5d-90d5-4bcd-a9b6-efdf8f03bc95","method":"GET","route":"/retro-22-world-cup","status":200,"elapsedMs":2}
[wrangler:info] GET /retro-22-world-cup 200 OK (6ms)
[wrangler:info] GET /analytics.js 304 Not Modified (6ms)
[wrangler:info] GET /clean.css 304 Not Modified (52ms)
[wrangler:info] GET /assets/flags/palestine.svg 304 Not Modified (45ms)
[wrangler:info] GET /assets/retro-world-cup-2014.png 304 Not Modified (44ms)
[wrangler:info] GET /player-pools.generated.js 304 Not Modified (60ms)
[wrangler:info] GET /data.js 304 Not Modified (139ms)
[wrangler:info] GET /retro-data.js 304 Not Modified (116ms)
[wrangler:info] GET /retro-2010-schedule.js 304 Not Modified (105ms)
[wrangler:info] GET /retro-2014-squads.js 304 Not Modified (91ms)
[wrangler:info] GET /retro-2010-squads.js 304 Not Modified (96ms)
[wrangler:info] GET /retro-2014-schedule.js 304 Not Modified (78ms)
[wrangler:info] GET /assets/retro-2022/qatar-night-landscape.png 304 Not Modified (103ms)
[wrangler:info] GET /retro-2018-squads.js 304 Not Modified (84ms)
[wrangler:info] GET /retro-engine.js 304 Not Modified (32ms)
[wrangler:info] GET /retro-2022-squads.js 304 Not Modified (78ms)
[wrangler:info] GET /retro-2018-schedule.js 304 Not Modified (88ms)
[wrangler:info] GET /retro-2022-schedule.js 304 Not Modified (78ms)
[wrangler:info] GET /simulation-engine.js 304 Not Modified (42ms)
[wrangler:info] GET /app.js 304 Not Modified (28ms)
[wrangler:info] GET /presentation-engine.js 304 Not Modified (55ms)
[wrangler:info] GET /legacy-data/catalog.generated.js 304 Not Modified (44ms)
[wrangler:info] GET /challenge.js 304 Not Modified (47ms)
[wrangler:info] GET /assets/retro-world-cup-2022.png 304 Not Modified (13ms)
{"type":"worker-request","timestamp":"2026-07-26T16:44:40.202Z","requestId":"ae2d0531-ca35-4c48-803b-7859810bdea4","method":"GET","route":"/api/challenge"}
{"type":"worker-request-complete","timestamp":"2026-07-26T16:44:40.222Z","requestId":"ae2d0531-ca35-4c48-803b-7859810bdea4","method":"GET","route":"/api/challenge","status":200,"elapsedMs":20}
[wrangler:info] GET /api/challenge 200 OK (36ms)
{"type":"worker-request","timestamp":"2026-07-26T16:44:47.149Z","requestId":"456544c5-5807-4a7d-9f65-07496c1c3573","method":"GET","route":"/default-mode"}
{"type":"worker-request-complete","timestamp":"2026-07-26T16:44:47.151Z","requestId":"456544c5-5807-4a7d-9f65-07496c1c3573","method":"GET","route":"/default-mode","status":200,"elapsedMs":2}
[wrangler:info] GET /default-mode 200 OK (17ms)
[wrangler:info] GET /analytics.js 304 Not Modified (8ms)
[wrangler:info] GET /clean.css 304 Not Modified (20ms)
[wrangler:info] GET /assets/flags/palestine.svg 304 Not Modified (16ms)
[wrangler:info] GET /assets/retro-world-cup-2014.png 304 Not Modified (24ms)
[wrangler:info] GET /retro-data.js 304 Not Modified (25ms)
[wrangler:info] GET /player-pools.generated.js 304 Not Modified (107ms)
[wrangler:info] GET /retro-2010-squads.js 304 Not Modified (105ms)
[wrangler:info] GET /data.js 304 Not Modified (135ms)
[wrangler:info] GET /retro-2014-schedule.js 304 Not Modified (69ms)
[wrangler:info] GET /retro-2018-squads.js 304 Not Modified (43ms)
[wrangler:info] GET /retro-2010-schedule.js 304 Not Modified (131ms)
[wrangler:info] GET /retro-2018-schedule.js 304 Not Modified (33ms)
[wrangler:info] GET /retro-2022-schedule.js 304 Not Modified (36ms)
[wrangler:info] GET /retro-2014-squads.js 304 Not Modified (157ms)
[wrangler:info] GET /retro-2022-squads.js 304 Not Modified (53ms)
[wrangler:info] GET /retro-engine.js 304 Not Modified (49ms)
[wrangler:info] GET /presentation-engine.js 304 Not Modified (50ms)
[wrangler:info] GET /simulation-engine.js 304 Not Modified (47ms)
[wrangler:info] GET /legacy-data/catalog.generated.js 304 Not Modified (37ms)
[wrangler:info] GET /app.js 304 Not Modified (42ms)
[wrangler:info] GET /challenge.js 304 Not Modified (42ms)
[wrangler:info] GET /assets/retro-world-cup-2022.png 304 Not Modified (9ms)
{"type":"worker-request","timestamp":"2026-07-26T16:44:47.550Z","requestId":"e3a511bc-6fff-4800-b65a-d757d4797023","method":"GET","route":"/api/challenge"}
{"type":"worker-request-complete","timestamp":"2026-07-26T16:44:47.563Z","requestId":"e3a511bc-6fff-4800-b65a-d757d4797023","method":"GET","route":"/api/challenge","status":200,"elapsedMs":13}
[wrangler:info] GET /api/challenge 200 OK (18ms)
{"type":"worker-request","timestamp":"2026-07-26T16:45:06.309Z","requestId":"200b77a5-0f88-4c19-b875-62bd0818d002","method":"GET","route":"/"}
{"type":"worker-request-complete","timestamp":"2026-07-26T16:45:06.312Z","requestId":"200b77a5-0f88-4c19-b875-62bd0818d002","method":"GET","route":"/","status":200,"elapsedMs":3}
[wrangler:info] GET / 200 OK (7ms)
[wrangler:info] GET /analytics.js 304 Not Modified (16ms)
[wrangler:info] GET /clean.css 304 Not Modified (33ms)
[wrangler:info] GET /assets/flags/palestine.svg 304 Not Modified (27ms)
[wrangler:info] GET /assets/retro-world-cup-2014.png 304 Not Modified (37ms)
[wrangler:info] GET /player-pools.generated.js 304 Not Modified (32ms)
[wrangler:info] GET /data.js 304 Not Modified (35ms)
[wrangler:info] GET /retro-2010-schedule.js 304 Not Modified (41ms)
[wrangler:info] GET /retro-data.js 304 Not Modified (66ms)
[wrangler:info] GET /retro-2014-squads.js 304 Not Modified (58ms)
[wrangler:info] GET /retro-2014-schedule.js 304 Not Modified (65ms)
[wrangler:info] GET /retro-2010-squads.js 304 Not Modified (121ms)
[wrangler:info] GET /retro-2018-squads.js 304 Not Modified (87ms)
[wrangler:info] GET /retro-2018-schedule.js 304 Not Modified (81ms)
[wrangler:info] GET /retro-2022-squads.js 304 Not Modified (75ms)
[wrangler:info] GET /retro-2022-schedule.js 304 Not Modified (70ms)
[wrangler:info] GET /retro-engine.js 304 Not Modified (55ms)
[wrangler:info] GET /simulation-engine.js 304 Not Modified (34ms)
[wrangler:info] GET /presentation-engine.js 304 Not Modified (47ms)
[wrangler:info] GET /app.js 304 Not Modified (33ms)
[wrangler:info] GET /legacy-data/catalog.generated.js 304 Not Modified (58ms)
[wrangler:info] GET /challenge.js 304 Not Modified (53ms)
[wrangler:info] GET /assets/retro-world-cup-2022.png 304 Not Modified (7ms)
{"type":"worker-request","timestamp":"2026-07-26T16:45:06.699Z","requestId":"6c8b65b2-9f6f-40cd-b88c-66dc36d2ef68","method":"GET","route":"/api/challenge"}
{"type":"worker-request-complete","timestamp":"2026-07-26T16:45:06.744Z","requestId":"6c8b65b2-9f6f-40cd-b88c-66dc36d2ef68","method":"GET","route":"/api/challenge","status":200,"elapsedMs":45}
[wrangler:info] GET /api/challenge 200 OK (48ms)
[wrangler:info] GET /assets/flags/belarus.svg 200 OK (10ms)
[wrangler:info] GET /assets/flags/somaliland.svg 304 Not Modified (49ms)
{"type":"worker-request","timestamp":"2026-07-26T16:45:40.260Z","requestId":"4db6ae8b-6d61-4c72-b8c1-deb3d8e7f467","method":"GET","route":"/custom-tournament"}
{"type":"worker-request-complete","timestamp":"2026-07-26T16:45:40.268Z","requestId":"4db6ae8b-6d61-4c72-b8c1-deb3d8e7f467","method":"GET","route":"/custom-tournament","status":200,"elapsedMs":8}
[wrangler:info] GET /custom-tournament 200 OK (15ms)
[wrangler:info] GET /clean.css 200 OK (15ms)
[wrangler:info] GET /analytics.js 304 Not Modified (18ms)
[wrangler:info] GET /assets/flags/palestine.svg 304 Not Modified (30ms)
[wrangler:info] GET /assets/retro-world-cup-2014.png 304 Not Modified (30ms)
[wrangler:info] GET /player-pools.generated.js 304 Not Modified (35ms)
[wrangler:info] GET /data.js 304 Not Modified (42ms)
[wrangler:info] GET /retro-data.js 304 Not Modified (47ms)
[wrangler:info] GET /retro-2010-squads.js 304 Not Modified (61ms)
[wrangler:info] GET /retro-2014-schedule.js 304 Not Modified (23ms)
[wrangler:info] GET /retro-2010-schedule.js 304 Not Modified (80ms)
[wrangler:info] GET /retro-2014-squads.js 304 Not Modified (67ms)
[wrangler:info] GET /retro-2018-squads.js 304 Not Modified (62ms)
[wrangler:info] GET /retro-2022-schedule.js 304 Not Modified (42ms)
[wrangler:info] GET /retro-2018-schedule.js 304 Not Modified (73ms)
[wrangler:info] GET /retro-2022-squads.js 304 Not Modified (71ms)
[wrangler:info] GET /retro-engine.js 304 Not Modified (52ms)
[wrangler:info] GET /presentation-engine.js 304 Not Modified (46ms)
[wrangler:info] GET /simulation-engine.js 304 Not Modified (47ms)
[wrangler:info] GET /legacy-data/catalog.generated.js 200 OK (40ms)
[wrangler:info] GET /app.js 200 OK (37ms)
[wrangler:info] GET /challenge.js 304 Not Modified (32ms)
[wrangler:info] GET /assets/retro-world-cup-2006.png 304 Not Modified (18ms)
{"type":"worker-request","timestamp":"2026-07-26T16:45:40.766Z","requestId":"9356ac6c-f6f2-41f7-a9d3-3494ab53e699","method":"GET","route":"/api/challenge"}
{"type":"worker-request-complete","timestamp":"2026-07-26T16:45:40.805Z","requestId":"9356ac6c-f6f2-41f7-a9d3-3494ab53e699","method":"GET","route":"/api/challenge","status":200,"elapsedMs":39}
[wrangler:info] GET /api/challenge 200 OK (49ms)
{"type":"worker-request","timestamp":"2026-07-26T16:45:40.820Z","requestId":"973dac5c-b446-428a-9167-5788f6e0d848","method":"POST","route":"/api/challenge/achievements/retro-2014"}
{"type":"worker-request-complete","timestamp":"2026-07-26T16:45:40.835Z","requestId":"973dac5c-b446-428a-9167-5788f6e0d848","method":"POST","route":"/api/challenge/achievements/retro-2014","status":200,"elapsedMs":15}
[wrangler:info] POST /api/challenge/achievements/retro-2014 200 OK (22ms)
{"type":"worker-request","timestamp":"2026-07-26T16:45:42.757Z","requestId":"a65b8ac6-a6d9-46a0-b042-41986fcf6e7a","method":"GET","route":"/custom-tournament"}
{"type":"worker-request-complete","timestamp":"2026-07-26T16:45:42.759Z","requestId":"a65b8ac6-a6d9-46a0-b042-41986fcf6e7a","method":"GET","route":"/custom-tournament","status":200,"elapsedMs":2}
[wrangler:info] GET /custom-tournament 200 OK (7ms)
[wrangler:info] GET /clean.css 304 Not Modified (6ms)
[wrangler:info] GET /analytics.js 304 Not Modified (9ms)
[wrangler:info] GET /assets/flags/palestine.svg 304 Not Modified (16ms)
[wrangler:info] GET /assets/retro-world-cup-2014.png 304 Not Modified (19ms)
[wrangler:info] GET /player-pools.generated.js 304 Not Modified (16ms)
[wrangler:info] GET /data.js 304 Not Modified (19ms)
[wrangler:info] GET /retro-data.js 304 Not Modified (19ms)
[wrangler:info] GET /retro-2010-squads.js 304 Not Modified (50ms)
[wrangler:info] GET /retro-2010-schedule.js 304 Not Modified (53ms)
[wrangler:info] GET /retro-2014-squads.js 304 Not Modified (62ms)
[wrangler:info] GET /retro-2014-schedule.js 304 Not Modified (42ms)
[wrangler:info] GET /retro-2018-squads.js 304 Not Modified (54ms)
[wrangler:info] GET /retro-2018-schedule.js 304 Not Modified (63ms)
[wrangler:info] GET /retro-2022-schedule.js 304 Not Modified (64ms)
[wrangler:info] GET /retro-2022-squads.js 304 Not Modified (83ms)
[wrangler:info] GET /retro-engine.js 304 Not Modified (93ms)
[wrangler:info] GET /presentation-engine.js 304 Not Modified (92ms)
[wrangler:info] GET /simulation-engine.js 304 Not Modified (88ms)
[wrangler:info] GET /legacy-data/catalog.generated.js 304 Not Modified (76ms)
[wrangler:info] GET /app.js 304 Not Modified (63ms)
[wrangler:info] GET /challenge.js 304 Not Modified (50ms)
[wrangler:info] GET /assets/retro-world-cup-2006.png 304 Not Modified (9ms)
{"type":"worker-request","timestamp":"2026-07-26T16:45:43.283Z","requestId":"b11dea57-94bf-440a-ad23-da358049683d","method":"GET","route":"/api/challenge"}
{"type":"worker-request-complete","timestamp":"2026-07-26T16:45:43.337Z","requestId":"b11dea57-94bf-440a-ad23-da358049683d","method":"GET","route":"/api/challenge","status":200,"elapsedMs":54}
[wrangler:info] GET /api/challenge 200 OK (58ms)
{"type":"worker-request","timestamp":"2026-07-26T16:45:43.348Z","requestId":"154cafa4-b7f5-4b74-a1a2-0e5b4721825a","method":"POST","route":"/api/challenge/achievements/retro-2014"}
{"type":"worker-request-complete","timestamp":"2026-07-26T16:45:43.365Z","requestId":"154cafa4-b7f5-4b74-a1a2-0e5b4721825a","method":"POST","route":"/api/challenge/achievements/retro-2014","status":200,"elapsedMs":17}
[wrangler:info] POST /api/challenge/achievements/retro-2014 200 OK (21ms)
{"type":"worker-request","timestamp":"2026-07-26T16:46:35.328Z","requestId":"1625dd7a-12e3-455d-9750-1877aca005ec","method":"GET","route":"/custom-tournament"}
{"type":"worker-request-complete","timestamp":"2026-07-26T16:46:35.332Z","requestId":"1625dd7a-12e3-455d-9750-1877aca005ec","method":"GET","route":"/custom-tournament","status":200,"elapsedMs":4}
[wrangler:info] GET /custom-tournament 200 OK (13ms)
[wrangler:info] GET /clean.css 304 Not Modified (22ms)
[wrangler:info] GET /assets/flags/palestine.svg 304 Not Modified (31ms)
[wrangler:info] GET /assets/retro-world-cup-2014.png 304 Not Modified (29ms)
[wrangler:info] GET /player-pools.generated.js 304 Not Modified (33ms)
[wrangler:info] GET /data.js 304 Not Modified (22ms)
[wrangler:info] GET /retro-data.js 304 Not Modified (28ms)
[wrangler:info] GET /retro-2010-squads.js 304 Not Modified (7ms)
[wrangler:info] GET /retro-2010-schedule.js 304 Not Modified (33ms)
[wrangler:info] GET /retro-2014-squads.js 304 Not Modified (31ms)
[wrangler:info] GET /retro-2014-schedule.js 304 Not Modified (31ms)
[wrangler:info] GET /retro-2018-squads.js 304 Not Modified (42ms)
[wrangler:info] GET /retro-2022-squads.js 304 Not Modified (31ms)
[wrangler:info] GET /retro-2018-schedule.js 304 Not Modified (71ms)
[wrangler:info] GET /retro-2022-schedule.js 304 Not Modified (16ms)
[wrangler:info] GET /retro-engine.js 304 Not Modified (40ms)
[wrangler:info] GET /simulation-engine.js 304 Not Modified (26ms)
[wrangler:info] GET /presentation-engine.js 304 Not Modified (77ms)
[wrangler:info] GET /legacy-data/catalog.generated.js 304 Not Modified (79ms)
[wrangler:info] GET /app.js 304 Not Modified (77ms)
[wrangler:info] GET /challenge.js 304 Not Modified (102ms)
[wrangler:info] GET /analytics.js 304 Not Modified (147ms)
[wrangler:info] GET /assets/retro-world-cup-2022.png 304 Not Modified (8ms)
{"type":"worker-request","timestamp":"2026-07-26T16:46:36.066Z","requestId":"305c22a3-a79b-4b3a-8a78-80877bf14dfb","method":"GET","route":"/api/challenge"}
{"type":"worker-request-complete","timestamp":"2026-07-26T16:46:36.120Z","requestId":"305c22a3-a79b-4b3a-8a78-80877bf14dfb","method":"GET","route":"/api/challenge","status":200,"elapsedMs":54}
[wrangler:info] GET /api/challenge 200 OK (61ms)
⎔ Reloading local server...
[wrangler:info] ✨ Parsed 3 valid header rules.
⎔ Local server updated and ready
{"type":"worker-request","timestamp":"2026-07-26T16:47:30.296Z","requestId":"d9c3029c-492e-4042-9a84-f88b4984b0b0","method":"GET","route":"/custom-tournament"}
{"type":"worker-request-complete","timestamp":"2026-07-26T16:47:30.366Z","requestId":"d9c3029c-492e-4042-9a84-f88b4984b0b0","method":"GET","route":"/custom-tournament","status":200,"elapsedMs":70}
[wrangler:info] GET /custom-tournament 200 OK (82ms)
[wrangler:info] GET /clean.css 200 OK (46ms)
[wrangler:info] GET /assets/flags/palestine.svg 304 Not Modified (94ms)
[wrangler:info] GET /assets/retro-world-cup-2014.png 304 Not Modified (88ms)
[wrangler:info] GET /retro-data.js 304 Not Modified (65ms)
[wrangler:info] GET /player-pools.generated.js 304 Not Modified (160ms)
[wrangler:info] GET /retro-2010-schedule.js 304 Not Modified (153ms)
[wrangler:info] GET /data.js 304 Not Modified (237ms)
[wrangler:info] GET /retro-2014-squads.js 304 Not Modified (229ms)
[wrangler:info] GET /retro-2014-schedule.js 304 Not Modified (163ms)
[wrangler:info] GET /retro-2010-squads.js 304 Not Modified (386ms)
[wrangler:info] GET /retro-2018-squads.js 304 Not Modified (261ms)
[wrangler:info] GET /retro-2022-squads.js 304 Not Modified (274ms)
[wrangler:info] GET /retro-2018-schedule.js 304 Not Modified (306ms)
[wrangler:info] GET /retro-2022-schedule.js 304 Not Modified (262ms)
[wrangler:info] GET /retro-engine.js 304 Not Modified (276ms)
[wrangler:info] GET /presentation-engine.js 304 Not Modified (232ms)
[wrangler:info] GET /simulation-engine.js 304 Not Modified (231ms)
[wrangler:info] GET /legacy-data/catalog.generated.js 200 OK (211ms)
[wrangler:info] GET /app.js 200 OK (361ms)
[wrangler:info] GET /challenge.js 304 Not Modified (371ms)
[wrangler:info] GET /analytics.js 304 Not Modified (339ms)
[wrangler:info] GET /assets/retro-world-cup-2022.png 304 Not Modified (15ms)
{"type":"worker-request","timestamp":"2026-07-26T16:47:31.642Z","requestId":"b30edef1-733b-427e-8b4d-8179cec52ffc","method":"GET","route":"/api/challenge"}
{"type":"worker-request-complete","timestamp":"2026-07-26T16:47:31.775Z","requestId":"b30edef1-733b-427e-8b4d-8179cec52ffc","method":"GET","route":"/api/challenge","status":200,"elapsedMs":133}
[wrangler:info] GET /api/challenge 200 OK (137ms)
{"type":"worker-request","timestamp":"2026-07-26T16:47:31.861Z","requestId":"09963529-3d38-4284-abec-a7f9d2ab7e00","method":"GET","route":"/default-mode"}
{"type":"worker-request-complete","timestamp":"2026-07-26T16:47:31.864Z","requestId":"09963529-3d38-4284-abec-a7f9d2ab7e00","method":"GET","route":"/default-mode","status":200,"elapsedMs":3}
[wrangler:info] GET /default-mode 200 OK (9ms)
[wrangler:info] GET /clean.css 304 Not Modified (24ms)
[wrangler:info] GET /analytics.js 304 Not Modified (29ms)
[wrangler:info] GET /assets/flags/palestine.svg 304 Not Modified (78ms)
[wrangler:info] GET /assets/retro-world-cup-2014.png 304 Not Modified (93ms)
[wrangler:info] GET /player-pools.generated.js 304 Not Modified (123ms)
[wrangler:info] GET /data.js 304 Not Modified (113ms)
[wrangler:info] GET /retro-2010-squads.js 304 Not Modified (92ms)
[wrangler:info] GET /retro-data.js 304 Not Modified (117ms)
[wrangler:info] GET /retro-2014-squads.js 304 Not Modified (36ms)
[wrangler:info] GET /retro-2010-schedule.js 304 Not Modified (75ms)
[wrangler:info] GET /retro-2018-squads.js 304 Not Modified (46ms)
[wrangler:info] GET /retro-2014-schedule.js 304 Not Modified (58ms)
[wrangler:info] GET /retro-2018-schedule.js 304 Not Modified (44ms)
[wrangler:info] GET /retro-2022-schedule.js 304 Not Modified (36ms)
[wrangler:info] GET /retro-2022-squads.js 304 Not Modified (52ms)
[wrangler:info] GET /retro-engine.js 304 Not Modified (45ms)
[wrangler:info] GET /presentation-engine.js 304 Not Modified (41ms)
[wrangler:info] GET /simulation-engine.js 304 Not Modified (39ms)
[wrangler:info] GET /legacy-data/catalog.generated.js 304 Not Modified (38ms)
[wrangler:info] GET /challenge.js 304 Not Modified (32ms)
[wrangler:info] GET /app.js 304 Not Modified (45ms)
[wrangler:info] GET /assets/retro-world-cup-2022.png 304 Not Modified (9ms)
{"type":"worker-request","timestamp":"2026-07-26T16:47:32.357Z","requestId":"666de9cb-40ca-47f8-8b35-ccd326ab0cb3","method":"GET","route":"/api/challenge"}
{"type":"worker-request-complete","timestamp":"2026-07-26T16:47:32.390Z","requestId":"666de9cb-40ca-47f8-8b35-ccd326ab0cb3","method":"GET","route":"/api/challenge","status":200,"elapsedMs":33}
[wrangler:info] GET /api/challenge 200 OK (39ms)
{"type":"worker-request","timestamp":"2026-07-26T16:47:49.343Z","requestId":"6b157bca-7b69-4275-be09-d57f3b56908e","method":"GET","route":"/custom-tournament"}
{"type":"worker-request-complete","timestamp":"2026-07-26T16:47:49.354Z","requestId":"6b157bca-7b69-4275-be09-d57f3b56908e","method":"GET","route":"/custom-tournament","status":200,"elapsedMs":11}
[wrangler:info] GET /custom-tournament 200 OK (28ms)
[wrangler:info] GET /analytics.js 304 Not Modified (42ms)
[wrangler:info] GET /assets/flags/palestine.svg 304 Not Modified (59ms)
[wrangler:info] GET /clean.css 200 OK (65ms)
[wrangler:info] GET /assets/retro-world-cup-2014.png 304 Not Modified (26ms)
[wrangler:info] GET /player-pools.generated.js 304 Not Modified (11ms)
[wrangler:info] GET /data.js 304 Not Modified (19ms)
[wrangler:info] GET /retro-data.js 304 Not Modified (26ms)
[wrangler:info] GET /retro-2010-squads.js 304 Not Modified (29ms)
[wrangler:info] GET /retro-2014-squads.js 304 Not Modified (29ms)
[wrangler:info] GET /retro-2014-schedule.js 304 Not Modified (23ms)
[wrangler:info] GET /retro-2010-schedule.js 304 Not Modified (48ms)
[wrangler:info] GET /retro-2018-squads.js 304 Not Modified (38ms)
[wrangler:info] GET /retro-2022-squads.js 304 Not Modified (28ms)
[wrangler:info] GET /retro-2018-schedule.js 304 Not Modified (42ms)
[wrangler:info] GET /retro-2022-schedule.js 304 Not Modified (44ms)
[wrangler:info] GET /retro-engine.js 304 Not Modified (45ms)
[wrangler:info] GET /presentation-engine.js 304 Not Modified (47ms)
[wrangler:info] GET /simulation-engine.js 304 Not Modified (50ms)
[wrangler:info] GET /legacy-data/catalog.generated.js 200 OK (54ms)
[wrangler:info] GET /challenge.js 304 Not Modified (42ms)
[wrangler:info] GET /app.js 200 OK (61ms)
[wrangler:info] GET /assets/retro-world-cup-2006.png 304 Not Modified (17ms)
{"type":"worker-request","timestamp":"2026-07-26T16:47:50.538Z","requestId":"b1a4f943-7b19-48bf-a3b0-2abd962d993b","method":"GET","route":"/api/challenge"}
{"type":"worker-request-complete","timestamp":"2026-07-26T16:47:50.569Z","requestId":"b1a4f943-7b19-48bf-a3b0-2abd962d993b","method":"GET","route":"/api/challenge","status":200,"elapsedMs":31}
[wrangler:info] GET /api/challenge 200 OK (37ms)
{"type":"worker-request","timestamp":"2026-07-26T16:47:50.586Z","requestId":"406fc1c7-9934-4733-81f2-cd0ca17c70de","method":"POST","route":"/api/challenge/achievements/retro-2014"}
{"type":"worker-request-complete","timestamp":"2026-07-26T16:47:50.608Z","requestId":"406fc1c7-9934-4733-81f2-cd0ca17c70de","method":"POST","route":"/api/challenge/achievements/retro-2014","status":200,"elapsedMs":22}
[wrangler:info] POST /api/challenge/achievements/retro-2014 200 OK (33ms)
⎔ Reloading local server...
[wrangler:info] ✨ Parsed 3 valid header rules.
⎔ Local server updated and ready
⎔ Reloading local server...
[wrangler:info] ✨ Parsed 3 valid header rules.
⎔ Local server updated and ready
{"type":"worker-request","timestamp":"2026-07-26T16:54:28.974Z","requestId":"4796fe50-fcaa-4f80-84ae-3d9ec4a89604","method":"GET","route":"/custom-tournament"}
{"type":"worker-request-complete","timestamp":"2026-07-26T16:54:29.031Z","requestId":"4796fe50-fcaa-4f80-84ae-3d9ec4a89604","method":"GET","route":"/custom-tournament","status":200,"elapsedMs":58}
[wrangler:info] GET /custom-tournament 200 OK (74ms)
[wrangler:info] GET /clean.css 200 OK (22ms)
[wrangler:info] GET /assets/flags/palestine.svg 304 Not Modified (19ms)
[wrangler:info] GET /assets/retro-world-cup-2014.png 304 Not Modified (54ms)
[wrangler:info] GET /player-pools.generated.js 304 Not Modified (101ms)
[wrangler:info] GET /data.js 304 Not Modified (141ms)
[wrangler:info] GET /retro-2010-schedule.js 304 Not Modified (203ms)
[wrangler:info] GET /retro-2014-squads.js 304 Not Modified (200ms)
[wrangler:info] GET /retro-data.js 304 Not Modified (350ms)
[wrangler:info] GET /retro-2014-schedule.js 304 Not Modified (230ms)
[wrangler:info] GET /retro-2010-squads.js 304 Not Modified (441ms)
[wrangler:info] GET /retro-2018-squads.js 304 Not Modified (231ms)
[wrangler:info] GET /retro-2018-schedule.js 304 Not Modified (189ms)
[wrangler:info] GET /retro-2022-squads.js 304 Not Modified (226ms)
[wrangler:info] GET /retro-2022-schedule.js 304 Not Modified (236ms)
[wrangler:info] GET /retro-engine.js 304 Not Modified (211ms)
[wrangler:info] GET /simulation-engine.js 304 Not Modified (207ms)
[wrangler:info] GET /presentation-engine.js 304 Not Modified (259ms)
[wrangler:info] GET /legacy-data/catalog.generated.js 200 OK (255ms)
[wrangler:info] GET /app.js 200 OK (368ms)
[wrangler:info] GET /challenge.js 304 Not Modified (370ms)
[wrangler:info] GET /analytics.js 304 Not Modified (334ms)
[wrangler:info] GET /assets/retro-world-cup-2022.png 304 Not Modified (11ms)
{"type":"worker-request","timestamp":"2026-07-26T16:54:30.420Z","requestId":"ff982fd3-7b84-4f37-ba21-58a13c7da6a2","method":"GET","route":"/api/challenge"}
{"type":"worker-request-complete","timestamp":"2026-07-26T16:54:30.487Z","requestId":"ff982fd3-7b84-4f37-ba21-58a13c7da6a2","method":"GET","route":"/api/challenge","status":200,"elapsedMs":67}
[wrangler:info] GET /api/challenge 200 OK (72ms)
⎔ Reloading local server...
[wrangler:info] ✨ Parsed 3 valid header rules.
⎔ Local server updated and ready
⎔ Reloading local server...
[wrangler:info] ✨ Parsed 3 valid header rules.
⎔ Local server updated and ready
{"type":"worker-request","timestamp":"2026-07-26T16:55:29.412Z","requestId":"ba67e37d-b704-42b4-9ea6-3dba6a69dd1d","method":"GET","route":"/custom-tournament"}
{"type":"worker-request-complete","timestamp":"2026-07-26T16:55:29.541Z","requestId":"ba67e37d-b704-42b4-9ea6-3dba6a69dd1d","method":"GET","route":"/custom-tournament","status":200,"elapsedMs":129}
[wrangler:info] GET /custom-tournament 200 OK (148ms)
[wrangler:info] GET /clean.css 304 Not Modified (82ms)
[wrangler:info] GET /assets/flags/palestine.svg 304 Not Modified (89ms)
[wrangler:info] GET /assets/retro-world-cup-2014.png 304 Not Modified (124ms)
[wrangler:info] GET /player-pools.generated.js 304 Not Modified (68ms)
[wrangler:info] GET /data.js 304 Not Modified (133ms)
[wrangler:info] GET /retro-data.js 304 Not Modified (178ms)
[wrangler:info] GET /retro-2010-squads.js 304 Not Modified (225ms)
[wrangler:info] GET /retro-2018-squads.js 304 Not Modified (125ms)
[wrangler:info] GET /retro-2014-schedule.js 304 Not Modified (168ms)
[wrangler:info] GET /retro-2018-schedule.js 304 Not Modified (164ms)
[wrangler:info] GET /retro-2010-schedule.js 304 Not Modified (369ms)
[wrangler:info] GET /retro-2022-squads.js 304 Not Modified (238ms)
[wrangler:info] GET /retro-2014-squads.js 304 Not Modified (515ms)
[wrangler:info] GET /retro-2022-schedule.js 304 Not Modified (277ms)
[wrangler:info] GET /retro-engine.js 304 Not Modified (284ms)
[wrangler:info] GET /presentation-engine.js 304 Not Modified (285ms)
[wrangler:info] GET /simulation-engine.js 304 Not Modified (300ms)
[wrangler:info] GET /legacy-data/catalog.generated.js 200 OK (225ms)
[wrangler:info] GET /app.js 200 OK (380ms)
[wrangler:info] GET /challenge.js 304 Not Modified (390ms)
[wrangler:info] GET /analytics.js 304 Not Modified (360ms)
[wrangler:info] GET /assets/retro-world-cup-2022.png 304 Not Modified (11ms)
{"type":"worker-request","timestamp":"2026-07-26T16:55:30.859Z","requestId":"32d15a31-9491-4413-b9a4-2ee976cde735","method":"GET","route":"/api/challenge"}
{"type":"worker-request-complete","timestamp":"2026-07-26T16:55:30.978Z","requestId":"32d15a31-9491-4413-b9a4-2ee976cde735","method":"GET","route":"/api/challenge","status":200,"elapsedMs":119}
[wrangler:info] GET /api/challenge 200 OK (123ms)
{"type":"worker-request","timestamp":"2026-07-26T16:55:55.812Z","requestId":"860ca9f0-ffa7-44d6-8a6b-f80d93e00776","method":"GET","route":"/custom-tournament"}
{"type":"worker-request-complete","timestamp":"2026-07-26T16:55:55.824Z","requestId":"860ca9f0-ffa7-44d6-8a6b-f80d93e00776","method":"GET","route":"/custom-tournament","status":200,"elapsedMs":12}
[wrangler:info] GET /custom-tournament 200 OK (31ms)
[wrangler:info] GET /clean.css 200 OK (5ms)
[wrangler:info] GET /assets/flags/palestine.svg 304 Not Modified (15ms)
[wrangler:info] GET /assets/retro-world-cup-2014.png 304 Not Modified (32ms)
[wrangler:info] GET /player-pools.generated.js 304 Not Modified (6ms)
[wrangler:info] GET /data.js 304 Not Modified (48ms)
[wrangler:info] GET /retro-2010-squads.js 304 Not Modified (63ms)
[wrangler:info] GET /retro-data.js 304 Not Modified (80ms)
[wrangler:info] GET /retro-2010-schedule.js 304 Not Modified (84ms)
[wrangler:info] GET /retro-2014-schedule.js 304 Not Modified (63ms)
[wrangler:info] GET /retro-2014-squads.js 304 Not Modified (115ms)
[wrangler:info] GET /retro-2018-squads.js 304 Not Modified (58ms)
[wrangler:info] GET /retro-2018-schedule.js 304 Not Modified (50ms)
[wrangler:info] GET /retro-2022-squads.js 304 Not Modified (82ms)
[wrangler:info] GET /retro-2022-schedule.js 304 Not Modified (68ms)
[wrangler:info] GET /retro-engine.js 304 Not Modified (75ms)
[wrangler:info] GET /presentation-engine.js 304 Not Modified (63ms)
[wrangler:info] GET /simulation-engine.js 304 Not Modified (63ms)
[wrangler:info] GET /legacy-data/catalog.generated.js 200 OK (54ms)
[wrangler:info] GET /app.js 200 OK (47ms)
[wrangler:info] GET /challenge.js 304 Not Modified (48ms)
[wrangler:info] GET /analytics.js 304 Not Modified (39ms)
[wrangler:info] GET /assets/retro-world-cup-2006.png 304 Not Modified (15ms)
{"type":"worker-request","timestamp":"2026-07-26T16:55:56.421Z","requestId":"05e524d7-8503-4faf-845d-24c2512ef79c","method":"GET","route":"/api/challenge"}
{"type":"worker-request-complete","timestamp":"2026-07-26T16:55:56.577Z","requestId":"05e524d7-8503-4faf-845d-24c2512ef79c","method":"GET","route":"/api/challenge","status":200,"elapsedMs":156}
[wrangler:info] GET /api/challenge 200 OK (162ms)
{"type":"worker-request","timestamp":"2026-07-26T16:55:56.591Z","requestId":"530c9ba0-1db6-4e37-a867-444770f40772","method":"POST","route":"/api/challenge/achievements/retro-2014"}
{"type":"worker-request-complete","timestamp":"2026-07-26T16:55:56.620Z","requestId":"530c9ba0-1db6-4e37-a867-444770f40772","method":"POST","route":"/api/challenge/achievements/retro-2014","status":200,"elapsedMs":29}
[wrangler:info] POST /api/challenge/achievements/retro-2014 200 OK (38ms)
⎔ Reloading local server...
[wrangler:info] ✨ Parsed 3 valid header rules.
⎔ Local server updated and ready
⎔ Reloading local server...
[wrangler:info] ✨ Parsed 3 valid header rules.
⎔ Local server updated and ready
{"type":"worker-request","timestamp":"2026-07-26T16:59:44.613Z","requestId":"62103060-d9a5-49eb-9777-6439738369da","method":"GET","route":"/custom-tournament"}
{"type":"worker-request-complete","timestamp":"2026-07-26T16:59:44.656Z","requestId":"62103060-d9a5-49eb-9777-6439738369da","method":"GET","route":"/custom-tournament","status":200,"elapsedMs":43}
[wrangler:info] GET /custom-tournament 200 OK (3097ms)
[wrangler:info] GET /clean.css 200 OK (25ms)
[wrangler:info] GET /assets/flags/palestine.svg 304 Not Modified (35ms)
[wrangler:info] GET /analytics.js 304 Not Modified (25ms)
[wrangler:info] GET /assets/retro-world-cup-2014.png 304 Not Modified (31ms)
[wrangler:info] GET /player-pools.generated.js 304 Not Modified (62ms)
[wrangler:info] GET /data.js 304 Not Modified (74ms)
[wrangler:info] GET /retro-data.js 304 Not Modified (79ms)
[wrangler:info] GET /retro-2010-squads.js 304 Not Modified (155ms)
[wrangler:info] GET /retro-2010-schedule.js 304 Not Modified (144ms)
[wrangler:info] GET /retro-2014-schedule.js 304 Not Modified (98ms)
[wrangler:info] GET /retro-2014-squads.js 304 Not Modified (205ms)
[wrangler:info] GET /retro-2018-squads.js 304 Not Modified (201ms)
[wrangler:info] GET /retro-2018-schedule.js 304 Not Modified (208ms)
[wrangler:info] GET /retro-2022-schedule.js 304 Not Modified (175ms)
[wrangler:info] GET /retro-engine.js 304 Not Modified (197ms)
[wrangler:info] GET /retro-2022-squads.js 304 Not Modified (324ms)
[wrangler:info] GET /presentation-engine.js 304 Not Modified (288ms)
[wrangler:info] GET /simulation-engine.js 304 Not Modified (265ms)
[wrangler:info] GET /legacy-data/catalog.generated.js 200 OK (254ms)
[wrangler:info] GET /app.js 200 OK (392ms)
[wrangler:info] GET /challenge.js 304 Not Modified (405ms)
[wrangler:info] GET /assets/retro-world-cup-2006.png 304 Not Modified (17ms)
{"type":"worker-request","timestamp":"2026-07-26T16:59:45.868Z","requestId":"497e5cbf-31a4-47d6-8728-f98f418ddf23","method":"GET","route":"/api/challenge"}
{"type":"worker-request-complete","timestamp":"2026-07-26T16:59:45.899Z","requestId":"497e5cbf-31a4-47d6-8728-f98f418ddf23","method":"GET","route":"/api/challenge","status":200,"elapsedMs":31}
[wrangler:info] GET /api/challenge 200 OK (37ms)
{"type":"worker-request","timestamp":"2026-07-26T16:59:45.909Z","requestId":"e2c71240-b9ef-49a6-aa9f-c0e7b845d2cc","method":"POST","route":"/api/challenge/achievements/retro-2014"}
{"type":"worker-request-complete","timestamp":"2026-07-26T16:59:45.915Z","requestId":"e2c71240-b9ef-49a6-aa9f-c0e7b845d2cc","method":"POST","route":"/api/challenge/achievements/retro-2014","status":200,"elapsedMs":6}
[wrangler:info] POST /api/challenge/achievements/retro-2014 200 OK (11ms)
{"type":"worker-request","timestamp":"2026-07-26T17:00:35.270Z","requestId":"eada978d-7c4e-4e49-b8ab-ad650db7412f","method":"GET","route":"/custom-tournament"}
{"type":"worker-request-complete","timestamp":"2026-07-26T17:00:35.273Z","requestId":"eada978d-7c4e-4e49-b8ab-ad650db7412f","method":"GET","route":"/custom-tournament","status":200,"elapsedMs":3}
[wrangler:info] GET /custom-tournament 200 OK (16ms)
[wrangler:info] GET /clean.css 200 OK (6ms)
[wrangler:info] GET /assets/flags/palestine.svg 304 Not Modified (86ms)
[wrangler:info] GET /assets/retro-world-cup-2014.png 304 Not Modified (67ms)
[wrangler:info] GET /retro-data.js 304 Not Modified (27ms)
[wrangler:info] GET /player-pools.generated.js 304 Not Modified (64ms)
[wrangler:info] GET /data.js 304 Not Modified (76ms)
[wrangler:info] GET /retro-2010-schedule.js 304 Not Modified (35ms)
[wrangler:info] GET /retro-2014-squads.js 304 Not Modified (44ms)
[wrangler:info] GET /retro-2014-schedule.js 304 Not Modified (65ms)
[wrangler:info] GET /retro-2010-squads.js 304 Not Modified (119ms)
[wrangler:info] GET /retro-2018-schedule.js 304 Not Modified (54ms)
[wrangler:info] GET /retro-2018-squads.js 304 Not Modified (68ms)
[wrangler:info] GET /retro-2022-squads.js 304 Not Modified (59ms)
[wrangler:info] GET /retro-2022-schedule.js 304 Not Modified (58ms)
[wrangler:info] GET /retro-engine.js 304 Not Modified (67ms)
[wrangler:info] GET /challenge.js 304 Not Modified (23ms)
[wrangler:info] GET /legacy-data/catalog.generated.js 200 OK (49ms)
[wrangler:info] GET /presentation-engine.js 304 Not Modified (86ms)
[wrangler:info] GET /simulation-engine.js 304 Not Modified (86ms)
[wrangler:info] GET /app.js 200 OK (75ms)
[wrangler:info] GET /analytics.js 304 Not Modified (72ms)
[wrangler:info] GET /assets/retro-world-cup-2022.png 304 Not Modified (14ms)
{"type":"worker-request","timestamp":"2026-07-26T17:00:36.089Z","requestId":"7e957a73-4635-4782-a7a2-35e198991a94","method":"GET","route":"/api/challenge"}
{"type":"worker-request-complete","timestamp":"2026-07-26T17:00:36.142Z","requestId":"7e957a73-4635-4782-a7a2-35e198991a94","method":"GET","route":"/api/challenge","status":200,"elapsedMs":53}
[wrangler:info] GET /api/challenge 200 OK (58ms)
⎔ Reloading local server...
[wrangler:info] ✨ Parsed 3 valid header rules.
⎔ Local server updated and ready
⎔ Reloading local server...
[wrangler:info] ✨ Parsed 3 valid header rules.
⎔ Local server updated and ready
{"type":"worker-request","timestamp":"2026-07-26T17:05:02.450Z","requestId":"1b9481cd-4782-451c-a936-56f25e0ed141","method":"GET","route":"/custom-tournament"}
{"type":"worker-request-complete","timestamp":"2026-07-26T17:05:02.509Z","requestId":"1b9481cd-4782-451c-a936-56f25e0ed141","method":"GET","route":"/custom-tournament","status":200,"elapsedMs":59}
[wrangler:info] GET /custom-tournament 200 OK (73ms)
[wrangler:info] GET /clean.css 200 OK (23ms)
[wrangler:info] GET /assets/flags/palestine.svg 304 Not Modified (40ms)
[wrangler:info] GET /assets/retro-world-cup-2014.png 304 Not Modified (80ms)
[wrangler:info] GET /retro-2010-squads.js 304 Not Modified (98ms)
[wrangler:info] GET /player-pools.generated.js 304 Not Modified (162ms)
[wrangler:info] GET /retro-2010-schedule.js 304 Not Modified (155ms)
[wrangler:info] GET /data.js 304 Not Modified (261ms)
[wrangler:info] GET /retro-2014-squads.js 304 Not Modified (190ms)
[wrangler:info] GET /retro-2014-schedule.js 304 Not Modified (178ms)
[wrangler:info] GET /retro-data.js 304 Not Modified (370ms)
[wrangler:info] GET /retro-2018-squads.js 304 Not Modified (184ms)
[wrangler:info] GET /retro-2018-schedule.js 304 Not Modified (191ms)
[wrangler:info] GET /retro-2022-squads.js 304 Not Modified (185ms)
[wrangler:info] GET /retro-2022-schedule.js 304 Not Modified (186ms)
[wrangler:info] GET /retro-engine.js 304 Not Modified (202ms)
[wrangler:info] GET /presentation-engine.js 304 Not Modified (190ms)
[wrangler:info] GET /simulation-engine.js 304 Not Modified (219ms)
[wrangler:info] GET /legacy-data/catalog.generated.js 200 OK (195ms)
[wrangler:info] GET /app.js 304 Not Modified (350ms)
[wrangler:info] GET /analytics.js 304 Not Modified (304ms)
[wrangler:info] GET /challenge.js 304 Not Modified (366ms)
[wrangler:info] GET /assets/retro-world-cup-2022.png 304 Not Modified (12ms)
{"type":"worker-request","timestamp":"2026-07-26T17:05:03.773Z","requestId":"6ebde337-aa34-4e79-aa13-3b0359035391","method":"GET","route":"/api/challenge"}
{"type":"worker-request-complete","timestamp":"2026-07-26T17:05:03.862Z","requestId":"6ebde337-aa34-4e79-aa13-3b0359035391","method":"GET","route":"/api/challenge","status":200,"elapsedMs":89}
[wrangler:info] GET /api/challenge 200 OK (99ms)
{"type":"worker-request","timestamp":"2026-07-26T17:06:03.041Z","requestId":"b758176d-ed9d-4a23-b692-75d0d2bdfb6e","method":"GET","route":"/custom-tournament"}
{"type":"worker-request-complete","timestamp":"2026-07-26T17:06:03.043Z","requestId":"b758176d-ed9d-4a23-b692-75d0d2bdfb6e","method":"GET","route":"/custom-tournament","status":200,"elapsedMs":2}
[wrangler:info] GET /custom-tournament 200 OK (9ms)
[wrangler:info] GET /analytics.js 304 Not Modified (11ms)
[wrangler:info] GET /clean.css 200 OK (16ms)
[wrangler:info] GET /assets/flags/palestine.svg 304 Not Modified (12ms)
[wrangler:info] GET /assets/retro-world-cup-2014.png 304 Not Modified (13ms)
[wrangler:info] GET /player-pools.generated.js 304 Not Modified (18ms)
[wrangler:info] GET /retro-data.js 304 Not Modified (19ms)
[wrangler:info] GET /data.js 304 Not Modified (23ms)
[wrangler:info] GET /retro-2010-schedule.js 304 Not Modified (24ms)
[wrangler:info] GET /retro-2010-squads.js 304 Not Modified (31ms)
[wrangler:info] GET /retro-2014-squads.js 304 Not Modified (29ms)
[wrangler:info] GET /retro-2018-squads.js 304 Not Modified (24ms)
[wrangler:info] GET /retro-2014-schedule.js 304 Not Modified (39ms)
[wrangler:info] GET /retro-2022-schedule.js 304 Not Modified (22ms)
[wrangler:info] GET /retro-2022-squads.js 304 Not Modified (30ms)
[wrangler:info] GET /retro-engine.js 304 Not Modified (28ms)
[wrangler:info] GET /retro-2018-schedule.js 304 Not Modified (51ms)
[wrangler:info] GET /presentation-engine.js 304 Not Modified (27ms)
[wrangler:info] GET /simulation-engine.js 304 Not Modified (27ms)
[wrangler:info] GET /legacy-data/catalog.generated.js 200 OK (26ms)
[wrangler:info] GET /app.js 304 Not Modified (23ms)
[wrangler:info] GET /challenge.js 304 Not Modified (22ms)
[wrangler:info] GET /assets/retro-world-cup-2006.png 304 Not Modified (14ms)
{"type":"worker-request","timestamp":"2026-07-26T17:06:04.290Z","requestId":"41383467-595d-4c00-97ee-9b4278b5f089","method":"GET","route":"/api/challenge"}
{"type":"worker-request-complete","timestamp":"2026-07-26T17:06:04.325Z","requestId":"41383467-595d-4c00-97ee-9b4278b5f089","method":"GET","route":"/api/challenge","status":200,"elapsedMs":35}
[wrangler:info] GET /api/challenge 200 OK (39ms)
{"type":"worker-request","timestamp":"2026-07-26T17:06:04.337Z","requestId":"56ce67de-cd59-4112-8aee-f34d81c19d66","method":"POST","route":"/api/challenge/achievements/retro-2014"}
{"type":"worker-request-complete","timestamp":"2026-07-26T17:06:04.354Z","requestId":"56ce67de-cd59-4112-8aee-f34d81c19d66","method":"POST","route":"/api/challenge/achievements/retro-2014","status":200,"elapsedMs":17}
[wrangler:info] POST /api/challenge/achievements/retro-2014 200 OK (23ms)
{"type":"worker-request","timestamp":"2026-07-26T17:06:12.223Z","requestId":"11feb8ec-002c-4b66-ba4b-46c9063e3f73","method":"GET","route":"/custom-tournament"}
{"type":"worker-request-complete","timestamp":"2026-07-26T17:06:12.226Z","requestId":"11feb8ec-002c-4b66-ba4b-46c9063e3f73","method":"GET","route":"/custom-tournament","status":200,"elapsedMs":3}
[wrangler:info] GET /custom-tournament 200 OK (12ms)
[wrangler:info] GET /analytics.js 304 Not Modified (16ms)
[wrangler:info] GET /clean.css 304 Not Modified (41ms)
[wrangler:info] GET /assets/retro-world-cup-2014.png 304 Not Modified (38ms)
[wrangler:info] GET /assets/flags/palestine.svg 304 Not Modified (28ms)
[wrangler:info] GET /player-pools.generated.js 304 Not Modified (4ms)
[wrangler:info] GET /data.js 304 Not Modified (14ms)
[wrangler:info] GET /retro-2010-squads.js 304 Not Modified (12ms)
[wrangler:info] GET /retro-data.js 304 Not Modified (18ms)
[wrangler:info] GET /retro-2010-schedule.js 304 Not Modified (16ms)
[wrangler:info] GET /retro-2014-schedule.js 304 Not Modified (13ms)
[wrangler:info] GET /retro-2018-squads.js 304 Not Modified (13ms)
[wrangler:info] GET /retro-2014-squads.js 304 Not Modified (24ms)
[wrangler:info] GET /retro-2018-schedule.js 304 Not Modified (16ms)
[wrangler:info] GET /retro-2022-squads.js 304 Not Modified (16ms)
[wrangler:info] GET /retro-2022-schedule.js 304 Not Modified (20ms)
[wrangler:info] GET /retro-engine.js 304 Not Modified (22ms)
[wrangler:info] GET /presentation-engine.js 304 Not Modified (26ms)
[wrangler:info] GET /simulation-engine.js 304 Not Modified (27ms)
[wrangler:info] GET /legacy-data/catalog.generated.js 304 Not Modified (28ms)
[wrangler:info] GET /app.js 304 Not Modified (28ms)
[wrangler:info] GET /challenge.js 304 Not Modified (19ms)
[wrangler:info] GET /assets/retro-world-cup-2006.png 304 Not Modified (5ms)
{"type":"worker-request","timestamp":"2026-07-26T17:06:12.509Z","requestId":"839ac520-08d4-45e6-9db6-fdbf22166c72","method":"GET","route":"/api/challenge"}
{"type":"worker-request-complete","timestamp":"2026-07-26T17:06:12.533Z","requestId":"839ac520-08d4-45e6-9db6-fdbf22166c72","method":"GET","route":"/api/challenge","status":200,"elapsedMs":24}
[wrangler:info] GET /api/challenge 200 OK (28ms)
{"type":"worker-request","timestamp":"2026-07-26T17:06:12.540Z","requestId":"578ac072-b0a5-4ac5-b800-43668c5f4f0a","method":"POST","route":"/api/challenge/achievements/retro-2014"}
{"type":"worker-request-complete","timestamp":"2026-07-26T17:06:12.551Z","requestId":"578ac072-b0a5-4ac5-b800-43668c5f4f0a","method":"POST","route":"/api/challenge/achievements/retro-2014","status":200,"elapsedMs":11}
[wrangler:info] POST /api/challenge/achievements/retro-2014 200 OK (14ms)
[wrangler:info] GET /assets/audio/penalty-whistle.mp3 304 Not Modified (15ms)
[wrangler:info] GET /assets/audio/full-time-whistle.mp3 304 Not Modified (32ms)
⎔ Reloading local server...
[wrangler:info] ✨ Parsed 3 valid header rules.
⎔ Local server updated and ready
{"type":"worker-request","timestamp":"2026-07-26T17:14:53.453Z","requestId":"4398e516-6460-43e3-b74d-3bf782d2b527","method":"GET","route":"/custom-tournament"}
{"type":"worker-request-complete","timestamp":"2026-07-26T17:14:53.518Z","requestId":"4398e516-6460-43e3-b74d-3bf782d2b527","method":"GET","route":"/custom-tournament","status":200,"elapsedMs":65}
[wrangler:info] GET /custom-tournament 200 OK (74ms)
[wrangler:info] GET /clean.css 200 OK (93ms)
[wrangler:info] GET /assets/flags/palestine.svg 304 Not Modified (131ms)
[wrangler:info] GET /assets/retro-world-cup-2014.png 304 Not Modified (114ms)
[wrangler:info] GET /player-pools.generated.js 304 Not Modified (109ms)
[wrangler:info] GET /retro-data.js 304 Not Modified (122ms)
[wrangler:info] GET /retro-2010-schedule.js 304 Not Modified (107ms)
[wrangler:info] GET /data.js 304 Not Modified (214ms)
[wrangler:info] GET /retro-2014-schedule.js 304 Not Modified (89ms)
[wrangler:info] GET /retro-2010-squads.js 304 Not Modified (271ms)
[wrangler:info] GET /retro-2014-squads.js 304 Not Modified (233ms)
[wrangler:info] GET /retro-2018-squads.js 304 Not Modified (297ms)
[wrangler:info] GET /retro-2022-squads.js 304 Not Modified (302ms)
[wrangler:info] GET /retro-2018-schedule.js 304 Not Modified (340ms)
[wrangler:info] GET /retro-2022-schedule.js 304 Not Modified (344ms)
[wrangler:info] GET /retro-engine.js 304 Not Modified (261ms)
[wrangler:info] GET /presentation-engine.js 304 Not Modified (256ms)
[wrangler:info] GET /simulation-engine.js 304 Not Modified (246ms)
[wrangler:info] GET /legacy-data/catalog.generated.js 200 OK (246ms)
[wrangler:info] GET /app.js 304 Not Modified (556ms)
[wrangler:info] GET /challenge.js 304 Not Modified (582ms)
[wrangler:info] GET /analytics.js 304 Not Modified (541ms)
[wrangler:info] GET /assets/retro-world-cup-2022.png 304 Not Modified (12ms)
{"type":"worker-request","timestamp":"2026-07-26T17:14:55.179Z","requestId":"37ad95a6-00d3-4475-af58-c699e4d38182","method":"GET","route":"/api/challenge"}
{"type":"worker-request-complete","timestamp":"2026-07-26T17:14:55.246Z","requestId":"37ad95a6-00d3-4475-af58-c699e4d38182","method":"GET","route":"/api/challenge","status":200,"elapsedMs":67}
[wrangler:info] GET /api/challenge 200 OK (72ms)
{"type":"worker-request","timestamp":"2026-07-26T17:16:13.062Z","requestId":"8ac21221-2a49-43c5-80bc-1a48382707c6","method":"GET","route":"/custom-tournament"}
{"type":"worker-request-complete","timestamp":"2026-07-26T17:16:13.065Z","requestId":"8ac21221-2a49-43c5-80bc-1a48382707c6","method":"GET","route":"/custom-tournament","status":200,"elapsedMs":3}
[wrangler:info] GET /custom-tournament 200 OK (10ms)
[wrangler:info] GET /clean.css 200 OK (14ms)
[wrangler:info] GET /assets/flags/palestine.svg 304 Not Modified (23ms)
[wrangler:info] GET /assets/retro-world-cup-2014.png 304 Not Modified (27ms)
[wrangler:info] GET /analytics.js 304 Not Modified (28ms)
[wrangler:info] GET /player-pools.generated.js 304 Not Modified (11ms)
[wrangler:info] GET /data.js 304 Not Modified (11ms)
[wrangler:info] GET /retro-data.js 304 Not Modified (11ms)
[wrangler:info] GET /retro-2010-squads.js 304 Not Modified (15ms)
[wrangler:info] GET /retro-2010-schedule.js 304 Not Modified (22ms)
[wrangler:info] GET /retro-2014-schedule.js 304 Not Modified (26ms)
[wrangler:info] GET /retro-2014-squads.js 304 Not Modified (30ms)
[wrangler:info] GET /retro-2018-squads.js 304 Not Modified (29ms)
[wrangler:info] GET /retro-2022-squads.js 304 Not Modified (21ms)
[wrangler:info] GET /retro-2018-schedule.js 304 Not Modified (37ms)
[wrangler:info] GET /presentation-engine.js 304 Not Modified (14ms)
[wrangler:info] GET /retro-engine.js 304 Not Modified (20ms)
[wrangler:info] GET /retro-2022-schedule.js 304 Not Modified (34ms)
[wrangler:info] GET /simulation-engine.js 304 Not Modified (25ms)
[wrangler:info] GET /legacy-data/catalog.generated.js 200 OK (24ms)
[wrangler:info] GET /app.js 304 Not Modified (25ms)
[wrangler:info] GET /challenge.js 304 Not Modified (25ms)
[wrangler:info] GET /assets/retro-world-cup-2006.png 304 Not Modified (18ms)
{"type":"worker-request","timestamp":"2026-07-26T17:16:13.527Z","requestId":"7a59cc26-ded1-43f2-ac19-98aca3cb1118","method":"GET","route":"/api/challenge"}
{"type":"worker-request-complete","timestamp":"2026-07-26T17:16:13.564Z","requestId":"7a59cc26-ded1-43f2-ac19-98aca3cb1118","method":"GET","route":"/api/challenge","status":200,"elapsedMs":37}
[wrangler:info] GET /api/challenge 200 OK (40ms)
{"type":"worker-request","timestamp":"2026-07-26T17:16:13.575Z","requestId":"a153321d-6b0d-4f17-9c80-f578a92d8743","method":"POST","route":"/api/challenge/achievements/retro-2014"}
{"type":"worker-request-complete","timestamp":"2026-07-26T17:16:13.597Z","requestId":"a153321d-6b0d-4f17-9c80-f578a92d8743","method":"POST","route":"/api/challenge/achievements/retro-2014","status":200,"elapsedMs":22}
[wrangler:info] POST /api/challenge/achievements/retro-2014 200 OK (29ms)
⎔ Reloading local server...
[wrangler:info] ✨ Parsed 3 valid header rules.
⎔ Local server updated and ready
⎔ Reloading local server...
[wrangler:info] ✨ Parsed 3 valid header rules.
⎔ Local server updated and ready
{"type":"worker-request","timestamp":"2026-07-26T17:19:28.348Z","requestId":"72914ca4-9689-41a4-86b3-35c2c46d547d","method":"GET","route":"/custom-tournament"}
{"type":"worker-request-complete","timestamp":"2026-07-26T17:19:28.413Z","requestId":"72914ca4-9689-41a4-86b3-35c2c46d547d","method":"GET","route":"/custom-tournament","status":200,"elapsedMs":65}
[wrangler:info] GET /custom-tournament 200 OK (83ms)
[wrangler:info] GET /clean.css 200 OK (84ms)
[wrangler:info] GET /assets/flags/palestine.svg 304 Not Modified (84ms)
[wrangler:info] GET /assets/retro-world-cup-2014.png 304 Not Modified (99ms)
[wrangler:info] GET /retro-2010-squads.js 304 Not Modified (93ms)
[wrangler:info] GET /player-pools.generated.js 304 Not Modified (250ms)
[wrangler:info] GET /retro-2010-schedule.js 304 Not Modified (223ms)
[wrangler:info] GET /data.js 304 Not Modified (348ms)
[wrangler:info] GET /retro-2014-squads.js 304 Not Modified (248ms)
[wrangler:info] GET /retro-2014-schedule.js 304 Not Modified (164ms)
[wrangler:info] GET /retro-data.js 304 Not Modified (477ms)
[wrangler:info] GET /retro-2018-squads.js 304 Not Modified (223ms)
[wrangler:info] GET /retro-2018-schedule.js 304 Not Modified (207ms)
[wrangler:info] GET /retro-2022-squads.js 304 Not Modified (205ms)
[wrangler:info] GET /retro-2022-schedule.js 304 Not Modified (208ms)
[wrangler:info] GET /retro-engine.js 304 Not Modified (212ms)
[wrangler:info] GET /presentation-engine.js 304 Not Modified (206ms)
[wrangler:info] GET /simulation-engine.js 304 Not Modified (242ms)
[wrangler:info] GET /legacy-data/catalog.generated.js 200 OK (214ms)
[wrangler:info] GET /app.js 304 Not Modified (372ms)
[wrangler:info] GET /analytics.js 304 Not Modified (320ms)
[wrangler:info] GET /challenge.js 304 Not Modified (365ms)
[wrangler:info] GET /assets/retro-world-cup-2022.png 304 Not Modified (16ms)
{"type":"worker-request","timestamp":"2026-07-26T17:19:29.830Z","requestId":"53c753a3-b2c8-4dcd-86e8-538342750193","method":"GET","route":"/api/challenge"}
{"type":"worker-request-complete","timestamp":"2026-07-26T17:19:29.871Z","requestId":"53c753a3-b2c8-4dcd-86e8-538342750193","method":"GET","route":"/api/challenge","status":200,"elapsedMs":41}
[wrangler:info] GET /api/challenge 200 OK (49ms)
{"type":"worker-request","timestamp":"2026-07-26T17:20:20.194Z","requestId":"c99ed25d-4254-401b-9ba5-742d6be3ac0d","method":"GET","route":"/custom-tournament"}
{"type":"worker-request-complete","timestamp":"2026-07-26T17:20:20.197Z","requestId":"c99ed25d-4254-401b-9ba5-742d6be3ac0d","method":"GET","route":"/custom-tournament","status":200,"elapsedMs":3}
[wrangler:info] GET /custom-tournament 200 OK (12ms)
[wrangler:info] GET /clean.css 200 OK (14ms)
[wrangler:info] GET /analytics.js 304 Not Modified (23ms)
[wrangler:info] GET /assets/flags/palestine.svg 304 Not Modified (37ms)
[wrangler:info] GET /assets/retro-world-cup-2014.png 304 Not Modified (35ms)
[wrangler:info] GET /data.js 304 Not Modified (23ms)
[wrangler:info] GET /player-pools.generated.js 304 Not Modified (21ms)
[wrangler:info] GET /retro-data.js 304 Not Modified (27ms)
[wrangler:info] GET /retro-2010-squads.js 304 Not Modified (49ms)
[wrangler:info] GET /retro-2010-schedule.js 304 Not Modified (63ms)
[wrangler:info] GET /retro-2018-squads.js 304 Not Modified (39ms)
[wrangler:info] GET /retro-2014-schedule.js 304 Not Modified (54ms)
[wrangler:info] GET /retro-2018-schedule.js 304 Not Modified (43ms)
[wrangler:info] GET /retro-2022-squads.js 304 Not Modified (38ms)
[wrangler:info] GET /retro-2014-squads.js 304 Not Modified (93ms)
[wrangler:info] GET /retro-2022-schedule.js 304 Not Modified (32ms)
[wrangler:info] GET /retro-engine.js 304 Not Modified (27ms)
[wrangler:info] GET /presentation-engine.js 304 Not Modified (27ms)
[wrangler:info] GET /simulation-engine.js 304 Not Modified (23ms)
[wrangler:info] GET /legacy-data/catalog.generated.js 200 OK (23ms)
[wrangler:info] GET /app.js 304 Not Modified (23ms)
[wrangler:info] GET /challenge.js 304 Not Modified (21ms)
[wrangler:info] GET /assets/retro-world-cup-2006.png 304 Not Modified (15ms)
{"type":"worker-request","timestamp":"2026-07-26T17:20:20.680Z","requestId":"fce2e8e3-b969-4e66-8966-1a0b4d8bcb3e","method":"GET","route":"/api/challenge"}
{"type":"worker-request-complete","timestamp":"2026-07-26T17:20:20.715Z","requestId":"fce2e8e3-b969-4e66-8966-1a0b4d8bcb3e","method":"GET","route":"/api/challenge","status":200,"elapsedMs":35}
[wrangler:info] GET /api/challenge 200 OK (39ms)
{"type":"worker-request","timestamp":"2026-07-26T17:20:20.725Z","requestId":"dbbf5afe-f506-49c6-80c2-2be8d0e38ce2","method":"POST","route":"/api/challenge/achievements/retro-2014"}
{"type":"worker-request-complete","timestamp":"2026-07-26T17:20:20.744Z","requestId":"dbbf5afe-f506-49c6-80c2-2be8d0e38ce2","method":"POST","route":"/api/challenge/achievements/retro-2014","status":200,"elapsedMs":19}
[wrangler:info] POST /api/challenge/achievements/retro-2014 200 OK (25ms)
{"type":"worker-request","timestamp":"2026-07-26T17:20:33.185Z","requestId":"a41f8106-29b8-48fe-825f-0760cc34cc6c","method":"GET","route":"/custom-tournament"}
{"type":"worker-request-complete","timestamp":"2026-07-26T17:20:33.187Z","requestId":"a41f8106-29b8-48fe-825f-0760cc34cc6c","method":"GET","route":"/custom-tournament","status":200,"elapsedMs":2}
[wrangler:info] GET /custom-tournament 200 OK (7ms)
[wrangler:info] GET /analytics.js 304 Not Modified (8ms)
[wrangler:info] GET /clean.css 304 Not Modified (9ms)
[wrangler:info] GET /assets/flags/palestine.svg 304 Not Modified (11ms)
[wrangler:info] GET /assets/retro-world-cup-2014.png 304 Not Modified (11ms)
[wrangler:info] GET /data.js 304 Not Modified (14ms)
[wrangler:info] GET /player-pools.generated.js 304 Not Modified (15ms)
[wrangler:info] GET /retro-data.js 304 Not Modified (18ms)
[wrangler:info] GET /retro-2010-schedule.js 304 Not Modified (17ms)
[wrangler:info] GET /retro-2010-squads.js 304 Not Modified (27ms)
[wrangler:info] GET /retro-2014-schedule.js 304 Not Modified (17ms)
[wrangler:info] GET /retro-2014-squads.js 304 Not Modified (29ms)
[wrangler:info] GET /retro-2018-squads.js 304 Not Modified (24ms)
[wrangler:info] GET /retro-2022-squads.js 304 Not Modified (18ms)
[wrangler:info] GET /retro-2022-schedule.js 304 Not Modified (19ms)
[wrangler:info] GET /retro-2018-schedule.js 304 Not Modified (29ms)
[wrangler:info] GET /retro-engine.js 304 Not Modified (21ms)
[wrangler:info] GET /simulation-engine.js 304 Not Modified (16ms)
[wrangler:info] GET /presentation-engine.js 304 Not Modified (21ms)
[wrangler:info] GET /app.js 304 Not Modified (16ms)
[wrangler:info] GET /legacy-data/catalog.generated.js 304 Not Modified (21ms)
[wrangler:info] GET /challenge.js 304 Not Modified (17ms)
[wrangler:info] GET /assets/retro-world-cup-2006.png 304 Not Modified (6ms)
{"type":"worker-request","timestamp":"2026-07-26T17:20:33.498Z","requestId":"b53711cc-6ba3-49cf-95bb-a8498c98b661","method":"GET","route":"/api/challenge"}
{"type":"worker-request-complete","timestamp":"2026-07-26T17:20:33.548Z","requestId":"b53711cc-6ba3-49cf-95bb-a8498c98b661","method":"GET","route":"/api/challenge","status":200,"elapsedMs":50}
[wrangler:info] GET /api/challenge 200 OK (54ms)
{"type":"worker-request","timestamp":"2026-07-26T17:20:33.556Z","requestId":"9fc42d31-59bd-4763-9c58-b3c201ea695e","method":"POST","route":"/api/challenge/achievements/retro-2014"}
{"type":"worker-request-complete","timestamp":"2026-07-26T17:20:33.567Z","requestId":"9fc42d31-59bd-4763-9c58-b3c201ea695e","method":"POST","route":"/api/challenge/achievements/retro-2014","status":200,"elapsedMs":11}
[wrangler:info] POST /api/challenge/achievements/retro-2014 200 OK (15ms)
⎔ Reloading local server...
[wrangler:info] ✨ Parsed 3 valid header rules.
⎔ Local server updated and ready
{"type":"worker-request","timestamp":"2026-07-26T17:22:35.560Z","requestId":"4cc60c7b-9c38-4b9f-aea7-6ce6939c0e39","method":"GET","route":"/custom-tournament"}
{"type":"worker-request-complete","timestamp":"2026-07-26T17:22:35.602Z","requestId":"4cc60c7b-9c38-4b9f-aea7-6ce6939c0e39","method":"GET","route":"/custom-tournament","status":200,"elapsedMs":42}
[wrangler:info] GET /custom-tournament 200 OK (49ms)
[wrangler:info] GET /clean.css 200 OK (15ms)
[wrangler:info] GET /assets/flags/palestine.svg 304 Not Modified (21ms)
[wrangler:info] GET /assets/retro-world-cup-2014.png 304 Not Modified (29ms)
[wrangler:info] GET /retro-2010-squads.js 304 Not Modified (39ms)
[wrangler:info] GET /player-pools.generated.js 304 Not Modified (98ms)
[wrangler:info] GET /retro-2010-schedule.js 304 Not Modified (112ms)
[wrangler:info] GET /data.js 304 Not Modified (164ms)
[wrangler:info] GET /retro-2014-squads.js 304 Not Modified (173ms)
[wrangler:info] GET /retro-2014-schedule.js 304 Not Modified (150ms)
[wrangler:info] GET /retro-data.js 304 Not Modified (279ms)
[wrangler:info] GET /retro-2018-squads.js 304 Not Modified (202ms)
[wrangler:info] GET /retro-2018-schedule.js 304 Not Modified (187ms)
[wrangler:info] GET /retro-2022-squads.js 304 Not Modified (182ms)
[wrangler:info] GET /retro-2022-schedule.js 304 Not Modified (183ms)
[wrangler:info] GET /retro-engine.js 304 Not Modified (189ms)
[wrangler:info] GET /presentation-engine.js 304 Not Modified (171ms)
[wrangler:info] GET /simulation-engine.js 304 Not Modified (190ms)
[wrangler:info] GET /legacy-data/catalog.generated.js 200 OK (158ms)
[wrangler:info] GET /app.js 200 OK (306ms)
[wrangler:info] GET /analytics.js 304 Not Modified (272ms)
[wrangler:info] GET /challenge.js 304 Not Modified (306ms)
[wrangler:info] GET /assets/retro-world-cup-2022.png 304 Not Modified (10ms)
{"type":"worker-request","timestamp":"2026-07-26T17:22:36.545Z","requestId":"dcae4765-a7e8-4f80-a64c-0adb37d5d569","method":"GET","route":"/api/challenge"}
{"type":"worker-request-complete","timestamp":"2026-07-26T17:22:36.559Z","requestId":"dcae4765-a7e8-4f80-a64c-0adb37d5d569","method":"GET","route":"/api/challenge","status":200,"elapsedMs":14}
[wrangler:info] GET /api/challenge 200 OK (17ms)
{"type":"worker-request","timestamp":"2026-07-26T17:23:14.852Z","requestId":"7278d2d0-6660-4ead-a797-063b74f489ae","method":"GET","route":"/custom-tournament"}
{"type":"worker-request-complete","timestamp":"2026-07-26T17:23:14.857Z","requestId":"7278d2d0-6660-4ead-a797-063b74f489ae","method":"GET","route":"/custom-tournament","status":200,"elapsedMs":5}
[wrangler:info] GET /custom-tournament 200 OK (13ms)
[wrangler:info] GET /clean.css 200 OK (7ms)
[wrangler:info] GET /analytics.js 304 Not Modified (10ms)
[wrangler:info] GET /assets/flags/palestine.svg 304 Not Modified (14ms)
[wrangler:info] GET /assets/retro-world-cup-2014.png 304 Not Modified (19ms)
[wrangler:info] GET /player-pools.generated.js 304 Not Modified (11ms)
[wrangler:info] GET /data.js 304 Not Modified (22ms)
[wrangler:info] GET /retro-data.js 304 Not Modified (29ms)
[wrangler:info] GET /retro-2010-schedule.js 304 Not Modified (26ms)
[wrangler:info] GET /retro-2010-squads.js 304 Not Modified (33ms)
[wrangler:info] GET /retro-2014-squads.js 304 Not Modified (30ms)
[wrangler:info] GET /retro-2014-schedule.js 304 Not Modified (28ms)
[wrangler:info] GET /retro-2018-squads.js 304 Not Modified (42ms)
[wrangler:info] GET /retro-2018-schedule.js 304 Not Modified (35ms)
[wrangler:info] GET /retro-2022-schedule.js 304 Not Modified (37ms)
[wrangler:info] GET /retro-engine.js 304 Not Modified (37ms)
[wrangler:info] GET /retro-2022-squads.js 304 Not Modified (48ms)
[wrangler:info] GET /presentation-engine.js 304 Not Modified (28ms)
[wrangler:info] GET /simulation-engine.js 304 Not Modified (24ms)
[wrangler:info] GET /app.js 200 OK (24ms)
[wrangler:info] GET /legacy-data/catalog.generated.js 200 OK (34ms)
[wrangler:info] GET /challenge.js 304 Not Modified (24ms)
[wrangler:info] GET /assets/retro-world-cup-2006.png 304 Not Modified (23ms)
{"type":"worker-request","timestamp":"2026-07-26T17:23:15.268Z","requestId":"d55feef1-6f74-4e6a-8be0-6ce58185a328","method":"GET","route":"/api/challenge"}
{"type":"worker-request-complete","timestamp":"2026-07-26T17:23:15.326Z","requestId":"d55feef1-6f74-4e6a-8be0-6ce58185a328","method":"GET","route":"/api/challenge","status":200,"elapsedMs":58}
[wrangler:info] GET /api/challenge 200 OK (64ms)
{"type":"worker-request","timestamp":"2026-07-26T17:23:15.335Z","requestId":"9f580758-a9f2-4e51-b58d-ccf09d0179bd","method":"POST","route":"/api/challenge/achievements/retro-2014"}
{"type":"worker-request-complete","timestamp":"2026-07-26T17:23:15.356Z","requestId":"9f580758-a9f2-4e51-b58d-ccf09d0179bd","method":"POST","route":"/api/challenge/achievements/retro-2014","status":200,"elapsedMs":21}
[wrangler:info] POST /api/challenge/achievements/retro-2014 200 OK (27ms)
[wrangler:info] GET /assets/audio/penalty-whistle.mp3 304 Not Modified (16ms)
[wrangler:info] GET /assets/audio/full-time-whistle.mp3 304 Not Modified (32ms)
[wrangler:info] GET /assets/audio/penalty-whistle.mp3 304 Not Modified (6ms)
[wrangler:info] GET /assets/audio/full-time-whistle.mp3 304 Not Modified (7ms)
⎔ Reloading local server...
[wrangler:info] ✨ Parsed 3 valid header rules.
⎔ Local server updated and ready
{"type":"worker-request","timestamp":"2026-07-26T17:27:55.695Z","requestId":"08e88723-1628-4a2c-8bf4-ebdfb9e7738f","method":"GET","route":"/custom-tournament"}
{"type":"worker-request-complete","timestamp":"2026-07-26T17:27:55.733Z","requestId":"08e88723-1628-4a2c-8bf4-ebdfb9e7738f","method":"GET","route":"/custom-tournament","status":200,"elapsedMs":38}
[wrangler:info] GET /custom-tournament 200 OK (44ms)
[wrangler:info] GET /clean.css 200 OK (12ms)
[wrangler:info] GET /player-pools.generated.js 304 Not Modified (41ms)
[wrangler:info] GET /assets/flags/palestine.svg 304 Not Modified (47ms)
[wrangler:info] GET /retro-2010-squads.js 304 Not Modified (64ms)
[wrangler:info] GET /assets/retro-world-cup-2014.png 304 Not Modified (129ms)
[wrangler:info] GET /retro-2010-schedule.js 304 Not Modified (112ms)
[wrangler:info] GET /data.js 304 Not Modified (184ms)
[wrangler:info] GET /retro-2014-squads.js 304 Not Modified (114ms)
[wrangler:info] GET /retro-2014-schedule.js 304 Not Modified (119ms)
[wrangler:info] GET /retro-data.js 304 Not Modified (275ms)
[wrangler:info] GET /retro-2018-squads.js 304 Not Modified (171ms)
[wrangler:info] GET /retro-2018-schedule.js 304 Not Modified (172ms)
[wrangler:info] GET /retro-2022-squads.js 304 Not Modified (178ms)
[wrangler:info] GET /retro-2022-schedule.js 304 Not Modified (178ms)
[wrangler:info] GET /retro-engine.js 304 Not Modified (187ms)
[wrangler:info] GET /presentation-engine.js 304 Not Modified (157ms)
[wrangler:info] GET /simulation-engine.js 304 Not Modified (175ms)
[wrangler:info] GET /legacy-data/catalog.generated.js 200 OK (150ms)
[wrangler:info] GET /app.js 200 OK (314ms)
[wrangler:info] GET /analytics.js 304 Not Modified (283ms)
[wrangler:info] GET /challenge.js 304 Not Modified (319ms)
[wrangler:info] GET /assets/retro-world-cup-2022.png 304 Not Modified (12ms)
{"type":"worker-request","timestamp":"2026-07-26T17:27:56.733Z","requestId":"752d8b6a-ac7d-4a47-8a4b-26ce154ed3be","method":"GET","route":"/api/challenge"}
{"type":"worker-request-complete","timestamp":"2026-07-26T17:27:56.748Z","requestId":"752d8b6a-ac7d-4a47-8a4b-26ce154ed3be","method":"GET","route":"/api/challenge","status":200,"elapsedMs":15}
[wrangler:info] GET /api/challenge 200 OK (19ms)
{"type":"worker-request","timestamp":"2026-07-26T17:28:26.741Z","requestId":"b20c91c9-4975-4894-a61f-018d06683d68","method":"GET","route":"/custom-tournament"}
{"type":"worker-request-complete","timestamp":"2026-07-26T17:28:26.746Z","requestId":"b20c91c9-4975-4894-a61f-018d06683d68","method":"GET","route":"/custom-tournament","status":200,"elapsedMs":5}
[wrangler:info] GET /custom-tournament 200 OK (15ms)
[wrangler:info] GET /clean.css 200 OK (26ms)
[wrangler:info] GET /assets/flags/palestine.svg 304 Not Modified (42ms)
[wrangler:info] GET /assets/retro-world-cup-2014.png 304 Not Modified (57ms)
[wrangler:info] GET /analytics.js 304 Not Modified (75ms)
[wrangler:info] GET /player-pools.generated.js 304 Not Modified (32ms)
[wrangler:info] GET /data.js 304 Not Modified (41ms)
[wrangler:info] GET /retro-data.js 304 Not Modified (38ms)
[wrangler:info] GET /retro-2010-squads.js 304 Not Modified (48ms)
[wrangler:info] GET /retro-2010-schedule.js 304 Not Modified (47ms)
[wrangler:info] GET /retro-2014-squads.js 304 Not Modified (40ms)
[wrangler:info] GET /retro-2014-schedule.js 304 Not Modified (34ms)
[wrangler:info] GET /retro-2022-squads.js 304 Not Modified (13ms)
[wrangler:info] GET /retro-2018-squads.js 304 Not Modified (36ms)
[wrangler:info] GET /retro-2018-schedule.js 304 Not Modified (32ms)
[wrangler:info] GET /retro-2022-schedule.js 304 Not Modified (41ms)
[wrangler:info] GET /simulation-engine.js 304 Not Modified (38ms)
[wrangler:info] GET /retro-engine.js 304 Not Modified (57ms)
[wrangler:info] GET /presentation-engine.js 304 Not Modified (56ms)
[wrangler:info] GET /app.js 200 OK (49ms)
[wrangler:info] GET /legacy-data/catalog.generated.js 200 OK (55ms)
[wrangler:info] GET /challenge.js 304 Not Modified (40ms)
[wrangler:info] GET /assets/retro-world-cup-2006.png 304 Not Modified (14ms)
{"type":"worker-request","timestamp":"2026-07-26T17:28:27.977Z","requestId":"7287bed5-6fd2-4ace-8d07-1be7d572c9f9","method":"GET","route":"/api/challenge"}
{"type":"worker-request-complete","timestamp":"2026-07-26T17:28:28.023Z","requestId":"7287bed5-6fd2-4ace-8d07-1be7d572c9f9","method":"GET","route":"/api/challenge","status":200,"elapsedMs":46}
[wrangler:info] GET /api/challenge 200 OK (51ms)
{"type":"worker-request","timestamp":"2026-07-26T17:28:28.033Z","requestId":"cade1b0e-4cc4-407b-bd77-708a1b4be034","method":"POST","route":"/api/challenge/achievements/retro-2014"}
{"type":"worker-request-complete","timestamp":"2026-07-26T17:28:28.065Z","requestId":"cade1b0e-4cc4-407b-bd77-708a1b4be034","method":"POST","route":"/api/challenge/achievements/retro-2014","status":200,"elapsedMs":32}
[wrangler:info] POST /api/challenge/achievements/retro-2014 200 OK (37ms)
{"type":"worker-request","timestamp":"2026-07-26T17:31:55.994Z","requestId":"6df4b615-2b37-4475-9c01-2a0e1531cc0c","method":"GET","route":"/custom-tournament"}
{"type":"worker-request-complete","timestamp":"2026-07-26T17:31:55.996Z","requestId":"6df4b615-2b37-4475-9c01-2a0e1531cc0c","method":"GET","route":"/custom-tournament","status":200,"elapsedMs":2}
[wrangler:info] GET /custom-tournament 200 OK (5ms)
[wrangler:info] GET /clean.css 304 Not Modified (7ms)
[wrangler:info] GET /assets/flags/palestine.svg 304 Not Modified (7ms)
[wrangler:info] GET /assets/retro-world-cup-2014.png 304 Not Modified (9ms)
[wrangler:info] GET /player-pools.generated.js 304 Not Modified (8ms)
[wrangler:info] GET /data.js 304 Not Modified (7ms)
[wrangler:info] GET /retro-data.js 304 Not Modified (8ms)
[wrangler:info] GET /retro-2010-squads.js 304 Not Modified (6ms)
[wrangler:info] GET /retro-2014-squads.js 304 Not Modified (6ms)
[wrangler:info] GET /retro-2010-schedule.js 304 Not Modified (11ms)
[wrangler:info] GET /retro-2014-schedule.js 304 Not Modified (3ms)
[wrangler:info] GET /retro-2018-schedule.js 304 Not Modified (11ms)
[wrangler:info] GET /retro-2018-squads.js 304 Not Modified (10ms)
[wrangler:info] GET /retro-2022-schedule.js 304 Not Modified (6ms)
[wrangler:info] GET /retro-engine.js 304 Not Modified (8ms)
[wrangler:info] GET /retro-2022-squads.js 304 Not Modified (14ms)
[wrangler:info] GET /presentation-engine.js 304 Not Modified (10ms)
[wrangler:info] GET /legacy-data/catalog.generated.js 304 Not Modified (3ms)
[wrangler:info] GET /simulation-engine.js 304 Not Modified (7ms)
[wrangler:info] GET /app.js 304 Not Modified (9ms)
[wrangler:info] GET /challenge.js 304 Not Modified (10ms)
[wrangler:info] GET /analytics.js 304 Not Modified (3ms)
[wrangler:info] GET /assets/retro-world-cup-2022.png 304 Not Modified (6ms)
{"type":"worker-request","timestamp":"2026-07-26T17:31:56.273Z","requestId":"935ff32b-29cf-4249-8224-43250849d34b","method":"GET","route":"/api/challenge"}
{"type":"worker-request-complete","timestamp":"2026-07-26T17:31:56.282Z","requestId":"935ff32b-29cf-4249-8224-43250849d34b","method":"GET","route":"/api/challenge","status":200,"elapsedMs":9}
[wrangler:info] GET /api/challenge 200 OK (11ms)
⎔ Reloading local server...
[wrangler:info] ✨ Parsed 3 valid header rules.
⎔ Local server updated and ready
⎔ Reloading local server...
[wrangler:info] ✨ Parsed 3 valid header rules.
⎔ Local server updated and ready
{"type":"worker-request","timestamp":"2026-07-26T17:34:02.689Z","requestId":"6982c18c-48bf-485a-a12a-5aebe381cdc7","method":"GET","route":"/custom-tournament"}
{"type":"worker-request-complete","timestamp":"2026-07-26T17:34:02.729Z","requestId":"6982c18c-48bf-485a-a12a-5aebe381cdc7","method":"GET","route":"/custom-tournament","status":200,"elapsedMs":40}
[wrangler:info] GET /custom-tournament 200 OK (46ms)
[wrangler:info] GET /clean.css 200 OK (17ms)
[wrangler:info] GET /assets/flags/palestine.svg 304 Not Modified (21ms)
[wrangler:info] GET /assets/retro-world-cup-2014.png 304 Not Modified (31ms)
[wrangler:info] GET /retro-2010-squads.js 304 Not Modified (39ms)
[wrangler:info] GET /player-pools.generated.js 304 Not Modified (95ms)
[wrangler:info] GET /retro-2010-schedule.js 304 Not Modified (110ms)
[wrangler:info] GET /data.js 304 Not Modified (163ms)
[wrangler:info] GET /retro-2014-squads.js 304 Not Modified (154ms)
[wrangler:info] GET /retro-2014-schedule.js 304 Not Modified (132ms)
[wrangler:info] GET /retro-data.js 304 Not Modified (251ms)
[wrangler:info] GET /retro-2018-squads.js 304 Not Modified (157ms)
[wrangler:info] GET /retro-2018-schedule.js 304 Not Modified (159ms)
[wrangler:info] GET /retro-2022-squads.js 304 Not Modified (163ms)
[wrangler:info] GET /retro-2022-schedule.js 304 Not Modified (172ms)
[wrangler:info] GET /retro-engine.js 304 Not Modified (186ms)
[wrangler:info] GET /presentation-engine.js 304 Not Modified (179ms)
[wrangler:info] GET /simulation-engine.js 304 Not Modified (194ms)
[wrangler:info] GET /legacy-data/catalog.generated.js 200 OK (166ms)
[wrangler:info] GET /app.js 304 Not Modified (323ms)
[wrangler:info] GET /analytics.js 304 Not Modified (290ms)
[wrangler:info] GET /challenge.js 304 Not Modified (326ms)
[wrangler:info] GET /assets/retro-world-cup-2022.png 304 Not Modified (9ms)
{"type":"worker-request","timestamp":"2026-07-26T17:34:03.619Z","requestId":"cf847286-166f-4bdc-9692-e6fd74ff3a6f","method":"GET","route":"/api/challenge"}
{"type":"worker-request-complete","timestamp":"2026-07-26T17:34:03.631Z","requestId":"cf847286-166f-4bdc-9692-e6fd74ff3a6f","method":"GET","route":"/api/challenge","status":200,"elapsedMs":12}
[wrangler:info] GET /api/challenge 200 OK (16ms)
{"type":"worker-request","timestamp":"2026-07-26T17:35:41.102Z","requestId":"e5bbd1d1-82ef-4a0f-8a87-e495b4547ae0","method":"GET","route":"/custom-tournament"}
{"type":"worker-request-complete","timestamp":"2026-07-26T17:35:41.104Z","requestId":"e5bbd1d1-82ef-4a0f-8a87-e495b4547ae0","method":"GET","route":"/custom-tournament","status":200,"elapsedMs":2}
[wrangler:info] GET /custom-tournament 200 OK (9ms)
[wrangler:info] GET /clean.css 200 OK (8ms)
[wrangler:info] GET /assets/flags/palestine.svg 304 Not Modified (10ms)
[wrangler:info] GET /assets/retro-world-cup-2014.png 304 Not Modified (12ms)
[wrangler:info] GET /analytics.js 304 Not Modified (17ms)
[wrangler:info] GET /player-pools.generated.js 304 Not Modified (9ms)
[wrangler:info] GET /data.js 304 Not Modified (9ms)
[wrangler:info] GET /retro-data.js 304 Not Modified (11ms)
[wrangler:info] GET /retro-2010-schedule.js 304 Not Modified (17ms)
[wrangler:info] GET /retro-2010-squads.js 304 Not Modified (16ms)
[wrangler:info] GET /retro-2014-squads.js 304 Not Modified (18ms)
[wrangler:info] GET /retro-2014-schedule.js 304 Not Modified (18ms)
[wrangler:info] GET /retro-2018-squads.js 304 Not Modified (18ms)
[wrangler:info] GET /retro-2018-schedule.js 304 Not Modified (19ms)
[wrangler:info] GET /retro-2022-schedule.js 304 Not Modified (12ms)
[wrangler:info] GET /retro-2022-squads.js 304 Not Modified (17ms)
[wrangler:info] GET /retro-engine.js 304 Not Modified (18ms)
[wrangler:info] GET /presentation-engine.js 304 Not Modified (18ms)
[wrangler:info] GET /simulation-engine.js 304 Not Modified (19ms)
[wrangler:info] GET /challenge.js 304 Not Modified (12ms)
[wrangler:info] GET /legacy-data/catalog.generated.js 200 OK (19ms)
[wrangler:info] GET /app.js 304 Not Modified (21ms)
[wrangler:info] GET /assets/retro-world-cup-2006.png 304 Not Modified (13ms)
{"type":"worker-request","timestamp":"2026-07-26T17:35:42.286Z","requestId":"2b900e41-4c57-4412-b47d-a42187ae3d9b","method":"GET","route":"/api/challenge"}
{"type":"worker-request-complete","timestamp":"2026-07-26T17:35:42.316Z","requestId":"2b900e41-4c57-4412-b47d-a42187ae3d9b","method":"GET","route":"/api/challenge","status":200,"elapsedMs":30}
[wrangler:info] GET /api/challenge 200 OK (34ms)
{"type":"worker-request","timestamp":"2026-07-26T17:35:42.324Z","requestId":"20c61c72-03ef-42de-b490-6c15a56c3c3d","method":"POST","route":"/api/challenge/achievements/retro-2014"}
{"type":"worker-request-complete","timestamp":"2026-07-26T17:35:42.339Z","requestId":"20c61c72-03ef-42de-b490-6c15a56c3c3d","method":"POST","route":"/api/challenge/achievements/retro-2014","status":200,"elapsedMs":15}
[wrangler:info] POST /api/challenge/achievements/retro-2014 200 OK (19ms)
{"type":"worker-request","timestamp":"2026-07-26T17:36:58.027Z","requestId":"5201c4ee-7eff-4664-aab3-cb436167bf2c","method":"GET","route":"/"}
{"type":"worker-request-complete","timestamp":"2026-07-26T17:36:58.029Z","requestId":"5201c4ee-7eff-4664-aab3-cb436167bf2c","method":"GET","route":"/","status":200,"elapsedMs":2}
[wrangler:info] GET / 200 OK (7ms)
{"type":"worker-request","timestamp":"2026-07-26T17:36:58.265Z","requestId":"c3675ebe-5cc8-468c-a45d-2aa2e2235a8c","method":"GET","route":"/api/challenge"}
{"type":"worker-request-complete","timestamp":"2026-07-26T17:36:58.333Z","requestId":"c3675ebe-5cc8-468c-a45d-2aa2e2235a8c","method":"GET","route":"/api/challenge","status":200,"elapsedMs":68}
[wrangler:info] GET /api/challenge 200 OK (77ms)
{"type":"worker-request","timestamp":"2026-07-26T17:36:58.345Z","requestId":"77bb23cd-3168-46ff-b28e-3bde6b1cc208","method":"POST","route":"/api/challenge/achievements/retro-2014"}
{"type":"worker-request-complete","timestamp":"2026-07-26T17:36:58.371Z","requestId":"77bb23cd-3168-46ff-b28e-3bde6b1cc208","method":"POST","route":"/api/challenge/achievements/retro-2014","status":200,"elapsedMs":26}
[wrangler:info] POST /api/challenge/achievements/retro-2014 200 OK (30ms)
{"type":"worker-request","timestamp":"2026-07-26T17:36:58.877Z","requestId":"3e8273c8-f2f9-4b94-83e2-6c1787eb96e9","method":"GET","route":"/custom-tournament"}
{"type":"worker-request-complete","timestamp":"2026-07-26T17:36:58.879Z","requestId":"3e8273c8-f2f9-4b94-83e2-6c1787eb96e9","method":"GET","route":"/custom-tournament","status":200,"elapsedMs":2}
[wrangler:info] GET /custom-tournament 200 OK (8ms)
{"type":"worker-request","timestamp":"2026-07-26T17:36:59.191Z","requestId":"000848c4-5d60-4701-a950-1803fc7fc291","method":"GET","route":"/api/challenge"}
{"type":"worker-request-complete","timestamp":"2026-07-26T17:36:59.210Z","requestId":"000848c4-5d60-4701-a950-1803fc7fc291","method":"GET","route":"/api/challenge","status":200,"elapsedMs":19}
[wrangler:info] GET /api/challenge 200 OK (24ms)
{"type":"worker-request","timestamp":"2026-07-26T17:36:59.225Z","requestId":"8b7c73c2-818e-45fc-8bd1-9222aa3a18c9","method":"POST","route":"/api/challenge/achievements/retro-2014"}
{"type":"worker-request-complete","timestamp":"2026-07-26T17:36:59.238Z","requestId":"8b7c73c2-818e-45fc-8bd1-9222aa3a18c9","method":"POST","route":"/api/challenge/achievements/retro-2014","status":200,"elapsedMs":13}
[wrangler:info] POST /api/challenge/achievements/retro-2014 200 OK (16ms)
[wrangler:info] GET /assets/flags/belarus.svg 304 Not Modified (21ms)
[wrangler:info] GET /assets/audio/penalty-whistle.mp3 304 Not Modified (19ms)
[wrangler:info] GET /assets/audio/full-time-whistle.mp3 304 Not Modified (32ms)
⎔ Reloading local server...
[wrangler:info] ✨ Parsed 3 valid header rules.
⎔ Local server updated and ready
⎔ Reloading local server...
[wrangler:info] ✨ Parsed 3 valid header rules.
⎔ Local server updated and ready
{"type":"worker-request","timestamp":"2026-07-26T17:41:56.311Z","requestId":"e3f06daa-6f80-4197-a2d3-584398446638","method":"GET","route":"/custom-tournament"}
{"type":"worker-request-complete","timestamp":"2026-07-26T17:41:56.353Z","requestId":"e3f06daa-6f80-4197-a2d3-584398446638","method":"GET","route":"/custom-tournament","status":200,"elapsedMs":42}
[wrangler:info] GET /custom-tournament 200 OK (48ms)
[wrangler:info] GET /clean.css 200 OK (17ms)
[wrangler:info] GET /assets/flags/palestine.svg 304 Not Modified (23ms)
[wrangler:info] GET /assets/retro-world-cup-2014.png 304 Not Modified (36ms)
[wrangler:info] GET /player-pools.generated.js 304 Not Modified (45ms)
[wrangler:info] GET /data.js 304 Not Modified (73ms)
[wrangler:info] GET /retro-2010-schedule.js 304 Not Modified (92ms)
[wrangler:info] GET /retro-2014-squads.js 304 Not Modified (100ms)
[wrangler:info] GET /retro-data.js 304 Not Modified (172ms)
[wrangler:info] GET /retro-2014-schedule.js 304 Not Modified (123ms)
[wrangler:info] GET /retro-2010-squads.js 304 Not Modified (244ms)
[wrangler:info] GET /retro-2018-squads.js 304 Not Modified (175ms)
[wrangler:info] GET /retro-2018-schedule.js 304 Not Modified (160ms)
[wrangler:info] GET /retro-2022-squads.js 304 Not Modified (175ms)
[wrangler:info] GET /retro-2022-schedule.js 304 Not Modified (170ms)
[wrangler:info] GET /retro-engine.js 304 Not Modified (149ms)
[wrangler:info] GET /presentation-engine.js 304 Not Modified (138ms)
[wrangler:info] GET /simulation-engine.js 304 Not Modified (147ms)
[wrangler:info] GET /app.js 200 OK (256ms)
[wrangler:info] GET /legacy-data/catalog.generated.js 200 OK (279ms)
[wrangler:info] GET /challenge.js 304 Not Modified (297ms)
[wrangler:info] GET /analytics.js 304 Not Modified (266ms)
[wrangler:info] GET /assets/retro-world-cup-2022.png 304 Not Modified (9ms)
{"type":"worker-request","timestamp":"2026-07-26T17:41:57.228Z","requestId":"7c9bad03-14a2-4856-b7a5-a5911c273124","method":"GET","route":"/api/challenge"}
{"type":"worker-request-complete","timestamp":"2026-07-26T17:41:57.241Z","requestId":"7c9bad03-14a2-4856-b7a5-a5911c273124","method":"GET","route":"/api/challenge","status":200,"elapsedMs":13}
[wrangler:info] GET /api/challenge 200 OK (16ms)
⎔ Reloading local server...
[wrangler:info] ✨ Parsed 3 valid header rules.
⎔ Local server updated and ready
⎔ Reloading local server...
[wrangler:info] ✨ Parsed 3 valid header rules.
⎔ Local server updated and ready
{"type":"worker-request","timestamp":"2026-07-26T17:43:54.864Z","requestId":"b93d3425-3c38-421b-bb79-3c673fb2391a","method":"GET","route":"/custom-tournament"}
{"type":"worker-request-complete","timestamp":"2026-07-26T17:43:54.939Z","requestId":"b93d3425-3c38-421b-bb79-3c673fb2391a","method":"GET","route":"/custom-tournament","status":200,"elapsedMs":75}
[wrangler:info] GET /custom-tournament 200 OK (84ms)
[wrangler:info] GET /clean.css 200 OK (18ms)
[wrangler:info] GET /analytics.js 304 Not Modified (34ms)
[wrangler:info] GET /assets/flags/palestine.svg 304 Not Modified (45ms)
[wrangler:info] GET /assets/retro-world-cup-2014.png 304 Not Modified (59ms)
[wrangler:info] GET /player-pools.generated.js 304 Not Modified (49ms)
[wrangler:info] GET /data.js 304 Not Modified (80ms)
[wrangler:info] GET /retro-data.js 304 Not Modified (108ms)
[wrangler:info] GET /retro-2010-squads.js 304 Not Modified (180ms)
[wrangler:info] GET /retro-2010-schedule.js 304 Not Modified (219ms)
[wrangler:info] GET /retro-2014-schedule.js 304 Not Modified (219ms)
[wrangler:info] GET /retro-2018-squads.js 304 Not Modified (230ms)
[wrangler:info] GET /retro-2018-schedule.js 304 Not Modified (232ms)
[wrangler:info] GET /retro-2022-squads.js 304 Not Modified (219ms)
[wrangler:info] GET /retro-2014-squads.js 304 Not Modified (449ms)
[wrangler:info] GET /retro-2022-schedule.js 304 Not Modified (266ms)
[wrangler:info] GET /retro-engine.js 304 Not Modified (266ms)
[wrangler:info] GET /presentation-engine.js 304 Not Modified (268ms)
[wrangler:info] GET /simulation-engine.js 304 Not Modified (277ms)
[wrangler:info] GET /legacy-data/catalog.generated.js 200 OK (243ms)
[wrangler:info] GET /app.js 200 OK (377ms)
[wrangler:info] GET /challenge.js 304 Not Modified (385ms)
[wrangler:info] GET /assets/retro-world-cup-2006.png 304 Not Modified (17ms)
{"type":"worker-request","timestamp":"2026-07-26T17:43:56.132Z","requestId":"b3740ff5-b6cd-4fbd-b8bd-7d4697854dc6","method":"GET","route":"/api/challenge"}
{"type":"worker-request-complete","timestamp":"2026-07-26T17:43:56.179Z","requestId":"b3740ff5-b6cd-4fbd-b8bd-7d4697854dc6","method":"GET","route":"/api/challenge","status":200,"elapsedMs":47}
[wrangler:info] GET /api/challenge 200 OK (51ms)
{"type":"worker-request","timestamp":"2026-07-26T17:43:56.188Z","requestId":"f7b036b6-ff60-4d8f-be2c-29773b25458a","method":"POST","route":"/api/challenge/achievements/retro-2014"}
{"type":"worker-request-complete","timestamp":"2026-07-26T17:43:56.211Z","requestId":"f7b036b6-ff60-4d8f-be2c-29773b25458a","method":"POST","route":"/api/challenge/achievements/retro-2014","status":200,"elapsedMs":23}
[wrangler:info] POST /api/challenge/achievements/retro-2014 200 OK (28ms)
[wrangler:info] GET /assets/flags/belarus.svg 304 Not Modified (7ms)
⎔ Reloading local server...
[wrangler:info] ✨ Parsed 3 valid header rules.
⎔ Local server updated and ready
⎔ Reloading local server...
[wrangler:info] ✨ Parsed 3 valid header rules.
⎔ Local server updated and ready
{"type":"worker-request","timestamp":"2026-07-26T17:47:01.144Z","requestId":"7d6b0379-1788-41de-a0ce-12b848157655","method":"GET","route":"/"}
{"type":"worker-request-complete","timestamp":"2026-07-26T17:47:01.246Z","requestId":"7d6b0379-1788-41de-a0ce-12b848157655","method":"GET","route":"/","status":200,"elapsedMs":102}
[wrangler:info] GET / 200 OK (126ms)
[wrangler:info] GET /clean.css 304 Not Modified (25ms)
[wrangler:info] GET /assets/flags/palestine.svg 304 Not Modified (44ms)
[wrangler:info] GET /assets/retro-world-cup-2014.png 304 Not Modified (54ms)
[wrangler:info] GET /data.js 304 Not Modified (73ms)
[wrangler:info] GET /player-pools.generated.js 304 Not Modified (175ms)
[wrangler:info] GET /retro-2014-squads.js 304 Not Modified (178ms)
[wrangler:info] GET /retro-data.js 304 Not Modified (262ms)
[wrangler:info] GET /retro-2014-schedule.js 304 Not Modified (219ms)
[wrangler:info] GET /retro-2018-squads.js 304 Not Modified (165ms)
[wrangler:info] GET /retro-2010-squads.js 304 Not Modified (397ms)
[wrangler:info] GET /retro-2018-schedule.js 304 Not Modified (198ms)
[wrangler:info] GET /retro-2022-squads.js 304 Not Modified (220ms)
[wrangler:info] GET /retro-2010-schedule.js 304 Not Modified (492ms)
[wrangler:info] GET /retro-2022-schedule.js 304 Not Modified (242ms)
[wrangler:info] GET /retro-engine.js 304 Not Modified (225ms)
[wrangler:info] GET /presentation-engine.js 304 Not Modified (203ms)
[wrangler:info] GET /simulation-engine.js 304 Not Modified (233ms)
[wrangler:info] GET /legacy-data/catalog.generated.js 200 OK (211ms)
[wrangler:info] GET /app.js 304 Not Modified (352ms)
[wrangler:info] GET /challenge.js 304 Not Modified (357ms)
[wrangler:info] GET /analytics.js 304 Not Modified (329ms)
[wrangler:info] GET /assets/retro-world-cup-2022.png 304 Not Modified (34ms)
{"type":"worker-request","timestamp":"2026-07-26T17:47:02.320Z","requestId":"cf4e8bed-e93d-4d22-b2f6-0cbb11aa32a2","method":"GET","route":"/api/challenge"}
{"type":"worker-request-complete","timestamp":"2026-07-26T17:47:02.434Z","requestId":"cf4e8bed-e93d-4d22-b2f6-0cbb11aa32a2","method":"GET","route":"/api/challenge","status":200,"elapsedMs":114}
[wrangler:info] GET /api/challenge 200 OK (148ms)
⎔ Reloading local server...
[wrangler:info] ✨ Parsed 3 valid header rules.
⎔ Local server updated and ready
⎔ Reloading local server...
[wrangler:info] ✨ Parsed 3 valid header rules.
⎔ Local server updated and ready
{"type":"worker-request","timestamp":"2026-07-26T18:15:54.008Z","requestId":"650b086d-4a9d-42f7-a16a-1587ced332eb","method":"GET","route":"/custom-tournament"}
{"type":"worker-request-complete","timestamp":"2026-07-26T18:15:54.045Z","requestId":"650b086d-4a9d-42f7-a16a-1587ced332eb","method":"GET","route":"/custom-tournament","status":200,"elapsedMs":37}
[wrangler:info] GET /custom-tournament 200 OK (42ms)
[wrangler:info] GET /clean.css 304 Not Modified (17ms)
[wrangler:info] GET /assets/flags/palestine.svg 304 Not Modified (12ms)
[wrangler:info] GET /player-pools.generated.js 304 Not Modified (42ms)
[wrangler:info] GET /retro-data.js 304 Not Modified (41ms)
[wrangler:info] GET /assets/retro-world-cup-2014.png 304 Not Modified (67ms)
[wrangler:info] GET /data.js 304 Not Modified (84ms)
[wrangler:info] GET /retro-2014-squads.js 304 Not Modified (45ms)
[wrangler:info] GET /retro-2014-schedule.js 304 Not Modified (70ms)
[wrangler:info] GET /retro-2018-squads.js 304 Not Modified (118ms)
[wrangler:info] GET /retro-2010-squads.js 304 Not Modified (226ms)
[wrangler:info] GET /retro-2018-schedule.js 304 Not Modified (197ms)
[wrangler:info] GET /retro-2010-schedule.js 304 Not Modified (277ms)
[wrangler:info] GET /retro-2022-squads.js 304 Not Modified (230ms)
[wrangler:info] GET /retro-2022-schedule.js 304 Not Modified (240ms)
[wrangler:info] GET /retro-engine.js 304 Not Modified (202ms)
[wrangler:info] GET /presentation-engine.js 304 Not Modified (175ms)
[wrangler:info] GET /simulation-engine.js 304 Not Modified (208ms)
[wrangler:info] GET /legacy-data/catalog.generated.js 200 OK (201ms)
[wrangler:info] GET /app.js 200 OK (327ms)
[wrangler:info] GET /challenge.js 304 Not Modified (348ms)
[wrangler:info] GET /analytics.js 304 Not Modified (340ms)
[wrangler:info] GET /assets/retro-world-cup-2022.png 304 Not Modified (10ms)
{"type":"worker-request","timestamp":"2026-07-26T18:15:55.022Z","requestId":"020c6529-e207-420d-8986-5e4a12619e57","method":"GET","route":"/api/challenge"}
{"type":"worker-request-complete","timestamp":"2026-07-26T18:15:55.038Z","requestId":"020c6529-e207-420d-8986-5e4a12619e57","method":"GET","route":"/api/challenge","status":200,"elapsedMs":16}
[wrangler:info] GET /api/challenge 200 OK (20ms)
⎔ Reloading local server...
[wrangler:info] ✨ Parsed 3 valid header rules.
⎔ Local server updated and ready
⎔ Reloading local server...
[wrangler:info] ✨ Parsed 3 valid header rules.
⎔ Local server updated and ready
⎔ Reloading local server...
[wrangler:info] ✨ Parsed 3 valid header rules.
⎔ Local server updated and ready
⎔ Reloading local server...
[wrangler:info] ✨ Parsed 3 valid header rules.
⎔ Local server updated and ready
[wrangler:info] GET /assets/retro-world-cup-2014.png 304 Not Modified (20ms)
[wrangler:info] GET /assets/retro-2010/worldcup-2010-logo.png 304 Not Modified (15ms)
[wrangler:info] GET /assets/retro-2010/south-africa-sunburst-desktop.webp 304 Not Modified (13ms)
{"type":"worker-request","timestamp":"2026-07-26T18:33:53.054Z","requestId":"c9201772-bcca-4ae3-adb0-0a07bcb316e0","method":"GET","route":"/retro-10-world-cup"}
{"type":"worker-request-complete","timestamp":"2026-07-26T18:33:53.128Z","requestId":"c9201772-bcca-4ae3-adb0-0a07bcb316e0","method":"GET","route":"/retro-10-world-cup","status":200,"elapsedMs":75}
[wrangler:info] GET /retro-10-world-cup 200 OK (85ms)
[wrangler:info] GET /redirect.js 200 OK (26ms)
[wrangler:info] GET /clean.css 200 OK (38ms)
[wrangler:info] GET /assets/flags/palestine.svg 304 Not Modified (57ms)
[wrangler:info] GET /assets/retro-world-cup-2014.png 304 Not Modified (67ms)
[wrangler:info] GET /player-pools.generated.js 304 Not Modified (50ms)
[wrangler:info] GET /data.js 304 Not Modified (93ms)
[wrangler:info] GET /retro-data.js 304 Not Modified (121ms)
[wrangler:info] GET /retro-2010-squads.js 304 Not Modified (183ms)
[wrangler:info] GET /retro-2010-schedule.js 304 Not Modified (221ms)
[wrangler:info] GET /retro-2014-schedule.js 304 Not Modified (227ms)
[wrangler:info] GET /retro-2018-squads.js 304 Not Modified (240ms)
[wrangler:info] GET /retro-2018-schedule.js 304 Not Modified (243ms)
[wrangler:info] GET /retro-2014-squads.js 304 Not Modified (398ms)
[wrangler:info] GET /retro-2022-squads.js 304 Not Modified (265ms)
[wrangler:info] GET /retro-2022-schedule.js 304 Not Modified (264ms)
[wrangler:info] GET /retro-engine.js 304 Not Modified (254ms)
[wrangler:info] GET /presentation-engine.js 304 Not Modified (246ms)
[wrangler:info] GET /simulation-engine.js 304 Not Modified (258ms)
[wrangler:info] GET /legacy-data/catalog.generated.js 200 OK (256ms)
[wrangler:info] GET /app.js 200 OK (380ms)
[wrangler:info] GET /challenge.js 304 Not Modified (393ms)
[wrangler:info] GET /analytics.js 304 Not Modified (387ms)
[wrangler:info] GET /assets/retro-2010/worldcup-2010-logo.png 304 Not Modified (4ms)
[wrangler:info] GET /assets/retro-2010/south-africa-sunburst-desktop.webp 304 Not Modified (8ms)
{"type":"worker-request","timestamp":"2026-07-26T18:33:54.502Z","requestId":"b504563a-4fa5-4a5c-b263-94a0451b76a7","method":"GET","route":"/api/challenge"}
{"type":"worker-request-complete","timestamp":"2026-07-26T18:33:54.557Z","requestId":"b504563a-4fa5-4a5c-b263-94a0451b76a7","method":"GET","route":"/api/challenge","status":200,"elapsedMs":55}
[wrangler:info] GET /api/challenge 200 OK (61ms)
{"type":"worker-request","timestamp":"2026-07-26T18:33:54.574Z","requestId":"07114fe6-3fa6-4ea8-b6a7-f1022280e977","method":"POST","route":"/api/challenge/achievements/retro-2014"}
{"type":"worker-request-complete","timestamp":"2026-07-26T18:33:54.607Z","requestId":"07114fe6-3fa6-4ea8-b6a7-f1022280e977","method":"POST","route":"/api/challenge/achievements/retro-2014","status":200,"elapsedMs":33}
[wrangler:info] POST /api/challenge/achievements/retro-2014 200 OK (40ms)
[wrangler:info] GET /assets/retro-2010/south-africa-sunburst-portrait.webp 200 OK (53ms)
{"type":"worker-request","timestamp":"2026-07-26T18:36:40.727Z","requestId":"0300b626-c765-4a2c-8a8c-34ec5ed7ab30","method":"GET","route":"/"}
{"type":"worker-request-complete","timestamp":"2026-07-26T18:36:40.730Z","requestId":"0300b626-c765-4a2c-8a8c-34ec5ed7ab30","method":"GET","route":"/","status":200,"elapsedMs":3}
[wrangler:info] GET / 200 OK (12ms)
[wrangler:info] GET /redirect.js 304 Not Modified (6ms)
[wrangler:info] GET /clean.css 304 Not Modified (8ms)
[wrangler:info] GET /assets/retro-world-cup-2014.png 304 Not Modified (8ms)
[wrangler:info] GET /assets/flags/palestine.svg 304 Not Modified (16ms)
[wrangler:info] GET /player-pools.generated.js 304 Not Modified (12ms)
[wrangler:info] GET /data.js 304 Not Modified (16ms)
[wrangler:info] GET /retro-data.js 304 Not Modified (12ms)
[wrangler:info] GET /retro-2010-squads.js 304 Not Modified (14ms)
[wrangler:info] GET /retro-2010-schedule.js 304 Not Modified (21ms)
[wrangler:info] GET /retro-2014-schedule.js 304 Not Modified (23ms)
[wrangler:info] GET /retro-2018-squads.js 304 Not Modified (23ms)
[wrangler:info] GET /retro-2014-squads.js 304 Not Modified (34ms)
[wrangler:info] GET /retro-2018-schedule.js 304 Not Modified (37ms)
[wrangler:info] GET /retro-2022-schedule.js 304 Not Modified (33ms)
[wrangler:info] GET /retro-2022-squads.js 304 Not Modified (50ms)
[wrangler:info] GET /retro-engine.js 304 Not Modified (47ms)
[wrangler:info] GET /simulation-engine.js 304 Not Modified (39ms)
[wrangler:info] GET /presentation-engine.js 304 Not Modified (54ms)
[wrangler:info] GET /legacy-data/catalog.generated.js 304 Not Modified (42ms)
[wrangler:info] GET /app.js 304 Not Modified (37ms)
[wrangler:info] GET /challenge.js 304 Not Modified (41ms)
[wrangler:info] GET /analytics.js 304 Not Modified (34ms)
[wrangler:info] GET /assets/retro-2010/worldcup-2010-logo.png 304 Not Modified (7ms)
{"type":"worker-request","timestamp":"2026-07-26T18:36:41.175Z","requestId":"6421bffd-dcc0-4362-8c5c-c284ed32aa00","method":"GET","route":"/api/challenge"}
{"type":"worker-request-complete","timestamp":"2026-07-26T18:36:41.208Z","requestId":"6421bffd-dcc0-4362-8c5c-c284ed32aa00","method":"GET","route":"/api/challenge","status":200,"elapsedMs":33}
[wrangler:info] GET /api/challenge 200 OK (39ms)
{"type":"worker-request","timestamp":"2026-07-26T18:36:41.219Z","requestId":"dbb3d428-b5b4-4efc-9753-e3e5bceddc6e","method":"POST","route":"/api/challenge/achievements/retro-2014"}
{"type":"worker-request-complete","timestamp":"2026-07-26T18:36:41.233Z","requestId":"dbb3d428-b5b4-4efc-9753-e3e5bceddc6e","method":"POST","route":"/api/challenge/achievements/retro-2014","status":200,"elapsedMs":14}
[wrangler:info] POST /api/challenge/achievements/retro-2014 200 OK (17ms)
{"type":"worker-request","timestamp":"2026-07-26T18:36:42.986Z","requestId":"4c85bd4c-d3e4-4ea6-8c30-e5526c21b49c","method":"GET","route":"/retro-10-world-cup"}
{"type":"worker-request-complete","timestamp":"2026-07-26T18:36:42.991Z","requestId":"4c85bd4c-d3e4-4ea6-8c30-e5526c21b49c","method":"GET","route":"/retro-10-world-cup","status":200,"elapsedMs":5}
[wrangler:info] GET /retro-10-world-cup 200 OK (10ms)
[wrangler:info] GET /redirect.js 304 Not Modified (10ms)
[wrangler:info] GET /clean.css 304 Not Modified (12ms)
[wrangler:info] GET /assets/flags/palestine.svg 304 Not Modified (14ms)
[wrangler:info] GET /assets/retro-world-cup-2014.png 304 Not Modified (18ms)
[wrangler:info] GET /player-pools.generated.js 304 Not Modified (6ms)
[wrangler:info] GET /data.js 304 Not Modified (17ms)
[wrangler:info] GET /retro-2010-squads.js 304 Not Modified (10ms)
[wrangler:info] GET /retro-data.js 304 Not Modified (21ms)
[wrangler:info] GET /retro-2010-schedule.js 304 Not Modified (18ms)
[wrangler:info] GET /retro-2014-squads.js 304 Not Modified (26ms)
[wrangler:info] GET /retro-2014-schedule.js 304 Not Modified (24ms)
[wrangler:info] GET /retro-2018-schedule.js 304 Not Modified (21ms)
[wrangler:info] GET /retro-2018-squads.js 304 Not Modified (28ms)
[wrangler:info] GET /retro-2022-schedule.js 304 Not Modified (21ms)
[wrangler:info] GET /retro-2022-squads.js 304 Not Modified (29ms)
[wrangler:info] GET /presentation-engine.js 304 Not Modified (23ms)
[wrangler:info] GET /retro-engine.js 304 Not Modified (29ms)
[wrangler:info] GET /legacy-data/catalog.generated.js 304 Not Modified (20ms)
[wrangler:info] GET /simulation-engine.js 304 Not Modified (28ms)
[wrangler:info] GET /app.js 304 Not Modified (25ms)
[wrangler:info] GET /challenge.js 304 Not Modified (23ms)
[wrangler:info] GET /analytics.js 304 Not Modified (21ms)
[wrangler:info] GET /assets/retro-2010/worldcup-2010-logo.png 304 Not Modified (7ms)
[wrangler:info] GET /assets/retro-2010/south-africa-sunburst-desktop.webp 304 Not Modified (10ms)
{"type":"worker-request","timestamp":"2026-07-26T18:36:43.385Z","requestId":"82b3ccbf-1d41-44c3-ab76-e977cb313726","method":"GET","route":"/api/challenge"}
{"type":"worker-request-complete","timestamp":"2026-07-26T18:36:43.417Z","requestId":"82b3ccbf-1d41-44c3-ab76-e977cb313726","method":"GET","route":"/api/challenge","status":200,"elapsedMs":32}
[wrangler:info] GET /api/challenge 200 OK (37ms)
{"type":"worker-request","timestamp":"2026-07-26T18:36:43.427Z","requestId":"991d1598-d278-4806-a65b-92146dc9cf98","method":"POST","route":"/api/challenge/achievements/retro-2014"}
{"type":"worker-request-complete","timestamp":"2026-07-26T18:36:43.441Z","requestId":"991d1598-d278-4806-a65b-92146dc9cf98","method":"POST","route":"/api/challenge/achievements/retro-2014","status":200,"elapsedMs":14}
[wrangler:info] POST /api/challenge/achievements/retro-2014 200 OK (18ms)
⎔ Reloading local server...
[wrangler:info] ✨ Parsed 3 valid header rules.
⎔ Local server updated and ready
{"type":"worker-request","timestamp":"2026-07-26T18:37:27.022Z","requestId":"61a160a0-8403-4362-9ab6-04186ced6249","method":"GET","route":"/retro-10-world-cup"}
{"type":"worker-request-complete","timestamp":"2026-07-26T18:37:27.097Z","requestId":"61a160a0-8403-4362-9ab6-04186ced6249","method":"GET","route":"/retro-10-world-cup","status":200,"elapsedMs":75}
[wrangler:info] GET /retro-10-world-cup 200 OK (86ms)
[wrangler:info] GET /clean.css 200 OK (28ms)
[wrangler:info] GET /redirect.js 304 Not Modified (34ms)
[wrangler:info] GET /assets/flags/palestine.svg 304 Not Modified (38ms)
[wrangler:info] GET /assets/retro-world-cup-2014.png 304 Not Modified (58ms)
[wrangler:info] GET /player-pools.generated.js 304 Not Modified (62ms)
[wrangler:info] GET /data.js 304 Not Modified (109ms)
[wrangler:info] GET /retro-data.js 304 Not Modified (133ms)
[wrangler:info] GET /retro-2010-squads.js 304 Not Modified (230ms)
[wrangler:info] GET /retro-2010-schedule.js 304 Not Modified (289ms)
[wrangler:info] GET /retro-2014-schedule.js 304 Not Modified (275ms)
[wrangler:info] GET /retro-2018-squads.js 304 Not Modified (278ms)
[wrangler:info] GET /retro-2018-schedule.js 304 Not Modified (271ms)
[wrangler:info] GET /retro-2022-squads.js 304 Not Modified (222ms)
[wrangler:info] GET /retro-2014-squads.js 304 Not Modified (503ms)
[wrangler:info] GET /retro-2022-schedule.js 304 Not Modified (243ms)
[wrangler:info] GET /retro-engine.js 304 Not Modified (252ms)
[wrangler:info] GET /presentation-engine.js 304 Not Modified (258ms)
[wrangler:info] GET /simulation-engine.js 304 Not Modified (271ms)
[wrangler:info] GET /legacy-data/catalog.generated.js 200 OK (248ms)
[wrangler:info] GET /app.js 200 OK (386ms)
[wrangler:info] GET /challenge.js 304 Not Modified (396ms)
[wrangler:info] GET /analytics.js 304 Not Modified (362ms)
[wrangler:info] GET /assets/retro-2010/worldcup-2010-logo.png 304 Not Modified (15ms)
[wrangler:info] GET /assets/retro-2010/south-africa-sunburst-desktop.webp 304 Not Modified (50ms)
{"type":"worker-request","timestamp":"2026-07-26T18:37:28.373Z","requestId":"072f51a4-062e-4e8a-b528-69c4e11a3c36","method":"GET","route":"/api/challenge"}
{"type":"worker-request-complete","timestamp":"2026-07-26T18:37:28.463Z","requestId":"072f51a4-062e-4e8a-b528-69c4e11a3c36","method":"GET","route":"/api/challenge","status":200,"elapsedMs":90}
[wrangler:info] GET /api/challenge 200 OK (109ms)
{"type":"worker-request","timestamp":"2026-07-26T18:37:28.475Z","requestId":"15e8e4a7-3b43-4cca-a934-54bd34a2da1c","method":"POST","route":"/api/challenge/achievements/retro-2014"}
{"type":"worker-request-complete","timestamp":"2026-07-26T18:37:28.509Z","requestId":"15e8e4a7-3b43-4cca-a934-54bd34a2da1c","method":"POST","route":"/api/challenge/achievements/retro-2014","status":200,"elapsedMs":34}
[wrangler:info] POST /api/challenge/achievements/retro-2014 200 OK (45ms)
[wrangler:info] GET /assets/retro-2010/south-africa-sunburst-portrait.webp 200 OK (20ms)
[wrangler:info] GET /assets/flags/belarus.svg 304 Not Modified (8ms)
[wrangler:info] GET /assets/audio/penalty-whistle.mp3 304 Not Modified (18ms)
[wrangler:info] GET /assets/audio/full-time-whistle.mp3 304 Not Modified (33ms)
⎔ Reloading local server...
[wrangler:info] ✨ Parsed 3 valid header rules.
⎔ Local server updated and ready
⎔ Reloading local server...
[wrangler:info] ✨ Parsed 3 valid header rules.
⎔ Local server updated and ready
{"type":"worker-request","timestamp":"2026-07-26T18:39:00.125Z","requestId":"c078c602-d9bf-408e-aaa5-9e96b84d66d4","method":"GET","route":"/default-mode"}
{"type":"worker-request-complete","timestamp":"2026-07-26T18:39:00.164Z","requestId":"c078c602-d9bf-408e-aaa5-9e96b84d66d4","method":"GET","route":"/default-mode","status":200,"elapsedMs":39}
[wrangler:info] GET /default-mode 200 OK (48ms)
[wrangler:info] GET /redirect.js 304 Not Modified (10ms)
[wrangler:info] GET /clean.css 200 OK (22ms)
[wrangler:info] GET /assets/flags/palestine.svg 304 Not Modified (17ms)
[wrangler:info] GET /assets/retro-world-cup-2014.png 304 Not Modified (21ms)
[wrangler:info] GET /player-pools.generated.js 304 Not Modified (47ms)
[wrangler:info] GET /data.js 304 Not Modified (58ms)
[wrangler:info] GET /retro-data.js 304 Not Modified (64ms)
[wrangler:info] GET /retro-2010-squads.js 304 Not Modified (96ms)
[wrangler:info] GET /retro-2014-schedule.js 304 Not Modified (84ms)
[wrangler:info] GET /retro-2018-squads.js 304 Not Modified (115ms)
[wrangler:info] GET /retro-2018-schedule.js 304 Not Modified (137ms)
[wrangler:info] GET /retro-2010-schedule.js 304 Not Modified (235ms)
[wrangler:info] GET /retro-2022-squads.js 304 Not Modified (216ms)
[wrangler:info] GET /retro-2014-squads.js 304 Not Modified (327ms)
[wrangler:info] GET /retro-2022-schedule.js 304 Not Modified (251ms)
[wrangler:info] GET /retro-engine.js 304 Not Modified (250ms)
[wrangler:info] GET /presentation-engine.js 304 Not Modified (241ms)
[wrangler:info] GET /simulation-engine.js 304 Not Modified (237ms)
[wrangler:info] GET /legacy-data/catalog.generated.js 200 OK (197ms)
[wrangler:info] GET /app.js 304 Not Modified (350ms)
[wrangler:info] GET /challenge.js 304 Not Modified (358ms)
[wrangler:info] GET /analytics.js 304 Not Modified (322ms)
[wrangler:info] GET /assets/retro-2010/worldcup-2010-logo.png 304 Not Modified (14ms)
{"type":"worker-request","timestamp":"2026-07-26T18:39:01.356Z","requestId":"a6aea050-61c6-44e5-b237-600b86895e8e","method":"GET","route":"/api/challenge"}
{"type":"worker-request-complete","timestamp":"2026-07-26T18:39:01.379Z","requestId":"a6aea050-61c6-44e5-b237-600b86895e8e","method":"GET","route":"/api/challenge","status":200,"elapsedMs":23}
[wrangler:info] GET /api/challenge 200 OK (29ms)
{"type":"worker-request","timestamp":"2026-07-26T18:39:01.399Z","requestId":"a0439fa1-9f67-470e-94bc-6df27994854c","method":"POST","route":"/api/challenge/achievements/retro-2014"}
{"type":"worker-request-complete","timestamp":"2026-07-26T18:39:01.411Z","requestId":"a0439fa1-9f67-470e-94bc-6df27994854c","method":"POST","route":"/api/challenge/achievements/retro-2014","status":200,"elapsedMs":12}
[wrangler:info] POST /api/challenge/achievements/retro-2014 200 OK (15ms)
{"type":"worker-request","timestamp":"2026-07-26T18:39:05.106Z","requestId":"f1fa0432-75de-4284-a67b-07f02f2903e7","method":"GET","route":"/retro-10-world-cup"}
{"type":"worker-request-complete","timestamp":"2026-07-26T18:39:05.112Z","requestId":"f1fa0432-75de-4284-a67b-07f02f2903e7","method":"GET","route":"/retro-10-world-cup","status":200,"elapsedMs":5}
[wrangler:info] GET /retro-10-world-cup 200 OK (12ms)
[wrangler:info] GET /redirect.js 304 Not Modified (8ms)
[wrangler:info] GET /clean.css 304 Not Modified (10ms)
[wrangler:info] GET /assets/flags/palestine.svg 304 Not Modified (13ms)
[wrangler:info] GET /assets/retro-world-cup-2014.png 304 Not Modified (22ms)
[wrangler:info] GET /player-pools.generated.js 304 Not Modified (9ms)
[wrangler:info] GET /data.js 304 Not Modified (17ms)
[wrangler:info] GET /retro-2010-squads.js 304 Not Modified (10ms)
[wrangler:info] GET /retro-data.js 304 Not Modified (16ms)
[wrangler:info] GET /retro-2010-schedule.js 304 Not Modified (20ms)
[wrangler:info] GET /retro-2014-squads.js 304 Not Modified (22ms)
[wrangler:info] GET /retro-2014-schedule.js 304 Not Modified (26ms)
[wrangler:info] GET /retro-2018-squads.js 304 Not Modified (27ms)
[wrangler:info] GET /retro-2022-squads.js 304 Not Modified (25ms)
[wrangler:info] GET /retro-2018-schedule.js 304 Not Modified (31ms)
[wrangler:info] GET /retro-2022-schedule.js 304 Not Modified (32ms)
[wrangler:info] GET /retro-engine.js 304 Not Modified (33ms)
[wrangler:info] GET /simulation-engine.js 304 Not Modified (32ms)
[wrangler:info] GET /presentation-engine.js 304 Not Modified (36ms)
[wrangler:info] GET /app.js 304 Not Modified (27ms)
[wrangler:info] GET /legacy-data/catalog.generated.js 200 OK (35ms)
[wrangler:info] GET /challenge.js 304 Not Modified (33ms)
[wrangler:info] GET /analytics.js 304 Not Modified (29ms)
[wrangler:info] GET /assets/retro-2010/worldcup-2010-logo.png 304 Not Modified (10ms)
[wrangler:info] GET /assets/retro-2010/south-africa-sunburst-portrait.webp 304 Not Modified (23ms)
{"type":"worker-request","timestamp":"2026-07-26T18:39:05.534Z","requestId":"06b13c58-a4e5-4cf9-bed2-bd4e779b3aa8","method":"GET","route":"/api/challenge"}
{"type":"worker-request-complete","timestamp":"2026-07-26T18:39:05.565Z","requestId":"06b13c58-a4e5-4cf9-bed2-bd4e779b3aa8","method":"GET","route":"/api/challenge","status":200,"elapsedMs":31}
[wrangler:info] GET /api/challenge 200 OK (35ms)
{"type":"worker-request","timestamp":"2026-07-26T18:39:05.607Z","requestId":"9ca8d926-4dc1-402e-babf-6bed222a1f01","method":"POST","route":"/api/challenge/achievements/retro-2014"}
{"type":"worker-request-complete","timestamp":"2026-07-26T18:39:05.626Z","requestId":"9ca8d926-4dc1-402e-babf-6bed222a1f01","method":"POST","route":"/api/challenge/achievements/retro-2014","status":200,"elapsedMs":19}
[wrangler:info] POST /api/challenge/achievements/retro-2014 200 OK (24ms)
[wrangler:info] GET /assets/retro-2010/south-africa-sunburst-desktop.webp 304 Not Modified (40ms)
⎔ Reloading local server...
[wrangler:info] ✨ Parsed 3 valid header rules.
⎔ Local server updated and ready
{"type":"worker-request","timestamp":"2026-07-26T18:45:13.552Z","requestId":"8635d5f4-c712-40e6-9261-a2e52eaea433","method":"GET","route":"/retro-10-world-cup"}
{"type":"worker-request-complete","timestamp":"2026-07-26T18:45:13.640Z","requestId":"8635d5f4-c712-40e6-9261-a2e52eaea433","method":"GET","route":"/retro-10-world-cup","status":200,"elapsedMs":88}
[wrangler:info] GET /retro-10-world-cup 200 OK (99ms)
[wrangler:info] GET /clean.css 200 OK (17ms)
[wrangler:info] GET /redirect.js 304 Not Modified (20ms)
[wrangler:info] GET /assets/flags/palestine.svg 304 Not Modified (27ms)
[wrangler:info] GET /assets/retro-world-cup-2014.png 304 Not Modified (41ms)
[wrangler:info] GET /player-pools.generated.js 304 Not Modified (50ms)
[wrangler:info] GET /data.js 304 Not Modified (83ms)
[wrangler:info] GET /retro-data.js 304 Not Modified (106ms)
[wrangler:info] GET /retro-2010-squads.js 304 Not Modified (165ms)
[wrangler:info] GET /retro-2010-schedule.js 304 Not Modified (197ms)
[wrangler:info] GET /retro-2014-schedule.js 304 Not Modified (184ms)
[wrangler:info] GET /retro-2018-squads.js 304 Not Modified (202ms)
[wrangler:info] GET /retro-2018-schedule.js 304 Not Modified (199ms)
[wrangler:info] GET /retro-2022-squads.js 304 Not Modified (190ms)
[wrangler:info] GET /retro-2014-squads.js 304 Not Modified (402ms)
[wrangler:info] GET /retro-2022-schedule.js 304 Not Modified (238ms)
[wrangler:info] GET /retro-engine.js 304 Not Modified (244ms)
[wrangler:info] GET /presentation-engine.js 304 Not Modified (232ms)
[wrangler:info] GET /simulation-engine.js 304 Not Modified (249ms)
[wrangler:info] GET /legacy-data/catalog.generated.js 200 OK (224ms)
[wrangler:info] GET /app.js 304 Not Modified (377ms)
[wrangler:info] GET /challenge.js 304 Not Modified (391ms)
[wrangler:info] GET /analytics.js 304 Not Modified (359ms)
[wrangler:info] GET /assets/retro-2010/worldcup-2010-logo.png 304 Not Modified (17ms)
[wrangler:info] GET /assets/retro-2010/south-africa-sunburst-portrait.webp 304 Not Modified (21ms)
{"type":"worker-request","timestamp":"2026-07-26T18:45:14.853Z","requestId":"ed025c35-37de-46f6-b69c-117edb062ff5","method":"GET","route":"/api/challenge"}
{"type":"worker-request-complete","timestamp":"2026-07-26T18:45:14.889Z","requestId":"ed025c35-37de-46f6-b69c-117edb062ff5","method":"GET","route":"/api/challenge","status":200,"elapsedMs":36}
[wrangler:info] GET /api/challenge 200 OK (40ms)
{"type":"worker-request","timestamp":"2026-07-26T18:45:14.900Z","requestId":"1d8e183c-e5c3-405c-8652-517207df8bbb","method":"POST","route":"/api/challenge/achievements/retro-2014"}
{"type":"worker-request-complete","timestamp":"2026-07-26T18:45:14.920Z","requestId":"1d8e183c-e5c3-405c-8652-517207df8bbb","method":"POST","route":"/api/challenge/achievements/retro-2014","status":200,"elapsedMs":20}
[wrangler:info] POST /api/challenge/achievements/retro-2014 200 OK (25ms)
[wrangler:info] GET /assets/retro-2010/south-africa-sunburst-desktop.webp 304 Not Modified (18ms)
⎔ Reloading local server...
[wrangler:info] ✨ Parsed 3 valid header rules.
⎔ Local server updated and ready
⎔ Reloading local server...
[wrangler:info] ✨ Parsed 3 valid header rules.
⎔ Local server updated and ready
{"type":"worker-request","timestamp":"2026-07-26T18:56:30.042Z","requestId":"650cee0d-1161-4250-b3a8-31aed8b072af","method":"GET","route":"/"}
{"type":"worker-request-complete","timestamp":"2026-07-26T18:56:30.127Z","requestId":"650cee0d-1161-4250-b3a8-31aed8b072af","method":"GET","route":"/","status":200,"elapsedMs":85}
[wrangler:info] GET / 200 OK (98ms)
[wrangler:info] GET /clean.css 200 OK (25ms)
[wrangler:info] GET /redirect.js 304 Not Modified (35ms)
[wrangler:info] GET /assets/flags/palestine.svg 304 Not Modified (46ms)
[wrangler:info] GET /assets/retro-world-cup-2014.png 304 Not Modified (57ms)
[wrangler:info] GET /player-pools.generated.js 304 Not Modified (58ms)
[wrangler:info] GET /data.js 304 Not Modified (92ms)
[wrangler:info] GET /retro-data.js 304 Not Modified (110ms)
[wrangler:info] GET /retro-2010-squads.js 304 Not Modified (171ms)
[wrangler:info] GET /retro-2010-schedule.js 304 Not Modified (192ms)
[wrangler:info] GET /retro-2014-schedule.js 304 Not Modified (187ms)
[wrangler:info] GET /retro-2018-squads.js 304 Not Modified (199ms)
[wrangler:info] GET /retro-2018-schedule.js 304 Not Modified (200ms)
[wrangler:info] GET /retro-2022-squads.js 304 Not Modified (219ms)
[wrangler:info] GET /retro-2014-squads.js 304 Not Modified (439ms)
[wrangler:info] GET /retro-2022-schedule.js 304 Not Modified (341ms)
[wrangler:info] GET /retro-engine.js 304 Not Modified (423ms)
[wrangler:info] GET /presentation-engine.js 304 Not Modified (443ms)
[wrangler:info] GET /simulation-engine.js 304 Not Modified (546ms)
[wrangler:info] GET /legacy-data/catalog.generated.js 200 OK (493ms)
[wrangler:info] GET /app.js 200 OK (636ms)
[wrangler:info] GET /challenge.js 304 Not Modified (583ms)
[wrangler:info] GET /site.webmanifest 200 OK (475ms)
[wrangler:info] GET /analytics.js 304 Not Modified (410ms)
[wrangler:info] GET /assets/retro-2010/worldcup-2010-logo.png 304 Not Modified (50ms)
{"type":"worker-request","timestamp":"2026-07-26T18:56:31.686Z","requestId":"179fc419-763e-4dfe-be63-e816c4f3ec5d","method":"GET","route":"/api/challenge"}
{"type":"worker-request-complete","timestamp":"2026-07-26T18:56:31.762Z","requestId":"179fc419-763e-4dfe-be63-e816c4f3ec5d","method":"GET","route":"/api/challenge","status":200,"elapsedMs":76}
[wrangler:info] GET /api/challenge 200 OK (100ms)
[wrangler:info] GET /assets/256-teams-icon.svg 200 OK (103ms)
{"type":"worker-request","timestamp":"2026-07-26T18:56:31.816Z","requestId":"234736b4-0249-45fe-8e46-2f7386218003","method":"POST","route":"/api/challenge/achievements/retro-2014"}
{"type":"worker-request-complete","timestamp":"2026-07-26T18:56:31.838Z","requestId":"234736b4-0249-45fe-8e46-2f7386218003","method":"POST","route":"/api/challenge/achievements/retro-2014","status":200,"elapsedMs":22}
[wrangler:info] POST /api/challenge/achievements/retro-2014 200 OK (27ms)
[wrangler:info] GET /assets/retro-world-cup-2018.png 304 Not Modified (12ms)
[wrangler:info] GET /assets/retro-world-cup-2022.png 304 Not Modified (12ms)
[wrangler:info] GET /assets/retro-2022/qatar-night-landscape.png 304 Not Modified (14ms)
{"type":"worker-request","timestamp":"2026-07-26T18:56:42.870Z","requestId":"3e3ddef8-0f86-419d-b4ab-9c59badb4112","method":"POST","route":"/api/challenge/achievements/retro-2022"}
{"type":"worker-request-complete","timestamp":"2026-07-26T18:56:42.915Z","requestId":"3e3ddef8-0f86-419d-b4ab-9c59badb4112","method":"POST","route":"/api/challenge/achievements/retro-2022","status":200,"elapsedMs":45}
[wrangler:info] POST /api/challenge/achievements/retro-2022 200 OK (53ms)
[wrangler:info] GET /assets/audio/penalty-whistle.mp3 304 Not Modified (16ms)
[wrangler:info] GET /assets/audio/full-time-whistle.mp3 304 Not Modified (29ms)
{"type":"worker-request","timestamp":"2026-07-26T18:56:46.665Z","requestId":"d29330c5-83a0-48e2-b639-157d08a4a854","method":"POST","route":"/api/challenge/achievements/retro-2022"}
{"type":"worker-request-complete","timestamp":"2026-07-26T18:56:46.702Z","requestId":"d29330c5-83a0-48e2-b639-157d08a4a854","method":"POST","route":"/api/challenge/achievements/retro-2022","status":200,"elapsedMs":37}
[wrangler:info] POST /api/challenge/achievements/retro-2022 200 OK (48ms)
{"type":"worker-request","timestamp":"2026-07-26T18:56:53.498Z","requestId":"15846899-83ea-400a-9067-7a43162f281d","method":"POST","route":"/api/challenge/achievements/retro-2022"}
{"type":"worker-request-complete","timestamp":"2026-07-26T18:56:53.520Z","requestId":"15846899-83ea-400a-9067-7a43162f281d","method":"POST","route":"/api/challenge/achievements/retro-2022","status":200,"elapsedMs":22}
[wrangler:info] POST /api/challenge/achievements/retro-2022 200 OK (32ms)
⎔ Reloading local server...
[wrangler:info] ✨ Parsed 3 valid header rules.
⎔ Local server updated and ready
⎔ Reloading local server...
[wrangler:info] ✨ Parsed 3 valid header rules.
⎔ Local server updated and ready
{"type":"worker-request","timestamp":"2026-07-26T19:00:46.616Z","requestId":"565767a2-bdd7-49c8-93a9-b7ed1df0f42e","method":"POST","route":"/api/challenge/achievements/retro-2022"}
{"type":"worker-request-complete","timestamp":"2026-07-26T19:00:47.003Z","requestId":"565767a2-bdd7-49c8-93a9-b7ed1df0f42e","method":"POST","route":"/api/challenge/achievements/retro-2022","status":200,"elapsedMs":467}
[wrangler:info] POST /api/challenge/achievements/retro-2022 200 OK (488ms)
{"type":"worker-request","timestamp":"2026-07-26T19:02:43.975Z","requestId":"3a7e7601-fe99-4dd2-9f59-cc9bc9ee0744","method":"GET","route":"/retro-22-world-cup"}
{"type":"worker-request-complete","timestamp":"2026-07-26T19:02:44.018Z","requestId":"3a7e7601-fe99-4dd2-9f59-cc9bc9ee0744","method":"GET","route":"/retro-22-world-cup","status":200,"elapsedMs":43}
[wrangler:info] GET /retro-22-world-cup 200 OK (48ms)
[wrangler:info] GET /redirect.js 304 Not Modified (10ms)
[wrangler:info] GET /clean.css 200 OK (20ms)
[wrangler:info] GET /assets/flags/palestine.svg 304 Not Modified (28ms)
[wrangler:info] GET /assets/retro-world-cup-2014.png 304 Not Modified (37ms)
[wrangler:info] GET /player-pools.generated.js 304 Not Modified (40ms)
[wrangler:info] GET /data.js 304 Not Modified (70ms)
[wrangler:info] GET /retro-data.js 304 Not Modified (102ms)
[wrangler:info] GET /retro-2010-squads.js 304 Not Modified (170ms)
[wrangler:info] GET /retro-2010-schedule.js 304 Not Modified (203ms)
[wrangler:info] GET /assets/retro-2022/qatar-night-landscape.png 304 Not Modified (189ms)
[wrangler:info] GET /retro-2014-schedule.js 304 Not Modified (180ms)
[wrangler:info] GET /retro-2018-squads.js 304 Not Modified (195ms)
[wrangler:info] GET /retro-2018-schedule.js 304 Not Modified (159ms)
[wrangler:info] GET /retro-2014-squads.js 304 Not Modified (389ms)
[wrangler:info] GET /retro-2022-squads.js 304 Not Modified (243ms)
[wrangler:info] GET /retro-2022-schedule.js 304 Not Modified (240ms)
[wrangler:info] GET /retro-engine.js 304 Not Modified (256ms)
[wrangler:info] GET /presentation-engine.js 304 Not Modified (243ms)
[wrangler:info] GET /simulation-engine.js 304 Not Modified (262ms)
[wrangler:info] GET /legacy-data/catalog.generated.js 200 OK (228ms)
[wrangler:info] GET /app.js 200 OK (374ms)
[wrangler:info] GET /challenge.js 304 Not Modified (394ms)
[wrangler:info] GET /site.webmanifest 304 Not Modified (359ms)
[wrangler:info] GET /analytics.js 304 Not Modified (329ms)
[wrangler:info] GET /assets/retro-world-cup-2022.png 304 Not Modified (13ms)
{"type":"worker-request","timestamp":"2026-07-26T19:02:45.274Z","requestId":"bfb3490d-1307-43a2-8921-e11cb3e02ee5","method":"GET","route":"/api/challenge"}
{"type":"worker-request-complete","timestamp":"2026-07-26T19:02:45.292Z","requestId":"bfb3490d-1307-43a2-8921-e11cb3e02ee5","method":"GET","route":"/api/challenge","status":200,"elapsedMs":18}
[wrangler:info] GET /api/challenge 200 OK (22ms)
[wrangler:info] GET /assets/256-teams-icon.svg 200 OK (8ms)
{"type":"worker-request","timestamp":"2026-07-26T19:02:45.357Z","requestId":"e0df551a-04a3-490f-928d-b53e1f8b6155","method":"POST","route":"/api/challenge/achievements/retro-2014"}
{"type":"worker-request","timestamp":"2026-07-26T19:02:45.362Z","requestId":"a120a0d1-098e-4ee1-a921-479c48c92928","method":"POST","route":"/api/challenge/achievements/retro-2022"}
[wrangler:info] GET /assets/256-teams-icon.svg 304 Not Modified (16ms)
{"type":"worker-request-complete","timestamp":"2026-07-26T19:02:45.374Z","requestId":"e0df551a-04a3-490f-928d-b53e1f8b6155","method":"POST","route":"/api/challenge/achievements/retro-2014","status":200,"elapsedMs":17}
[wrangler:info] POST /api/challenge/achievements/retro-2014 200 OK (26ms)
{"type":"worker-request-complete","timestamp":"2026-07-26T19:02:45.384Z","requestId":"a120a0d1-098e-4ee1-a921-479c48c92928","method":"POST","route":"/api/challenge/achievements/retro-2022","status":200,"elapsedMs":22}
[wrangler:info] POST /api/challenge/achievements/retro-2022 200 OK (34ms)
[wrangler:info] GET /assets/retro-2022/qatar-night-portrait.png 200 OK (19ms)
{"type":"worker-request","timestamp":"2026-07-26T19:03:02.052Z","requestId":"7057c476-64a3-4876-b6ae-05f65d7cd27e","method":"GET","route":"/"}
{"type":"worker-request-complete","timestamp":"2026-07-26T19:03:02.054Z","requestId":"7057c476-64a3-4876-b6ae-05f65d7cd27e","method":"GET","route":"/","status":200,"elapsedMs":2}
[wrangler:info] GET / 200 OK (6ms)
[wrangler:info] GET /redirect.js 304 Not Modified (5ms)
[wrangler:info] GET /clean.css 304 Not Modified (6ms)
[wrangler:info] GET /assets/flags/palestine.svg 304 Not Modified (6ms)
[wrangler:info] GET /assets/retro-world-cup-2014.png 304 Not Modified (8ms)
[wrangler:info] GET /player-pools.generated.js 304 Not Modified (5ms)
[wrangler:info] GET /data.js 304 Not Modified (6ms)
[wrangler:info] GET /retro-data.js 304 Not Modified (5ms)
[wrangler:info] GET /retro-2010-schedule.js 304 Not Modified (8ms)
[wrangler:info] GET /retro-2010-squads.js 304 Not Modified (12ms)
[wrangler:info] GET /retro-2014-squads.js 304 Not Modified (14ms)
[wrangler:info] GET /retro-2014-schedule.js 304 Not Modified (12ms)
[wrangler:info] GET /retro-2022-squads.js 304 Not Modified (4ms)
[wrangler:info] GET /retro-2018-squads.js 304 Not Modified (13ms)
[wrangler:info] GET /retro-2018-schedule.js 304 Not Modified (10ms)
[wrangler:info] GET /retro-2022-schedule.js 304 Not Modified (12ms)
[wrangler:info] GET /retro-engine.js 304 Not Modified (12ms)
[wrangler:info] GET /presentation-engine.js 304 Not Modified (9ms)
[wrangler:info] GET /simulation-engine.js 304 Not Modified (8ms)
[wrangler:info] GET /legacy-data/catalog.generated.js 304 Not Modified (6ms)
[wrangler:info] GET /app.js 304 Not Modified (11ms)
[wrangler:info] GET /challenge.js 304 Not Modified (14ms)
[wrangler:info] GET /analytics.js 304 Not Modified (29ms)
[wrangler:info] GET /site.webmanifest 304 Not Modified (15ms)
[wrangler:info] GET /assets/retro-world-cup-2022.png 304 Not Modified (3ms)
{"type":"worker-request","timestamp":"2026-07-26T19:03:02.393Z","requestId":"ab859c4a-44d9-4c2c-8d07-400181b8c4b9","method":"GET","route":"/api/challenge"}
{"type":"worker-request-complete","timestamp":"2026-07-26T19:03:02.415Z","requestId":"ab859c4a-44d9-4c2c-8d07-400181b8c4b9","method":"GET","route":"/api/challenge","status":200,"elapsedMs":22}
[wrangler:info] GET /api/challenge 200 OK (26ms)
[wrangler:info] GET /assets/256-teams-icon.svg 304 Not Modified (5ms)
{"type":"worker-request","timestamp":"2026-07-26T19:03:02.429Z","requestId":"3c4ab1fd-ff7c-4a74-afac-accb6cdbc593","method":"POST","route":"/api/challenge/achievements/retro-2014"}
{"type":"worker-request","timestamp":"2026-07-26T19:03:02.432Z","requestId":"0dc80832-36dd-4bd5-88f0-8831a7fc9ee3","method":"POST","route":"/api/challenge/achievements/retro-2022"}
{"type":"worker-request-complete","timestamp":"2026-07-26T19:03:02.440Z","requestId":"3c4ab1fd-ff7c-4a74-afac-accb6cdbc593","method":"POST","route":"/api/challenge/achievements/retro-2014","status":200,"elapsedMs":11}
[wrangler:info] POST /api/challenge/achievements/retro-2014 200 OK (13ms)
{"type":"worker-request-complete","timestamp":"2026-07-26T19:03:02.448Z","requestId":"0dc80832-36dd-4bd5-88f0-8831a7fc9ee3","method":"POST","route":"/api/challenge/achievements/retro-2022","status":200,"elapsedMs":16}
[wrangler:info] POST /api/challenge/achievements/retro-2022 200 OK (19ms)
[wrangler:info] GET /assets/retro-world-cup-2018.png 304 Not Modified (13ms)
[wrangler:info] GET /assets/world-cup-2026-logo.png 200 OK (12ms)
[wrangler:info] GET /assets/retro-world-cup-2014.png 304 Not Modified (3ms)
[wrangler:info] GET /assets/retro-2014/brazil-watercolor-ipad.webp 304 Not Modified (14ms)
[wrangler:info] GET /assets/retro-2014/brazil-watercolor-stadium.webp 304 Not Modified (22ms)
[wrangler:info] GET /assets/audio/penalty-whistle.mp3 304 Not Modified (13ms)
[wrangler:info] GET /assets/audio/full-time-whistle.mp3 304 Not Modified (21ms)
{"type":"worker-request","timestamp":"2026-07-26T19:03:11.518Z","requestId":"95b3b06d-a683-495a-b287-7136702f1d39","method":"POST","route":"/api/challenge/achievements/retro-2014"}
{"type":"worker-request-complete","timestamp":"2026-07-26T19:03:11.528Z","requestId":"95b3b06d-a683-495a-b287-7136702f1d39","method":"POST","route":"/api/challenge/achievements/retro-2014","status":200,"elapsedMs":10}
[wrangler:info] POST /api/challenge/achievements/retro-2014 200 OK (12ms)
{"type":"worker-request","timestamp":"2026-07-26T19:04:04.733Z","requestId":"40eac810-b8ee-4223-a3cb-d2b2e519502c","method":"POST","route":"/api/challenge/achievements/retro-2014"}
{"type":"worker-request-complete","timestamp":"2026-07-26T19:04:04.756Z","requestId":"40eac810-b8ee-4223-a3cb-d2b2e519502c","method":"POST","route":"/api/challenge/achievements/retro-2014","status":200,"elapsedMs":23}
[wrangler:info] POST /api/challenge/achievements/retro-2014 200 OK (28ms)
{"type":"worker-request","timestamp":"2026-07-26T19:05:57.737Z","requestId":"69d850de-1a42-4e63-9982-3dce4a927c81","method":"GET","route":"/"}
{"type":"worker-request-complete","timestamp":"2026-07-26T19:05:57.738Z","requestId":"69d850de-1a42-4e63-9982-3dce4a927c81","method":"GET","route":"/","status":200,"elapsedMs":1}
[wrangler:info] GET / 200 OK (4ms)
[wrangler:info] GET /redirect.js 304 Not Modified (5ms)
[wrangler:info] GET /clean.css 200 OK (6ms)
[wrangler:info] GET /styles.css 304 Not Modified (16ms)
[wrangler:info] GET /assets/flags/palestine.svg 304 Not Modified (5ms)
[wrangler:info] GET /assets/retro-world-cup-2014.png 304 Not Modified (5ms)
[wrangler:info] GET /player-pools.generated.js 304 Not Modified (6ms)
[wrangler:info] GET /data.js 304 Not Modified (3ms)
[wrangler:info] GET /retro-data.js 200 OK (7ms)
[wrangler:info] GET /retro-2010-squads.js 304 Not Modified (6ms)
[wrangler:info] GET /retro-2010-schedule.js 304 Not Modified (4ms)
[wrangler:info] GET /retro-2014-squads.js 304 Not Modified (12ms)
[wrangler:info] GET /retro-2014-schedule.js 304 Not Modified (8ms)
[wrangler:info] GET /retro-2018-squads.js 304 Not Modified (8ms)
[wrangler:info] GET /retro-2018-schedule.js 304 Not Modified (4ms)
[wrangler:info] GET /retro-2022-squads.js 200 OK (13ms)
[wrangler:info] GET /retro-2022-schedule.js 200 OK (4ms)
[wrangler:info] GET /retro-engine.js 200 OK (3ms)
[wrangler:info] GET /presentation-engine.js 304 Not Modified (3ms)
[wrangler:info] GET /simulation-engine.js 200 OK (6ms)
[wrangler:info] GET /legacy-data/catalog.generated.js 200 OK (11ms)
[wrangler:info] GET /app.js 200 OK (18ms)
[wrangler:info] GET /challenge.js 200 OK (9ms)
[wrangler:info] GET /analytics.js 200 OK (10ms)
[wrangler:info] GET /assets/retro-world-cup-2018.png 304 Not Modified (3ms)
{"type":"worker-request","timestamp":"2026-07-26T19:05:58.080Z","requestId":"c0022868-8c37-495e-9e98-8d091339f7c4","method":"GET","route":"/api/challenge"}
{"type":"worker-request-complete","timestamp":"2026-07-26T19:05:58.091Z","requestId":"c0022868-8c37-495e-9e98-8d091339f7c4","method":"GET","route":"/api/challenge","status":200,"elapsedMs":11}
[wrangler:info] GET /api/challenge 200 OK (16ms)
{"type":"worker-request","timestamp":"2026-07-26T19:06:25.041Z","requestId":"39515b6e-8d83-4f74-be79-b1d545036289","method":"GET","route":"/retro-22-world-cup"}
{"type":"worker-request-complete","timestamp":"2026-07-26T19:06:25.042Z","requestId":"39515b6e-8d83-4f74-be79-b1d545036289","method":"GET","route":"/retro-22-world-cup","status":200,"elapsedMs":1}
[wrangler:info] GET /retro-22-world-cup 200 OK (3ms)
[wrangler:info] GET /redirect.js 304 Not Modified (3ms)
[wrangler:info] GET /styles.css 304 Not Modified (3ms)
[wrangler:info] GET /clean.css 304 Not Modified (6ms)
[wrangler:info] GET /player-pools.generated.js 304 Not Modified (6ms)
[wrangler:info] GET /assets/flags/palestine.svg 304 Not Modified (4ms)
[wrangler:info] GET /assets/retro-world-cup-2014.png 304 Not Modified (3ms)
[wrangler:info] GET /data.js 304 Not Modified (5ms)
[wrangler:info] GET /assets/retro-2022/qatar-night-landscape.png 200 OK (2ms)
[wrangler:info] GET /retro-data.js 304 Not Modified (5ms)
[wrangler:info] GET /retro-2010-squads.js 304 Not Modified (7ms)
[wrangler:info] GET /retro-2010-schedule.js 304 Not Modified (5ms)
[wrangler:info] GET /retro-2014-squads.js 304 Not Modified (3ms)
[wrangler:info] GET /retro-2014-schedule.js 304 Not Modified (5ms)
[wrangler:info] GET /retro-2018-squads.js 304 Not Modified (7ms)
[wrangler:info] GET /retro-2018-schedule.js 304 Not Modified (11ms)
[wrangler:info] GET /retro-2022-squads.js 304 Not Modified (4ms)
[wrangler:info] GET /retro-2022-schedule.js 304 Not Modified (7ms)
[wrangler:info] GET /retro-engine.js 304 Not Modified (5ms)
[wrangler:info] GET /presentation-engine.js 304 Not Modified (10ms)
[wrangler:info] GET /simulation-engine.js 304 Not Modified (6ms)
[wrangler:info] GET /legacy-data/catalog.generated.js 304 Not Modified (6ms)
[wrangler:info] GET /app.js 304 Not Modified (5ms)
[wrangler:info] GET /challenge.js 304 Not Modified (6ms)
[wrangler:info] GET /analytics.js 304 Not Modified (6ms)
[wrangler:info] GET /assets/retro-world-cup-2022.png 200 OK (5ms)
{"type":"worker-request","timestamp":"2026-07-26T19:06:25.298Z","requestId":"d8dbd9b1-a75d-473f-8eee-62b9818e8701","method":"GET","route":"/api/challenge"}
{"type":"worker-request-complete","timestamp":"2026-07-26T19:06:25.314Z","requestId":"d8dbd9b1-a75d-473f-8eee-62b9818e8701","method":"GET","route":"/api/challenge","status":200,"elapsedMs":16}
[wrangler:info] GET /api/challenge 200 OK (20ms)
{"type":"worker-request","timestamp":"2026-07-26T19:07:22.162Z","requestId":"532124a2-a10d-46f8-a22b-d4f4994a389b","method":"GET","route":"/retro-14-world-cup"}
{"type":"worker-request-complete","timestamp":"2026-07-26T19:07:22.163Z","requestId":"532124a2-a10d-46f8-a22b-d4f4994a389b","method":"GET","route":"/retro-14-world-cup","status":200,"elapsedMs":1}
[wrangler:info] GET /retro-14-world-cup 200 OK (6ms)
[wrangler:info] GET /redirect.js 304 Not Modified (4ms)
[wrangler:info] GET /assets/flags/palestine.svg 304 Not Modified (6ms)
[wrangler:info] GET /clean.css 304 Not Modified (8ms)
[wrangler:info] GET /assets/retro-world-cup-2014.png 304 Not Modified (9ms)
[wrangler:info] GET /player-pools.generated.js 304 Not Modified (6ms)
[wrangler:info] GET /data.js 304 Not Modified (12ms)
[wrangler:info] GET /retro-data.js 304 Not Modified (8ms)
[wrangler:info] GET /retro-2010-squads.js 304 Not Modified (13ms)
[wrangler:info] GET /retro-2010-schedule.js 304 Not Modified (12ms)
[wrangler:info] GET /retro-2014-squads.js 304 Not Modified (14ms)
[wrangler:info] GET /retro-2014-schedule.js 304 Not Modified (15ms)
[wrangler:info] GET /retro-2018-schedule.js 304 Not Modified (12ms)
[wrangler:info] GET /retro-2018-squads.js 304 Not Modified (22ms)
[wrangler:info] GET /retro-2022-schedule.js 304 Not Modified (21ms)
[wrangler:info] GET /retro-2022-squads.js 304 Not Modified (28ms)
[wrangler:info] GET /presentation-engine.js 304 Not Modified (31ms)
[wrangler:info] GET /retro-engine.js 304 Not Modified (42ms)
[wrangler:info] GET /simulation-engine.js 304 Not Modified (45ms)
[wrangler:info] GET /legacy-data/catalog.generated.js 304 Not Modified (46ms)
[wrangler:info] GET /app.js 304 Not Modified (42ms)
[wrangler:info] GET /challenge.js 304 Not Modified (43ms)
[wrangler:info] GET /site.webmanifest 304 Not Modified (34ms)
[wrangler:info] GET /analytics.js 304 Not Modified (32ms)
[wrangler:info] GET /assets/retro-2014/brazil-watercolor-ipad.webp 304 Not Modified (5ms)
[wrangler:info] GET /assets/retro-2014/brazil-watercolor-stadium.webp 304 Not Modified (10ms)
{"type":"worker-request","timestamp":"2026-07-26T19:07:22.537Z","requestId":"072b8817-002e-4ab8-b83e-9bdd9f381f06","method":"GET","route":"/api/challenge"}
{"type":"worker-request-complete","timestamp":"2026-07-26T19:07:22.555Z","requestId":"072b8817-002e-4ab8-b83e-9bdd9f381f06","method":"GET","route":"/api/challenge","status":200,"elapsedMs":18}
[wrangler:info] GET /api/challenge 200 OK (23ms)
[wrangler:info] GET /assets/256-teams-icon.svg 304 Not Modified (7ms)
{"type":"worker-request","timestamp":"2026-07-26T19:07:22.602Z","requestId":"835f5c6a-65df-4004-a1f0-7981cc093bb2","method":"POST","route":"/api/challenge/achievements/retro-2014"}
{"type":"worker-request","timestamp":"2026-07-26T19:07:22.607Z","requestId":"5a09e0e0-f21b-482e-b9ee-5b47d12b8d17","method":"POST","route":"/api/challenge/achievements/retro-2022"}
{"type":"worker-request-complete","timestamp":"2026-07-26T19:07:22.614Z","requestId":"835f5c6a-65df-4004-a1f0-7981cc093bb2","method":"POST","route":"/api/challenge/achievements/retro-2014","status":200,"elapsedMs":12}
[wrangler:info] POST /api/challenge/achievements/retro-2014 200 OK (18ms)
{"type":"worker-request-complete","timestamp":"2026-07-26T19:07:22.623Z","requestId":"5a09e0e0-f21b-482e-b9ee-5b47d12b8d17","method":"POST","route":"/api/challenge/achievements/retro-2022","status":200,"elapsedMs":16}
[wrangler:info] POST /api/challenge/achievements/retro-2022 200 OK (27ms)
[wrangler:info] GET /assets/256-teams-icon.svg 304 Not Modified (27ms)
{"type":"worker-request","timestamp":"2026-07-26T19:09:06.187Z","requestId":"a2bead7e-bf3b-440b-96b1-5486162ec61d","method":"GET","route":"/retro-22-world-cup"}
{"type":"worker-request-complete","timestamp":"2026-07-26T19:09:06.188Z","requestId":"a2bead7e-bf3b-440b-96b1-5486162ec61d","method":"GET","route":"/retro-22-world-cup","status":200,"elapsedMs":1}
[wrangler:info] GET /retro-22-world-cup 200 OK (5ms)
[wrangler:info] GET /redirect.js 304 Not Modified (3ms)
[wrangler:info] GET /styles.css 304 Not Modified (4ms)
[wrangler:info] GET /clean.css 304 Not Modified (8ms)
[wrangler:info] GET /assets/flags/palestine.svg 304 Not Modified (7ms)
[wrangler:info] GET /assets/retro-world-cup-2014.png 304 Not Modified (3ms)
[wrangler:info] GET /player-pools.generated.js 304 Not Modified (5ms)
[wrangler:info] GET /data.js 304 Not Modified (3ms)
[wrangler:info] GET /assets/retro-2022/qatar-night-landscape.png 304 Not Modified (4ms)
[wrangler:info] GET /retro-data.js 304 Not Modified (3ms)
[wrangler:info] GET /retro-2010-squads.js 304 Not Modified (4ms)
[wrangler:info] GET /retro-2010-schedule.js 304 Not Modified (5ms)
[wrangler:info] GET /retro-2014-squads.js 304 Not Modified (3ms)
[wrangler:info] GET /retro-2014-schedule.js 304 Not Modified (3ms)
[wrangler:info] GET /retro-2018-squads.js 304 Not Modified (5ms)
[wrangler:info] GET /retro-2018-schedule.js 304 Not Modified (5ms)
[wrangler:info] GET /retro-2022-squads.js 304 Not Modified (2ms)
[wrangler:info] GET /retro-2022-schedule.js 304 Not Modified (2ms)
[wrangler:info] GET /retro-engine.js 304 Not Modified (2ms)
[wrangler:info] GET /presentation-engine.js 304 Not Modified (2ms)
[wrangler:info] GET /simulation-engine.js 304 Not Modified (4ms)
[wrangler:info] GET /legacy-data/catalog.generated.js 304 Not Modified (5ms)
[wrangler:info] GET /app.js 304 Not Modified (7ms)
[wrangler:info] GET /challenge.js 304 Not Modified (4ms)
[wrangler:info] GET /analytics.js 304 Not Modified (6ms)
[wrangler:info] GET /assets/retro-world-cup-2022.png 304 Not Modified (3ms)
{"type":"worker-request","timestamp":"2026-07-26T19:09:06.486Z","requestId":"f6b8ab2f-28ed-4c39-bee8-efbc8ec7b6a4","method":"GET","route":"/api/challenge"}
{"type":"worker-request-complete","timestamp":"2026-07-26T19:09:06.499Z","requestId":"f6b8ab2f-28ed-4c39-bee8-efbc8ec7b6a4","method":"GET","route":"/api/challenge","status":200,"elapsedMs":13}
[wrangler:info] GET /api/challenge 200 OK (16ms)
[wrangler:info] GET /assets/256-teams-icon.svg 304 Not Modified (5ms)
{"type":"worker-request","timestamp":"2026-07-26T19:09:47.555Z","requestId":"c1b705dc-2935-43b7-b570-21ddd5a13c7e","method":"GET","route":"/retro-22-world-cup"}
{"type":"worker-request-complete","timestamp":"2026-07-26T19:09:47.555Z","requestId":"c1b705dc-2935-43b7-b570-21ddd5a13c7e","method":"GET","route":"/retro-22-world-cup","status":200,"elapsedMs":0}
[wrangler:info] GET /retro-22-world-cup 200 OK (3ms)
[wrangler:info] GET /redirect.js 304 Not Modified (3ms)
[wrangler:info] GET /analytics.js 304 Not Modified (2ms)
[wrangler:info] GET /styles.css 304 Not Modified (3ms)
[wrangler:info] GET /clean.css 304 Not Modified (2ms)
[wrangler:info] GET /assets/flags/palestine.svg 304 Not Modified (3ms)
[wrangler:info] GET /assets/retro-world-cup-2014.png 304 Not Modified (3ms)
[wrangler:info] GET /player-pools.generated.js 304 Not Modified (3ms)
[wrangler:info] GET /data.js 304 Not Modified (2ms)
[wrangler:info] GET /retro-data.js 304 Not Modified (2ms)
[wrangler:info] GET /retro-2010-squads.js 304 Not Modified (2ms)
[wrangler:info] GET /retro-2010-schedule.js 304 Not Modified (2ms)
[wrangler:info] GET /retro-2014-squads.js 304 Not Modified (2ms)
[wrangler:info] GET /retro-2014-schedule.js 304 Not Modified (2ms)
[wrangler:info] GET /retro-2018-squads.js 304 Not Modified (3ms)
[wrangler:info] GET /retro-2018-schedule.js 304 Not Modified (4ms)
[wrangler:info] GET /retro-2022-squads.js 304 Not Modified (4ms)
[wrangler:info] GET /retro-2022-schedule.js 304 Not Modified (3ms)
[wrangler:info] GET /retro-engine.js 304 Not Modified (4ms)
[wrangler:info] GET /presentation-engine.js 304 Not Modified (3ms)
[wrangler:info] GET /simulation-engine.js 304 Not Modified (12ms)
[wrangler:info] GET /legacy-data/catalog.generated.js 304 Not Modified (2ms)
[wrangler:info] GET /app.js 304 Not Modified (11ms)
[wrangler:info] GET /challenge.js 304 Not Modified (6ms)
[wrangler:info] GET /assets/retro-world-cup-2022.png 304 Not Modified (9ms)
{"type":"worker-request","timestamp":"2026-07-26T19:09:47.871Z","requestId":"0624011f-d66a-4814-8490-b8330e54365f","method":"GET","route":"/api/challenge"}
{"type":"worker-request-complete","timestamp":"2026-07-26T19:09:47.878Z","requestId":"0624011f-d66a-4814-8490-b8330e54365f","method":"GET","route":"/api/challenge","status":200,"elapsedMs":7}
[wrangler:info] GET /api/challenge 200 OK (10ms)
{"type":"worker-request","timestamp":"2026-07-26T19:09:57.217Z","requestId":"055defbb-e4e2-4cdc-811c-b08a15694b01","method":"GET","route":"/retro-14-world-cup"}
{"type":"worker-request-complete","timestamp":"2026-07-26T19:09:57.219Z","requestId":"055defbb-e4e2-4cdc-811c-b08a15694b01","method":"GET","route":"/retro-14-world-cup","status":200,"elapsedMs":2}
[wrangler:info] GET /retro-14-world-cup 200 OK (7ms)
[wrangler:info] GET /redirect.js 304 Not Modified (6ms)
[wrangler:info] GET /clean.css 304 Not Modified (7ms)
[wrangler:info] GET /assets/flags/palestine.svg 304 Not Modified (10ms)
[wrangler:info] GET /assets/retro-world-cup-2014.png 304 Not Modified (9ms)
[wrangler:info] GET /player-pools.generated.js 304 Not Modified (3ms)
[wrangler:info] GET /data.js 304 Not Modified (8ms)
[wrangler:info] GET /retro-data.js 304 Not Modified (6ms)
[wrangler:info] GET /retro-2010-squads.js 304 Not Modified (6ms)
[wrangler:info] GET /retro-2014-schedule.js 304 Not Modified (5ms)
[wrangler:info] GET /retro-2010-schedule.js 304 Not Modified (7ms)
[wrangler:info] GET /retro-2014-squads.js 304 Not Modified (11ms)
[wrangler:info] GET /retro-2018-schedule.js 304 Not Modified (11ms)
[wrangler:info] GET /retro-2018-squads.js 304 Not Modified (17ms)
[wrangler:info] GET /retro-2022-squads.js 304 Not Modified (6ms)
[wrangler:info] GET /retro-2022-schedule.js 304 Not Modified (9ms)
[wrangler:info] GET /retro-engine.js 304 Not Modified (16ms)
[wrangler:info] GET /presentation-engine.js 304 Not Modified (35ms)
[wrangler:info] GET /app.js 304 Not Modified (34ms)
[wrangler:info] GET /simulation-engine.js 304 Not Modified (50ms)
[wrangler:info] GET /legacy-data/catalog.generated.js 304 Not Modified (54ms)
[wrangler:info] GET /site.webmanifest 304 Not Modified (50ms)
[wrangler:info] GET /challenge.js 304 Not Modified (65ms)
[wrangler:info] GET /analytics.js 304 Not Modified (48ms)
[wrangler:info] GET /assets/retro-2014/brazil-watercolor-ipad.webp 304 Not Modified (3ms)
[wrangler:info] GET /assets/retro-2014/brazil-watercolor-stadium.webp 304 Not Modified (7ms)
{"type":"worker-request","timestamp":"2026-07-26T19:09:57.559Z","requestId":"e76019ff-15c0-4026-ad0a-2e4029034d0c","method":"GET","route":"/api/challenge"}
{"type":"worker-request-complete","timestamp":"2026-07-26T19:09:57.583Z","requestId":"e76019ff-15c0-4026-ad0a-2e4029034d0c","method":"GET","route":"/api/challenge","status":200,"elapsedMs":24}
[wrangler:info] GET /api/challenge 200 OK (30ms)
{"type":"worker-request","timestamp":"2026-07-26T19:09:57.603Z","requestId":"406c15a9-72dd-47b5-9e86-b7eb1d84d208","method":"POST","route":"/api/challenge/achievements/retro-2014"}
{"type":"worker-request","timestamp":"2026-07-26T19:09:57.611Z","requestId":"bab64450-436d-49e0-9c10-e3b101a39d10","method":"POST","route":"/api/challenge/achievements/retro-2022"}
[wrangler:info] GET /assets/256-teams-icon.svg 304 Not Modified (10ms)
{"type":"worker-request-complete","timestamp":"2026-07-26T19:09:57.626Z","requestId":"406c15a9-72dd-47b5-9e86-b7eb1d84d208","method":"POST","route":"/api/challenge/achievements/retro-2014","status":200,"elapsedMs":23}
[wrangler:info] POST /api/challenge/achievements/retro-2014 200 OK (27ms)
[wrangler:info] GET /assets/256-teams-icon.svg 304 Not Modified (19ms)
{"type":"worker-request-complete","timestamp":"2026-07-26T19:09:57.637Z","requestId":"bab64450-436d-49e0-9c10-e3b101a39d10","method":"POST","route":"/api/challenge/achievements/retro-2022","status":200,"elapsedMs":26}
[wrangler:info] POST /api/challenge/achievements/retro-2022 200 OK (36ms)
⎔ Reloading local server...
[wrangler:info] ✨ Parsed 3 valid header rules.
⎔ Local server updated and ready
⎔ Reloading local server...
[wrangler:info] ✨ Parsed 3 valid header rules.
⎔ Local server updated and ready
⎔ Reloading local server...
[wrangler:info] ✨ Parsed 3 valid header rules.
⎔ Local server updated and ready
{"type":"worker-request","timestamp":"2026-07-26T19:14:25.117Z","requestId":"77997df2-d9b3-485b-a92a-170987b5278d","method":"GET","route":"/retro-14-world-cup"}
{"type":"worker-request-complete","timestamp":"2026-07-26T19:14:25.124Z","requestId":"77997df2-d9b3-485b-a92a-170987b5278d","method":"GET","route":"/retro-14-world-cup","status":200,"elapsedMs":7}
[wrangler:info] GET /retro-14-world-cup 200 OK (15ms)
[wrangler:info] GET /clean.css 200 OK (6ms)
[wrangler:info] GET /redirect.js 304 Not Modified (7ms)
[wrangler:info] GET /assets/flags/palestine.svg 304 Not Modified (10ms)
[wrangler:info] GET /assets/retro-world-cup-2014.png 304 Not Modified (11ms)
[wrangler:info] GET /player-pools.generated.js 304 Not Modified (7ms)
[wrangler:info] GET /retro-data.js 304 Not Modified (5ms)
[wrangler:info] GET /data.js 304 Not Modified (10ms)
[wrangler:info] GET /retro-2010-squads.js 304 Not Modified (8ms)
[wrangler:info] GET /retro-2010-schedule.js 304 Not Modified (12ms)
[wrangler:info] GET /retro-2014-squads.js 304 Not Modified (17ms)
[wrangler:info] GET /retro-2014-schedule.js 304 Not Modified (15ms)
[wrangler:info] GET /retro-2018-squads.js 304 Not Modified (16ms)
[wrangler:info] GET /retro-2018-schedule.js 304 Not Modified (16ms)
[wrangler:info] GET /retro-2022-squads.js 304 Not Modified (19ms)
[wrangler:info] GET /retro-2022-schedule.js 304 Not Modified (22ms)
[wrangler:info] GET /retro-engine.js 304 Not Modified (23ms)
[wrangler:info] GET /presentation-engine.js 304 Not Modified (26ms)
[wrangler:info] GET /simulation-engine.js 304 Not Modified (28ms)
[wrangler:info] GET /legacy-data/catalog.generated.js 200 OK (31ms)
[wrangler:info] GET /app.js 304 Not Modified (26ms)
[wrangler:info] GET /challenge.js 304 Not Modified (28ms)
[wrangler:info] GET /site.webmanifest 304 Not Modified (31ms)
[wrangler:info] GET /analytics.js 304 Not Modified (27ms)
[wrangler:info] GET /assets/retro-2014/brazil-watercolor-ipad.webp 304 Not Modified (14ms)
[wrangler:info] GET /assets/retro-2014/brazil-watercolor-stadium.webp 304 Not Modified (20ms)
{"type":"worker-request","timestamp":"2026-07-26T19:14:25.471Z","requestId":"4303d391-024a-44cb-a7e4-81d92d978177","method":"GET","route":"/api/challenge"}
{"type":"worker-request-complete","timestamp":"2026-07-26T19:14:25.502Z","requestId":"4303d391-024a-44cb-a7e4-81d92d978177","method":"GET","route":"/api/challenge","status":200,"elapsedMs":31}
[wrangler:info] GET /api/challenge 200 OK (33ms)
[wrangler:info] GET /assets/256-teams-icon.svg 304 Not Modified (17ms)
[wrangler:info] GET /assets/256-teams-icon.svg 304 Not Modified (18ms)
{"type":"worker-request","timestamp":"2026-07-26T19:14:25.535Z","requestId":"7ba30b24-6368-4cba-b2e6-79c684a8385f","method":"POST","route":"/api/challenge/achievements/retro-2014"}
{"type":"worker-request","timestamp":"2026-07-26T19:14:25.541Z","requestId":"6d6468a7-7371-4c96-be43-443cdcf8143d","method":"POST","route":"/api/challenge/achievements/retro-2022"}
{"type":"worker-request-complete","timestamp":"2026-07-26T19:14:25.552Z","requestId":"7ba30b24-6368-4cba-b2e6-79c684a8385f","method":"POST","route":"/api/challenge/achievements/retro-2014","status":200,"elapsedMs":17}
[wrangler:info] POST /api/challenge/achievements/retro-2014 200 OK (23ms)
{"type":"worker-request-complete","timestamp":"2026-07-26T19:14:25.562Z","requestId":"6d6468a7-7371-4c96-be43-443cdcf8143d","method":"POST","route":"/api/challenge/achievements/retro-2022","status":200,"elapsedMs":21}
[wrangler:info] POST /api/challenge/achievements/retro-2022 200 OK (31ms)
{"type":"worker-request","timestamp":"2026-07-26T19:14:44.875Z","requestId":"09dc402e-674d-420b-8f96-1ce7407284cf","method":"GET","route":"/"}
{"type":"worker-request-complete","timestamp":"2026-07-26T19:14:44.877Z","requestId":"09dc402e-674d-420b-8f96-1ce7407284cf","method":"GET","route":"/","status":200,"elapsedMs":2}
[wrangler:info] GET / 200 OK (5ms)
[wrangler:info] GET /redirect.js 304 Not Modified (9ms)
[wrangler:info] GET /clean.css 304 Not Modified (11ms)
[wrangler:info] GET /assets/flags/palestine.svg 304 Not Modified (14ms)
[wrangler:info] GET /assets/retro-world-cup-2014.png 304 Not Modified (14ms)
[wrangler:info] GET /player-pools.generated.js 304 Not Modified (5ms)
[wrangler:info] GET /data.js 304 Not Modified (7ms)
[wrangler:info] GET /retro-2010-squads.js 304 Not Modified (7ms)
[wrangler:info] GET /retro-data.js 304 Not Modified (6ms)
[wrangler:info] GET /retro-2010-schedule.js 304 Not Modified (8ms)
[wrangler:info] GET /retro-2014-squads.js 304 Not Modified (11ms)
[wrangler:info] GET /retro-2014-schedule.js 304 Not Modified (13ms)
[wrangler:info] GET /retro-2018-schedule.js 304 Not Modified (9ms)
[wrangler:info] GET /retro-2022-squads.js 304 Not Modified (11ms)
[wrangler:info] GET /retro-2022-schedule.js 304 Not Modified (10ms)
[wrangler:info] GET /retro-2018-squads.js 304 Not Modified (22ms)
[wrangler:info] GET /retro-engine.js 304 Not Modified (15ms)
[wrangler:info] GET /presentation-engine.js 304 Not Modified (15ms)
[wrangler:info] GET /simulation-engine.js 304 Not Modified (18ms)
[wrangler:info] GET /legacy-data/catalog.generated.js 304 Not Modified (23ms)
[wrangler:info] GET /challenge.js 304 Not Modified (30ms)
[wrangler:info] GET /app.js 304 Not Modified (38ms)
[wrangler:info] GET /analytics.js 304 Not Modified (30ms)
[wrangler:info] GET /site.webmanifest 304 Not Modified (42ms)
{"type":"worker-request","timestamp":"2026-07-26T19:14:45.174Z","requestId":"1f68cb11-3257-4d3c-bc6f-4a89e1314c41","method":"GET","route":"/api/challenge"}
{"type":"worker-request-complete","timestamp":"2026-07-26T19:14:45.199Z","requestId":"1f68cb11-3257-4d3c-bc6f-4a89e1314c41","method":"GET","route":"/api/challenge","status":200,"elapsedMs":25}
[wrangler:info] GET /api/challenge 200 OK (30ms)
[wrangler:info] GET /assets/256-teams-icon.svg 304 Not Modified (9ms)
{"type":"worker-request","timestamp":"2026-07-26T19:14:45.214Z","requestId":"d31c70a9-3271-4d93-b0de-f38743cef607","method":"POST","route":"/api/challenge/achievements/retro-2014"}
{"type":"worker-request","timestamp":"2026-07-26T19:14:45.218Z","requestId":"2a6e193f-ec8e-4358-b81b-89fef2cac2b9","method":"POST","route":"/api/challenge/achievements/retro-2022"}
{"type":"worker-request-complete","timestamp":"2026-07-26T19:14:45.226Z","requestId":"d31c70a9-3271-4d93-b0de-f38743cef607","method":"POST","route":"/api/challenge/achievements/retro-2014","status":200,"elapsedMs":12}
[wrangler:info] POST /api/challenge/achievements/retro-2014 200 OK (16ms)
{"type":"worker-request-complete","timestamp":"2026-07-26T19:14:45.232Z","requestId":"2a6e193f-ec8e-4358-b81b-89fef2cac2b9","method":"POST","route":"/api/challenge/achievements/retro-2022","status":200,"elapsedMs":14}
[wrangler:info] POST /api/challenge/achievements/retro-2022 200 OK (22ms)
[wrangler:info] GET /assets/retro-world-cup-2018.png 304 Not Modified (11ms)
{"type":"worker-request","timestamp":"2026-07-26T19:14:50.862Z","requestId":"a3820533-c8d4-4ccb-8c28-2a0e6f44b429","method":"GET","route":"/"}
{"type":"worker-request-complete","timestamp":"2026-07-26T19:14:50.864Z","requestId":"a3820533-c8d4-4ccb-8c28-2a0e6f44b429","method":"GET","route":"/","status":200,"elapsedMs":2}
[wrangler:info] GET / 200 OK (7ms)
[wrangler:info] GET /redirect.js 304 Not Modified (6ms)
[wrangler:info] GET /clean.css 304 Not Modified (6ms)
[wrangler:info] GET /assets/flags/palestine.svg 304 Not Modified (7ms)
[wrangler:info] GET /assets/retro-world-cup-2014.png 304 Not Modified (7ms)
[wrangler:info] GET /player-pools.generated.js 304 Not Modified (7ms)
[wrangler:info] GET /data.js 304 Not Modified (6ms)
[wrangler:info] GET /retro-data.js 304 Not Modified (10ms)
[wrangler:info] GET /retro-2010-schedule.js 304 Not Modified (7ms)
[wrangler:info] GET /retro-2010-squads.js 304 Not Modified (10ms)
[wrangler:info] GET /retro-2014-squads.js 304 Not Modified (9ms)
[wrangler:info] GET /retro-2014-schedule.js 304 Not Modified (10ms)
[wrangler:info] GET /retro-2018-squads.js 304 Not Modified (14ms)
[wrangler:info] GET /retro-2018-schedule.js 304 Not Modified (12ms)
[wrangler:info] GET /retro-2022-squads.js 304 Not Modified (15ms)
[wrangler:info] GET /retro-2022-schedule.js 304 Not Modified (20ms)
[wrangler:info] GET /presentation-engine.js 304 Not Modified (15ms)
[wrangler:info] GET /retro-engine.js 304 Not Modified (23ms)
[wrangler:info] GET /simulation-engine.js 304 Not Modified (26ms)
[wrangler:info] GET /legacy-data/catalog.generated.js 304 Not Modified (33ms)
[wrangler:info] GET /site.webmanifest 304 Not Modified (19ms)
[wrangler:info] GET /challenge.js 304 Not Modified (26ms)
[wrangler:info] GET /analytics.js 304 Not Modified (21ms)
[wrangler:info] GET /app.js 304 Not Modified (43ms)
[wrangler:info] GET /assets/retro-world-cup-2018.png 304 Not Modified (3ms)
{"type":"worker-request","timestamp":"2026-07-26T19:14:51.197Z","requestId":"5af6c8d1-11a3-4a6e-946c-5ebce874c598","method":"GET","route":"/api/challenge"}
{"type":"worker-request-complete","timestamp":"2026-07-26T19:14:51.217Z","requestId":"5af6c8d1-11a3-4a6e-946c-5ebce874c598","method":"GET","route":"/api/challenge","status":200,"elapsedMs":20}
[wrangler:info] GET /api/challenge 200 OK (28ms)
[wrangler:info] GET /assets/256-teams-icon.svg 304 Not Modified (10ms)
{"type":"worker-request","timestamp":"2026-07-26T19:14:51.229Z","requestId":"9d678e07-9db0-4ea5-a4be-e567e62ceaec","method":"POST","route":"/api/challenge/achievements/retro-2014"}
{"type":"worker-request","timestamp":"2026-07-26T19:14:51.234Z","requestId":"4570ee27-3f50-4695-b936-d3634cd8fa71","method":"POST","route":"/api/challenge/achievements/retro-2022"}
{"type":"worker-request-complete","timestamp":"2026-07-26T19:14:51.243Z","requestId":"9d678e07-9db0-4ea5-a4be-e567e62ceaec","method":"POST","route":"/api/challenge/achievements/retro-2014","status":200,"elapsedMs":14}
[wrangler:info] POST /api/challenge/achievements/retro-2014 200 OK (17ms)
{"type":"worker-request-complete","timestamp":"2026-07-26T19:14:51.252Z","requestId":"4570ee27-3f50-4695-b936-d3634cd8fa71","method":"POST","route":"/api/challenge/achievements/retro-2022","status":200,"elapsedMs":18}
[wrangler:info] POST /api/challenge/achievements/retro-2022 200 OK (26ms)
[wrangler:info] GET /assets/retro-world-cup-2006.png 304 Not Modified (11ms)
[wrangler:info] GET /assets/retro-2010/worldcup-2010-logo.png 304 Not Modified (12ms)
[wrangler:info] GET /assets/retro-2010/south-africa-sunburst-desktop.webp 304 Not Modified (14ms)
{"type":"worker-request","timestamp":"2026-07-26T19:14:54.375Z","requestId":"3ca40c67-52e3-4b9d-912a-711323f03035","method":"GET","route":"/"}
{"type":"worker-request-complete","timestamp":"2026-07-26T19:14:54.378Z","requestId":"3ca40c67-52e3-4b9d-912a-711323f03035","method":"GET","route":"/","status":200,"elapsedMs":3}
[wrangler:info] GET / 200 OK (9ms)
[wrangler:info] GET /clean.css 304 Not Modified (8ms)
[wrangler:info] GET /redirect.js 304 Not Modified (7ms)
[wrangler:info] GET /assets/flags/palestine.svg 304 Not Modified (10ms)
[wrangler:info] GET /assets/retro-world-cup-2014.png 304 Not Modified (12ms)
[wrangler:info] GET /player-pools.generated.js 304 Not Modified (5ms)
[wrangler:info] GET /data.js 304 Not Modified (6ms)
[wrangler:info] GET /retro-data.js 304 Not Modified (6ms)
[wrangler:info] GET /retro-2010-squads.js 304 Not Modified (7ms)
[wrangler:info] GET /retro-2014-squads.js 304 Not Modified (12ms)
[wrangler:info] GET /retro-2010-schedule.js 304 Not Modified (12ms)
[wrangler:info] GET /retro-2014-schedule.js 304 Not Modified (14ms)
[wrangler:info] GET /retro-2018-squads.js 304 Not Modified (12ms)
[wrangler:info] GET /retro-2018-schedule.js 304 Not Modified (13ms)
[wrangler:info] GET /retro-2022-squads.js 304 Not Modified (16ms)
[wrangler:info] GET /retro-2022-schedule.js 304 Not Modified (8ms)
[wrangler:info] GET /retro-engine.js 304 Not Modified (7ms)
[wrangler:info] GET /presentation-engine.js 304 Not Modified (13ms)
[wrangler:info] GET /simulation-engine.js 304 Not Modified (18ms)
[wrangler:info] GET /legacy-data/catalog.generated.js 304 Not Modified (20ms)
[wrangler:info] GET /site.webmanifest 304 Not Modified (13ms)
[wrangler:info] GET /app.js 304 Not Modified (20ms)
[wrangler:info] GET /analytics.js 304 Not Modified (20ms)
[wrangler:info] GET /challenge.js 304 Not Modified (32ms)
[wrangler:info] GET /assets/retro-2010/worldcup-2010-logo.png 304 Not Modified (6ms)
{"type":"worker-request","timestamp":"2026-07-26T19:14:54.671Z","requestId":"9e8ccb36-0822-47c6-808c-9a454f695034","method":"GET","route":"/api/challenge"}
{"type":"worker-request-complete","timestamp":"2026-07-26T19:14:54.695Z","requestId":"9e8ccb36-0822-47c6-808c-9a454f695034","method":"GET","route":"/api/challenge","status":200,"elapsedMs":24}
[wrangler:info] GET /api/challenge 200 OK (34ms)
[wrangler:info] GET /assets/256-teams-icon.svg 304 Not Modified (25ms)
{"type":"worker-request","timestamp":"2026-07-26T19:14:54.714Z","requestId":"9c951fe3-9e4b-489a-a064-9904c490a935","method":"POST","route":"/api/challenge/achievements/retro-2014"}
{"type":"worker-request","timestamp":"2026-07-26T19:14:54.717Z","requestId":"c892d253-fcd7-4f0d-9e4c-d4f44097925c","method":"POST","route":"/api/challenge/achievements/retro-2022"}
{"type":"worker-request-complete","timestamp":"2026-07-26T19:14:54.724Z","requestId":"9c951fe3-9e4b-489a-a064-9904c490a935","method":"POST","route":"/api/challenge/achievements/retro-2014","status":200,"elapsedMs":10}
[wrangler:info] POST /api/challenge/achievements/retro-2014 200 OK (14ms)
{"type":"worker-request-complete","timestamp":"2026-07-26T19:14:54.730Z","requestId":"c892d253-fcd7-4f0d-9e4c-d4f44097925c","method":"POST","route":"/api/challenge/achievements/retro-2022","status":200,"elapsedMs":13}
[wrangler:info] POST /api/challenge/achievements/retro-2022 200 OK (18ms)
[wrangler:info] GET /assets/retro-world-cup-2022.png 304 Not Modified (4ms)
[wrangler:info] GET /assets/world-cup-2026-logo.png 200 OK (11ms)
[wrangler:info] GET /assets/retro-2022/qatar-night-landscape.png 304 Not Modified (6ms)
⎔ Reloading local server...
[wrangler:info] ✨ Parsed 3 valid header rules.
⎔ Local server updated and ready
⎔ Reloading local server...
[wrangler:info] ✨ Parsed 3 valid header rules.
⎔ Local server updated and ready
{"type":"worker-request","timestamp":"2026-07-26T19:21:01.699Z","requestId":"2ef759cb-1a4c-4f5f-8ed3-12c02b4ee472","method":"GET","route":"/custom-tournament"}
{"type":"worker-request-complete","timestamp":"2026-07-26T19:21:01.740Z","requestId":"2ef759cb-1a4c-4f5f-8ed3-12c02b4ee472","method":"GET","route":"/custom-tournament","status":200,"elapsedMs":41}
[wrangler:info] GET /custom-tournament 200 OK (47ms)
[wrangler:info] GET /clean.css 200 OK (39ms)
[wrangler:info] GET /redirect.js 200 OK (36ms)
[wrangler:info] GET /assets/flags/palestine.svg 304 Not Modified (47ms)
[wrangler:info] GET /assets/retro-world-cup-2014.png 304 Not Modified (69ms)
[wrangler:info] GET /player-pools.generated.js 304 Not Modified (104ms)
[wrangler:info] GET /data.js 304 Not Modified (124ms)
[wrangler:info] GET /retro-data.js 304 Not Modified (145ms)
[wrangler:info] GET /retro-2010-squads.js 304 Not Modified (193ms)
[wrangler:info] GET /retro-2014-squads.js 304 Not Modified (191ms)
[wrangler:info] GET /retro-2010-schedule.js 304 Not Modified (308ms)
[wrangler:info] GET /retro-2014-schedule.js 304 Not Modified (235ms)
[wrangler:info] GET /retro-2018-squads.js 304 Not Modified (236ms)
[wrangler:info] GET /retro-2018-schedule.js 304 Not Modified (219ms)
[wrangler:info] GET /retro-2022-squads.js 304 Not Modified (198ms)
[wrangler:info] GET /retro-2022-schedule.js 304 Not Modified (203ms)
[wrangler:info] GET /presentation-engine.js 304 Not Modified (190ms)
[wrangler:info] GET /retro-engine.js 304 Not Modified (242ms)
[wrangler:info] GET /simulation-engine.js 304 Not Modified (251ms)
[wrangler:info] GET /legacy-data/catalog.generated.js 200 OK (254ms)
[wrangler:info] GET /app.js 200 OK (384ms)
[wrangler:info] GET /challenge.js 304 Not Modified (398ms)
[wrangler:info] GET /analytics.js 304 Not Modified (372ms)
[wrangler:info] GET /assets/retro-world-cup-2022.png 304 Not Modified (8ms)
{"type":"worker-request","timestamp":"2026-07-26T19:21:03.162Z","requestId":"146c1af6-c2d9-489f-ba0c-cc20a39aca96","method":"GET","route":"/api/challenge"}
{"type":"worker-request-complete","timestamp":"2026-07-26T19:21:03.173Z","requestId":"146c1af6-c2d9-489f-ba0c-cc20a39aca96","method":"GET","route":"/api/challenge","status":200,"elapsedMs":11}
[wrangler:info] GET /api/challenge 200 OK (15ms)
⎔ Reloading local server...
[wrangler:info] ✨ Parsed 3 valid header rules.
⎔ Local server updated and ready
⎔ Reloading local server...
[wrangler:info] ✨ Parsed 3 valid header rules.
⎔ Local server updated and ready
{"type":"worker-request","timestamp":"2026-07-26T19:32:39.562Z","requestId":"a569e213-4ef5-43e3-b27b-466be24e2d35","method":"GET","route":"/custom-tournament"}
{"type":"worker-request-complete","timestamp":"2026-07-26T19:32:39.598Z","requestId":"a569e213-4ef5-43e3-b27b-466be24e2d35","method":"GET","route":"/custom-tournament","status":200,"elapsedMs":37}
[wrangler:info] GET /custom-tournament 200 OK (46ms)
[wrangler:info] GET /redirect.js 304 Not Modified (6ms)
[wrangler:info] GET /clean.css 304 Not Modified (11ms)
[wrangler:info] GET /assets/flags/palestine.svg 304 Not Modified (13ms)
[wrangler:info] GET /assets/retro-world-cup-2014.png 304 Not Modified (10ms)
[wrangler:info] GET /player-pools.generated.js 304 Not Modified (35ms)
[wrangler:info] GET /data.js 304 Not Modified (80ms)
[wrangler:info] GET /retro-data.js 304 Not Modified (133ms)
[wrangler:info] GET /retro-2014-schedule.js 304 Not Modified (139ms)
[wrangler:info] GET /retro-2010-squads.js 304 Not Modified (299ms)
[wrangler:info] GET /retro-2018-squads.js 304 Not Modified (265ms)
[wrangler:info] GET /retro-2018-schedule.js 304 Not Modified (269ms)
[wrangler:info] GET /retro-2010-schedule.js 304 Not Modified (458ms)
[wrangler:info] GET /retro-2022-squads.js 304 Not Modified (315ms)
[wrangler:info] GET /retro-2022-schedule.js 304 Not Modified (246ms)
[wrangler:info] GET /retro-2014-squads.js 304 Not Modified (632ms)
[wrangler:info] GET /retro-engine.js 304 Not Modified (341ms)
[wrangler:info] GET /presentation-engine.js 304 Not Modified (335ms)
[wrangler:info] GET /simulation-engine.js 304 Not Modified (345ms)
[wrangler:info] GET /legacy-data/catalog.generated.js 200 OK (301ms)
[wrangler:info] GET /app.js 200 OK (460ms)
[wrangler:info] GET /challenge.js 304 Not Modified (441ms)
[wrangler:info] GET /analytics.js 304 Not Modified (399ms)
[wrangler:info] GET /assets/retro-world-cup-2022.png 304 Not Modified (10ms)
{"type":"worker-request","timestamp":"2026-07-26T19:32:41.264Z","requestId":"aa68186c-8b10-4d3a-8175-bae265cd4587","method":"GET","route":"/api/challenge"}
{"type":"worker-request-complete","timestamp":"2026-07-26T19:32:41.277Z","requestId":"aa68186c-8b10-4d3a-8175-bae265cd4587","method":"GET","route":"/api/challenge","status":200,"elapsedMs":13}
[wrangler:info] GET /api/challenge 200 OK (15ms)
{"type":"worker-request","timestamp":"2026-07-26T19:34:07.572Z","requestId":"5baa1db5-4c60-4e00-8865-1918dbebfc1e","method":"GET","route":"/"}
{"type":"worker-request-complete","timestamp":"2026-07-26T19:34:07.573Z","requestId":"5baa1db5-4c60-4e00-8865-1918dbebfc1e","method":"GET","route":"/","status":200,"elapsedMs":1}
[wrangler:info] GET / 200 OK (5ms)
[wrangler:info] GET /redirect.js 304 Not Modified (9ms)
[wrangler:info] GET /clean.css 304 Not Modified (7ms)
[wrangler:info] GET /assets/flags/palestine.svg 304 Not Modified (7ms)
[wrangler:info] GET /assets/retro-world-cup-2014.png 304 Not Modified (6ms)
[wrangler:info] GET /player-pools.generated.js 304 Not Modified (8ms)
[wrangler:info] GET /data.js 304 Not Modified (8ms)
[wrangler:info] GET /retro-data.js 304 Not Modified (6ms)
[wrangler:info] GET /retro-2010-squads.js 304 Not Modified (6ms)
[wrangler:info] GET /retro-2010-schedule.js 304 Not Modified (10ms)
[wrangler:info] GET /retro-2014-squads.js 304 Not Modified (10ms)
[wrangler:info] GET /retro-2014-schedule.js 304 Not Modified (14ms)
[wrangler:info] GET /retro-2018-squads.js 304 Not Modified (10ms)
[wrangler:info] GET /retro-2018-schedule.js 304 Not Modified (5ms)
[wrangler:info] GET /retro-2022-schedule.js 304 Not Modified (14ms)
[wrangler:info] GET /retro-2022-squads.js 304 Not Modified (16ms)
[wrangler:info] GET /retro-engine.js 304 Not Modified (19ms)
[wrangler:info] GET /presentation-engine.js 304 Not Modified (22ms)
[wrangler:info] GET /simulation-engine.js 304 Not Modified (22ms)
[wrangler:info] GET /legacy-data/catalog.generated.js 200 OK (23ms)
[wrangler:info] GET /challenge.js 304 Not Modified (16ms)
[wrangler:info] GET /app.js 200 OK (27ms)
[wrangler:info] GET /site.webmanifest 304 Not Modified (23ms)
[wrangler:info] GET /analytics.js 304 Not Modified (23ms)
[wrangler:info] GET /assets/retro-world-cup-2022.png 304 Not Modified (3ms)
{"type":"worker-request","timestamp":"2026-07-26T19:34:08.004Z","requestId":"33edcdfe-f9ad-4de7-a3af-28c53849d241","method":"GET","route":"/api/challenge"}
{"type":"worker-request-complete","timestamp":"2026-07-26T19:34:08.024Z","requestId":"33edcdfe-f9ad-4de7-a3af-28c53849d241","method":"GET","route":"/api/challenge","status":200,"elapsedMs":20}
[wrangler:info] GET /api/challenge 200 OK (24ms)
[wrangler:info] GET /assets/256-teams-icon.svg 304 Not Modified (17ms)
{"type":"worker-request","timestamp":"2026-07-26T19:34:08.043Z","requestId":"ba97d689-4a2f-401e-b580-5823abfa43d7","method":"POST","route":"/api/challenge/achievements/retro-2014"}
{"type":"worker-request","timestamp":"2026-07-26T19:34:08.047Z","requestId":"716da3e9-3239-4567-86bb-95ccfa57b1a2","method":"POST","route":"/api/challenge/achievements/retro-2022"}
{"type":"worker-request-complete","timestamp":"2026-07-26T19:34:08.055Z","requestId":"ba97d689-4a2f-401e-b580-5823abfa43d7","method":"POST","route":"/api/challenge/achievements/retro-2014","status":200,"elapsedMs":12}
[wrangler:info] POST /api/challenge/achievements/retro-2014 200 OK (16ms)
{"type":"worker-request-complete","timestamp":"2026-07-26T19:34:08.062Z","requestId":"716da3e9-3239-4567-86bb-95ccfa57b1a2","method":"POST","route":"/api/challenge/achievements/retro-2022","status":200,"elapsedMs":15}
[wrangler:info] POST /api/challenge/achievements/retro-2022 200 OK (22ms)
[wrangler:info] GET /assets/flags/belarus.svg 304 Not Modified (17ms)
{"type":"worker-request","timestamp":"2026-07-26T19:34:57.479Z","requestId":"fca6cb1c-b20d-4486-86f6-897c3f8ad12b","method":"GET","route":"/custom-tournament"}
{"type":"worker-request-complete","timestamp":"2026-07-26T19:34:57.480Z","requestId":"fca6cb1c-b20d-4486-86f6-897c3f8ad12b","method":"GET","route":"/custom-tournament","status":200,"elapsedMs":1}
[wrangler:info] GET /custom-tournament 200 OK (6ms)
[wrangler:info] GET /redirect.js 304 Not Modified (7ms)
[wrangler:info] GET /clean.css 304 Not Modified (8ms)
[wrangler:info] GET /assets/flags/palestine.svg 304 Not Modified (11ms)
[wrangler:info] GET /assets/retro-world-cup-2014.png 304 Not Modified (11ms)
[wrangler:info] GET /player-pools.generated.js 304 Not Modified (6ms)
[wrangler:info] GET /data.js 304 Not Modified (9ms)
[wrangler:info] GET /retro-2010-squads.js 304 Not Modified (9ms)
[wrangler:info] GET /retro-data.js 304 Not Modified (8ms)
[wrangler:info] GET /retro-2010-schedule.js 304 Not Modified (11ms)
[wrangler:info] GET /retro-2014-schedule.js 304 Not Modified (20ms)
[wrangler:info] GET /retro-2014-squads.js 304 Not Modified (22ms)
[wrangler:info] GET /retro-2018-squads.js 304 Not Modified (20ms)
[wrangler:info] GET /retro-2018-schedule.js 304 Not Modified (16ms)
[wrangler:info] GET /retro-2022-squads.js 304 Not Modified (34ms)
[wrangler:info] GET /retro-2022-schedule.js 304 Not Modified (43ms)
[wrangler:info] GET /simulation-engine.js 304 Not Modified (30ms)
[wrangler:info] GET /presentation-engine.js 304 Not Modified (35ms)
[wrangler:info] GET /retro-engine.js 304 Not Modified (45ms)
[wrangler:info] GET /legacy-data/catalog.generated.js 304 Not Modified (45ms)
[wrangler:info] GET /app.js 304 Not Modified (35ms)
[wrangler:info] GET /challenge.js 304 Not Modified (37ms)
[wrangler:info] GET /site.webmanifest 304 Not Modified (41ms)
[wrangler:info] GET /analytics.js 304 Not Modified (37ms)
[wrangler:info] GET /assets/retro-world-cup-2022.png 304 Not Modified (8ms)
[wrangler:info] GET /assets/flags/belarus.svg 304 Not Modified (5ms)
{"type":"worker-request","timestamp":"2026-07-26T19:34:57.888Z","requestId":"edb24136-0269-4445-8a48-75466afbe62f","method":"GET","route":"/api/challenge"}
{"type":"worker-request-complete","timestamp":"2026-07-26T19:34:57.915Z","requestId":"edb24136-0269-4445-8a48-75466afbe62f","method":"GET","route":"/api/challenge","status":200,"elapsedMs":27}
[wrangler:info] GET /api/challenge 200 OK (31ms)
[wrangler:info] GET /assets/256-teams-icon.svg 304 Not Modified (12ms)
[wrangler:info] GET /assets/256-teams-icon.svg 304 Not Modified (11ms)
{"type":"worker-request","timestamp":"2026-07-26T19:34:57.931Z","requestId":"c7668f56-2aee-485e-bbfe-b867a25a0447","method":"POST","route":"/api/challenge/achievements/retro-2014"}
{"type":"worker-request","timestamp":"2026-07-26T19:34:57.935Z","requestId":"ee8fef35-456e-4e37-b44f-d87a3c9a83ad","method":"POST","route":"/api/challenge/achievements/retro-2022"}
{"type":"worker-request-complete","timestamp":"2026-07-26T19:34:57.946Z","requestId":"c7668f56-2aee-485e-bbfe-b867a25a0447","method":"POST","route":"/api/challenge/achievements/retro-2014","status":200,"elapsedMs":15}
[wrangler:info] POST /api/challenge/achievements/retro-2014 200 OK (17ms)
{"type":"worker-request-complete","timestamp":"2026-07-26T19:34:57.957Z","requestId":"ee8fef35-456e-4e37-b44f-d87a3c9a83ad","method":"POST","route":"/api/challenge/achievements/retro-2022","status":200,"elapsedMs":22}
[wrangler:info] POST /api/challenge/achievements/retro-2022 200 OK (27ms)
{"type":"worker-request","timestamp":"2026-07-26T19:35:12.570Z","requestId":"5590586a-efe4-425e-abff-d70b95507e53","method":"GET","route":"/custom-tournament"}
{"type":"worker-request-complete","timestamp":"2026-07-26T19:35:12.572Z","requestId":"5590586a-efe4-425e-abff-d70b95507e53","method":"GET","route":"/custom-tournament","status":200,"elapsedMs":2}
[wrangler:info] GET /custom-tournament 200 OK (7ms)
[wrangler:info] GET /redirect.js 304 Not Modified (5ms)
[wrangler:info] GET /clean.css 304 Not Modified (6ms)
[wrangler:info] GET /assets/flags/palestine.svg 304 Not Modified (9ms)
[wrangler:info] GET /assets/retro-world-cup-2014.png 304 Not Modified (8ms)
[wrangler:info] GET /player-pools.generated.js 304 Not Modified (7ms)
[wrangler:info] GET /data.js 304 Not Modified (8ms)
[wrangler:info] GET /retro-data.js 304 Not Modified (7ms)
[wrangler:info] GET /retro-2010-squads.js 304 Not Modified (12ms)
[wrangler:info] GET /retro-2010-schedule.js 304 Not Modified (16ms)
[wrangler:info] GET /retro-2014-squads.js 304 Not Modified (18ms)
[wrangler:info] GET /retro-2014-schedule.js 304 Not Modified (7ms)
[wrangler:info] GET /retro-2018-squads.js 304 Not Modified (13ms)
[wrangler:info] GET /retro-2018-schedule.js 304 Not Modified (64ms)
[wrangler:info] GET /retro-2022-squads.js 304 Not Modified (98ms)
[wrangler:info] GET /retro-2022-schedule.js 304 Not Modified (117ms)
[wrangler:info] GET /retro-engine.js 304 Not Modified (142ms)
[wrangler:info] GET /presentation-engine.js 304 Not Modified (171ms)
[wrangler:info] GET /legacy-data/catalog.generated.js 304 Not Modified (116ms)
[wrangler:info] GET /app.js 304 Not Modified (87ms)
[wrangler:info] GET /challenge.js 304 Not Modified (73ms)
[wrangler:info] GET /site.webmanifest 304 Not Modified (50ms)
[wrangler:info] GET /simulation-engine.js 304 Not Modified (193ms)
[wrangler:info] GET /analytics.js 304 Not Modified (24ms)
[wrangler:info] GET /assets/retro-world-cup-2022.png 304 Not Modified (6ms)
[wrangler:info] GET /assets/flags/belarus.svg 304 Not Modified (5ms)
{"type":"worker-request","timestamp":"2026-07-26T19:35:13.113Z","requestId":"9263406b-a436-494e-9287-17c1df459879","method":"GET","route":"/api/challenge"}
{"type":"worker-request-complete","timestamp":"2026-07-26T19:35:13.141Z","requestId":"9263406b-a436-494e-9287-17c1df459879","method":"GET","route":"/api/challenge","status":200,"elapsedMs":28}
[wrangler:info] GET /api/challenge 200 OK (37ms)
[wrangler:info] GET /assets/256-teams-icon.svg 304 Not Modified (6ms)
[wrangler:info] GET /assets/256-teams-icon.svg 304 Not Modified (8ms)
{"type":"worker-request","timestamp":"2026-07-26T19:35:13.160Z","requestId":"e301dca4-cea7-4eb4-8c23-d15afdeaa23a","method":"POST","route":"/api/challenge/achievements/retro-2014"}
[wrangler:info] POST /api/challenge/achievements/retro-2014 200 OK (28ms)
{"type":"worker-request","timestamp":"2026-07-26T19:35:13.166Z","requestId":"0f431e7f-489f-4b52-8d6f-aa0beff09b1b","method":"POST","route":"/api/challenge/achievements/retro-2022"}
{"type":"worker-request-complete","timestamp":"2026-07-26T19:35:13.180Z","requestId":"e301dca4-cea7-4eb4-8c23-d15afdeaa23a","method":"POST","route":"/api/challenge/achievements/retro-2014","status":200,"elapsedMs":20}
{"type":"worker-request-complete","timestamp":"2026-07-26T19:35:13.191Z","requestId":"0f431e7f-489f-4b52-8d6f-aa0beff09b1b","method":"POST","route":"/api/challenge/achievements/retro-2022","status":200,"elapsedMs":25}
[wrangler:info] POST /api/challenge/achievements/retro-2022 200 OK (37ms)
⎔ Reloading local server...
[wrangler:info] ✨ Parsed 3 valid header rules.
⎔ Local server updated and ready
⎔ Reloading local server...
[wrangler:info] ✨ Parsed 3 valid header rules.
⎔ Local server updated and ready
{"type":"worker-request","timestamp":"2026-07-26T19:48:31.694Z","requestId":"1bf9054e-839a-4e5a-b69c-18b2d68c6539","method":"GET","route":"/profile"}
{"type":"worker-request-complete","timestamp":"2026-07-26T19:48:31.733Z","requestId":"1bf9054e-839a-4e5a-b69c-18b2d68c6539","method":"GET","route":"/profile","status":200,"elapsedMs":39}
[wrangler:info] GET /profile 200 OK (47ms)
[wrangler:info] GET /redirect.js 304 Not Modified (5ms)
[wrangler:info] GET /clean.css 200 OK (9ms)
[wrangler:info] GET /assets/flags/palestine.svg 304 Not Modified (5ms)
[wrangler:info] GET /assets/retro-world-cup-2014.png 304 Not Modified (15ms)
[wrangler:info] GET /player-pools.generated.js 304 Not Modified (29ms)
[wrangler:info] GET /data.js 304 Not Modified (72ms)
[wrangler:info] GET /retro-data.js 304 Not Modified (98ms)
[wrangler:info] GET /retro-2010-squads.js 304 Not Modified (180ms)
[wrangler:info] GET /retro-2014-schedule.js 304 Not Modified (202ms)
[wrangler:info] GET /retro-2010-schedule.js 304 Not Modified (279ms)
[wrangler:info] GET /retro-2018-squads.js 304 Not Modified (254ms)
[wrangler:info] GET /retro-2018-schedule.js 304 Not Modified (276ms)
[wrangler:info] GET /retro-2022-squads.js 304 Not Modified (239ms)
[wrangler:info] GET /retro-2014-squads.js 304 Not Modified (490ms)
[wrangler:info] GET /retro-2022-schedule.js 304 Not Modified (269ms)
[wrangler:info] GET /retro-engine.js 304 Not Modified (276ms)
[wrangler:info] GET /presentation-engine.js 304 Not Modified (268ms)
[wrangler:info] GET /simulation-engine.js 304 Not Modified (280ms)
[wrangler:info] GET /legacy-data/catalog.generated.js 200 OK (246ms)
[wrangler:info] GET /app.js 304 Not Modified (401ms)
[wrangler:info] GET /challenge.js 200 OK (416ms)
[wrangler:info] GET /analytics.js 304 Not Modified (407ms)
[wrangler:info] GET /assets/retro-world-cup-2022.png 304 Not Modified (9ms)
{"type":"worker-request","timestamp":"2026-07-26T19:48:32.953Z","requestId":"3cab67fe-4767-4cc9-b342-49f96a9838d3","method":"GET","route":"/api/challenge/profile"}
{"type":"worker-request-complete","timestamp":"2026-07-26T19:48:32.956Z","requestId":"3cab67fe-4767-4cc9-b342-49f96a9838d3","method":"GET","route":"/api/challenge/profile","status":401,"elapsedMs":3}
[wrangler:info] GET /api/challenge/profile 401 Unauthorized (6ms)
{"type":"worker-request","timestamp":"2026-07-26T19:48:33.019Z","requestId":"8e3f8356-885c-4dd1-ad6f-11d4b82edf2b","method":"GET","route":"/api/challenge"}
{"type":"worker-request-complete","timestamp":"2026-07-26T19:48:33.028Z","requestId":"8e3f8356-885c-4dd1-ad6f-11d4b82edf2b","method":"GET","route":"/api/challenge","status":200,"elapsedMs":9}
[wrangler:info] GET /api/challenge 200 OK (12ms)
{"type":"worker-request","timestamp":"2026-07-26T19:49:02.866Z","requestId":"dc2fec5e-e9d1-4537-a246-7ced0930ff63","method":"GET","route":"/profile"}
{"type":"worker-request-complete","timestamp":"2026-07-26T19:49:02.867Z","requestId":"dc2fec5e-e9d1-4537-a246-7ced0930ff63","method":"GET","route":"/profile","status":200,"elapsedMs":1}
[wrangler:info] GET /profile 200 OK (3ms)
[wrangler:info] GET /redirect.js 304 Not Modified (4ms)
[wrangler:info] GET /clean.css 304 Not Modified (4ms)
[wrangler:info] GET /assets/flags/palestine.svg 304 Not Modified (3ms)
[wrangler:info] GET /assets/retro-world-cup-2014.png 304 Not Modified (2ms)
[wrangler:info] GET /data.js 304 Not Modified (4ms)
[wrangler:info] GET /player-pools.generated.js 304 Not Modified (6ms)
[wrangler:info] GET /retro-data.js 304 Not Modified (5ms)
[wrangler:info] GET /retro-2010-squads.js 304 Not Modified (6ms)
[wrangler:info] GET /retro-2010-schedule.js 304 Not Modified (6ms)
[wrangler:info] GET /retro-2014-squads.js 304 Not Modified (3ms)
[wrangler:info] GET /retro-2014-schedule.js 304 Not Modified (5ms)
[wrangler:info] GET /retro-2018-squads.js 304 Not Modified (6ms)
[wrangler:info] GET /retro-2018-schedule.js 304 Not Modified (2ms)
[wrangler:info] GET /retro-2022-squads.js 304 Not Modified (3ms)
[wrangler:info] GET /retro-2022-schedule.js 304 Not Modified (5ms)
[wrangler:info] GET /retro-engine.js 304 Not Modified (4ms)
[wrangler:info] GET /presentation-engine.js 304 Not Modified (2ms)
[wrangler:info] GET /simulation-engine.js 304 Not Modified (4ms)
[wrangler:info] GET /legacy-data/catalog.generated.js 304 Not Modified (3ms)
[wrangler:info] GET /app.js 304 Not Modified (3ms)
[wrangler:info] GET /challenge.js 304 Not Modified (3ms)
[wrangler:info] GET /analytics.js 304 Not Modified (5ms)
[wrangler:info] GET /assets/retro-world-cup-2022.png 304 Not Modified (2ms)
{"type":"worker-request","timestamp":"2026-07-26T19:49:03.494Z","requestId":"e36cc855-9d83-404c-8315-7bbb38af6fa9","method":"GET","route":"/api/challenge/profile"}
{"type":"worker-request-complete","timestamp":"2026-07-26T19:49:03.496Z","requestId":"e36cc855-9d83-404c-8315-7bbb38af6fa9","method":"GET","route":"/api/challenge/profile","status":401,"elapsedMs":2}
[wrangler:info] GET /api/challenge/profile 401 Unauthorized (4ms)
{"type":"worker-request","timestamp":"2026-07-26T19:49:03.548Z","requestId":"92c1467b-fc6f-4f7c-aaaa-9a93bb7ee5f6","method":"GET","route":"/api/challenge"}
{"type":"worker-request-complete","timestamp":"2026-07-26T19:49:03.557Z","requestId":"92c1467b-fc6f-4f7c-aaaa-9a93bb7ee5f6","method":"GET","route":"/api/challenge","status":200,"elapsedMs":9}
[wrangler:info] GET /api/challenge 200 OK (14ms)
[wrangler:info] GET /assets/256-teams-icon.svg 200 OK (11ms)
{"type":"worker-request","timestamp":"2026-07-26T19:49:51.585Z","requestId":"51c0eb4e-0d6d-496d-a0dc-d70ad45b7a4b","method":"GET","route":"/profile"}
{"type":"worker-request-complete","timestamp":"2026-07-26T19:49:51.586Z","requestId":"51c0eb4e-0d6d-496d-a0dc-d70ad45b7a4b","method":"GET","route":"/profile","status":200,"elapsedMs":1}
[wrangler:info] GET /profile 200 OK (6ms)
[wrangler:info] GET /redirect.js 304 Not Modified (7ms)
[wrangler:info] GET /clean.css 304 Not Modified (10ms)
[wrangler:info] GET /assets/retro-world-cup-2014.png 304 Not Modified (7ms)
[wrangler:info] GET /assets/flags/palestine.svg 304 Not Modified (10ms)
[wrangler:info] GET /analytics.js 304 Not Modified (8ms)
[wrangler:info] GET /player-pools.generated.js 304 Not Modified (6ms)
[wrangler:info] GET /data.js 304 Not Modified (25ms)
[wrangler:info] GET /retro-data.js 304 Not Modified (80ms)
[wrangler:info] GET /retro-2010-squads.js 304 Not Modified (79ms)
[wrangler:info] GET /retro-2010-schedule.js 304 Not Modified (95ms)
[wrangler:info] GET /retro-2014-schedule.js 304 Not Modified (102ms)
[wrangler:info] GET /retro-2014-squads.js 304 Not Modified (101ms)
[wrangler:info] GET /retro-2018-squads.js 304 Not Modified (55ms)
[wrangler:info] GET /retro-2022-squads.js 304 Not Modified (42ms)
[wrangler:info] GET /retro-2018-schedule.js 304 Not Modified (47ms)
[wrangler:info] GET /retro-2022-schedule.js 304 Not Modified (25ms)
[wrangler:info] GET /retro-engine.js 304 Not Modified (27ms)
[wrangler:info] GET /presentation-engine.js 304 Not Modified (24ms)
[wrangler:info] GET /simulation-engine.js 304 Not Modified (23ms)
[wrangler:info] GET /legacy-data/catalog.generated.js 304 Not Modified (26ms)
[wrangler:info] GET /app.js 304 Not Modified (16ms)
[wrangler:info] GET /challenge.js 304 Not Modified (16ms)
[wrangler:info] GET /assets/retro-world-cup-2022.png 304 Not Modified (5ms)
{"type":"worker-request","timestamp":"2026-07-26T19:49:51.859Z","requestId":"b4477928-0f52-4b03-a309-ce9b92dc3c8c","method":"GET","route":"/api/challenge/profile"}
{"type":"worker-request-complete","timestamp":"2026-07-26T19:49:51.860Z","requestId":"b4477928-0f52-4b03-a309-ce9b92dc3c8c","method":"GET","route":"/api/challenge/profile","status":401,"elapsedMs":1}
[wrangler:info] GET /api/challenge/profile 401 Unauthorized (10ms)
{"type":"worker-request","timestamp":"2026-07-26T19:49:51.894Z","requestId":"fa2f3901-aadc-4432-a899-19c6794c2735","method":"GET","route":"/api/challenge"}
{"type":"worker-request-complete","timestamp":"2026-07-26T19:49:51.905Z","requestId":"fa2f3901-aadc-4432-a899-19c6794c2735","method":"GET","route":"/api/challenge","status":200,"elapsedMs":11}
[wrangler:info] GET /api/challenge 200 OK (15ms)
[wrangler:info] GET /assets/256-teams-icon.svg 304 Not Modified (15ms)
{"type":"worker-request","timestamp":"2026-07-26T19:50:12.259Z","requestId":"70d995b6-b8b2-4836-9656-6f3a02c9aa12","method":"GET","route":"/profile"}
{"type":"worker-request-complete","timestamp":"2026-07-26T19:50:12.261Z","requestId":"70d995b6-b8b2-4836-9656-6f3a02c9aa12","method":"GET","route":"/profile","status":200,"elapsedMs":2}
[wrangler:info] GET /profile 200 OK (6ms)
[wrangler:info] GET /redirect.js 304 Not Modified (8ms)
[wrangler:info] GET /clean.css 304 Not Modified (9ms)
[wrangler:info] GET /assets/flags/palestine.svg 304 Not Modified (11ms)
[wrangler:info] GET /analytics.js 304 Not Modified (13ms)
[wrangler:info] GET /assets/retro-world-cup-2014.png 304 Not Modified (14ms)
[wrangler:info] GET /player-pools.generated.js 304 Not Modified (10ms)
[wrangler:info] GET /data.js 304 Not Modified (12ms)
[wrangler:info] GET /retro-data.js 304 Not Modified (14ms)
[wrangler:info] GET /retro-2010-squads.js 304 Not Modified (16ms)
[wrangler:info] GET /retro-2010-schedule.js 304 Not Modified (20ms)
[wrangler:info] GET /retro-2014-squads.js 304 Not Modified (22ms)
[wrangler:info] GET /retro-2014-schedule.js 304 Not Modified (22ms)
[wrangler:info] GET /retro-2018-squads.js 304 Not Modified (23ms)
[wrangler:info] GET /retro-2018-schedule.js 304 Not Modified (29ms)
[wrangler:info] GET /retro-2022-schedule.js 304 Not Modified (25ms)
[wrangler:info] GET /retro-2022-squads.js 304 Not Modified (37ms)
[wrangler:info] GET /retro-engine.js 304 Not Modified (32ms)
[wrangler:info] GET /presentation-engine.js 304 Not Modified (31ms)
[wrangler:info] GET /simulation-engine.js 304 Not Modified (29ms)
[wrangler:info] GET /legacy-data/catalog.generated.js 304 Not Modified (25ms)
[wrangler:info] GET /app.js 304 Not Modified (25ms)
[wrangler:info] GET /challenge.js 304 Not Modified (24ms)
[wrangler:info] GET /assets/retro-world-cup-2022.png 304 Not Modified (3ms)
{"type":"worker-request","timestamp":"2026-07-26T19:50:12.418Z","requestId":"68546231-73aa-4139-ac31-8e96e0656787","method":"GET","route":"/api/challenge/profile"}
{"type":"worker-request-complete","timestamp":"2026-07-26T19:50:12.419Z","requestId":"68546231-73aa-4139-ac31-8e96e0656787","method":"GET","route":"/api/challenge/profile","status":401,"elapsedMs":1}
[wrangler:info] GET /api/challenge/profile 401 Unauthorized (5ms)
{"type":"worker-request","timestamp":"2026-07-26T19:50:12.444Z","requestId":"93a69d9a-e9cd-4f97-b7a3-c8a504497af7","method":"GET","route":"/api/challenge"}
{"type":"worker-request-complete","timestamp":"2026-07-26T19:50:12.454Z","requestId":"93a69d9a-e9cd-4f97-b7a3-c8a504497af7","method":"GET","route":"/api/challenge","status":200,"elapsedMs":10}
[wrangler:info] GET /api/challenge 200 OK (13ms)
[wrangler:info] GET /assets/256-teams-icon.svg 304 Not Modified (5ms)
⎔ Reloading local server...
[wrangler:info] ✨ Parsed 3 valid header rules.
⎔ Local server updated and ready
⎔ Reloading local server...
[wrangler:info] ✨ Parsed 3 valid header rules.
⎔ Local server updated and ready
{"type":"worker-request","timestamp":"2026-07-26T19:53:11.520Z","requestId":"c3d8d0f0-4b3d-4b13-80a4-0f7e8df085ef","method":"GET","route":"/api/challenge/profile"}
{"type":"worker-request-complete","timestamp":"2026-07-26T19:53:11.535Z","requestId":"c3d8d0f0-4b3d-4b13-80a4-0f7e8df085ef","method":"GET","route":"/api/challenge/profile","status":200,"elapsedMs":14}
[wrangler:info] GET /api/challenge/profile 200 OK (24ms)
{"type":"worker-request","timestamp":"2026-07-26T19:53:11.544Z","requestId":"52853243-3ec8-4a12-b2e3-13bc8cfda70e","method":"GET","route":"/api/challenge/achievements/retro-2010"}
{"type":"worker-request-complete","timestamp":"2026-07-26T19:53:11.549Z","requestId":"52853243-3ec8-4a12-b2e3-13bc8cfda70e","method":"GET","route":"/api/challenge/achievements/retro-2010","status":200,"elapsedMs":5}
[wrangler:info] GET /api/challenge/achievements/retro-2010 200 OK (9ms)
{"type":"worker-request","timestamp":"2026-07-26T19:53:11.550Z","requestId":"41ea130e-18f7-49b2-b2ec-6136167e5f21","method":"GET","route":"/api/challenge/achievements/retro-2014"}
{"type":"worker-request-complete","timestamp":"2026-07-26T19:53:11.554Z","requestId":"41ea130e-18f7-49b2-b2ec-6136167e5f21","method":"GET","route":"/api/challenge/achievements/retro-2014","status":200,"elapsedMs":4}
[wrangler:info] GET /api/challenge/achievements/retro-2014 200 OK (11ms)
{"type":"worker-request","timestamp":"2026-07-26T19:53:11.555Z","requestId":"8cc8979d-fef7-4da0-8206-473278be122b","method":"GET","route":"/api/challenge/achievements/retro-2018"}
{"type":"worker-request-complete","timestamp":"2026-07-26T19:53:11.560Z","requestId":"8cc8979d-fef7-4da0-8206-473278be122b","method":"GET","route":"/api/challenge/achievements/retro-2018","status":200,"elapsedMs":5}
[wrangler:info] GET /api/challenge/achievements/retro-2018 200 OK (17ms)
{"type":"worker-request","timestamp":"2026-07-26T19:53:11.563Z","requestId":"529543e0-d232-4fa2-8172-00ddb4c3ec7d","method":"GET","route":"/api/challenge/achievements/retro-2022"}
{"type":"worker-request-complete","timestamp":"2026-07-26T19:53:11.567Z","requestId":"529543e0-d232-4fa2-8172-00ddb4c3ec7d","method":"GET","route":"/api/challenge/achievements/retro-2022","status":200,"elapsedMs":4}
[wrangler:info] GET /api/challenge/achievements/retro-2022 200 OK (22ms)
{"type":"worker-request","timestamp":"2026-07-26T19:53:12.889Z","requestId":"4c48e3e6-210a-4a39-9fa7-02010fa08570","method":"GET","route":"/profile"}
{"type":"worker-request-complete","timestamp":"2026-07-26T19:53:12.930Z","requestId":"4c48e3e6-210a-4a39-9fa7-02010fa08570","method":"GET","route":"/profile","status":200,"elapsedMs":41}
[wrangler:info] GET /profile 200 OK (44ms)
[wrangler:info] GET /redirect.js 304 Not Modified (9ms)
[wrangler:info] GET /clean.css 200 OK (19ms)
[wrangler:info] GET /assets/flags/palestine.svg 304 Not Modified (23ms)
[wrangler:info] GET /assets/retro-world-cup-2014.png 304 Not Modified (37ms)
[wrangler:info] GET /player-pools.generated.js 304 Not Modified (37ms)
[wrangler:info] GET /data.js 304 Not Modified (56ms)
[wrangler:info] GET /retro-data.js 304 Not Modified (81ms)
[wrangler:info] GET /retro-2010-squads.js 304 Not Modified (138ms)
[wrangler:info] GET /retro-2010-schedule.js 304 Not Modified (165ms)
[wrangler:info] GET /retro-2014-schedule.js 304 Not Modified (163ms)
[wrangler:info] GET /retro-2018-squads.js 304 Not Modified (188ms)
[wrangler:info] GET /retro-2018-schedule.js 304 Not Modified (188ms)
[wrangler:info] GET /retro-2022-squads.js 304 Not Modified (184ms)
[wrangler:info] GET /retro-2014-squads.js 304 Not Modified (371ms)
[wrangler:info] GET /retro-2022-schedule.js 304 Not Modified (232ms)
[wrangler:info] GET /retro-engine.js 304 Not Modified (240ms)
[wrangler:info] GET /presentation-engine.js 304 Not Modified (228ms)
[wrangler:info] GET /simulation-engine.js 304 Not Modified (247ms)
[wrangler:info] GET /legacy-data/catalog.generated.js 200 OK (220ms)
[wrangler:info] GET /app.js 304 Not Modified (362ms)
[wrangler:info] GET /challenge.js 200 OK (368ms)
[wrangler:info] GET /site.webmanifest 304 Not Modified (336ms)
[wrangler:info] GET /analytics.js 304 Not Modified (310ms)
[wrangler:info] GET /assets/retro-world-cup-2022.png 304 Not Modified (11ms)
{"type":"worker-request","timestamp":"2026-07-26T19:53:14.065Z","requestId":"4c5de9fc-95cd-431c-ab46-7c2ab501717a","method":"GET","route":"/api/challenge/profile"}
{"type":"worker-request-complete","timestamp":"2026-07-26T19:53:14.069Z","requestId":"4c5de9fc-95cd-431c-ab46-7c2ab501717a","method":"GET","route":"/api/challenge/profile","status":200,"elapsedMs":4}
[wrangler:info] GET /api/challenge/profile 200 OK (7ms)
{"type":"worker-request","timestamp":"2026-07-26T19:53:14.095Z","requestId":"c1fd1078-c325-4835-a595-6f6df8e940a9","method":"POST","route":"/api/challenge/achievements/retro-2014"}
{"type":"worker-request","timestamp":"2026-07-26T19:53:14.100Z","requestId":"82edd3e5-23e1-42db-8fa9-2da8c31082af","method":"POST","route":"/api/challenge/achievements/retro-2022"}
{"type":"worker-request-complete","timestamp":"2026-07-26T19:53:14.111Z","requestId":"c1fd1078-c325-4835-a595-6f6df8e940a9","method":"POST","route":"/api/challenge/achievements/retro-2014","status":200,"elapsedMs":16}
[wrangler:info] POST /api/challenge/achievements/retro-2014 200 OK (21ms)
[wrangler:info] GET /assets/256-teams-icon.svg 304 Not Modified (21ms)
[wrangler:info] GET /assets/256-teams-icon.svg 304 Not Modified (23ms)
{"type":"worker-request-complete","timestamp":"2026-07-26T19:53:14.125Z","requestId":"82edd3e5-23e1-42db-8fa9-2da8c31082af","method":"POST","route":"/api/challenge/achievements/retro-2022","status":200,"elapsedMs":25}
[wrangler:info] POST /api/challenge/achievements/retro-2022 200 OK (31ms)
{"type":"worker-request","timestamp":"2026-07-26T19:53:14.138Z","requestId":"13f4d539-8cd4-4a9e-bca3-3ee7b4815faf","method":"GET","route":"/api/challenge/achievements/retro-2010"}
{"type":"worker-request-complete","timestamp":"2026-07-26T19:53:14.141Z","requestId":"13f4d539-8cd4-4a9e-bca3-3ee7b4815faf","method":"GET","route":"/api/challenge/achievements/retro-2010","status":200,"elapsedMs":3}
[wrangler:info] GET /api/challenge/achievements/retro-2010 200 OK (5ms)
{"type":"worker-request","timestamp":"2026-07-26T19:53:14.142Z","requestId":"441be5ad-3d11-419c-9b09-98488c71544f","method":"GET","route":"/api/challenge/achievements/retro-2014"}
{"type":"worker-request-complete","timestamp":"2026-07-26T19:53:14.146Z","requestId":"441be5ad-3d11-419c-9b09-98488c71544f","method":"GET","route":"/api/challenge/achievements/retro-2014","status":200,"elapsedMs":4}
{"type":"worker-request","timestamp":"2026-07-26T19:53:14.147Z","requestId":"add69f69-91dd-4af6-b45f-8eb2edea2362","method":"GET","route":"/api/challenge/achievements/retro-2018"}
[wrangler:info] GET /api/challenge/achievements/retro-2014 200 OK (10ms)
{"type":"worker-request-complete","timestamp":"2026-07-26T19:53:14.150Z","requestId":"add69f69-91dd-4af6-b45f-8eb2edea2362","method":"GET","route":"/api/challenge/achievements/retro-2018","status":200,"elapsedMs":3}
{"type":"worker-request","timestamp":"2026-07-26T19:53:14.151Z","requestId":"a5f51860-6ef7-4b58-b59f-32d5639491e4","method":"GET","route":"/api/challenge/achievements/retro-2022"}
[wrangler:info] GET /api/challenge/achievements/retro-2018 200 OK (14ms)
{"type":"worker-request-complete","timestamp":"2026-07-26T19:53:14.156Z","requestId":"a5f51860-6ef7-4b58-b59f-32d5639491e4","method":"GET","route":"/api/challenge/achievements/retro-2022","status":200,"elapsedMs":5}
[wrangler:info] GET /api/challenge/achievements/retro-2022 200 OK (20ms)
⎔ Reloading local server...
[wrangler:info] ✨ Parsed 3 valid header rules.
⎔ Local server updated and ready
⎔ Reloading local server...
[wrangler:info] ✨ Parsed 3 valid header rules.
⎔ Local server updated and ready
{"type":"worker-request","timestamp":"2026-07-26T19:58:41.096Z","requestId":"b58b618b-861a-4d44-a575-bf50c76b1712","method":"GET","route":"/profile"}
{"type":"worker-request-complete","timestamp":"2026-07-26T19:58:41.138Z","requestId":"b58b618b-861a-4d44-a575-bf50c76b1712","method":"GET","route":"/profile","status":200,"elapsedMs":41}
[wrangler:info] GET /profile 200 OK (53ms)
[wrangler:info] GET /redirect.js 304 Not Modified (31ms)
[wrangler:info] GET /clean.css 200 OK (69ms)
[wrangler:info] GET /player-pools.generated.js 304 Not Modified (80ms)
[wrangler:info] GET /assets/flags/palestine.svg 304 Not Modified (149ms)
[wrangler:info] GET /assets/retro-world-cup-2014.png 304 Not Modified (180ms)
[wrangler:info] GET /retro-2010-squads.js 304 Not Modified (119ms)
[wrangler:info] GET /retro-2010-schedule.js 304 Not Modified (184ms)
[wrangler:info] GET /data.js 304 Not Modified (323ms)
[wrangler:info] GET /retro-2014-squads.js 304 Not Modified (267ms)
[wrangler:info] GET /retro-data.js 304 Not Modified (430ms)
[wrangler:info] GET /retro-2014-schedule.js 304 Not Modified (231ms)
[wrangler:info] GET /retro-2018-squads.js 304 Not Modified (260ms)
[wrangler:info] GET /retro-2018-schedule.js 304 Not Modified (249ms)
[wrangler:info] GET /retro-2022-squads.js 304 Not Modified (249ms)
[wrangler:info] GET /retro-2022-schedule.js 304 Not Modified (256ms)
[wrangler:info] GET /retro-engine.js 304 Not Modified (260ms)
[wrangler:info] GET /presentation-engine.js 304 Not Modified (225ms)
[wrangler:info] GET /simulation-engine.js 304 Not Modified (243ms)
[wrangler:info] GET /legacy-data/catalog.generated.js 200 OK (188ms)
[wrangler:info] GET /app.js 200 OK (408ms)
[wrangler:info] GET /challenge.js 200 OK (517ms)
[wrangler:info] GET /analytics.js 304 Not Modified (481ms)
[wrangler:info] GET /assets/retro-world-cup-2022.png 304 Not Modified (9ms)
{"type":"worker-request","timestamp":"2026-07-26T19:58:42.673Z","requestId":"c4d807a6-b238-4182-83dd-30c01221c6ce","method":"GET","route":"/api/challenge/profile"}
{"type":"worker-request-complete","timestamp":"2026-07-26T19:58:42.677Z","requestId":"c4d807a6-b238-4182-83dd-30c01221c6ce","method":"GET","route":"/api/challenge/profile","status":401,"elapsedMs":4}
[wrangler:info] GET /api/challenge/profile 401 Unauthorized (7ms)
{"type":"worker-request","timestamp":"2026-07-26T19:58:42.744Z","requestId":"218ad0c9-e40e-422a-b3d1-ade8cb71d2fb","method":"GET","route":"/api/challenge"}
{"type":"worker-request-complete","timestamp":"2026-07-26T19:58:42.756Z","requestId":"218ad0c9-e40e-422a-b3d1-ade8cb71d2fb","method":"GET","route":"/api/challenge","status":200,"elapsedMs":12}
[wrangler:info] GET /api/challenge 200 OK (13ms)
{"type":"worker-request","timestamp":"2026-07-26T19:59:20.278Z","requestId":"b17344f3-ec7a-4378-ae31-0badc92c2037","method":"GET","route":"/profile"}
{"type":"worker-request-complete","timestamp":"2026-07-26T19:59:20.280Z","requestId":"b17344f3-ec7a-4378-ae31-0badc92c2037","method":"GET","route":"/profile","status":200,"elapsedMs":2}
[wrangler:info] GET /profile 200 OK (5ms)
[wrangler:info] GET /redirect.js 304 Not Modified (4ms)
[wrangler:info] GET /clean.css 304 Not Modified (3ms)
[wrangler:info] GET /assets/flags/palestine.svg 304 Not Modified (3ms)
[wrangler:info] GET /assets/retro-world-cup-2014.png 304 Not Modified (4ms)
[wrangler:info] GET /player-pools.generated.js 304 Not Modified (3ms)
[wrangler:info] GET /data.js 304 Not Modified (4ms)
[wrangler:info] GET /retro-data.js 304 Not Modified (5ms)
[wrangler:info] GET /retro-2010-squads.js 304 Not Modified (4ms)
[wrangler:info] GET /retro-2010-schedule.js 304 Not Modified (3ms)
[wrangler:info] GET /retro-2014-squads.js 304 Not Modified (3ms)
[wrangler:info] GET /retro-2014-schedule.js 304 Not Modified (3ms)
[wrangler:info] GET /retro-2018-squads.js 304 Not Modified (3ms)
[wrangler:info] GET /retro-2018-schedule.js 304 Not Modified (3ms)
[wrangler:info] GET /retro-2022-squads.js 304 Not Modified (3ms)
[wrangler:info] GET /retro-2022-schedule.js 304 Not Modified (6ms)
[wrangler:info] GET /retro-engine.js 304 Not Modified (4ms)
[wrangler:info] GET /presentation-engine.js 304 Not Modified (3ms)
[wrangler:info] GET /simulation-engine.js 304 Not Modified (4ms)
[wrangler:info] GET /legacy-data/catalog.generated.js 304 Not Modified (3ms)
[wrangler:info] GET /app.js 304 Not Modified (3ms)
[wrangler:info] GET /challenge.js 304 Not Modified (3ms)
[wrangler:info] GET /analytics.js 304 Not Modified (20ms)
[wrangler:info] GET /assets/retro-world-cup-2022.png 304 Not Modified (4ms)
{"type":"worker-request","timestamp":"2026-07-26T19:59:20.737Z","requestId":"bc6c9b6f-ad2f-4ba3-bf63-b08eb2ae23fa","method":"GET","route":"/api/challenge/profile"}
{"type":"worker-request-complete","timestamp":"2026-07-26T19:59:20.738Z","requestId":"bc6c9b6f-ad2f-4ba3-bf63-b08eb2ae23fa","method":"GET","route":"/api/challenge/profile","status":401,"elapsedMs":1}
[wrangler:info] GET /api/challenge/profile 401 Unauthorized (2ms)
{"type":"worker-request","timestamp":"2026-07-26T19:59:20.816Z","requestId":"62abe36a-73fc-4319-b94d-6bab235affc5","method":"GET","route":"/api/challenge"}
{"type":"worker-request-complete","timestamp":"2026-07-26T19:59:20.823Z","requestId":"62abe36a-73fc-4319-b94d-6bab235affc5","method":"GET","route":"/api/challenge","status":200,"elapsedMs":8}
[wrangler:info] GET /api/challenge 200 OK (10ms)
[wrangler:info] GET /assets/256-teams-icon.svg 304 Not Modified (7ms)
{"type":"worker-request","timestamp":"2026-07-26T19:59:33.769Z","requestId":"320b1495-9219-4ecd-bc13-b21c50a246e0","method":"GET","route":"/profile"}
{"type":"worker-request-complete","timestamp":"2026-07-26T19:59:33.770Z","requestId":"320b1495-9219-4ecd-bc13-b21c50a246e0","method":"GET","route":"/profile","status":200,"elapsedMs":1}
[wrangler:info] GET /profile 200 OK (4ms)
[wrangler:info] GET /redirect.js 304 Not Modified (11ms)
[wrangler:info] GET /clean.css 200 OK (10ms)
[wrangler:info] GET /assets/flags/palestine.svg 304 Not Modified (10ms)
[wrangler:info] GET /assets/retro-world-cup-2014.png 304 Not Modified (12ms)
[wrangler:info] GET /player-pools.generated.js 304 Not Modified (3ms)
[wrangler:info] GET /data.js 304 Not Modified (6ms)
[wrangler:info] GET /retro-data.js 304 Not Modified (9ms)
[wrangler:info] GET /retro-2010-squads.js 304 Not Modified (8ms)
[wrangler:info] GET /retro-2010-schedule.js 304 Not Modified (8ms)
[wrangler:info] GET /retro-2014-squads.js 304 Not Modified (12ms)
[wrangler:info] GET /retro-2014-schedule.js 304 Not Modified (14ms)
[wrangler:info] GET /retro-2018-squads.js 304 Not Modified (14ms)
[wrangler:info] GET /retro-2022-squads.js 304 Not Modified (12ms)
[wrangler:info] GET /retro-2018-schedule.js 304 Not Modified (20ms)
[wrangler:info] GET /retro-2022-schedule.js 304 Not Modified (18ms)
[wrangler:info] GET /presentation-engine.js 304 Not Modified (27ms)
[wrangler:info] GET /legacy-data/catalog.generated.js 200 OK (33ms)
[wrangler:info] GET /retro-engine.js 304 Not Modified (48ms)
[wrangler:info] GET /simulation-engine.js 304 Not Modified (62ms)
[wrangler:info] GET /app.js 200 OK (58ms)
[wrangler:info] GET /challenge.js 200 OK (59ms)
[wrangler:info] GET /site.webmanifest 304 Not Modified (55ms)
[wrangler:info] GET /analytics.js 304 Not Modified (49ms)
[wrangler:info] GET /assets/retro-world-cup-2022.png 304 Not Modified (7ms)
{"type":"worker-request","timestamp":"2026-07-26T19:59:34.314Z","requestId":"dc20d5b1-96b7-477b-9919-d5014f89e267","method":"GET","route":"/api/challenge/profile"}
{"type":"worker-request-complete","timestamp":"2026-07-26T19:59:34.327Z","requestId":"dc20d5b1-96b7-477b-9919-d5014f89e267","method":"GET","route":"/api/challenge/profile","status":200,"elapsedMs":13}
[wrangler:info] GET /api/challenge/profile 200 OK (16ms)
{"type":"worker-request","timestamp":"2026-07-26T19:59:34.352Z","requestId":"153de610-fca9-485c-9e73-0d41a552fc18","method":"POST","route":"/api/challenge/achievements/retro-2014"}
{"type":"worker-request","timestamp":"2026-07-26T19:59:34.360Z","requestId":"b75c28ac-2d87-4f07-8ccc-b02fc2f33ecf","method":"POST","route":"/api/challenge/achievements/retro-2022"}
{"type":"worker-request-complete","timestamp":"2026-07-26T19:59:34.371Z","requestId":"153de610-fca9-485c-9e73-0d41a552fc18","method":"POST","route":"/api/challenge/achievements/retro-2014","status":200,"elapsedMs":19}
[wrangler:info] POST /api/challenge/achievements/retro-2014 200 OK (23ms)
[wrangler:info] GET /assets/256-teams-icon.svg 304 Not Modified (23ms)
[wrangler:info] GET /assets/256-teams-icon.svg 304 Not Modified (28ms)
{"type":"worker-request-complete","timestamp":"2026-07-26T19:59:34.389Z","requestId":"b75c28ac-2d87-4f07-8ccc-b02fc2f33ecf","method":"POST","route":"/api/challenge/achievements/retro-2022","status":200,"elapsedMs":29}
[wrangler:info] POST /api/challenge/achievements/retro-2022 200 OK (39ms)
{"type":"worker-request","timestamp":"2026-07-26T19:59:34.404Z","requestId":"0c4af7ab-03b0-41dd-aff4-5a504f653c91","method":"GET","route":"/api/challenge/achievements/retro-2010"}
{"type":"worker-request-complete","timestamp":"2026-07-26T19:59:34.408Z","requestId":"0c4af7ab-03b0-41dd-aff4-5a504f653c91","method":"GET","route":"/api/challenge/achievements/retro-2010","status":200,"elapsedMs":4}
[wrangler:info] GET /api/challenge/achievements/retro-2010 200 OK (7ms)
{"type":"worker-request","timestamp":"2026-07-26T19:59:34.410Z","requestId":"fedf0aaa-a9d9-4010-92ec-97922e51167f","method":"GET","route":"/api/challenge/achievements/retro-2014"}
{"type":"worker-request-complete","timestamp":"2026-07-26T19:59:34.414Z","requestId":"fedf0aaa-a9d9-4010-92ec-97922e51167f","method":"GET","route":"/api/challenge/achievements/retro-2014","status":200,"elapsedMs":4}
[wrangler:info] GET /api/challenge/achievements/retro-2014 200 OK (12ms)
{"type":"worker-request","timestamp":"2026-07-26T19:59:34.415Z","requestId":"e037db7c-036e-476c-b0a4-559cfc017373","method":"GET","route":"/api/challenge/achievements/retro-2018"}
{"type":"worker-request-complete","timestamp":"2026-07-26T19:59:34.419Z","requestId":"e037db7c-036e-476c-b0a4-559cfc017373","method":"GET","route":"/api/challenge/achievements/retro-2018","status":200,"elapsedMs":4}
[wrangler:info] GET /api/challenge/achievements/retro-2018 200 OK (17ms)
{"type":"worker-request","timestamp":"2026-07-26T19:59:34.420Z","requestId":"51a281d8-3737-4aa0-b930-abb25b79c677","method":"GET","route":"/api/challenge/achievements/retro-2022"}
{"type":"worker-request-complete","timestamp":"2026-07-26T19:59:34.424Z","requestId":"51a281d8-3737-4aa0-b930-abb25b79c677","method":"GET","route":"/api/challenge/achievements/retro-2022","status":200,"elapsedMs":4}
[wrangler:info] GET /api/challenge/achievements/retro-2022 200 OK (23ms)
{"type":"worker-request","timestamp":"2026-07-26T19:59:40.038Z","requestId":"bd4e431f-61ee-4055-850d-1981b6a7e51f","method":"GET","route":"/"}
{"type":"worker-request-complete","timestamp":"2026-07-26T19:59:40.042Z","requestId":"bd4e431f-61ee-4055-850d-1981b6a7e51f","method":"GET","route":"/","status":200,"elapsedMs":4}
[wrangler:info] GET / 200 OK (9ms)
[wrangler:info] GET /redirect.js 304 Not Modified (10ms)
[wrangler:info] GET /clean.css 304 Not Modified (9ms)
[wrangler:info] GET /assets/flags/palestine.svg 304 Not Modified (11ms)
[wrangler:info] GET /assets/retro-world-cup-2014.png 304 Not Modified (12ms)
[wrangler:info] GET /player-pools.generated.js 304 Not Modified (12ms)
[wrangler:info] GET /data.js 304 Not Modified (12ms)
[wrangler:info] GET /retro-data.js 304 Not Modified (5ms)
[wrangler:info] GET /retro-2010-squads.js 304 Not Modified (9ms)
[wrangler:info] GET /retro-2010-schedule.js 304 Not Modified (9ms)
[wrangler:info] GET /retro-2014-squads.js 304 Not Modified (9ms)
[wrangler:info] GET /retro-2014-schedule.js 304 Not Modified (9ms)
[wrangler:info] GET /retro-2018-squads.js 304 Not Modified (10ms)
[wrangler:info] GET /retro-2018-schedule.js 304 Not Modified (9ms)
[wrangler:info] GET /retro-2022-squads.js 304 Not Modified (6ms)
[wrangler:info] GET /retro-2022-schedule.js 304 Not Modified (38ms)
[wrangler:info] GET /retro-engine.js 304 Not Modified (43ms)
[wrangler:info] GET /presentation-engine.js 304 Not Modified (44ms)
[wrangler:info] GET /simulation-engine.js 304 Not Modified (60ms)
[wrangler:info] GET /legacy-data/catalog.generated.js 304 Not Modified (64ms)
[wrangler:info] GET /challenge.js 304 Not Modified (45ms)
[wrangler:info] GET /app.js 304 Not Modified (94ms)
[wrangler:info] GET /site.webmanifest 304 Not Modified (54ms)
[wrangler:info] GET /analytics.js 304 Not Modified (87ms)
[wrangler:info] GET /assets/retro-world-cup-2022.png 304 Not Modified (27ms)
{"type":"worker-request","timestamp":"2026-07-26T19:59:40.445Z","requestId":"22a833b6-9544-4689-a400-4bb91aafcaab","method":"GET","route":"/api/challenge"}
{"type":"worker-request-complete","timestamp":"2026-07-26T19:59:40.492Z","requestId":"22a833b6-9544-4689-a400-4bb91aafcaab","method":"GET","route":"/api/challenge","status":200,"elapsedMs":47}
[wrangler:info] GET /api/challenge 200 OK (55ms)
[wrangler:info] GET /assets/256-teams-icon.svg 304 Not Modified (32ms)
{"type":"worker-request","timestamp":"2026-07-26T19:59:40.507Z","requestId":"35fb0466-e292-4654-8fe1-fe9b13861443","method":"POST","route":"/api/challenge/achievements/retro-2014"}
{"type":"worker-request","timestamp":"2026-07-26T19:59:40.511Z","requestId":"fdd746d9-0f07-48d8-866b-797bd7c99f38","method":"POST","route":"/api/challenge/achievements/retro-2022"}
{"type":"worker-request-complete","timestamp":"2026-07-26T19:59:40.520Z","requestId":"35fb0466-e292-4654-8fe1-fe9b13861443","method":"POST","route":"/api/challenge/achievements/retro-2014","status":200,"elapsedMs":13}
[wrangler:info] POST /api/challenge/achievements/retro-2014 200 OK (18ms)
{"type":"worker-request-complete","timestamp":"2026-07-26T19:59:40.530Z","requestId":"fdd746d9-0f07-48d8-866b-797bd7c99f38","method":"POST","route":"/api/challenge/achievements/retro-2022","status":200,"elapsedMs":19}
[wrangler:info] POST /api/challenge/achievements/retro-2022 200 OK (24ms)
{"type":"worker-request","timestamp":"2026-07-26T19:59:41.243Z","requestId":"a7d90626-1bb2-4719-9948-908d009c1cbb","method":"GET","route":"/api/challenge/profile"}
{"type":"worker-request-complete","timestamp":"2026-07-26T19:59:41.249Z","requestId":"a7d90626-1bb2-4719-9948-908d009c1cbb","method":"GET","route":"/api/challenge/profile","status":200,"elapsedMs":6}
[wrangler:info] GET /api/challenge/profile 200 OK (12ms)
{"type":"worker-request","timestamp":"2026-07-26T19:59:41.258Z","requestId":"e61ecb37-1060-4388-ae0e-7599286f934f","method":"GET","route":"/api/challenge/achievements/retro-2010"}
{"type":"worker-request-complete","timestamp":"2026-07-26T19:59:41.261Z","requestId":"e61ecb37-1060-4388-ae0e-7599286f934f","method":"GET","route":"/api/challenge/achievements/retro-2010","status":200,"elapsedMs":3}
[wrangler:info] GET /api/challenge/achievements/retro-2010 200 OK (7ms)
{"type":"worker-request","timestamp":"2026-07-26T19:59:41.264Z","requestId":"0c4b2753-55ed-40df-8a23-7ed1fde0dc2f","method":"GET","route":"/api/challenge/achievements/retro-2014"}
{"type":"worker-request-complete","timestamp":"2026-07-26T19:59:41.269Z","requestId":"0c4b2753-55ed-40df-8a23-7ed1fde0dc2f","method":"GET","route":"/api/challenge/achievements/retro-2014","status":200,"elapsedMs":5}
[wrangler:info] GET /api/challenge/achievements/retro-2014 200 OK (13ms)
{"type":"worker-request","timestamp":"2026-07-26T19:59:41.272Z","requestId":"ee2c50c2-abf7-43f0-aac6-da46c748f353","method":"GET","route":"/api/challenge/achievements/retro-2018"}
{"type":"worker-request-complete","timestamp":"2026-07-26T19:59:41.280Z","requestId":"ee2c50c2-abf7-43f0-aac6-da46c748f353","method":"GET","route":"/api/challenge/achievements/retro-2018","status":200,"elapsedMs":8}
{"type":"worker-request","timestamp":"2026-07-26T19:59:41.281Z","requestId":"d9ab4d70-9c0e-46bd-b860-b36cd494d738","method":"GET","route":"/api/challenge/achievements/retro-2022"}
[wrangler:info] GET /api/challenge/achievements/retro-2018 200 OK (23ms)
{"type":"worker-request-complete","timestamp":"2026-07-26T19:59:41.285Z","requestId":"d9ab4d70-9c0e-46bd-b860-b36cd494d738","method":"GET","route":"/api/challenge/achievements/retro-2022","status":200,"elapsedMs":4}
[wrangler:info] GET /api/challenge/achievements/retro-2022 200 OK (28ms)
{"type":"worker-request","timestamp":"2026-07-26T19:59:58.959Z","requestId":"b5894523-8bd6-43cd-9d62-4c701b59e2e5","method":"GET","route":"/api/challenge"}
{"type":"worker-request-complete","timestamp":"2026-07-26T19:59:58.977Z","requestId":"b5894523-8bd6-43cd-9d62-4c701b59e2e5","method":"GET","route":"/api/challenge","status":200,"elapsedMs":18}
[wrangler:info] GET /api/challenge 200 OK (23ms)
{"type":"worker-request","timestamp":"2026-07-26T20:01:30.057Z","requestId":"ad812f3a-a2e1-4632-a821-1c58d29732b5","method":"GET","route":"/api/challenge/achievements/retro-2022"}
{"type":"worker-request-complete","timestamp":"2026-07-26T20:01:30.067Z","requestId":"ad812f3a-a2e1-4632-a821-1c58d29732b5","method":"GET","route":"/api/challenge/achievements/retro-2022","status":200,"elapsedMs":10}
[wrangler:info] GET /api/challenge/achievements/retro-2022 200 OK (15ms)
{"type":"worker-request","timestamp":"2026-07-26T20:01:32.344Z","requestId":"8bc7d0e2-43b4-4e7f-8d62-cb8a2fa14916","method":"GET","route":"/api/challenge/profile"}
{"type":"worker-request-complete","timestamp":"2026-07-26T20:01:32.352Z","requestId":"8bc7d0e2-43b4-4e7f-8d62-cb8a2fa14916","method":"GET","route":"/api/challenge/profile","status":200,"elapsedMs":8}
[wrangler:info] GET /api/challenge/profile 200 OK (13ms)
{"type":"worker-request","timestamp":"2026-07-26T20:01:32.362Z","requestId":"f32530d2-6ebf-461e-805e-346ab4757707","method":"GET","route":"/api/challenge/achievements/retro-2010"}
{"type":"worker-request-complete","timestamp":"2026-07-26T20:01:32.365Z","requestId":"f32530d2-6ebf-461e-805e-346ab4757707","method":"GET","route":"/api/challenge/achievements/retro-2010","status":200,"elapsedMs":3}
[wrangler:info] GET /api/challenge/achievements/retro-2010 200 OK (6ms)
{"type":"worker-request","timestamp":"2026-07-26T20:01:32.366Z","requestId":"92c0e02d-a861-48e6-9012-42e007822f6a","method":"GET","route":"/api/challenge/achievements/retro-2014"}
{"type":"worker-request-complete","timestamp":"2026-07-26T20:01:32.369Z","requestId":"92c0e02d-a861-48e6-9012-42e007822f6a","method":"GET","route":"/api/challenge/achievements/retro-2014","status":200,"elapsedMs":3}
[wrangler:info] GET /api/challenge/achievements/retro-2014 200 OK (9ms)
{"type":"worker-request","timestamp":"2026-07-26T20:01:32.371Z","requestId":"1c585a2e-a004-4e20-a3c4-4c25c0fd43aa","method":"GET","route":"/api/challenge/achievements/retro-2018"}
{"type":"worker-request-complete","timestamp":"2026-07-26T20:01:32.374Z","requestId":"1c585a2e-a004-4e20-a3c4-4c25c0fd43aa","method":"GET","route":"/api/challenge/achievements/retro-2018","status":200,"elapsedMs":3}
[wrangler:info] GET /api/challenge/achievements/retro-2018 200 OK (12ms)
{"type":"worker-request","timestamp":"2026-07-26T20:01:32.376Z","requestId":"a9bfc425-9271-4d7c-90b1-57c7eae54b77","method":"GET","route":"/api/challenge/achievements/retro-2022"}
{"type":"worker-request-complete","timestamp":"2026-07-26T20:01:32.381Z","requestId":"a9bfc425-9271-4d7c-90b1-57c7eae54b77","method":"GET","route":"/api/challenge/achievements/retro-2022","status":200,"elapsedMs":5}
[wrangler:info] GET /api/challenge/achievements/retro-2022 200 OK (18ms)
{"type":"worker-request","timestamp":"2026-07-26T20:01:33.482Z","requestId":"8c66095b-4b0f-4442-8b95-849d0540808c","method":"GET","route":"/api/challenge"}
{"type":"worker-request-complete","timestamp":"2026-07-26T20:01:33.495Z","requestId":"8c66095b-4b0f-4442-8b95-849d0540808c","method":"GET","route":"/api/challenge","status":200,"elapsedMs":13}
[wrangler:info] GET /api/challenge 200 OK (19ms)
{"type":"worker-request","timestamp":"2026-07-26T20:05:27.549Z","requestId":"4b79b18a-a61a-4fb0-99bf-b721e63388d8","method":"GET","route":"/"}
{"type":"worker-request-complete","timestamp":"2026-07-26T20:05:27.552Z","requestId":"4b79b18a-a61a-4fb0-99bf-b721e63388d8","method":"GET","route":"/","status":200,"elapsedMs":3}
[wrangler:info] GET / 200 OK (6ms)
[wrangler:info] GET /redirect.js 304 Not Modified (7ms)
[wrangler:info] GET /clean.css 304 Not Modified (7ms)
[wrangler:info] GET /assets/flags/palestine.svg 304 Not Modified (8ms)
[wrangler:info] GET /assets/retro-world-cup-2014.png 304 Not Modified (9ms)
[wrangler:info] GET /player-pools.generated.js 304 Not Modified (5ms)
[wrangler:info] GET /data.js 304 Not Modified (10ms)
[wrangler:info] GET /retro-data.js 304 Not Modified (9ms)
[wrangler:info] GET /retro-2010-squads.js 304 Not Modified (10ms)
[wrangler:info] GET /retro-2010-schedule.js 304 Not Modified (11ms)
[wrangler:info] GET /retro-2014-squads.js 304 Not Modified (12ms)
[wrangler:info] GET /retro-2018-squads.js 304 Not Modified (7ms)
[wrangler:info] GET /retro-2014-schedule.js 304 Not Modified (12ms)
[wrangler:info] GET /retro-2018-schedule.js 304 Not Modified (8ms)
[wrangler:info] GET /retro-2022-squads.js 304 Not Modified (8ms)
[wrangler:info] GET /retro-2022-schedule.js 304 Not Modified (9ms)
[wrangler:info] GET /retro-engine.js 304 Not Modified (11ms)
[wrangler:info] GET /presentation-engine.js 304 Not Modified (17ms)
[wrangler:info] GET /simulation-engine.js 304 Not Modified (19ms)
[wrangler:info] GET /app.js 304 Not Modified (14ms)
[wrangler:info] GET /legacy-data/catalog.generated.js 304 Not Modified (22ms)
[wrangler:info] GET /challenge.js 304 Not Modified (24ms)
[wrangler:info] GET /site.webmanifest 304 Not Modified (24ms)
[wrangler:info] GET /analytics.js 304 Not Modified (23ms)
[wrangler:info] GET /assets/retro-world-cup-2022.png 304 Not Modified (5ms)
{"type":"worker-request","timestamp":"2026-07-26T20:05:27.942Z","requestId":"87e2662b-934c-40d2-b001-ca2b4dd8ebb9","method":"GET","route":"/api/challenge"}
{"type":"worker-request-complete","timestamp":"2026-07-26T20:05:27.981Z","requestId":"87e2662b-934c-40d2-b001-ca2b4dd8ebb9","method":"GET","route":"/api/challenge","status":200,"elapsedMs":39}
[wrangler:info] GET /api/challenge 200 OK (48ms)
[wrangler:info] GET /assets/256-teams-icon.svg 304 Not Modified (35ms)
[wrangler:info] GET /assets/256-teams-icon.svg 304 Not Modified (34ms)
{"type":"worker-request","timestamp":"2026-07-26T20:05:28.002Z","requestId":"ec453077-d79e-47dd-89f8-db7cd14ff5ff","method":"POST","route":"/api/challenge/achievements/retro-2014"}
{"type":"worker-request","timestamp":"2026-07-26T20:05:28.005Z","requestId":"35acac35-c039-4171-9c49-dfe47ca8b206","method":"POST","route":"/api/challenge/achievements/retro-2022"}
{"type":"worker-request-complete","timestamp":"2026-07-26T20:05:28.026Z","requestId":"ec453077-d79e-47dd-89f8-db7cd14ff5ff","method":"POST","route":"/api/challenge/achievements/retro-2014","status":200,"elapsedMs":25}
{"type":"worker-request-complete","timestamp":"2026-07-26T20:05:28.034Z","requestId":"35acac35-c039-4171-9c49-dfe47ca8b206","method":"POST","route":"/api/challenge/achievements/retro-2022","status":200,"elapsedMs":29}
[wrangler:info] POST /api/challenge/achievements/retro-2014 200 OK (32ms)
[wrangler:info] POST /api/challenge/achievements/retro-2022 200 OK (42ms)
{"type":"worker-request","timestamp":"2026-07-26T20:05:30.287Z","requestId":"d9fcfa71-15c6-4222-8601-0e16cda9de14","method":"GET","route":"/"}
{"type":"worker-request-complete","timestamp":"2026-07-26T20:05:30.288Z","requestId":"d9fcfa71-15c6-4222-8601-0e16cda9de14","method":"GET","route":"/","status":200,"elapsedMs":1}
[wrangler:info] GET / 200 OK (5ms)
[wrangler:info] GET /redirect.js 304 Not Modified (5ms)
[wrangler:info] GET /clean.css 304 Not Modified (7ms)
[wrangler:info] GET /assets/flags/palestine.svg 304 Not Modified (8ms)
[wrangler:info] GET /assets/retro-world-cup-2014.png 304 Not Modified (10ms)
[wrangler:info] GET /player-pools.generated.js 304 Not Modified (5ms)
[wrangler:info] GET /retro-data.js 304 Not Modified (4ms)
[wrangler:info] GET /data.js 304 Not Modified (8ms)
[wrangler:info] GET /retro-2010-squads.js 304 Not Modified (4ms)
[wrangler:info] GET /retro-2010-schedule.js 304 Not Modified (8ms)
[wrangler:info] GET /retro-2014-squads.js 304 Not Modified (10ms)
[wrangler:info] GET /retro-2018-squads.js 304 Not Modified (12ms)
[wrangler:info] GET /retro-2014-schedule.js 304 Not Modified (17ms)
[wrangler:info] GET /retro-2018-schedule.js 304 Not Modified (12ms)
[wrangler:info] GET /retro-2022-squads.js 304 Not Modified (12ms)
[wrangler:info] GET /retro-2022-schedule.js 304 Not Modified (13ms)
[wrangler:info] GET /retro-engine.js 304 Not Modified (19ms)
[wrangler:info] GET /app.js 304 Not Modified (5ms)
[wrangler:info] GET /presentation-engine.js 304 Not Modified (17ms)
[wrangler:info] GET /simulation-engine.js 304 Not Modified (18ms)
[wrangler:info] GET /legacy-data/catalog.generated.js 304 Not Modified (22ms)
[wrangler:info] GET /analytics.js 304 Not Modified (15ms)
[wrangler:info] GET /challenge.js 304 Not Modified (28ms)
[wrangler:info] GET /site.webmanifest 304 Not Modified (26ms)
[wrangler:info] GET /assets/retro-world-cup-2022.png 304 Not Modified (4ms)
{"type":"worker-request","timestamp":"2026-07-26T20:05:30.549Z","requestId":"3ffecdb2-535b-4037-bbb9-ae8b829123f1","method":"GET","route":"/api/challenge"}
{"type":"worker-request-complete","timestamp":"2026-07-26T20:05:30.573Z","requestId":"3ffecdb2-535b-4037-bbb9-ae8b829123f1","method":"GET","route":"/api/challenge","status":200,"elapsedMs":24}
[wrangler:info] GET /api/challenge 200 OK (29ms)
[wrangler:info] GET /assets/256-teams-icon.svg 304 Not Modified (14ms)
[wrangler:info] GET /assets/256-teams-icon.svg 304 Not Modified (14ms)
{"type":"worker-request","timestamp":"2026-07-26T20:05:30.594Z","requestId":"30ac7f81-8956-4a19-80cb-9c0f49b8b285","method":"POST","route":"/api/challenge/achievements/retro-2014"}
{"type":"worker-request","timestamp":"2026-07-26T20:05:30.597Z","requestId":"f732ecdf-3aab-4d27-8a10-ccd31572bbf1","method":"POST","route":"/api/challenge/achievements/retro-2022"}
{"type":"worker-request-complete","timestamp":"2026-07-26T20:05:30.603Z","requestId":"30ac7f81-8956-4a19-80cb-9c0f49b8b285","method":"POST","route":"/api/challenge/achievements/retro-2014","status":200,"elapsedMs":9}
[wrangler:info] POST /api/challenge/achievements/retro-2014 200 OK (14ms)
{"type":"worker-request-complete","timestamp":"2026-07-26T20:05:30.611Z","requestId":"f732ecdf-3aab-4d27-8a10-ccd31572bbf1","method":"POST","route":"/api/challenge/achievements/retro-2022","status":200,"elapsedMs":14}
[wrangler:info] POST /api/challenge/achievements/retro-2022 200 OK (19ms)
{"type":"worker-request","timestamp":"2026-07-26T20:06:08.121Z","requestId":"cff3a1b1-0ed3-401e-a561-e7f90810873e","method":"GET","route":"/"}
{"type":"worker-request-complete","timestamp":"2026-07-26T20:06:08.123Z","requestId":"cff3a1b1-0ed3-401e-a561-e7f90810873e","method":"GET","route":"/","status":200,"elapsedMs":2}
[wrangler:info] GET / 200 OK (6ms)
[wrangler:info] GET /redirect.js 304 Not Modified (7ms)
[wrangler:info] GET /clean.css 304 Not Modified (8ms)
[wrangler:info] GET /assets/flags/palestine.svg 304 Not Modified (10ms)
[wrangler:info] GET /assets/retro-world-cup-2014.png 304 Not Modified (10ms)
[wrangler:info] GET /player-pools.generated.js 304 Not Modified (5ms)
[wrangler:info] GET /data.js 304 Not Modified (6ms)
[wrangler:info] GET /retro-data.js 304 Not Modified (11ms)
[wrangler:info] GET /retro-2010-squads.js 304 Not Modified (11ms)
[wrangler:info] GET /retro-2010-schedule.js 304 Not Modified (8ms)
[wrangler:info] GET /retro-2014-schedule.js 304 Not Modified (9ms)
[wrangler:info] GET /retro-2014-squads.js 304 Not Modified (8ms)
[wrangler:info] GET /retro-2018-squads.js 304 Not Modified (7ms)
[wrangler:info] GET /retro-2018-schedule.js 304 Not Modified (8ms)
[wrangler:info] GET /retro-2022-squads.js 304 Not Modified (6ms)
[wrangler:info] GET /retro-2022-schedule.js 304 Not Modified (23ms)
[wrangler:info] GET /retro-engine.js 304 Not Modified (30ms)
[wrangler:info] GET /presentation-engine.js 304 Not Modified (33ms)
[wrangler:info] GET /simulation-engine.js 304 Not Modified (41ms)
[wrangler:info] GET /app.js 304 Not Modified (27ms)
[wrangler:info] GET /legacy-data/catalog.generated.js 304 Not Modified (46ms)
[wrangler:info] GET /challenge.js 304 Not Modified (31ms)
[wrangler:info] GET /site.webmanifest 304 Not Modified (26ms)
[wrangler:info] GET /analytics.js 304 Not Modified (26ms)
[wrangler:info] GET /assets/retro-world-cup-2022.png 304 Not Modified (8ms)
{"type":"worker-request","timestamp":"2026-07-26T20:06:08.446Z","requestId":"c073afb4-4911-4a07-a405-cd27e9e76ec9","method":"GET","route":"/api/challenge"}
{"type":"worker-request-complete","timestamp":"2026-07-26T20:06:08.483Z","requestId":"c073afb4-4911-4a07-a405-cd27e9e76ec9","method":"GET","route":"/api/challenge","status":200,"elapsedMs":37}
[wrangler:info] GET /api/challenge 200 OK (46ms)
[wrangler:info] GET /assets/256-teams-icon.svg 304 Not Modified (36ms)
[wrangler:info] GET /assets/256-teams-icon.svg 304 Not Modified (38ms)
{"type":"worker-request","timestamp":"2026-07-26T20:06:08.502Z","requestId":"3aefca23-3b8b-4101-b0e1-9fb8e3a99ee7","method":"POST","route":"/api/challenge/achievements/retro-2014"}
{"type":"worker-request","timestamp":"2026-07-26T20:06:08.510Z","requestId":"9cd7d566-7f74-47f0-98af-9351728fe5ff","method":"POST","route":"/api/challenge/achievements/retro-2022"}
{"type":"worker-request-complete","timestamp":"2026-07-26T20:06:08.517Z","requestId":"3aefca23-3b8b-4101-b0e1-9fb8e3a99ee7","method":"POST","route":"/api/challenge/achievements/retro-2014","status":200,"elapsedMs":15}
[wrangler:info] POST /api/challenge/achievements/retro-2014 200 OK (18ms)
{"type":"worker-request-complete","timestamp":"2026-07-26T20:06:08.525Z","requestId":"9cd7d566-7f74-47f0-98af-9351728fe5ff","method":"POST","route":"/api/challenge/achievements/retro-2022","status":200,"elapsedMs":15}
[wrangler:info] POST /api/challenge/achievements/retro-2022 200 OK (26ms)
{"type":"worker-request","timestamp":"2026-07-26T20:06:15.868Z","requestId":"b82e1924-d4e2-478f-895d-10af5f50c3ff","method":"GET","route":"/"}
{"type":"worker-request-complete","timestamp":"2026-07-26T20:06:15.869Z","requestId":"b82e1924-d4e2-478f-895d-10af5f50c3ff","method":"GET","route":"/","status":200,"elapsedMs":1}
[wrangler:info] GET / 200 OK (5ms)
[wrangler:info] GET /redirect.js 304 Not Modified (5ms)
[wrangler:info] GET /clean.css 304 Not Modified (7ms)
[wrangler:info] GET /assets/flags/palestine.svg 304 Not Modified (9ms)
[wrangler:info] GET /assets/retro-world-cup-2014.png 304 Not Modified (10ms)
[wrangler:info] GET /player-pools.generated.js 304 Not Modified (4ms)
[wrangler:info] GET /data.js 304 Not Modified (5ms)
[wrangler:info] GET /retro-data.js 304 Not Modified (4ms)
[wrangler:info] GET /retro-2010-schedule.js 304 Not Modified (11ms)
[wrangler:info] GET /retro-2010-squads.js 304 Not Modified (8ms)
[wrangler:info] GET /retro-2014-squads.js 304 Not Modified (12ms)
[wrangler:info] GET /retro-2014-schedule.js 304 Not Modified (9ms)
[wrangler:info] GET /retro-2018-squads.js 304 Not Modified (12ms)
[wrangler:info] GET /retro-2018-schedule.js 304 Not Modified (16ms)
[wrangler:info] GET /retro-2022-squads.js 304 Not Modified (3ms)
[wrangler:info] GET /retro-2022-schedule.js 304 Not Modified (10ms)
[wrangler:info] GET /retro-engine.js 304 Not Modified (13ms)
[wrangler:info] GET /presentation-engine.js 304 Not Modified (19ms)
[wrangler:info] GET /simulation-engine.js 304 Not Modified (31ms)
[wrangler:info] GET /legacy-data/catalog.generated.js 304 Not Modified (43ms)
[wrangler:info] GET /app.js 304 Not Modified (50ms)
[wrangler:info] GET /challenge.js 304 Not Modified (49ms)
[wrangler:info] GET /site.webmanifest 304 Not Modified (59ms)
[wrangler:info] GET /analytics.js 304 Not Modified (63ms)
[wrangler:info] GET /assets/retro-world-cup-2022.png 304 Not Modified (9ms)
{"type":"worker-request","timestamp":"2026-07-26T20:06:16.200Z","requestId":"56ddfb7f-e10a-46c9-a835-33f0623c552b","method":"GET","route":"/api/challenge"}
{"type":"worker-request-complete","timestamp":"2026-07-26T20:06:16.222Z","requestId":"56ddfb7f-e10a-46c9-a835-33f0623c552b","method":"GET","route":"/api/challenge","status":200,"elapsedMs":22}
[wrangler:info] GET /api/challenge 200 OK (29ms)
[wrangler:info] GET /assets/256-teams-icon.svg 304 Not Modified (17ms)
[wrangler:info] GET /assets/256-teams-icon.svg 304 Not Modified (18ms)
{"type":"worker-request","timestamp":"2026-07-26T20:06:16.241Z","requestId":"c2aa1437-f767-412a-aef0-415d0c61468f","method":"POST","route":"/api/challenge/achievements/retro-2014"}
{"type":"worker-request","timestamp":"2026-07-26T20:06:16.244Z","requestId":"6ccd2675-a6af-4dac-8dfb-8913a63df219","method":"POST","route":"/api/challenge/achievements/retro-2022"}
{"type":"worker-request-complete","timestamp":"2026-07-26T20:06:16.250Z","requestId":"c2aa1437-f767-412a-aef0-415d0c61468f","method":"POST","route":"/api/challenge/achievements/retro-2014","status":200,"elapsedMs":9}
[wrangler:info] POST /api/challenge/achievements/retro-2014 200 OK (13ms)
{"type":"worker-request-complete","timestamp":"2026-07-26T20:06:16.260Z","requestId":"6ccd2675-a6af-4dac-8dfb-8913a63df219","method":"POST","route":"/api/challenge/achievements/retro-2022","status":200,"elapsedMs":16}
[wrangler:info] POST /api/challenge/achievements/retro-2022 200 OK (22ms)
{"type":"worker-request","timestamp":"2026-07-26T20:06:16.872Z","requestId":"7d8bfe76-e6de-4280-8880-a6ab09d5092f","method":"GET","route":"/"}
{"type":"worker-request-complete","timestamp":"2026-07-26T20:06:16.873Z","requestId":"7d8bfe76-e6de-4280-8880-a6ab09d5092f","method":"GET","route":"/","status":200,"elapsedMs":1}
[wrangler:info] GET / 200 OK (6ms)
[wrangler:info] GET /redirect.js 304 Not Modified (6ms)
[wrangler:info] GET /clean.css 304 Not Modified (7ms)
[wrangler:info] GET /assets/flags/palestine.svg 304 Not Modified (8ms)
[wrangler:info] GET /assets/retro-world-cup-2014.png 304 Not Modified (10ms)
[wrangler:info] GET /player-pools.generated.js 304 Not Modified (6ms)
[wrangler:info] GET /data.js 304 Not Modified (10ms)
[wrangler:info] GET /retro-2010-schedule.js 304 Not Modified (8ms)
[wrangler:info] GET /retro-data.js 304 Not Modified (10ms)
[wrangler:info] GET /retro-2010-squads.js 304 Not Modified (8ms)
[wrangler:info] GET /retro-2014-squads.js 304 Not Modified (8ms)
[wrangler:info] GET /retro-2014-schedule.js 304 Not Modified (11ms)
[wrangler:info] GET /retro-2018-squads.js 304 Not Modified (18ms)
[wrangler:info] GET /retro-2018-schedule.js 304 Not Modified (6ms)
[wrangler:info] GET /retro-2022-squads.js 304 Not Modified (8ms)
[wrangler:info] GET /retro-2022-schedule.js 304 Not Modified (26ms)
[wrangler:info] GET /retro-engine.js 304 Not Modified (47ms)
[wrangler:info] GET /presentation-engine.js 304 Not Modified (86ms)
[wrangler:info] GET /app.js 304 Not Modified (103ms)
[wrangler:info] GET /legacy-data/catalog.generated.js 304 Not Modified (128ms)
[wrangler:info] GET /simulation-engine.js 304 Not Modified (148ms)
[wrangler:info] GET /challenge.js 304 Not Modified (140ms)
[wrangler:info] GET /site.webmanifest 304 Not Modified (138ms)
[wrangler:info] GET /analytics.js 304 Not Modified (116ms)
[wrangler:info] GET /assets/retro-world-cup-2022.png 304 Not Modified (50ms)
{"type":"worker-request","timestamp":"2026-07-26T20:06:17.421Z","requestId":"4d40272f-f8a8-4aad-8918-d05907c801b1","method":"GET","route":"/api/challenge"}
{"type":"worker-request-complete","timestamp":"2026-07-26T20:06:17.447Z","requestId":"4d40272f-f8a8-4aad-8918-d05907c801b1","method":"GET","route":"/api/challenge","status":200,"elapsedMs":26}
[wrangler:info] GET /api/challenge 200 OK (53ms)
[wrangler:info] GET /assets/256-teams-icon.svg 304 Not Modified (34ms)
[wrangler:info] GET /assets/256-teams-icon.svg 304 Not Modified (40ms)
{"type":"worker-request","timestamp":"2026-07-26T20:06:17.464Z","requestId":"f2a7fcfc-3fb8-48e5-92ab-43541b7c2df3","method":"POST","route":"/api/challenge/achievements/retro-2014"}
{"type":"worker-request","timestamp":"2026-07-26T20:06:17.467Z","requestId":"6297591e-e37b-49f4-ba52-eee5e0afdc33","method":"POST","route":"/api/challenge/achievements/retro-2022"}
{"type":"worker-request-complete","timestamp":"2026-07-26T20:06:17.476Z","requestId":"f2a7fcfc-3fb8-48e5-92ab-43541b7c2df3","method":"POST","route":"/api/challenge/achievements/retro-2014","status":200,"elapsedMs":12}
[wrangler:info] POST /api/challenge/achievements/retro-2014 200 OK (14ms)
{"type":"worker-request-complete","timestamp":"2026-07-26T20:06:17.484Z","requestId":"6297591e-e37b-49f4-ba52-eee5e0afdc33","method":"POST","route":"/api/challenge/achievements/retro-2022","status":200,"elapsedMs":17}
[wrangler:info] POST /api/challenge/achievements/retro-2022 200 OK (21ms)
{"type":"worker-request","timestamp":"2026-07-26T20:06:19.703Z","requestId":"00b3951e-8d41-4b80-bb11-37702b29b812","method":"GET","route":"/"}
{"type":"worker-request-complete","timestamp":"2026-07-26T20:06:19.706Z","requestId":"00b3951e-8d41-4b80-bb11-37702b29b812","method":"GET","route":"/","status":200,"elapsedMs":3}
[wrangler:info] GET / 200 OK (5ms)
[wrangler:info] GET /redirect.js 304 Not Modified (6ms)
[wrangler:info] GET /clean.css 304 Not Modified (7ms)
[wrangler:info] GET /assets/flags/palestine.svg 304 Not Modified (10ms)
[wrangler:info] GET /assets/retro-world-cup-2014.png 304 Not Modified (10ms)
[wrangler:info] GET /player-pools.generated.js 304 Not Modified (3ms)
[wrangler:info] GET /data.js 304 Not Modified (6ms)
[wrangler:info] GET /retro-data.js 304 Not Modified (10ms)
[wrangler:info] GET /retro-2010-schedule.js 304 Not Modified (8ms)
[wrangler:info] GET /retro-2010-squads.js 304 Not Modified (9ms)
[wrangler:info] GET /retro-2014-schedule.js 304 Not Modified (12ms)
[wrangler:info] GET /retro-2014-squads.js 304 Not Modified (12ms)
[wrangler:info] GET /retro-2018-squads.js 304 Not Modified (13ms)
[wrangler:info] GET /retro-2022-schedule.js 304 Not Modified (5ms)
[wrangler:info] GET /retro-2018-schedule.js 304 Not Modified (9ms)
[wrangler:info] GET /retro-2022-squads.js 304 Not Modified (10ms)
[wrangler:info] GET /retro-engine.js 304 Not Modified (13ms)
[wrangler:info] GET /presentation-engine.js 304 Not Modified (13ms)
[wrangler:info] GET /simulation-engine.js 304 Not Modified (22ms)
[wrangler:info] GET /legacy-data/catalog.generated.js 304 Not Modified (33ms)
[wrangler:info] GET /app.js 304 Not Modified (42ms)
[wrangler:info] GET /challenge.js 304 Not Modified (50ms)
[wrangler:info] GET /site.webmanifest 304 Not Modified (64ms)
[wrangler:info] GET /analytics.js 304 Not Modified (68ms)
[wrangler:info] GET /assets/retro-world-cup-2022.png 304 Not Modified (51ms)
{"type":"worker-request","timestamp":"2026-07-26T20:06:20.091Z","requestId":"774374c5-ffef-432a-b7ee-f4cd62a06714","method":"GET","route":"/api/challenge"}
{"type":"worker-request-complete","timestamp":"2026-07-26T20:06:20.113Z","requestId":"774374c5-ffef-432a-b7ee-f4cd62a06714","method":"GET","route":"/api/challenge","status":200,"elapsedMs":22}
[wrangler:info] GET /api/challenge 200 OK (65ms)
[wrangler:info] GET /assets/256-teams-icon.svg 304 Not Modified (28ms)
[wrangler:info] GET /assets/256-teams-icon.svg 304 Not Modified (34ms)
{"type":"worker-request","timestamp":"2026-07-26T20:06:20.132Z","requestId":"723c0a45-cc40-41a2-a912-69074ff1c585","method":"POST","route":"/api/challenge/achievements/retro-2014"}
{"type":"worker-request","timestamp":"2026-07-26T20:06:20.135Z","requestId":"71c9cdf2-8de8-45ba-843c-d6edc7cfed07","method":"POST","route":"/api/challenge/achievements/retro-2022"}
{"type":"worker-request-complete","timestamp":"2026-07-26T20:06:20.143Z","requestId":"723c0a45-cc40-41a2-a912-69074ff1c585","method":"POST","route":"/api/challenge/achievements/retro-2014","status":200,"elapsedMs":11}
[wrangler:info] POST /api/challenge/achievements/retro-2014 200 OK (13ms)
{"type":"worker-request-complete","timestamp":"2026-07-26T20:06:20.149Z","requestId":"71c9cdf2-8de8-45ba-843c-d6edc7cfed07","method":"POST","route":"/api/challenge/achievements/retro-2022","status":200,"elapsedMs":14}
[wrangler:info] POST /api/challenge/achievements/retro-2022 200 OK (18ms)
{"type":"worker-request","timestamp":"2026-07-26T20:06:22.082Z","requestId":"7eb0e432-e2e1-4bbc-a0cb-6d493384075d","method":"GET","route":"/"}
{"type":"worker-request-complete","timestamp":"2026-07-26T20:06:22.083Z","requestId":"7eb0e432-e2e1-4bbc-a0cb-6d493384075d","method":"GET","route":"/","status":200,"elapsedMs":1}
[wrangler:info] GET / 200 OK (4ms)
[wrangler:info] GET /redirect.js 304 Not Modified (6ms)
[wrangler:info] GET /clean.css 304 Not Modified (4ms)
[wrangler:info] GET /assets/flags/palestine.svg 304 Not Modified (4ms)
[wrangler:info] GET /assets/retro-world-cup-2014.png 304 Not Modified (6ms)
[wrangler:info] GET /player-pools.generated.js 304 Not Modified (7ms)
[wrangler:info] GET /data.js 304 Not Modified (9ms)
[wrangler:info] GET /retro-data.js 304 Not Modified (7ms)
[wrangler:info] GET /retro-2010-squads.js 304 Not Modified (7ms)
[wrangler:info] GET /retro-2010-schedule.js 304 Not Modified (10ms)
[wrangler:info] GET /retro-2014-squads.js 304 Not Modified (13ms)
[wrangler:info] GET /retro-2014-schedule.js 304 Not Modified (18ms)
[wrangler:info] GET /retro-2018-squads.js 304 Not Modified (17ms)
[wrangler:info] GET /retro-2022-squads.js 304 Not Modified (14ms)
[wrangler:info] GET /retro-2018-schedule.js 304 Not Modified (16ms)
[wrangler:info] GET /retro-2022-schedule.js 304 Not Modified (23ms)
[wrangler:info] GET /retro-engine.js 304 Not Modified (27ms)
[wrangler:info] GET /presentation-engine.js 304 Not Modified (29ms)
[wrangler:info] GET /app.js 304 Not Modified (25ms)
[wrangler:info] GET /legacy-data/catalog.generated.js 304 Not Modified (31ms)
[wrangler:info] GET /simulation-engine.js 304 Not Modified (37ms)
[wrangler:info] GET /challenge.js 304 Not Modified (31ms)
[wrangler:info] GET /site.webmanifest 304 Not Modified (27ms)
[wrangler:info] GET /analytics.js 304 Not Modified (38ms)
[wrangler:info] GET /assets/retro-world-cup-2022.png 304 Not Modified (9ms)
{"type":"worker-request","timestamp":"2026-07-26T20:06:22.385Z","requestId":"2611015f-1f0b-4deb-a844-89d156f77f93","method":"GET","route":"/api/challenge"}
{"type":"worker-request-complete","timestamp":"2026-07-26T20:06:22.416Z","requestId":"2611015f-1f0b-4deb-a844-89d156f77f93","method":"GET","route":"/api/challenge","status":200,"elapsedMs":31}
[wrangler:info] GET /api/challenge 200 OK (36ms)
[wrangler:info] GET /assets/256-teams-icon.svg 304 Not Modified (26ms)
[wrangler:info] GET /assets/256-teams-icon.svg 304 Not Modified (28ms)
{"type":"worker-request","timestamp":"2026-07-26T20:06:22.435Z","requestId":"c059cfa3-9258-4c36-aa9a-50717c374629","method":"POST","route":"/api/challenge/achievements/retro-2014"}
{"type":"worker-request","timestamp":"2026-07-26T20:06:22.439Z","requestId":"fbefabf5-aa85-4f9f-814f-1ca56b0a2a92","method":"POST","route":"/api/challenge/achievements/retro-2022"}
{"type":"worker-request-complete","timestamp":"2026-07-26T20:06:22.446Z","requestId":"c059cfa3-9258-4c36-aa9a-50717c374629","method":"POST","route":"/api/challenge/achievements/retro-2014","status":200,"elapsedMs":11}
[wrangler:info] POST /api/challenge/achievements/retro-2014 200 OK (14ms)
{"type":"worker-request-complete","timestamp":"2026-07-26T20:06:22.451Z","requestId":"fbefabf5-aa85-4f9f-814f-1ca56b0a2a92","method":"POST","route":"/api/challenge/achievements/retro-2022","status":200,"elapsedMs":12}
[wrangler:info] POST /api/challenge/achievements/retro-2022 200 OK (17ms)
{"type":"worker-request","timestamp":"2026-07-26T20:06:23.395Z","requestId":"620ea9c5-ea84-4110-be29-d816d68ed2a4","method":"GET","route":"/"}
{"type":"worker-request-complete","timestamp":"2026-07-26T20:06:23.396Z","requestId":"620ea9c5-ea84-4110-be29-d816d68ed2a4","method":"GET","route":"/","status":200,"elapsedMs":0}
[wrangler:info] GET / 200 OK (4ms)
[wrangler:info] GET /redirect.js 304 Not Modified (5ms)
[wrangler:info] GET /clean.css 304 Not Modified (4ms)
[wrangler:info] GET /assets/flags/palestine.svg 304 Not Modified (5ms)
[wrangler:info] GET /assets/retro-world-cup-2014.png 304 Not Modified (6ms)
[wrangler:info] GET /player-pools.generated.js 304 Not Modified (3ms)
[wrangler:info] GET /data.js 304 Not Modified (6ms)
[wrangler:info] GET /retro-data.js 304 Not Modified (4ms)
[wrangler:info] GET /retro-2010-schedule.js 304 Not Modified (4ms)
[wrangler:info] GET /retro-2010-squads.js 304 Not Modified (5ms)
[wrangler:info] GET /retro-2014-squads.js 304 Not Modified (4ms)
[wrangler:info] GET /retro-2014-schedule.js 304 Not Modified (7ms)
[wrangler:info] GET /retro-2018-squads.js 304 Not Modified (10ms)
[wrangler:info] GET /retro-2018-schedule.js 304 Not Modified (11ms)
[wrangler:info] GET /retro-engine.js 304 Not Modified (5ms)
[wrangler:info] GET /retro-2022-squads.js 304 Not Modified (15ms)
[wrangler:info] GET /retro-2022-schedule.js 304 Not Modified (13ms)
[wrangler:info] GET /simulation-engine.js 304 Not Modified (6ms)
[wrangler:info] GET /presentation-engine.js 304 Not Modified (13ms)
[wrangler:info] GET /legacy-data/catalog.generated.js 304 Not Modified (17ms)
[wrangler:info] GET /app.js 304 Not Modified (20ms)
[wrangler:info] GET /analytics.js 304 Not Modified (13ms)
[wrangler:info] GET /challenge.js 304 Not Modified (24ms)
[wrangler:info] GET /site.webmanifest 304 Not Modified (22ms)
[wrangler:info] GET /assets/retro-world-cup-2022.png 304 Not Modified (5ms)
{"type":"worker-request","timestamp":"2026-07-26T20:06:23.732Z","requestId":"a23c0e54-c0c3-42e5-ba64-c3a853a8f1f3","method":"GET","route":"/api/challenge"}
{"type":"worker-request-complete","timestamp":"2026-07-26T20:06:23.763Z","requestId":"a23c0e54-c0c3-42e5-ba64-c3a853a8f1f3","method":"GET","route":"/api/challenge","status":200,"elapsedMs":31}
[wrangler:info] GET /api/challenge 200 OK (36ms)
[wrangler:info] GET /assets/256-teams-icon.svg 304 Not Modified (21ms)
[wrangler:info] GET /assets/256-teams-icon.svg 304 Not Modified (24ms)
{"type":"worker-request","timestamp":"2026-07-26T20:06:23.779Z","requestId":"3bac7574-ac32-4a5f-aab2-b40ea9cacb63","method":"POST","route":"/api/challenge/achievements/retro-2014"}
{"type":"worker-request","timestamp":"2026-07-26T20:06:23.782Z","requestId":"7e65ec62-7c16-47dd-86ea-9c8ad1234141","method":"POST","route":"/api/challenge/achievements/retro-2022"}
{"type":"worker-request-complete","timestamp":"2026-07-26T20:06:23.788Z","requestId":"3bac7574-ac32-4a5f-aab2-b40ea9cacb63","method":"POST","route":"/api/challenge/achievements/retro-2014","status":200,"elapsedMs":9}
[wrangler:info] POST /api/challenge/achievements/retro-2014 200 OK (12ms)
{"type":"worker-request-complete","timestamp":"2026-07-26T20:06:23.795Z","requestId":"7e65ec62-7c16-47dd-86ea-9c8ad1234141","method":"POST","route":"/api/challenge/achievements/retro-2022","status":200,"elapsedMs":13}
[wrangler:info] POST /api/challenge/achievements/retro-2022 200 OK (18ms)
{"type":"worker-request","timestamp":"2026-07-26T20:06:24.534Z","requestId":"d064256e-abf5-4ac0-bed2-c4dbe4533d1c","method":"GET","route":"/"}
{"type":"worker-request-complete","timestamp":"2026-07-26T20:06:24.535Z","requestId":"d064256e-abf5-4ac0-bed2-c4dbe4533d1c","method":"GET","route":"/","status":200,"elapsedMs":1}
[wrangler:info] GET / 200 OK (5ms)
[wrangler:info] GET /redirect.js 304 Not Modified (9ms)
[wrangler:info] GET /clean.css 304 Not Modified (9ms)
[wrangler:info] GET /assets/flags/palestine.svg 304 Not Modified (12ms)
[wrangler:info] GET /assets/retro-world-cup-2014.png 304 Not Modified (17ms)
[wrangler:info] GET /player-pools.generated.js 304 Not Modified (8ms)
[wrangler:info] GET /data.js 304 Not Modified (7ms)
[wrangler:info] GET /retro-data.js 304 Not Modified (5ms)
[wrangler:info] GET /retro-2010-squads.js 304 Not Modified (6ms)
[wrangler:info] GET /retro-2010-schedule.js 304 Not Modified (7ms)
[wrangler:info] GET /retro-2014-squads.js 304 Not Modified (11ms)
[wrangler:info] GET /retro-2014-schedule.js 304 Not Modified (12ms)
[wrangler:info] GET /retro-2018-squads.js 304 Not Modified (14ms)
[wrangler:info] GET /retro-2018-schedule.js 304 Not Modified (10ms)
[wrangler:info] GET /retro-2022-squads.js 304 Not Modified (4ms)
[wrangler:info] GET /retro-2022-schedule.js 304 Not Modified (8ms)
[wrangler:info] GET /retro-engine.js 304 Not Modified (8ms)
[wrangler:info] GET /presentation-engine.js 304 Not Modified (9ms)
[wrangler:info] GET /simulation-engine.js 304 Not Modified (19ms)
[wrangler:info] GET /legacy-data/catalog.generated.js 304 Not Modified (25ms)
[wrangler:info] GET /app.js 304 Not Modified (23ms)
[wrangler:info] GET /challenge.js 304 Not Modified (15ms)
[wrangler:info] GET /site.webmanifest 304 Not Modified (13ms)
[wrangler:info] GET /analytics.js 304 Not Modified (17ms)
[wrangler:info] GET /assets/retro-world-cup-2022.png 304 Not Modified (5ms)
{"type":"worker-request","timestamp":"2026-07-26T20:06:24.828Z","requestId":"250e0ed7-ed07-4cfe-bf49-e133a1bb8f33","method":"GET","route":"/api/challenge"}
{"type":"worker-request-complete","timestamp":"2026-07-26T20:06:24.857Z","requestId":"250e0ed7-ed07-4cfe-bf49-e133a1bb8f33","method":"GET","route":"/api/challenge","status":200,"elapsedMs":29}
[wrangler:info] GET /api/challenge 200 OK (34ms)
[wrangler:info] GET /assets/256-teams-icon.svg 304 Not Modified (26ms)
[wrangler:info] GET /assets/256-teams-icon.svg 304 Not Modified (26ms)
{"type":"worker-request","timestamp":"2026-07-26T20:06:24.877Z","requestId":"a246f4a3-9d3a-46ff-9799-56abbfdda5db","method":"POST","route":"/api/challenge/achievements/retro-2014"}
{"type":"worker-request","timestamp":"2026-07-26T20:06:24.883Z","requestId":"25320047-0654-41fd-8686-5d945a8b8ab8","method":"POST","route":"/api/challenge/achievements/retro-2022"}
{"type":"worker-request-complete","timestamp":"2026-07-26T20:06:24.893Z","requestId":"a246f4a3-9d3a-46ff-9799-56abbfdda5db","method":"POST","route":"/api/challenge/achievements/retro-2014","status":200,"elapsedMs":16}
[wrangler:info] POST /api/challenge/achievements/retro-2014 200 OK (20ms)
{"type":"worker-request-complete","timestamp":"2026-07-26T20:06:24.899Z","requestId":"25320047-0654-41fd-8686-5d945a8b8ab8","method":"POST","route":"/api/challenge/achievements/retro-2022","status":200,"elapsedMs":16}
[wrangler:info] POST /api/challenge/achievements/retro-2022 200 OK (23ms)
{"type":"worker-request","timestamp":"2026-07-26T20:06:29.034Z","requestId":"1fa1f5b6-0415-40c2-a66c-e90f884bb734","method":"GET","route":"/"}
{"type":"worker-request-complete","timestamp":"2026-07-26T20:06:29.035Z","requestId":"1fa1f5b6-0415-40c2-a66c-e90f884bb734","method":"GET","route":"/","status":200,"elapsedMs":1}
[wrangler:info] GET / 200 OK (3ms)
[wrangler:info] GET /clean.css 304 Not Modified (5ms)
[wrangler:info] GET /redirect.js 304 Not Modified (4ms)
[wrangler:info] GET /assets/flags/palestine.svg 304 Not Modified (5ms)
[wrangler:info] GET /assets/retro-world-cup-2014.png 304 Not Modified (7ms)
[wrangler:info] GET /player-pools.generated.js 304 Not Modified (7ms)
[wrangler:info] GET /data.js 304 Not Modified (8ms)
[wrangler:info] GET /retro-2010-squads.js 304 Not Modified (3ms)
[wrangler:info] GET /retro-data.js 304 Not Modified (4ms)
[wrangler:info] GET /retro-2010-schedule.js 304 Not Modified (6ms)
[wrangler:info] GET /retro-2014-squads.js 304 Not Modified (9ms)
[wrangler:info] GET /retro-2014-schedule.js 304 Not Modified (10ms)
[wrangler:info] GET /retro-2018-squads.js 304 Not Modified (13ms)
[wrangler:info] GET /retro-2018-schedule.js 304 Not Modified (10ms)
[wrangler:info] GET /retro-2022-squads.js 304 Not Modified (11ms)
[wrangler:info] GET /retro-2022-schedule.js 304 Not Modified (11ms)
[wrangler:info] GET /retro-engine.js 304 Not Modified (15ms)
[wrangler:info] GET /presentation-engine.js 304 Not Modified (24ms)
[wrangler:info] GET /simulation-engine.js 304 Not Modified (24ms)
[wrangler:info] GET /legacy-data/catalog.generated.js 304 Not Modified (25ms)
[wrangler:info] GET /app.js 304 Not Modified (25ms)
[wrangler:info] GET /site.webmanifest 304 Not Modified (24ms)
[wrangler:info] GET /challenge.js 304 Not Modified (33ms)
[wrangler:info] GET /analytics.js 304 Not Modified (24ms)
[wrangler:info] GET /assets/retro-world-cup-2022.png 304 Not Modified (6ms)
{"type":"worker-request","timestamp":"2026-07-26T20:06:30.193Z","requestId":"862c2c14-619d-4f63-8e25-34e2e71876e6","method":"GET","route":"/api/challenge"}
{"type":"worker-request-complete","timestamp":"2026-07-26T20:06:30.202Z","requestId":"862c2c14-619d-4f63-8e25-34e2e71876e6","method":"GET","route":"/api/challenge","status":200,"elapsedMs":9}
[wrangler:info] GET /api/challenge 200 OK (15ms)
[wrangler:info] GET /assets/256-teams-icon.svg 304 Not Modified (6ms)
[wrangler:info] GET /assets/256-teams-icon.svg 304 Not Modified (8ms)
{"type":"worker-request","timestamp":"2026-07-26T20:06:30.218Z","requestId":"4064b1a3-7fab-44d0-90b1-9c803185d2af","method":"POST","route":"/api/challenge/achievements/retro-2014"}
{"type":"worker-request","timestamp":"2026-07-26T20:06:30.221Z","requestId":"e00fb303-b10a-4cd8-8db2-891b6d474d04","method":"POST","route":"/api/challenge/achievements/retro-2022"}
{"type":"worker-request-complete","timestamp":"2026-07-26T20:06:30.229Z","requestId":"4064b1a3-7fab-44d0-90b1-9c803185d2af","method":"POST","route":"/api/challenge/achievements/retro-2014","status":200,"elapsedMs":11}
[wrangler:info] POST /api/challenge/achievements/retro-2014 200 OK (14ms)
{"type":"worker-request-complete","timestamp":"2026-07-26T20:06:30.235Z","requestId":"e00fb303-b10a-4cd8-8db2-891b6d474d04","method":"POST","route":"/api/challenge/achievements/retro-2022","status":200,"elapsedMs":14}
[wrangler:info] POST /api/challenge/achievements/retro-2022 200 OK (20ms)
⎔ Reloading local server...
[wrangler:info] ✨ Parsed 3 valid header rules.
⎔ Local server updated and ready
⎔ Reloading local server...
[wrangler:info] ✨ Parsed 3 valid header rules.
⎔ Local server updated and ready
{"type":"worker-request","timestamp":"2026-07-26T20:06:57.484Z","requestId":"8a9250a7-a8f5-4945-a27b-aec6332b4f8d","method":"GET","route":"/"}
{"type":"worker-request-complete","timestamp":"2026-07-26T20:06:57.496Z","requestId":"8a9250a7-a8f5-4945-a27b-aec6332b4f8d","method":"GET","route":"/","status":200,"elapsedMs":12}
[wrangler:info] GET / 200 OK (17ms)
[wrangler:info] GET /redirect.js 304 Not Modified (7ms)
[wrangler:info] GET /clean.css 304 Not Modified (8ms)
[wrangler:info] GET /assets/retro-world-cup-2014.png 304 Not Modified (5ms)
[wrangler:info] GET /assets/flags/palestine.svg 304 Not Modified (12ms)
[wrangler:info] GET /player-pools.generated.js 304 Not Modified (6ms)
[wrangler:info] GET /data.js 304 Not Modified (7ms)
[wrangler:info] GET /retro-data.js 304 Not Modified (9ms)
[wrangler:info] GET /retro-2010-schedule.js 304 Not Modified (8ms)
[wrangler:info] GET /retro-2010-squads.js 304 Not Modified (10ms)
[wrangler:info] GET /retro-2014-squads.js 304 Not Modified (6ms)
[wrangler:info] GET /retro-2018-squads.js 304 Not Modified (10ms)
[wrangler:info] GET /retro-2014-schedule.js 304 Not Modified (14ms)
[wrangler:info] GET /retro-2018-schedule.js 304 Not Modified (11ms)
[wrangler:info] GET /retro-2022-squads.js 304 Not Modified (10ms)
[wrangler:info] GET /retro-2022-schedule.js 304 Not Modified (22ms)
[wrangler:info] GET /retro-engine.js 304 Not Modified (29ms)
[wrangler:info] GET /presentation-engine.js 304 Not Modified (42ms)
[wrangler:info] GET /simulation-engine.js 304 Not Modified (45ms)
[wrangler:info] GET /legacy-data/catalog.generated.js 304 Not Modified (48ms)
[wrangler:info] GET /challenge.js 304 Not Modified (39ms)
[wrangler:info] GET /app.js 304 Not Modified (54ms)
[wrangler:info] GET /site.webmanifest 304 Not Modified (40ms)
[wrangler:info] GET /analytics.js 304 Not Modified (41ms)
[wrangler:info] GET /assets/retro-world-cup-2022.png 304 Not Modified (9ms)
{"type":"worker-request","timestamp":"2026-07-26T20:06:57.884Z","requestId":"e1942839-935b-4b7a-9dba-21268ff186c0","method":"GET","route":"/api/challenge"}
{"type":"worker-request-complete","timestamp":"2026-07-26T20:06:57.912Z","requestId":"e1942839-935b-4b7a-9dba-21268ff186c0","method":"GET","route":"/api/challenge","status":200,"elapsedMs":28}
[wrangler:info] GET /api/challenge 200 OK (47ms)
[wrangler:info] GET /assets/256-teams-icon.svg 304 Not Modified (32ms)
[wrangler:info] GET /assets/256-teams-icon.svg 304 Not Modified (15ms)
{"type":"worker-request","timestamp":"2026-07-26T20:06:57.946Z","requestId":"b42ec673-8041-491f-8672-eb2dadc988ee","method":"POST","route":"/api/challenge/achievements/retro-2014"}
{"type":"worker-request","timestamp":"2026-07-26T20:06:57.949Z","requestId":"bf2d2594-ad4d-468f-ab49-aebd078b95e7","method":"POST","route":"/api/challenge/achievements/retro-2022"}
{"type":"worker-request-complete","timestamp":"2026-07-26T20:06:57.961Z","requestId":"b42ec673-8041-491f-8672-eb2dadc988ee","method":"POST","route":"/api/challenge/achievements/retro-2014","status":200,"elapsedMs":16}
[wrangler:info] POST /api/challenge/achievements/retro-2014 200 OK (19ms)
{"type":"worker-request-complete","timestamp":"2026-07-26T20:06:57.966Z","requestId":"bf2d2594-ad4d-468f-ab49-aebd078b95e7","method":"POST","route":"/api/challenge/achievements/retro-2022","status":200,"elapsedMs":17}
[wrangler:info] POST /api/challenge/achievements/retro-2022 200 OK (22ms)
{"type":"worker-request","timestamp":"2026-07-26T20:08:25.672Z","requestId":"59f06c2a-3b3c-4f40-a7fa-01ce982f79e9","method":"GET","route":"/"}
{"type":"worker-request-complete","timestamp":"2026-07-26T20:08:25.674Z","requestId":"59f06c2a-3b3c-4f40-a7fa-01ce982f79e9","method":"GET","route":"/","status":200,"elapsedMs":2}
[wrangler:info] GET / 200 OK (7ms)
[wrangler:info] GET /redirect.js 304 Not Modified (7ms)
[wrangler:info] GET /clean.css 304 Not Modified (7ms)
[wrangler:info] GET /assets/flags/palestine.svg 304 Not Modified (7ms)
[wrangler:info] GET /assets/retro-world-cup-2014.png 304 Not Modified (9ms)
[wrangler:info] GET /player-pools.generated.js 304 Not Modified (5ms)
[wrangler:info] GET /data.js 304 Not Modified (6ms)
[wrangler:info] GET /retro-data.js 304 Not Modified (6ms)
[wrangler:info] GET /retro-2010-squads.js 304 Not Modified (11ms)
[wrangler:info] GET /retro-2010-schedule.js 304 Not Modified (15ms)
[wrangler:info] GET /retro-2014-squads.js 304 Not Modified (15ms)
[wrangler:info] GET /retro-2014-schedule.js 304 Not Modified (16ms)
[wrangler:info] GET /retro-2018-schedule.js 304 Not Modified (16ms)
[wrangler:info] GET /retro-2022-squads.js 304 Not Modified (12ms)
[wrangler:info] GET /retro-2022-schedule.js 304 Not Modified (16ms)
[wrangler:info] GET /retro-2018-squads.js 304 Not Modified (41ms)
[wrangler:info] GET /presentation-engine.js 304 Not Modified (38ms)
[wrangler:info] GET /retro-engine.js 304 Not Modified (51ms)
[wrangler:info] GET /app.js 304 Not Modified (42ms)
[wrangler:info] GET /legacy-data/catalog.generated.js 304 Not Modified (66ms)
[wrangler:info] GET /simulation-engine.js 304 Not Modified (100ms)
[wrangler:info] GET /challenge.js 304 Not Modified (107ms)
[wrangler:info] GET /site.webmanifest 304 Not Modified (99ms)
[wrangler:info] GET /analytics.js 304 Not Modified (106ms)
[wrangler:info] GET /assets/retro-world-cup-2022.png 304 Not Modified (6ms)
{"type":"worker-request","timestamp":"2026-07-26T20:08:26.864Z","requestId":"925b8ffc-7f86-4773-b6df-0fa6dd0239be","method":"GET","route":"/api/challenge"}
{"type":"worker-request-complete","timestamp":"2026-07-26T20:08:26.878Z","requestId":"925b8ffc-7f86-4773-b6df-0fa6dd0239be","method":"GET","route":"/api/challenge","status":200,"elapsedMs":14}
[wrangler:info] GET /api/challenge 200 OK (19ms)
[wrangler:info] GET /assets/256-teams-icon.svg 304 Not Modified (14ms)
[wrangler:info] GET /assets/256-teams-icon.svg 304 Not Modified (17ms)
{"type":"worker-request","timestamp":"2026-07-26T20:08:26.893Z","requestId":"b3317b3b-0c4d-4c98-a78a-1a557a593a1a","method":"POST","route":"/api/challenge/achievements/retro-2014"}
{"type":"worker-request","timestamp":"2026-07-26T20:08:26.897Z","requestId":"d917f91c-35c3-4fee-ac34-5785a4f12e99","method":"POST","route":"/api/challenge/achievements/retro-2022"}
{"type":"worker-request-complete","timestamp":"2026-07-26T20:08:26.920Z","requestId":"b3317b3b-0c4d-4c98-a78a-1a557a593a1a","method":"POST","route":"/api/challenge/achievements/retro-2014","status":200,"elapsedMs":27}
[wrangler:info] POST /api/challenge/achievements/retro-2014 200 OK (30ms)
{"type":"worker-request-complete","timestamp":"2026-07-26T20:08:26.930Z","requestId":"d917f91c-35c3-4fee-ac34-5785a4f12e99","method":"POST","route":"/api/challenge/achievements/retro-2022","status":200,"elapsedMs":33}
[wrangler:info] POST /api/challenge/achievements/retro-2022 200 OK (38ms)
⎔ Reloading local server...
[wrangler:info] ✨ Parsed 3 valid header rules.
⎔ Local server updated and ready
⎔ Reloading local server...
[wrangler:info] ✨ Parsed 3 valid header rules.
⎔ Local server updated and ready
{"type":"worker-request","timestamp":"2026-07-26T20:08:30.783Z","requestId":"88222baa-273c-4b3a-b884-d123f7380ca1","method":"GET","route":"/api/challenge/achievements/retro-2022"}
{"type":"worker-request-complete","timestamp":"2026-07-26T20:08:30.810Z","requestId":"88222baa-273c-4b3a-b884-d123f7380ca1","method":"GET","route":"/api/challenge/achievements/retro-2022","status":200,"elapsedMs":27}
[wrangler:info] GET /api/challenge/achievements/retro-2022 200 OK (1665ms)
{"type":"worker-request","timestamp":"2026-07-26T20:08:30.813Z","requestId":"370806a2-3edb-4ffa-b5a1-46ea1f682942","method":"GET","route":"/api/challenge/profile"}
{"type":"worker-request-complete","timestamp":"2026-07-26T20:08:30.818Z","requestId":"370806a2-3edb-4ffa-b5a1-46ea1f682942","method":"GET","route":"/api/challenge/profile","status":200,"elapsedMs":5}
{"type":"worker-request","timestamp":"2026-07-26T20:08:30.831Z","requestId":"2a50590d-848d-4059-a090-0922466e1376","method":"GET","route":"/api/challenge/achievements/retro-2010"}
[wrangler:info] GET /api/challenge/profile 200 OK (930ms)
[wrangler:info] GET /api/challenge/achievements/retro-2010 200 OK (6ms)
{"type":"worker-request-complete","timestamp":"2026-07-26T20:08:30.835Z","requestId":"2a50590d-848d-4059-a090-0922466e1376","method":"GET","route":"/api/challenge/achievements/retro-2010","status":200,"elapsedMs":4}
{"type":"worker-request","timestamp":"2026-07-26T20:08:30.837Z","requestId":"b7baddab-9ba6-4c10-a1c5-d9f3d29b3a31","method":"GET","route":"/api/challenge/achievements/retro-2014"}
{"type":"worker-request-complete","timestamp":"2026-07-26T20:08:30.842Z","requestId":"b7baddab-9ba6-4c10-a1c5-d9f3d29b3a31","method":"GET","route":"/api/challenge/achievements/retro-2014","status":200,"elapsedMs":5}
[wrangler:info] GET /api/challenge/achievements/retro-2014 200 OK (12ms)
{"type":"worker-request","timestamp":"2026-07-26T20:08:30.843Z","requestId":"1eb1aa8c-f553-49b5-b9fa-f34d919f7eb8","method":"GET","route":"/api/challenge/achievements/retro-2018"}
{"type":"worker-request-complete","timestamp":"2026-07-26T20:08:30.847Z","requestId":"1eb1aa8c-f553-49b5-b9fa-f34d919f7eb8","method":"GET","route":"/api/challenge/achievements/retro-2018","status":200,"elapsedMs":4}
{"type":"worker-request","timestamp":"2026-07-26T20:08:30.849Z","requestId":"c958c145-3469-4272-a378-d70417a262ff","method":"GET","route":"/api/challenge/achievements/retro-2022"}
[wrangler:info] GET /api/challenge/achievements/retro-2018 200 OK (17ms)
[wrangler:info] GET /api/challenge/achievements/retro-2022 200 OK (22ms)
{"type":"worker-request-complete","timestamp":"2026-07-26T20:08:30.852Z","requestId":"c958c145-3469-4272-a378-d70417a262ff","method":"GET","route":"/api/challenge/achievements/retro-2022","status":200,"elapsedMs":3}
{"type":"worker-request","timestamp":"2026-07-26T20:08:32.524Z","requestId":"f7da188a-35e0-4ffb-b2e2-dc0e9f0e2eed","method":"GET","route":"/api/challenge"}
{"type":"worker-request-complete","timestamp":"2026-07-26T20:08:32.540Z","requestId":"f7da188a-35e0-4ffb-b2e2-dc0e9f0e2eed","method":"GET","route":"/api/challenge","status":200,"elapsedMs":16}
[wrangler:info] GET /api/challenge 200 OK (21ms)
{"type":"worker-request","timestamp":"2026-07-26T20:08:33.992Z","requestId":"d1ec0952-08d4-4f38-89af-eb0f565a24d8","method":"GET","route":"/api/challenge/achievements/retro-2022"}
{"type":"worker-request-complete","timestamp":"2026-07-26T20:08:33.997Z","requestId":"d1ec0952-08d4-4f38-89af-eb0f565a24d8","method":"GET","route":"/api/challenge/achievements/retro-2022","status":200,"elapsedMs":5}
[wrangler:info] GET /api/challenge/achievements/retro-2022 200 OK (11ms)
{"type":"worker-request","timestamp":"2026-07-26T20:08:36.041Z","requestId":"f9ec3ca1-a187-473b-867c-f02aff206209","method":"GET","route":"/api/challenge/achievements/retro-2022"}
{"type":"worker-request-complete","timestamp":"2026-07-26T20:08:36.048Z","requestId":"f9ec3ca1-a187-473b-867c-f02aff206209","method":"GET","route":"/api/challenge/achievements/retro-2022","status":200,"elapsedMs":7}
[wrangler:info] GET /api/challenge/achievements/retro-2022 200 OK (11ms)
{"type":"worker-request","timestamp":"2026-07-26T20:08:42.185Z","requestId":"da24e991-0b3b-4c45-bef2-520162856740","method":"GET","route":"/"}
{"type":"worker-request-complete","timestamp":"2026-07-26T20:08:42.226Z","requestId":"da24e991-0b3b-4c45-bef2-520162856740","method":"GET","route":"/","status":200,"elapsedMs":41}
[wrangler:info] GET / 200 OK (44ms)
[wrangler:info] GET /redirect.js 304 Not Modified (9ms)
[wrangler:info] GET /clean.css 200 OK (19ms)
[wrangler:info] GET /assets/flags/palestine.svg 304 Not Modified (20ms)
[wrangler:info] GET /assets/retro-world-cup-2014.png 304 Not Modified (32ms)
[wrangler:info] GET /player-pools.generated.js 304 Not Modified (45ms)
[wrangler:info] GET /data.js 304 Not Modified (67ms)
[wrangler:info] GET /retro-data.js 304 Not Modified (70ms)
[wrangler:info] GET /retro-2010-squads.js 304 Not Modified (106ms)
[wrangler:info] GET /retro-2010-schedule.js 304 Not Modified (140ms)
[wrangler:info] GET /retro-2014-schedule.js 304 Not Modified (150ms)
[wrangler:info] GET /retro-2018-squads.js 304 Not Modified (186ms)
[wrangler:info] GET /retro-2018-schedule.js 304 Not Modified (209ms)
[wrangler:info] GET /retro-2022-squads.js 304 Not Modified (236ms)
[wrangler:info] GET /retro-2014-squads.js 304 Not Modified (390ms)
[wrangler:info] GET /retro-2022-schedule.js 304 Not Modified (281ms)
[wrangler:info] GET /retro-engine.js 304 Not Modified (282ms)
[wrangler:info] GET /presentation-engine.js 304 Not Modified (268ms)
[wrangler:info] GET /simulation-engine.js 304 Not Modified (288ms)
[wrangler:info] GET /legacy-data/catalog.generated.js 200 OK (251ms)
[wrangler:info] GET /app.js 304 Not Modified (420ms)
[wrangler:info] GET /challenge.js 200 OK (429ms)
[wrangler:info] GET /site.webmanifest 304 Not Modified (398ms)
[wrangler:info] GET /analytics.js 304 Not Modified (358ms)
[wrangler:info] GET /assets/retro-world-cup-2022.png 304 Not Modified (14ms)
{"type":"worker-request","timestamp":"2026-07-26T20:08:43.389Z","requestId":"4f67b106-6ad7-4da5-b211-36db66cbb3f0","method":"GET","route":"/api/challenge"}
{"type":"worker-request-complete","timestamp":"2026-07-26T20:08:43.407Z","requestId":"4f67b106-6ad7-4da5-b211-36db66cbb3f0","method":"GET","route":"/api/challenge","status":200,"elapsedMs":18}
[wrangler:info] GET /api/challenge 200 OK (24ms)
[wrangler:info] GET /assets/256-teams-icon.svg 304 Not Modified (6ms)
[wrangler:info] GET /assets/256-teams-icon.svg 304 Not Modified (6ms)
{"type":"worker-request","timestamp":"2026-07-26T20:08:43.419Z","requestId":"df8b0497-0003-41cb-bb47-641847eeb778","method":"POST","route":"/api/challenge/achievements/retro-2014"}
{"type":"worker-request","timestamp":"2026-07-26T20:08:43.426Z","requestId":"d671e4cd-ba69-4785-b26c-667b0f9a1181","method":"POST","route":"/api/challenge/achievements/retro-2022"}
{"type":"worker-request-complete","timestamp":"2026-07-26T20:08:43.439Z","requestId":"df8b0497-0003-41cb-bb47-641847eeb778","method":"POST","route":"/api/challenge/achievements/retro-2014","status":200,"elapsedMs":20}
[wrangler:info] POST /api/challenge/achievements/retro-2014 200 OK (24ms)
{"type":"worker-request-complete","timestamp":"2026-07-26T20:08:43.445Z","requestId":"d671e4cd-ba69-4785-b26c-667b0f9a1181","method":"POST","route":"/api/challenge/achievements/retro-2022","status":200,"elapsedMs":19}
[wrangler:info] POST /api/challenge/achievements/retro-2022 200 OK (28ms)
{"type":"worker-request","timestamp":"2026-07-26T20:08:43.465Z","requestId":"b91f21ce-f638-48c5-83fe-382fa653108b","method":"GET","route":"/api/challenge/achievements/leaderboard"}
{"type":"worker-request-complete","timestamp":"2026-07-26T20:08:43.471Z","requestId":"b91f21ce-f638-48c5-83fe-382fa653108b","method":"GET","route":"/api/challenge/achievements/leaderboard","status":200,"elapsedMs":6}
[wrangler:info] GET /api/challenge/achievements/leaderboard 200 OK (10ms)
{"type":"worker-request","timestamp":"2026-07-26T20:08:53.923Z","requestId":"d4da5460-1603-423d-bbd9-e06a249ed038","method":"GET","route":"/api/challenge/achievements/retro-2022"}
{"type":"worker-request-complete","timestamp":"2026-07-26T20:08:53.934Z","requestId":"d4da5460-1603-423d-bbd9-e06a249ed038","method":"GET","route":"/api/challenge/achievements/retro-2022","status":200,"elapsedMs":11}
[wrangler:info] GET /api/challenge/achievements/retro-2022 200 OK (15ms)
{"type":"worker-request","timestamp":"2026-07-26T20:09:19.930Z","requestId":"9cafc06d-cd1e-44d7-a755-13a374d40a64","method":"GET","route":"/"}
{"type":"worker-request-complete","timestamp":"2026-07-26T20:09:19.931Z","requestId":"9cafc06d-cd1e-44d7-a755-13a374d40a64","method":"GET","route":"/","status":200,"elapsedMs":1}
[wrangler:info] GET / 200 OK (6ms)
[wrangler:info] GET /redirect.js 304 Not Modified (4ms)
[wrangler:info] GET /clean.css 200 OK (5ms)
[wrangler:info] GET /assets/flags/palestine.svg 304 Not Modified (5ms)
[wrangler:info] GET /assets/retro-world-cup-2014.png 304 Not Modified (7ms)
[wrangler:info] GET /player-pools.generated.js 304 Not Modified (3ms)
[wrangler:info] GET /data.js 304 Not Modified (4ms)
[wrangler:info] GET /retro-data.js 304 Not Modified (4ms)
[wrangler:info] GET /retro-2010-squads.js 304 Not Modified (5ms)
[wrangler:info] GET /retro-2014-squads.js 304 Not Modified (4ms)
[wrangler:info] GET /retro-2010-schedule.js 304 Not Modified (7ms)
[wrangler:info] GET /retro-2014-schedule.js 304 Not Modified (3ms)
[wrangler:info] GET /retro-2018-squads.js 304 Not Modified (6ms)
[wrangler:info] GET /retro-2018-schedule.js 304 Not Modified (9ms)
[wrangler:info] GET /retro-2022-squads.js 304 Not Modified (11ms)
[wrangler:info] GET /retro-2022-schedule.js 304 Not Modified (3ms)
[wrangler:info] GET /retro-engine.js 304 Not Modified (2ms)
[wrangler:info] GET /presentation-engine.js 304 Not Modified (3ms)
[wrangler:info] GET /legacy-data/catalog.generated.js 200 OK (3ms)
[wrangler:info] GET /simulation-engine.js 304 Not Modified (3ms)
[wrangler:info] GET /app.js 304 Not Modified (5ms)
[wrangler:info] GET /challenge.js 200 OK (6ms)
[wrangler:info] GET /analytics.js 304 Not Modified (7ms)
[wrangler:info] GET /assets/retro-world-cup-2022.png 304 Not Modified (2ms)
{"type":"worker-request","timestamp":"2026-07-26T20:09:20.345Z","requestId":"fd04d792-ed3d-44ab-984e-389f2b6b8f3b","method":"GET","route":"/api/challenge"}
{"type":"worker-request-complete","timestamp":"2026-07-26T20:09:20.354Z","requestId":"fd04d792-ed3d-44ab-984e-389f2b6b8f3b","method":"GET","route":"/api/challenge","status":200,"elapsedMs":9}
[wrangler:info] GET /api/challenge 200 OK (11ms)
{"type":"worker-request","timestamp":"2026-07-26T20:09:20.490Z","requestId":"685a1054-e85f-473c-b7db-a410253848d4","method":"GET","route":"/api/challenge/achievements/leaderboard"}
{"type":"worker-request-complete","timestamp":"2026-07-26T20:09:20.492Z","requestId":"685a1054-e85f-473c-b7db-a410253848d4","method":"GET","route":"/api/challenge/achievements/leaderboard","status":200,"elapsedMs":2}
[wrangler:info] GET /api/challenge/achievements/leaderboard 200 OK (4ms)
{"type":"worker-request","timestamp":"2026-07-26T20:09:25.594Z","requestId":"bac1ddb5-ddda-4cfa-bc7a-43b2844d5bda","method":"GET","route":"/"}
{"type":"worker-request-complete","timestamp":"2026-07-26T20:09:25.595Z","requestId":"bac1ddb5-ddda-4cfa-bc7a-43b2844d5bda","method":"GET","route":"/","status":200,"elapsedMs":1}
[wrangler:info] GET / 200 OK (4ms)
[wrangler:info] GET /redirect.js 304 Not Modified (9ms)
[wrangler:info] GET /clean.css 304 Not Modified (8ms)
[wrangler:info] GET /assets/flags/palestine.svg 304 Not Modified (8ms)
[wrangler:info] GET /assets/retro-world-cup-2014.png 304 Not Modified (8ms)
[wrangler:info] GET /player-pools.generated.js 304 Not Modified (5ms)
[wrangler:info] GET /data.js 304 Not Modified (9ms)
[wrangler:info] GET /retro-data.js 304 Not Modified (6ms)
[wrangler:info] GET /retro-2010-squads.js 304 Not Modified (13ms)
[wrangler:info] GET /retro-2014-squads.js 304 Not Modified (14ms)
[wrangler:info] GET /retro-2010-schedule.js 304 Not Modified (15ms)
[wrangler:info] GET /retro-2014-schedule.js 304 Not Modified (12ms)
[wrangler:info] GET /retro-2018-squads.js 304 Not Modified (15ms)
[wrangler:info] GET /retro-2018-schedule.js 304 Not Modified (15ms)
[wrangler:info] GET /retro-engine.js 304 Not Modified (9ms)
[wrangler:info] GET /retro-2022-squads.js 304 Not Modified (77ms)
[wrangler:info] GET /retro-2022-schedule.js 304 Not Modified (91ms)
[wrangler:info] GET /legacy-data/catalog.generated.js 304 Not Modified (83ms)
[wrangler:info] GET /presentation-engine.js 304 Not Modified (125ms)
[wrangler:info] GET /simulation-engine.js 304 Not Modified (117ms)
[wrangler:info] GET /challenge.js 304 Not Modified (71ms)
[wrangler:info] GET /site.webmanifest 304 Not Modified (73ms)
[wrangler:info] GET /app.js 304 Not Modified (167ms)
[wrangler:info] GET /analytics.js 304 Not Modified (145ms)
{"type":"worker-request","timestamp":"2026-07-26T20:09:26.146Z","requestId":"9548b54b-0913-4b17-9a9f-6cd386860065","method":"GET","route":"/api/challenge"}
{"type":"worker-request-complete","timestamp":"2026-07-26T20:09:26.197Z","requestId":"9548b54b-0913-4b17-9a9f-6cd386860065","method":"GET","route":"/api/challenge","status":200,"elapsedMs":51}
[wrangler:info] GET /api/challenge 200 OK (83ms)
[wrangler:info] GET /assets/retro-world-cup-2022.png 304 Not Modified (105ms)
{"type":"worker-request","timestamp":"2026-07-26T20:09:26.216Z","requestId":"ecb4fcac-cdce-48ce-b820-51d6a8b44b7e","method":"POST","route":"/api/challenge/achievements/retro-2014"}
{"type":"worker-request","timestamp":"2026-07-26T20:09:26.224Z","requestId":"73290877-bf4b-444a-966e-a04fa5ae6770","method":"POST","route":"/api/challenge/achievements/retro-2022"}
[wrangler:info] GET /assets/256-teams-icon.svg 304 Not Modified (10ms)
{"type":"worker-request-complete","timestamp":"2026-07-26T20:09:26.234Z","requestId":"ecb4fcac-cdce-48ce-b820-51d6a8b44b7e","method":"POST","route":"/api/challenge/achievements/retro-2014","status":200,"elapsedMs":18}
[wrangler:info] POST /api/challenge/achievements/retro-2014 200 OK (22ms)
[wrangler:info] GET /assets/256-teams-icon.svg 304 Not Modified (19ms)
{"type":"worker-request-complete","timestamp":"2026-07-26T20:09:26.247Z","requestId":"73290877-bf4b-444a-966e-a04fa5ae6770","method":"POST","route":"/api/challenge/achievements/retro-2022","status":200,"elapsedMs":23}
[wrangler:info] POST /api/challenge/achievements/retro-2022 200 OK (33ms)
{"type":"worker-request","timestamp":"2026-07-26T20:09:26.260Z","requestId":"a39d9cb7-0d38-432f-9d0e-bbf2cbc9eeb1","method":"GET","route":"/api/challenge/achievements/leaderboard"}
{"type":"worker-request-complete","timestamp":"2026-07-26T20:09:26.264Z","requestId":"a39d9cb7-0d38-432f-9d0e-bbf2cbc9eeb1","method":"GET","route":"/api/challenge/achievements/leaderboard","status":200,"elapsedMs":4}
[wrangler:info] GET /api/challenge/achievements/leaderboard 200 OK (5ms)
{"type":"worker-request","timestamp":"2026-07-26T20:09:41.041Z","requestId":"5c9eec0e-69ec-4f79-9cb6-2095295effaf","method":"GET","route":"/"}
{"type":"worker-request-complete","timestamp":"2026-07-26T20:09:41.042Z","requestId":"5c9eec0e-69ec-4f79-9cb6-2095295effaf","method":"GET","route":"/","status":200,"elapsedMs":1}
[wrangler:info] GET / 200 OK (3ms)
[wrangler:info] GET /redirect.js 304 Not Modified (3ms)
[wrangler:info] GET /clean.css 304 Not Modified (5ms)
[wrangler:info] GET /assets/flags/palestine.svg 304 Not Modified (5ms)
[wrangler:info] GET /assets/retro-world-cup-2014.png 304 Not Modified (6ms)
[wrangler:info] GET /player-pools.generated.js 304 Not Modified (3ms)
[wrangler:info] GET /data.js 304 Not Modified (3ms)
[wrangler:info] GET /retro-data.js 304 Not Modified (4ms)
[wrangler:info] GET /retro-2010-squads.js 304 Not Modified (3ms)
[wrangler:info] GET /retro-2010-schedule.js 304 Not Modified (4ms)
[wrangler:info] GET /retro-2014-squads.js 304 Not Modified (6ms)
[wrangler:info] GET /retro-2014-schedule.js 304 Not Modified (2ms)
[wrangler:info] GET /retro-2018-squads.js 304 Not Modified (3ms)
[wrangler:info] GET /retro-2018-schedule.js 304 Not Modified (3ms)
[wrangler:info] GET /retro-2022-squads.js 304 Not Modified (3ms)
[wrangler:info] GET /retro-2022-schedule.js 304 Not Modified (4ms)
[wrangler:info] GET /retro-engine.js 304 Not Modified (6ms)
[wrangler:info] GET /presentation-engine.js 304 Not Modified (3ms)
[wrangler:info] GET /simulation-engine.js 304 Not Modified (5ms)
[wrangler:info] GET /legacy-data/catalog.generated.js 304 Not Modified (4ms)
[wrangler:info] GET /app.js 304 Not Modified (5ms)
[wrangler:info] GET /challenge.js 304 Not Modified (4ms)
[wrangler:info] GET /analytics.js 304 Not Modified (5ms)
[wrangler:info] GET /assets/retro-world-cup-2022.png 304 Not Modified (3ms)
{"type":"worker-request","timestamp":"2026-07-26T20:09:41.443Z","requestId":"e55b1d34-47bc-4a93-833c-0fd07d260ff0","method":"GET","route":"/api/challenge"}
{"type":"worker-request-complete","timestamp":"2026-07-26T20:09:41.449Z","requestId":"e55b1d34-47bc-4a93-833c-0fd07d260ff0","method":"GET","route":"/api/challenge","status":200,"elapsedMs":6}
[wrangler:info] GET /api/challenge 200 OK (9ms)
{"type":"worker-request","timestamp":"2026-07-26T20:09:41.483Z","requestId":"eae6fb07-3e8a-49cd-a737-80eaf05f97db","method":"GET","route":"/api/challenge/achievements/leaderboard"}
{"type":"worker-request-complete","timestamp":"2026-07-26T20:09:41.486Z","requestId":"eae6fb07-3e8a-49cd-a737-80eaf05f97db","method":"GET","route":"/api/challenge/achievements/leaderboard","status":200,"elapsedMs":3}
[wrangler:info] GET /api/challenge/achievements/leaderboard 200 OK (5ms)
[wrangler:info] GET /assets/256-teams-icon.svg 304 Not Modified (3ms)
{"type":"worker-request","timestamp":"2026-07-26T20:09:50.129Z","requestId":"9500d641-1c38-4fd7-b1a2-562d2961c8e7","method":"GET","route":"/"}
{"type":"worker-request-complete","timestamp":"2026-07-26T20:09:50.130Z","requestId":"9500d641-1c38-4fd7-b1a2-562d2961c8e7","method":"GET","route":"/","status":200,"elapsedMs":1}
[wrangler:info] GET / 200 OK (4ms)
[wrangler:info] GET /redirect.js 304 Not Modified (7ms)
[wrangler:info] GET /analytics.js 304 Not Modified (10ms)
[wrangler:info] GET /clean.css 304 Not Modified (9ms)
[wrangler:info] GET /assets/flags/palestine.svg 304 Not Modified (12ms)
[wrangler:info] GET /assets/retro-world-cup-2014.png 304 Not Modified (17ms)
[wrangler:info] GET /player-pools.generated.js 304 Not Modified (5ms)
[wrangler:info] GET /data.js 304 Not Modified (7ms)
[wrangler:info] GET /retro-data.js 304 Not Modified (16ms)
[wrangler:info] GET /retro-2010-squads.js 304 Not Modified (17ms)
[wrangler:info] GET /retro-2010-schedule.js 304 Not Modified (25ms)
[wrangler:info] GET /retro-2014-schedule.js 304 Not Modified (22ms)
[wrangler:info] GET /retro-2018-schedule.js 304 Not Modified (32ms)
[wrangler:info] GET /retro-2014-squads.js 304 Not Modified (41ms)
[wrangler:info] GET /retro-2018-squads.js 304 Not Modified (53ms)
[wrangler:info] GET /retro-2022-schedule.js 304 Not Modified (34ms)
[wrangler:info] GET /retro-engine.js 304 Not Modified (37ms)
[wrangler:info] GET /retro-2022-squads.js 304 Not Modified (51ms)
[wrangler:info] GET /simulation-engine.js 304 Not Modified (19ms)
[wrangler:info] GET /presentation-engine.js 304 Not Modified (25ms)
[wrangler:info] GET /legacy-data/catalog.generated.js 304 Not Modified (24ms)
[wrangler:info] GET /app.js 304 Not Modified (21ms)
[wrangler:info] GET /challenge.js 304 Not Modified (22ms)
[wrangler:info] GET /assets/retro-world-cup-2022.png 304 Not Modified (3ms)
{"type":"worker-request","timestamp":"2026-07-26T20:09:50.321Z","requestId":"ab578281-9bc5-463b-bf26-2074c150d03e","method":"GET","route":"/api/challenge"}
{"type":"worker-request-complete","timestamp":"2026-07-26T20:09:50.328Z","requestId":"ab578281-9bc5-463b-bf26-2074c150d03e","method":"GET","route":"/api/challenge","status":200,"elapsedMs":7}
[wrangler:info] GET /api/challenge 200 OK (10ms)
{"type":"worker-request","timestamp":"2026-07-26T20:09:50.348Z","requestId":"fe9ee07b-05de-4f48-bbb0-dfbab85f047b","method":"GET","route":"/api/challenge/achievements/leaderboard"}
{"type":"worker-request-complete","timestamp":"2026-07-26T20:09:50.351Z","requestId":"fe9ee07b-05de-4f48-bbb0-dfbab85f047b","method":"GET","route":"/api/challenge/achievements/leaderboard","status":200,"elapsedMs":3}
[wrangler:info] GET /api/challenge/achievements/leaderboard 200 OK (8ms)
[wrangler:info] GET /assets/256-teams-icon.svg 304 Not Modified (5ms)
{"type":"worker-request","timestamp":"2026-07-26T20:10:31.067Z","requestId":"5c5f3c4b-895d-488d-8940-2c9d6546fb22","method":"GET","route":"/"}
{"type":"worker-request-complete","timestamp":"2026-07-26T20:10:31.068Z","requestId":"5c5f3c4b-895d-488d-8940-2c9d6546fb22","method":"GET","route":"/","status":200,"elapsedMs":1}
[wrangler:info] GET / 200 OK (7ms)
[wrangler:info] GET /redirect.js 304 Not Modified (7ms)
[wrangler:info] GET /clean.css 304 Not Modified (8ms)
[wrangler:info] GET /assets/flags/palestine.svg 304 Not Modified (11ms)
[wrangler:info] GET /assets/retro-world-cup-2014.png 304 Not Modified (14ms)
[wrangler:info] GET /player-pools.generated.js 304 Not Modified (3ms)
[wrangler:info] GET /data.js 304 Not Modified (7ms)
[wrangler:info] GET /retro-data.js 304 Not Modified (13ms)
[wrangler:info] GET /retro-2010-squads.js 304 Not Modified (12ms)
[wrangler:info] GET /retro-2010-schedule.js 304 Not Modified (10ms)
[wrangler:info] GET /retro-2014-schedule.js 304 Not Modified (8ms)
[wrangler:info] GET /retro-2018-squads.js 304 Not Modified (9ms)
[wrangler:info] GET /retro-2014-squads.js 304 Not Modified (9ms)
[wrangler:info] GET /retro-2018-schedule.js 304 Not Modified (5ms)
[wrangler:info] GET /retro-2022-squads.js 304 Not Modified (22ms)
[wrangler:info] GET /retro-2022-schedule.js 304 Not Modified (25ms)
[wrangler:info] GET /retro-engine.js 304 Not Modified (25ms)
[wrangler:info] GET /presentation-engine.js 304 Not Modified (24ms)
[wrangler:info] GET /simulation-engine.js 304 Not Modified (39ms)
[wrangler:info] GET /legacy-data/catalog.generated.js 304 Not Modified (45ms)
[wrangler:info] GET /app.js 304 Not Modified (19ms)
[wrangler:info] GET /analytics.js 304 Not Modified (18ms)
[wrangler:info] GET /challenge.js 304 Not Modified (22ms)
[wrangler:info] GET /site.webmanifest 304 Not Modified (27ms)
[wrangler:info] GET /assets/retro-world-cup-2022.png 304 Not Modified (9ms)
{"type":"worker-request","timestamp":"2026-07-26T20:10:31.400Z","requestId":"a9ed85cd-28bb-4201-bfd3-5e95e3d54679","method":"GET","route":"/api/challenge"}
{"type":"worker-request-complete","timestamp":"2026-07-26T20:10:31.422Z","requestId":"a9ed85cd-28bb-4201-bfd3-5e95e3d54679","method":"GET","route":"/api/challenge","status":200,"elapsedMs":22}
[wrangler:info] GET /api/challenge 200 OK (39ms)
[wrangler:info] GET /assets/256-teams-icon.svg 304 Not Modified (26ms)
[wrangler:info] GET /assets/256-teams-icon.svg 304 Not Modified (30ms)
{"type":"worker-request","timestamp":"2026-07-26T20:10:31.457Z","requestId":"5d96d751-4f36-4c64-8d60-63c0cf03502f","method":"POST","route":"/api/challenge/achievements/retro-2014"}
{"type":"worker-request","timestamp":"2026-07-26T20:10:31.461Z","requestId":"e561345b-f52a-43fa-8d52-95a305d9a405","method":"POST","route":"/api/challenge/achievements/retro-2022"}
{"type":"worker-request-complete","timestamp":"2026-07-26T20:10:31.469Z","requestId":"5d96d751-4f36-4c64-8d60-63c0cf03502f","method":"POST","route":"/api/challenge/achievements/retro-2014","status":200,"elapsedMs":12}
[wrangler:info] POST /api/challenge/achievements/retro-2014 200 OK (17ms)
{"type":"worker-request-complete","timestamp":"2026-07-26T20:10:31.477Z","requestId":"e561345b-f52a-43fa-8d52-95a305d9a405","method":"POST","route":"/api/challenge/achievements/retro-2022","status":200,"elapsedMs":16}
[wrangler:info] POST /api/challenge/achievements/retro-2022 200 OK (22ms)
{"type":"worker-request","timestamp":"2026-07-26T20:10:31.489Z","requestId":"4ef97be1-6f14-4d20-ae56-65c89a41b040","method":"GET","route":"/api/challenge/achievements/leaderboard"}
{"type":"worker-request-complete","timestamp":"2026-07-26T20:10:31.493Z","requestId":"4ef97be1-6f14-4d20-ae56-65c89a41b040","method":"GET","route":"/api/challenge/achievements/leaderboard","status":200,"elapsedMs":4}
[wrangler:info] GET /api/challenge/achievements/leaderboard 200 OK (8ms)
{"type":"worker-request","timestamp":"2026-07-26T20:10:39.159Z","requestId":"b0493cc2-2184-479e-a8b6-ea64139bdd50","method":"GET","route":"/profile"}
{"type":"worker-request-complete","timestamp":"2026-07-26T20:10:39.160Z","requestId":"b0493cc2-2184-479e-a8b6-ea64139bdd50","method":"GET","route":"/profile","status":200,"elapsedMs":1}
[wrangler:info] GET /profile 200 OK (4ms)
[wrangler:info] GET /redirect.js 304 Not Modified (3ms)
[wrangler:info] GET /analytics.js 304 Not Modified (6ms)
[wrangler:info] GET /clean.css 304 Not Modified (5ms)
[wrangler:info] GET /assets/flags/palestine.svg 304 Not Modified (5ms)
[wrangler:info] GET /assets/retro-world-cup-2014.png 304 Not Modified (9ms)
[wrangler:info] GET /player-pools.generated.js 304 Not Modified (4ms)
[wrangler:info] GET /data.js 304 Not Modified (5ms)
[wrangler:info] GET /retro-data.js 304 Not Modified (6ms)
[wrangler:info] GET /retro-2010-schedule.js 304 Not Modified (3ms)
[wrangler:info] GET /retro-2010-squads.js 304 Not Modified (4ms)
[wrangler:info] GET /retro-2014-squads.js 304 Not Modified (3ms)
[wrangler:info] GET /retro-2014-schedule.js 304 Not Modified (2ms)
[wrangler:info] GET /retro-2018-squads.js 304 Not Modified (6ms)
[wrangler:info] GET /retro-2018-schedule.js 304 Not Modified (7ms)
[wrangler:info] GET /retro-2022-squads.js 304 Not Modified (8ms)
[wrangler:info] GET /retro-2022-schedule.js 304 Not Modified (9ms)
[wrangler:info] GET /retro-engine.js 304 Not Modified (12ms)
[wrangler:info] GET /presentation-engine.js 304 Not Modified (4ms)
[wrangler:info] GET /simulation-engine.js 304 Not Modified (3ms)
[wrangler:info] GET /legacy-data/catalog.generated.js 304 Not Modified (4ms)
[wrangler:info] GET /app.js 304 Not Modified (5ms)
[wrangler:info] GET /challenge.js 304 Not Modified (8ms)
[wrangler:info] GET /assets/retro-world-cup-2022.png 304 Not Modified (3ms)
{"type":"worker-request","timestamp":"2026-07-26T20:10:39.514Z","requestId":"e6e3384b-b05e-4845-a0ba-2e7639343388","method":"GET","route":"/api/challenge/profile"}
{"type":"worker-request-complete","timestamp":"2026-07-26T20:10:39.515Z","requestId":"e6e3384b-b05e-4845-a0ba-2e7639343388","method":"GET","route":"/api/challenge/profile","status":401,"elapsedMs":1}
[wrangler:info] GET /api/challenge/profile 401 Unauthorized (4ms)
{"type":"worker-request","timestamp":"2026-07-26T20:10:39.562Z","requestId":"5b6a6b5d-1494-44a1-b723-5d31db2f490f","method":"GET","route":"/api/challenge"}
{"type":"worker-request-complete","timestamp":"2026-07-26T20:10:39.571Z","requestId":"5b6a6b5d-1494-44a1-b723-5d31db2f490f","method":"GET","route":"/api/challenge","status":200,"elapsedMs":9}
[wrangler:info] GET /api/challenge 200 OK (11ms)
{"type":"worker-request","timestamp":"2026-07-26T20:10:47.765Z","requestId":"50b65b4f-ac12-4ab7-87ed-662f4fdd8803","method":"GET","route":"/"}
{"type":"worker-request-complete","timestamp":"2026-07-26T20:10:47.766Z","requestId":"50b65b4f-ac12-4ab7-87ed-662f4fdd8803","method":"GET","route":"/","status":200,"elapsedMs":1}
[wrangler:info] GET / 200 OK (7ms)
[wrangler:info] GET /redirect.js 304 Not Modified (9ms)
[wrangler:info] GET /clean.css 304 Not Modified (10ms)
[wrangler:info] GET /assets/flags/palestine.svg 304 Not Modified (11ms)
[wrangler:info] GET /assets/retro-world-cup-2014.png 304 Not Modified (13ms)
[wrangler:info] GET /player-pools.generated.js 304 Not Modified (7ms)
[wrangler:info] GET /data.js 304 Not Modified (8ms)
[wrangler:info] GET /retro-data.js 304 Not Modified (9ms)
[wrangler:info] GET /retro-2010-squads.js 304 Not Modified (10ms)
[wrangler:info] GET /retro-2010-schedule.js 304 Not Modified (10ms)
[wrangler:info] GET /retro-2014-schedule.js 304 Not Modified (12ms)
[wrangler:info] GET /retro-2014-squads.js 304 Not Modified (18ms)
[wrangler:info] GET /retro-2018-squads.js 304 Not Modified (15ms)
[wrangler:info] GET /retro-2018-schedule.js 304 Not Modified (9ms)
[wrangler:info] GET /retro-2022-squads.js 304 Not Modified (9ms)
[wrangler:info] GET /retro-2022-schedule.js 304 Not Modified (21ms)
[wrangler:info] GET /retro-engine.js 304 Not Modified (26ms)
[wrangler:info] GET /app.js 304 Not Modified (16ms)
[wrangler:info] GET /legacy-data/catalog.generated.js 304 Not Modified (22ms)
[wrangler:info] GET /presentation-engine.js 304 Not Modified (29ms)
[wrangler:info] GET /simulation-engine.js 304 Not Modified (31ms)
[wrangler:info] GET /challenge.js 304 Not Modified (25ms)
[wrangler:info] GET /site.webmanifest 304 Not Modified (26ms)
[wrangler:info] GET /analytics.js 304 Not Modified (24ms)
[wrangler:info] GET /assets/retro-world-cup-2022.png 304 Not Modified (5ms)
{"type":"worker-request","timestamp":"2026-07-26T20:10:48.101Z","requestId":"c1f73eac-7632-4671-961f-118b6b399357","method":"GET","route":"/api/challenge"}
{"type":"worker-request-complete","timestamp":"2026-07-26T20:10:48.120Z","requestId":"c1f73eac-7632-4671-961f-118b6b399357","method":"GET","route":"/api/challenge","status":200,"elapsedMs":18}
[wrangler:info] GET /api/challenge 200 OK (25ms)
[wrangler:info] GET /assets/256-teams-icon.svg 304 Not Modified (25ms)
[wrangler:info] GET /assets/256-teams-icon.svg 304 Not Modified (24ms)
{"type":"worker-request","timestamp":"2026-07-26T20:10:48.144Z","requestId":"3c8e97e3-51e2-458f-a34f-bbbde594c01f","method":"POST","route":"/api/challenge/achievements/retro-2014"}
{"type":"worker-request","timestamp":"2026-07-26T20:10:48.146Z","requestId":"608c8549-20e4-4bb4-8787-ee5e2b2f8c1b","method":"POST","route":"/api/challenge/achievements/retro-2022"}
{"type":"worker-request-complete","timestamp":"2026-07-26T20:10:48.156Z","requestId":"3c8e97e3-51e2-458f-a34f-bbbde594c01f","method":"POST","route":"/api/challenge/achievements/retro-2014","status":200,"elapsedMs":12}
[wrangler:info] POST /api/challenge/achievements/retro-2014 200 OK (15ms)
{"type":"worker-request-complete","timestamp":"2026-07-26T20:10:48.163Z","requestId":"608c8549-20e4-4bb4-8787-ee5e2b2f8c1b","method":"POST","route":"/api/challenge/achievements/retro-2022","status":200,"elapsedMs":17}
[wrangler:info] POST /api/challenge/achievements/retro-2022 200 OK (22ms)
{"type":"worker-request","timestamp":"2026-07-26T20:10:48.179Z","requestId":"2c704c05-c344-4d39-8935-f87dc77928bb","method":"GET","route":"/api/challenge/achievements/leaderboard"}
{"type":"worker-request-complete","timestamp":"2026-07-26T20:10:48.182Z","requestId":"2c704c05-c344-4d39-8935-f87dc77928bb","method":"GET","route":"/api/challenge/achievements/leaderboard","status":200,"elapsedMs":3}
[wrangler:info] GET /api/challenge/achievements/leaderboard 200 OK (7ms)
{"type":"worker-request","timestamp":"2026-07-26T20:10:58.933Z","requestId":"de8718e2-42c3-414c-9950-0758139a1c58","method":"GET","route":"/profile"}
{"type":"worker-request-complete","timestamp":"2026-07-26T20:10:58.935Z","requestId":"de8718e2-42c3-414c-9950-0758139a1c58","method":"GET","route":"/profile","status":200,"elapsedMs":2}
[wrangler:info] GET /profile 200 OK (5ms)
⎔ Reloading local server...
[wrangler:info] ✨ Parsed 3 valid header rules.
⎔ Local server updated and ready
{"type":"worker-request","timestamp":"2026-07-26T20:12:41.985Z","requestId":"2bafac16-863c-44a5-b5d6-5e55cf6623d3","method":"GET","route":"/"}
{"type":"worker-request-complete","timestamp":"2026-07-26T20:12:41.993Z","requestId":"2bafac16-863c-44a5-b5d6-5e55cf6623d3","method":"GET","route":"/","status":200,"elapsedMs":8}
[wrangler:info] GET / 200 OK (13ms)
[wrangler:info] GET /redirect.js 304 Not Modified (9ms)
[wrangler:info] GET /clean.css 304 Not Modified (9ms)
[wrangler:info] GET /assets/flags/palestine.svg 304 Not Modified (11ms)
[wrangler:info] GET /assets/retro-world-cup-2014.png 304 Not Modified (12ms)
[wrangler:info] GET /player-pools.generated.js 304 Not Modified (4ms)
[wrangler:info] GET /data.js 304 Not Modified (7ms)
[wrangler:info] GET /retro-data.js 304 Not Modified (8ms)
[wrangler:info] GET /retro-2010-squads.js 304 Not Modified (8ms)
[wrangler:info] GET /retro-2010-schedule.js 304 Not Modified (9ms)
[wrangler:info] GET /retro-2014-squads.js 304 Not Modified (14ms)
[wrangler:info] GET /retro-2014-schedule.js 304 Not Modified (11ms)
[wrangler:info] GET /retro-2018-squads.js 304 Not Modified (12ms)
[wrangler:info] GET /retro-2018-schedule.js 304 Not Modified (9ms)
[wrangler:info] GET /retro-2022-squads.js 304 Not Modified (7ms)
[wrangler:info] GET /retro-2022-schedule.js 304 Not Modified (21ms)
[wrangler:info] GET /retro-engine.js 304 Not Modified (21ms)
[wrangler:info] GET /presentation-engine.js 304 Not Modified (40ms)
[wrangler:info] GET /simulation-engine.js 304 Not Modified (47ms)
[wrangler:info] GET /legacy-data/catalog.generated.js 304 Not Modified (51ms)
[wrangler:info] GET /challenge.js 304 Not Modified (36ms)
[wrangler:info] GET /app.js 304 Not Modified (51ms)
[wrangler:info] GET /analytics.js 304 Not Modified (27ms)
[wrangler:info] GET /site.webmanifest 304 Not Modified (49ms)
[wrangler:info] GET /assets/retro-world-cup-2022.png 304 Not Modified (9ms)
{"type":"worker-request","timestamp":"2026-07-26T20:12:42.362Z","requestId":"05c24ac0-5a10-4a98-ba2a-ef7e67f6e20a","method":"GET","route":"/api/challenge"}
{"type":"worker-request-complete","timestamp":"2026-07-26T20:12:42.391Z","requestId":"05c24ac0-5a10-4a98-ba2a-ef7e67f6e20a","method":"GET","route":"/api/challenge","status":200,"elapsedMs":29}
[wrangler:info] GET /api/challenge 200 OK (35ms)
[wrangler:info] GET /assets/256-teams-icon.svg 304 Not Modified (21ms)
[wrangler:info] GET /assets/256-teams-icon.svg 304 Not Modified (17ms)
{"type":"worker-request","timestamp":"2026-07-26T20:12:42.411Z","requestId":"2c995385-e826-4f56-9097-26d893af0964","method":"POST","route":"/api/challenge/achievements/retro-2014"}
{"type":"worker-request","timestamp":"2026-07-26T20:12:42.418Z","requestId":"eb294157-4853-4eb2-ae9c-a299759c277f","method":"POST","route":"/api/challenge/achievements/retro-2022"}
{"type":"worker-request-complete","timestamp":"2026-07-26T20:12:42.429Z","requestId":"2c995385-e826-4f56-9097-26d893af0964","method":"POST","route":"/api/challenge/achievements/retro-2014","status":200,"elapsedMs":18}
[wrangler:info] POST /api/challenge/achievements/retro-2014 200 OK (19ms)
{"type":"worker-request-complete","timestamp":"2026-07-26T20:12:42.438Z","requestId":"eb294157-4853-4eb2-ae9c-a299759c277f","method":"POST","route":"/api/challenge/achievements/retro-2022","status":200,"elapsedMs":20}
[wrangler:info] POST /api/challenge/achievements/retro-2022 200 OK (28ms)
{"type":"worker-request","timestamp":"2026-07-26T20:12:42.458Z","requestId":"ceea3df2-5e57-4ee1-9dac-dd5c7cb792d1","method":"GET","route":"/api/challenge/achievements/leaderboard"}
{"type":"worker-request-complete","timestamp":"2026-07-26T20:12:42.478Z","requestId":"ceea3df2-5e57-4ee1-9dac-dd5c7cb792d1","method":"GET","route":"/api/challenge/achievements/leaderboard","status":200,"elapsedMs":20}
[wrangler:info] GET /api/challenge/achievements/leaderboard 200 OK (25ms)
⎔ Reloading local server...
[wrangler:info] ✨ Parsed 3 valid header rules.
⎔ Local server updated and ready
⎔ Reloading local server...
[wrangler:info] ✨ Parsed 3 valid header rules.
⎔ Local server updated and ready
{"type":"worker-request","timestamp":"2026-07-26T20:13:03.024Z","requestId":"7cc3ef91-5c73-4ea6-971c-e87645cb20c7","method":"GET","route":"/api/challenge/achievements/retro-2022"}
{"type":"worker-request-complete","timestamp":"2026-07-26T20:13:03.055Z","requestId":"7cc3ef91-5c73-4ea6-971c-e87645cb20c7","method":"GET","route":"/api/challenge/achievements/retro-2022","status":200,"elapsedMs":31}
[wrangler:info] GET /api/challenge/achievements/retro-2022 200 OK (43ms)
{"type":"worker-request","timestamp":"2026-07-26T20:13:23.117Z","requestId":"33ccc4ea-361a-43e6-b4ce-ce35bc86b4e9","method":"GET","route":"/api/challenge/achievements/leaderboard"}
{"type":"worker-request-complete","timestamp":"2026-07-26T20:13:23.132Z","requestId":"33ccc4ea-361a-43e6-b4ce-ce35bc86b4e9","method":"GET","route":"/api/challenge/achievements/leaderboard","status":200,"elapsedMs":15}
[wrangler:info] GET /api/challenge/achievements/leaderboard 200 OK (19ms)
⎔ Reloading local server...
[wrangler:info] ✨ Parsed 3 valid header rules.
⎔ Local server updated and ready
⎔ Reloading local server...
[wrangler:info] ✨ Parsed 3 valid header rules.
⎔ Local server updated and ready
⎔ Reloading local server...
[wrangler:info] ✨ Parsed 3 valid header rules.
⎔ Local server updated and ready
{"type":"worker-request","timestamp":"2026-07-26T20:14:02.761Z","requestId":"af0f0baa-ce16-4f23-9c9a-6f64b048c4b2","method":"GET","route":"/api/challenge/achievements/retro-2010"}
{"type":"worker-request-complete","timestamp":"2026-07-26T20:14:02.766Z","requestId":"af0f0baa-ce16-4f23-9c9a-6f64b048c4b2","method":"GET","route":"/api/challenge/achievements/retro-2010","status":200,"elapsedMs":5}
[wrangler:info] GET /api/challenge/achievements/retro-2010 200 OK (11ms)
⎔ Reloading local server...
[wrangler:info] ✨ Parsed 3 valid header rules.
⎔ Local server updated and ready
⎔ Reloading local server...
[wrangler:info] ✨ Parsed 3 valid header rules.
⎔ Local server updated and ready
{"type":"worker-request","timestamp":"2026-07-26T20:14:11.737Z","requestId":"a0ac5762-ed66-4674-9465-c979a1ea73fe","method":"GET","route":"/achievements"}
{"type":"worker-request-complete","timestamp":"2026-07-26T20:14:11.776Z","requestId":"a0ac5762-ed66-4674-9465-c979a1ea73fe","method":"GET","route":"/achievements","status":200,"elapsedMs":39}
[wrangler:info] GET /achievements 200 OK (46ms)
[wrangler:info] GET /redirect.js 304 Not Modified (10ms)
[wrangler:info] GET /clean.css 200 OK (35ms)
[wrangler:info] GET /player-pools.generated.js 304 Not Modified (87ms)
[wrangler:info] GET /assets/flags/palestine.svg 304 Not Modified (115ms)
[wrangler:info] GET /assets/retro-world-cup-2014.png 304 Not Modified (163ms)
[wrangler:info] GET /retro-2010-squads.js 304 Not Modified (118ms)
[wrangler:info] GET /retro-2010-schedule.js 304 Not Modified (143ms)
[wrangler:info] GET /data.js 304 Not Modified (298ms)
[wrangler:info] GET /retro-2014-squads.js 304 Not Modified (224ms)
[wrangler:info] GET /retro-data.js 304 Not Modified (430ms)
[wrangler:info] GET /retro-2014-schedule.js 304 Not Modified (235ms)
[wrangler:info] GET /retro-2018-squads.js 304 Not Modified (267ms)
[wrangler:info] GET /retro-2018-schedule.js 304 Not Modified (251ms)
[wrangler:info] GET /retro-2022-squads.js 304 Not Modified (225ms)
[wrangler:info] GET /retro-2022-schedule.js 304 Not Modified (228ms)
[wrangler:info] GET /retro-engine.js 304 Not Modified (234ms)
[wrangler:info] GET /presentation-engine.js 304 Not Modified (223ms)
[wrangler:info] GET /simulation-engine.js 304 Not Modified (270ms)
[wrangler:info] GET /legacy-data/catalog.generated.js 200 OK (262ms)
[wrangler:info] GET /app.js 304 Not Modified (578ms)
[wrangler:info] GET /challenge.js 200 OK (587ms)
[wrangler:info] GET /analytics.js 304 Not Modified (540ms)
{"type":"worker-request","timestamp":"2026-07-26T20:14:13.189Z","requestId":"c843e819-d167-4ee8-bba9-20f1430f2e61","method":"GET","route":"/api/challenge"}
{"type":"worker-request-complete","timestamp":"2026-07-26T20:14:13.207Z","requestId":"c843e819-d167-4ee8-bba9-20f1430f2e61","method":"GET","route":"/api/challenge","status":200,"elapsedMs":18}
[wrangler:info] GET /api/challenge 200 OK (21ms)
[wrangler:info] GET /assets/retro-world-cup-2022.png 304 Not Modified (28ms)
{"type":"worker-request","timestamp":"2026-07-26T20:14:13.231Z","requestId":"e6d46b53-3e05-422b-9668-67cb05cd7240","method":"GET","route":"/api/challenge/achievements/leaderboard"}
{"type":"worker-request-complete","timestamp":"2026-07-26T20:14:13.240Z","requestId":"e6d46b53-3e05-422b-9668-67cb05cd7240","method":"GET","route":"/api/challenge/achievements/leaderboard","status":200,"elapsedMs":9}
[wrangler:info] GET /api/challenge/achievements/leaderboard 200 OK (12ms)
{"type":"worker-request","timestamp":"2026-07-26T20:14:13.248Z","requestId":"a3c82773-77db-4253-96c1-27ad81c3ff26","method":"GET","route":"/api/challenge/achievements/retro-2014"}
{"type":"worker-request-complete","timestamp":"2026-07-26T20:14:13.250Z","requestId":"a3c82773-77db-4253-96c1-27ad81c3ff26","method":"GET","route":"/api/challenge/achievements/retro-2014","status":200,"elapsedMs":2}
[wrangler:info] GET /api/challenge/achievements/retro-2014 200 OK (4ms)
{"type":"worker-request","timestamp":"2026-07-26T20:14:23.221Z","requestId":"8a4238a6-5704-4394-a813-8d2ce601133a","method":"GET","route":"/achievements"}
{"type":"worker-request-complete","timestamp":"2026-07-26T20:14:23.224Z","requestId":"8a4238a6-5704-4394-a813-8d2ce601133a","method":"GET","route":"/achievements","status":200,"elapsedMs":3}
[wrangler:info] GET /achievements 200 OK (8ms)
[wrangler:info] GET /redirect.js 304 Not Modified (7ms)
[wrangler:info] GET /clean.css 200 OK (8ms)
[wrangler:info] GET /assets/flags/palestine.svg 304 Not Modified (8ms)
[wrangler:info] GET /assets/retro-world-cup-2014.png 304 Not Modified (9ms)
[wrangler:info] GET /player-pools.generated.js 304 Not Modified (5ms)
[wrangler:info] GET /data.js 304 Not Modified (12ms)
[wrangler:info] GET /retro-data.js 304 Not Modified (9ms)
[wrangler:info] GET /retro-2010-squads.js 304 Not Modified (7ms)
[wrangler:info] GET /retro-2010-schedule.js 304 Not Modified (8ms)
[wrangler:info] GET /retro-2014-squads.js 304 Not Modified (8ms)
[wrangler:info] GET /retro-2014-schedule.js 304 Not Modified (11ms)
[wrangler:info] GET /retro-2018-squads.js 304 Not Modified (10ms)
[wrangler:info] GET /retro-2018-schedule.js 304 Not Modified (6ms)
[wrangler:info] GET /retro-2022-squads.js 304 Not Modified (45ms)
[wrangler:info] GET /retro-2022-schedule.js 304 Not Modified (45ms)
[wrangler:info] GET /retro-engine.js 304 Not Modified (65ms)
[wrangler:info] GET /presentation-engine.js 304 Not Modified (86ms)
[wrangler:info] GET /simulation-engine.js 304 Not Modified (98ms)
[wrangler:info] GET /app.js 304 Not Modified (68ms)
[wrangler:info] GET /site.webmanifest 304 Not Modified (49ms)
[wrangler:info] GET /legacy-data/catalog.generated.js 200 OK (128ms)
[wrangler:info] GET /analytics.js 304 Not Modified (45ms)
[wrangler:info] GET /challenge.js 200 OK (100ms)
{"type":"worker-request","timestamp":"2026-07-26T20:14:23.708Z","requestId":"53840473-cb65-4aca-ae99-8feef7260d43","method":"GET","route":"/api/challenge"}
{"type":"worker-request-complete","timestamp":"2026-07-26T20:14:23.728Z","requestId":"53840473-cb65-4aca-ae99-8feef7260d43","method":"GET","route":"/api/challenge","status":200,"elapsedMs":20}
[wrangler:info] GET /api/challenge 200 OK (23ms)
[wrangler:info] GET /assets/retro-world-cup-2022.png 304 Not Modified (28ms)
{"type":"worker-request","timestamp":"2026-07-26T20:14:23.745Z","requestId":"6605a552-26dd-4047-b351-921a76d97ccd","method":"POST","route":"/api/challenge/achievements/retro-2014"}
{"type":"worker-request","timestamp":"2026-07-26T20:14:23.752Z","requestId":"d00b5158-bdb3-4bd5-bb43-156848f5cb43","method":"POST","route":"/api/challenge/achievements/retro-2022"}
{"type":"worker-request-complete","timestamp":"2026-07-26T20:14:23.768Z","requestId":"6605a552-26dd-4047-b351-921a76d97ccd","method":"POST","route":"/api/challenge/achievements/retro-2014","status":200,"elapsedMs":23}
[wrangler:info] POST /api/challenge/achievements/retro-2014 200 OK (28ms)
[wrangler:info] GET /assets/256-teams-icon.svg 304 Not Modified (29ms)
[wrangler:info] GET /assets/256-teams-icon.svg 304 Not Modified (28ms)
{"type":"worker-request-complete","timestamp":"2026-07-26T20:14:23.790Z","requestId":"d00b5158-bdb3-4bd5-bb43-156848f5cb43","method":"POST","route":"/api/challenge/achievements/retro-2022","status":200,"elapsedMs":38}
[wrangler:info] POST /api/challenge/achievements/retro-2022 200 OK (48ms)
{"type":"worker-request","timestamp":"2026-07-26T20:14:23.827Z","requestId":"2d963521-dba5-4e0e-98a9-0aee9ad6cbc5","method":"GET","route":"/api/challenge/achievements/leaderboard"}
{"type":"worker-request-complete","timestamp":"2026-07-26T20:14:23.837Z","requestId":"2d963521-dba5-4e0e-98a9-0aee9ad6cbc5","method":"GET","route":"/api/challenge/achievements/leaderboard","status":200,"elapsedMs":10}
[wrangler:info] GET /api/challenge/achievements/leaderboard 200 OK (16ms)
{"type":"worker-request","timestamp":"2026-07-26T20:14:23.850Z","requestId":"4ff7531e-15b1-4068-9d02-1ebdffa56fa1","method":"GET","route":"/api/challenge/achievements/retro-2022"}
{"type":"worker-request-complete","timestamp":"2026-07-26T20:14:23.858Z","requestId":"4ff7531e-15b1-4068-9d02-1ebdffa56fa1","method":"GET","route":"/api/challenge/achievements/retro-2022","status":200,"elapsedMs":8}
[wrangler:info] GET /api/challenge/achievements/retro-2022 200 OK (15ms)
{"type":"worker-request","timestamp":"2026-07-26T20:14:37.823Z","requestId":"c436f5fd-d6e8-4035-a2e7-f0f3aaf56de6","method":"GET","route":"/achievements"}
{"type":"worker-request-complete","timestamp":"2026-07-26T20:14:37.824Z","requestId":"c436f5fd-d6e8-4035-a2e7-f0f3aaf56de6","method":"GET","route":"/achievements","status":200,"elapsedMs":1}
[wrangler:info] GET /achievements 200 OK (5ms)
[wrangler:info] GET /redirect.js 304 Not Modified (2ms)
[wrangler:info] GET /clean.css 304 Not Modified (6ms)
[wrangler:info] GET /assets/flags/palestine.svg 304 Not Modified (6ms)
[wrangler:info] GET /assets/retro-world-cup-2014.png 304 Not Modified (7ms)
[wrangler:info] GET /player-pools.generated.js 304 Not Modified (4ms)
[wrangler:info] GET /data.js 304 Not Modified (2ms)
[wrangler:info] GET /retro-data.js 304 Not Modified (3ms)
[wrangler:info] GET /retro-2010-squads.js 304 Not Modified (4ms)
[wrangler:info] GET /retro-2010-schedule.js 304 Not Modified (3ms)
[wrangler:info] GET /retro-2014-squads.js 304 Not Modified (6ms)
[wrangler:info] GET /retro-2014-schedule.js 304 Not Modified (5ms)
[wrangler:info] GET /retro-2018-squads.js 304 Not Modified (2ms)
[wrangler:info] GET /retro-2018-schedule.js 304 Not Modified (4ms)
[wrangler:info] GET /retro-2022-squads.js 304 Not Modified (4ms)
[wrangler:info] GET /retro-2022-schedule.js 304 Not Modified (3ms)
[wrangler:info] GET /retro-engine.js 304 Not Modified (3ms)
[wrangler:info] GET /presentation-engine.js 304 Not Modified (4ms)
[wrangler:info] GET /simulation-engine.js 304 Not Modified (3ms)
[wrangler:info] GET /legacy-data/catalog.generated.js 304 Not Modified (4ms)
[wrangler:info] GET /app.js 304 Not Modified (3ms)
[wrangler:info] GET /challenge.js 304 Not Modified (2ms)
[wrangler:info] GET /analytics.js 304 Not Modified (4ms)
[wrangler:info] GET /assets/retro-world-cup-2022.png 304 Not Modified (4ms)
{"type":"worker-request","timestamp":"2026-07-26T20:14:38.283Z","requestId":"6b226b33-4eea-4e25-9a62-61fac3f8c2c9","method":"GET","route":"/api/challenge"}
{"type":"worker-request-complete","timestamp":"2026-07-26T20:14:38.290Z","requestId":"6b226b33-4eea-4e25-9a62-61fac3f8c2c9","method":"GET","route":"/api/challenge","status":200,"elapsedMs":7}
[wrangler:info] GET /api/challenge 200 OK (10ms)
{"type":"worker-request","timestamp":"2026-07-26T20:14:38.331Z","requestId":"695195b5-c5dd-401b-865d-0ef68d9cbaab","method":"GET","route":"/api/challenge/achievements/leaderboard"}
{"type":"worker-request-complete","timestamp":"2026-07-26T20:14:38.336Z","requestId":"695195b5-c5dd-401b-865d-0ef68d9cbaab","method":"GET","route":"/api/challenge/achievements/leaderboard","status":200,"elapsedMs":5}
[wrangler:info] GET /api/challenge/achievements/leaderboard 200 OK (8ms)
{"type":"worker-request","timestamp":"2026-07-26T20:14:38.347Z","requestId":"907380f8-500e-4ce5-99f6-5380cb3c08cc","method":"GET","route":"/api/challenge/achievements/retro-2014"}
{"type":"worker-request-complete","timestamp":"2026-07-26T20:14:38.347Z","requestId":"907380f8-500e-4ce5-99f6-5380cb3c08cc","method":"GET","route":"/api/challenge/achievements/retro-2014","status":200,"elapsedMs":0}
[wrangler:info] GET /api/challenge/achievements/retro-2014 200 OK (3ms)
[wrangler:info] GET /assets/256-teams-icon.svg 304 Not Modified (4ms)
{"type":"worker-request","timestamp":"2026-07-26T20:17:03.128Z","requestId":"eefd18b6-f63f-48ec-a1b6-da00b7d2f875","method":"GET","route":"/"}
{"type":"worker-request-complete","timestamp":"2026-07-26T20:17:03.129Z","requestId":"eefd18b6-f63f-48ec-a1b6-da00b7d2f875","method":"GET","route":"/","status":200,"elapsedMs":1}
[wrangler:info] GET / 200 OK (5ms)
[wrangler:info] GET /redirect.js 304 Not Modified (6ms)
[wrangler:info] GET /clean.css 304 Not Modified (7ms)
[wrangler:info] GET /assets/flags/palestine.svg 304 Not Modified (8ms)
[wrangler:info] GET /assets/retro-world-cup-2014.png 304 Not Modified (8ms)
[wrangler:info] GET /player-pools.generated.js 304 Not Modified (6ms)
[wrangler:info] GET /data.js 304 Not Modified (10ms)
[wrangler:info] GET /retro-data.js 304 Not Modified (7ms)
[wrangler:info] GET /retro-2010-squads.js 304 Not Modified (9ms)
[wrangler:info] GET /retro-2010-schedule.js 304 Not Modified (13ms)
[wrangler:info] GET /retro-2014-squads.js 304 Not Modified (12ms)
[wrangler:info] GET /retro-2014-schedule.js 304 Not Modified (13ms)
[wrangler:info] GET /retro-2018-squads.js 304 Not Modified (9ms)
[wrangler:info] GET /retro-2018-schedule.js 304 Not Modified (9ms)
[wrangler:info] GET /retro-2022-squads.js 304 Not Modified (10ms)
[wrangler:info] GET /retro-2022-schedule.js 304 Not Modified (7ms)
[wrangler:info] GET /retro-engine.js 304 Not Modified (8ms)
[wrangler:info] GET /presentation-engine.js 304 Not Modified (8ms)
[wrangler:info] GET /simulation-engine.js 304 Not Modified (4ms)
[wrangler:info] GET /legacy-data/catalog.generated.js 304 Not Modified (9ms)
[wrangler:info] GET /app.js 304 Not Modified (13ms)
[wrangler:info] GET /challenge.js 304 Not Modified (17ms)
[wrangler:info] GET /site.webmanifest 304 Not Modified (21ms)
[wrangler:info] GET /analytics.js 304 Not Modified (28ms)
[wrangler:info] GET /assets/retro-world-cup-2022.png 304 Not Modified (6ms)
{"type":"worker-request","timestamp":"2026-07-26T20:17:03.411Z","requestId":"2c882ed2-c577-4a44-a6b7-932213c05c41","method":"GET","route":"/api/challenge"}
{"type":"worker-request-complete","timestamp":"2026-07-26T20:17:03.446Z","requestId":"2c882ed2-c577-4a44-a6b7-932213c05c41","method":"GET","route":"/api/challenge","status":200,"elapsedMs":35}
[wrangler:info] GET /api/challenge 200 OK (44ms)
[wrangler:info] GET /assets/256-teams-icon.svg 304 Not Modified (38ms)
[wrangler:info] GET /assets/256-teams-icon.svg 304 Not Modified (36ms)
{"type":"worker-request","timestamp":"2026-07-26T20:17:03.465Z","requestId":"d69d6445-3c12-4312-ba80-a42e8a2a5c55","method":"POST","route":"/api/challenge/achievements/retro-2014"}
{"type":"worker-request","timestamp":"2026-07-26T20:17:03.470Z","requestId":"adaf1371-6cba-4677-bfd6-c0530e1f205e","method":"POST","route":"/api/challenge/achievements/retro-2022"}
{"type":"worker-request-complete","timestamp":"2026-07-26T20:17:03.475Z","requestId":"d69d6445-3c12-4312-ba80-a42e8a2a5c55","method":"POST","route":"/api/challenge/achievements/retro-2014","status":200,"elapsedMs":10}
[wrangler:info] POST /api/challenge/achievements/retro-2014 200 OK (13ms)
{"type":"worker-request-complete","timestamp":"2026-07-26T20:17:03.480Z","requestId":"adaf1371-6cba-4677-bfd6-c0530e1f205e","method":"POST","route":"/api/challenge/achievements/retro-2022","status":200,"elapsedMs":10}
[wrangler:info] POST /api/challenge/achievements/retro-2022 200 OK (18ms)
{"type":"worker-request","timestamp":"2026-07-26T20:17:03.494Z","requestId":"8ea528ee-4d78-486f-ac0a-e84cc3cc6fd6","method":"GET","route":"/api/challenge/achievements/leaderboard"}
{"type":"worker-request-complete","timestamp":"2026-07-26T20:17:03.497Z","requestId":"8ea528ee-4d78-486f-ac0a-e84cc3cc6fd6","method":"GET","route":"/api/challenge/achievements/leaderboard","status":200,"elapsedMs":3}
[wrangler:info] GET /api/challenge/achievements/leaderboard 200 OK (8ms)
{"type":"worker-request","timestamp":"2026-07-26T20:17:06.466Z","requestId":"f8de104f-427c-47ba-ac68-ac5929ddb0ad","method":"GET","route":"/"}
{"type":"worker-request-complete","timestamp":"2026-07-26T20:17:06.467Z","requestId":"f8de104f-427c-47ba-ac68-ac5929ddb0ad","method":"GET","route":"/","status":200,"elapsedMs":1}
[wrangler:info] GET / 200 OK (5ms)
[wrangler:info] GET /clean.css 304 Not Modified (7ms)
[wrangler:info] GET /redirect.js 304 Not Modified (7ms)
[wrangler:info] GET /assets/flags/palestine.svg 304 Not Modified (9ms)
[wrangler:info] GET /assets/retro-world-cup-2014.png 304 Not Modified (10ms)
[wrangler:info] GET /player-pools.generated.js 304 Not Modified (3ms)
[wrangler:info] GET /data.js 304 Not Modified (8ms)
[wrangler:info] GET /retro-data.js 304 Not Modified (6ms)
[wrangler:info] GET /retro-2010-squads.js 304 Not Modified (4ms)
[wrangler:info] GET /retro-2014-squads.js 304 Not Modified (8ms)
[wrangler:info] GET /retro-2010-schedule.js 304 Not Modified (8ms)
[wrangler:info] GET /retro-2018-squads.js 304 Not Modified (5ms)
[wrangler:info] GET /retro-2014-schedule.js 304 Not Modified (12ms)
[wrangler:info] GET /retro-2018-schedule.js 304 Not Modified (9ms)
[wrangler:info] GET /retro-2022-squads.js 304 Not Modified (10ms)
[wrangler:info] GET /retro-2022-schedule.js 304 Not Modified (14ms)
[wrangler:info] GET /retro-engine.js 304 Not Modified (25ms)
[wrangler:info] GET /presentation-engine.js 304 Not Modified (32ms)
[wrangler:info] GET /legacy-data/catalog.generated.js 304 Not Modified (32ms)
[wrangler:info] GET /challenge.js 304 Not Modified (25ms)
[wrangler:info] GET /simulation-engine.js 304 Not Modified (46ms)
[wrangler:info] GET /app.js 304 Not Modified (46ms)
[wrangler:info] GET /site.webmanifest 304 Not Modified (37ms)
[wrangler:info] GET /analytics.js 304 Not Modified (30ms)
[wrangler:info] GET /assets/retro-world-cup-2022.png 304 Not Modified (4ms)
{"type":"worker-request","timestamp":"2026-07-26T20:17:06.856Z","requestId":"23aeedb1-ad4a-4450-be41-960e2f7c2626","method":"GET","route":"/api/challenge"}
{"type":"worker-request-complete","timestamp":"2026-07-26T20:17:06.874Z","requestId":"23aeedb1-ad4a-4450-be41-960e2f7c2626","method":"GET","route":"/api/challenge","status":200,"elapsedMs":18}
[wrangler:info] GET /assets/256-teams-icon.svg 304 Not Modified (8ms)
[wrangler:info] GET /api/challenge 200 OK (22ms)
[wrangler:info] GET /assets/256-teams-icon.svg 304 Not Modified (8ms)
{"type":"worker-request","timestamp":"2026-07-26T20:17:06.896Z","requestId":"b9d17db1-e7dd-4557-8da7-8ae9def7ace6","method":"POST","route":"/api/challenge/achievements/retro-2014"}
{"type":"worker-request","timestamp":"2026-07-26T20:17:06.900Z","requestId":"3ae907bd-7ab0-4e18-a8b9-6f7375fae45d","method":"POST","route":"/api/challenge/achievements/retro-2022"}
{"type":"worker-request-complete","timestamp":"2026-07-26T20:17:06.907Z","requestId":"b9d17db1-e7dd-4557-8da7-8ae9def7ace6","method":"POST","route":"/api/challenge/achievements/retro-2014","status":200,"elapsedMs":11}
[wrangler:info] POST /api/challenge/achievements/retro-2014 200 OK (15ms)
{"type":"worker-request-complete","timestamp":"2026-07-26T20:17:06.916Z","requestId":"3ae907bd-7ab0-4e18-a8b9-6f7375fae45d","method":"POST","route":"/api/challenge/achievements/retro-2022","status":200,"elapsedMs":16}
[wrangler:info] POST /api/challenge/achievements/retro-2022 200 OK (24ms)
{"type":"worker-request","timestamp":"2026-07-26T20:17:06.930Z","requestId":"21494230-cf95-4995-a9e3-f1341fdd1b14","method":"GET","route":"/api/challenge/achievements/leaderboard"}
{"type":"worker-request-complete","timestamp":"2026-07-26T20:17:06.935Z","requestId":"21494230-cf95-4995-a9e3-f1341fdd1b14","method":"GET","route":"/api/challenge/achievements/leaderboard","status":200,"elapsedMs":5}
[wrangler:info] GET /api/challenge/achievements/leaderboard 200 OK (8ms)
{"type":"worker-request","timestamp":"2026-07-26T20:18:17.523Z","requestId":"3c85006f-f674-432b-8d99-b8b031515958","method":"GET","route":"/api/challenge/achievements/leaderboard"}
{"type":"worker-request-complete","timestamp":"2026-07-26T20:18:17.528Z","requestId":"3c85006f-f674-432b-8d99-b8b031515958","method":"GET","route":"/api/challenge/achievements/leaderboard","status":200,"elapsedMs":5}
[wrangler:info] GET /api/challenge/achievements/leaderboard 200 OK (8ms)
⎔ Reloading local server...
[wrangler:info] ✨ Parsed 3 valid header rules.
⎔ Local server updated and ready
⎔ Reloading local server...
[wrangler:info] ✨ Parsed 3 valid header rules.
⎔ Local server updated and ready
⎔ Reloading local server...
[wrangler:info] ✨ Parsed 3 valid header rules.
⎔ Local server updated and ready
{"type":"worker-request","timestamp":"2026-07-26T20:19:49.118Z","requestId":"6ed7f2b1-f90f-4fcb-b309-dfbac964f5e8","method":"GET","route":"/"}
{"type":"worker-request-complete","timestamp":"2026-07-26T20:19:49.158Z","requestId":"6ed7f2b1-f90f-4fcb-b309-dfbac964f5e8","method":"GET","route":"/","status":200,"elapsedMs":40}
[wrangler:info] GET / 200 OK (48ms)
[wrangler:info] GET /redirect.js 304 Not Modified (10ms)
[wrangler:info] GET /clean.css 200 OK (64ms)
[wrangler:info] GET /assets/flags/palestine.svg 304 Not Modified (66ms)
[wrangler:info] GET /assets/retro-world-cup-2014.png 304 Not Modified (72ms)
[wrangler:info] GET /player-pools.generated.js 304 Not Modified (64ms)
[wrangler:info] GET /data.js 304 Not Modified (97ms)
[wrangler:info] GET /retro-2010-squads.js 304 Not Modified (146ms)
[wrangler:info] GET /retro-2010-schedule.js 304 Not Modified (170ms)
[wrangler:info] GET /retro-2014-squads.js 304 Not Modified (190ms)
[wrangler:info] GET /retro-data.js 304 Not Modified (283ms)
[wrangler:info] GET /retro-2014-schedule.js 304 Not Modified (216ms)
[wrangler:info] GET /retro-2018-squads.js 304 Not Modified (217ms)
[wrangler:info] GET /retro-2018-schedule.js 304 Not Modified (217ms)
[wrangler:info] GET /retro-2022-squads.js 304 Not Modified (221ms)
[wrangler:info] GET /retro-2022-schedule.js 304 Not Modified (224ms)
[wrangler:info] GET /retro-engine.js 304 Not Modified (232ms)
[wrangler:info] GET /presentation-engine.js 304 Not Modified (203ms)
[wrangler:info] GET /simulation-engine.js 304 Not Modified (222ms)
[wrangler:info] GET /legacy-data/catalog.generated.js 200 OK (191ms)
[wrangler:info] GET /app.js 304 Not Modified (363ms)
[wrangler:info] GET /challenge.js 200 OK (360ms)
[wrangler:info] GET /analytics.js 304 Not Modified (323ms)
[wrangler:info] GET /assets/retro-world-cup-2022.png 304 Not Modified (13ms)
{"type":"worker-request","timestamp":"2026-07-26T20:19:50.246Z","requestId":"6a83b6fe-2ad4-48c3-aad3-ad794dd15a23","method":"GET","route":"/api/challenge"}
{"type":"worker-request-complete","timestamp":"2026-07-26T20:19:50.263Z","requestId":"6a83b6fe-2ad4-48c3-aad3-ad794dd15a23","method":"GET","route":"/api/challenge","status":200,"elapsedMs":17}
[wrangler:info] GET /api/challenge 200 OK (22ms)
{"type":"worker-request","timestamp":"2026-07-26T20:19:50.289Z","requestId":"b196982a-1477-4a13-91d4-3773cf5c69c9","method":"GET","route":"/api/challenge/achievements/leaderboard"}
{"type":"worker-request-complete","timestamp":"2026-07-26T20:19:50.299Z","requestId":"b196982a-1477-4a13-91d4-3773cf5c69c9","method":"GET","route":"/api/challenge/achievements/leaderboard","status":200,"elapsedMs":10}
[wrangler:info] GET /api/challenge/achievements/leaderboard 200 OK (14ms)
{"type":"worker-request","timestamp":"2026-07-26T20:20:10.397Z","requestId":"9e29c10f-add6-4433-a617-403892afdd05","method":"GET","route":"/"}
{"type":"worker-request-complete","timestamp":"2026-07-26T20:20:10.399Z","requestId":"9e29c10f-add6-4433-a617-403892afdd05","method":"GET","route":"/","status":200,"elapsedMs":2}
[wrangler:info] GET / 200 OK (7ms)
[wrangler:info] GET /redirect.js 304 Not Modified (5ms)
[wrangler:info] GET /clean.css 304 Not Modified (5ms)
[wrangler:info] GET /assets/retro-world-cup-2014.png 304 Not Modified (6ms)
[wrangler:info] GET /assets/flags/palestine.svg 304 Not Modified (11ms)
[wrangler:info] GET /player-pools.generated.js 304 Not Modified (3ms)
[wrangler:info] GET /data.js 304 Not Modified (5ms)
[wrangler:info] GET /retro-data.js 304 Not Modified (7ms)
[wrangler:info] GET /retro-2010-schedule.js 304 Not Modified (6ms)
[wrangler:info] GET /retro-2010-squads.js 304 Not Modified (14ms)
[wrangler:info] GET /retro-2014-squads.js 304 Not Modified (14ms)
[wrangler:info] GET /retro-2014-schedule.js 304 Not Modified (7ms)
[wrangler:info] GET /retro-2018-squads.js 304 Not Modified (6ms)
[wrangler:info] GET /retro-2018-schedule.js 304 Not Modified (5ms)
[wrangler:info] GET /retro-2022-squads.js 304 Not Modified (6ms)
[wrangler:info] GET /retro-2022-schedule.js 304 Not Modified (4ms)
[wrangler:info] GET /retro-engine.js 304 Not Modified (6ms)
[wrangler:info] GET /simulation-engine.js 304 Not Modified (4ms)
[wrangler:info] GET /presentation-engine.js 304 Not Modified (6ms)
[wrangler:info] GET /legacy-data/catalog.generated.js 304 Not Modified (6ms)
[wrangler:info] GET /app.js 304 Not Modified (17ms)
[wrangler:info] GET /challenge.js 304 Not Modified (26ms)
[wrangler:info] GET /analytics.js 304 Not Modified (58ms)
[wrangler:info] GET /assets/retro-world-cup-2022.png 304 Not Modified (6ms)
{"type":"worker-request","timestamp":"2026-07-26T20:20:10.588Z","requestId":"3cdd5fe9-6387-43f4-94ad-21f41500b29d","method":"GET","route":"/api/challenge"}
{"type":"worker-request-complete","timestamp":"2026-07-26T20:20:10.608Z","requestId":"3cdd5fe9-6387-43f4-94ad-21f41500b29d","method":"GET","route":"/api/challenge","status":200,"elapsedMs":20}
[wrangler:info] GET /api/challenge 200 OK (23ms)
{"type":"worker-request","timestamp":"2026-07-26T20:20:10.620Z","requestId":"a1118170-e823-4459-9d29-795fbb3a0e06","method":"GET","route":"/api/challenge/achievements/leaderboard"}
{"type":"worker-request-complete","timestamp":"2026-07-26T20:20:10.622Z","requestId":"a1118170-e823-4459-9d29-795fbb3a0e06","method":"GET","route":"/api/challenge/achievements/leaderboard","status":200,"elapsedMs":2}
[wrangler:info] GET /api/challenge/achievements/leaderboard 200 OK (5ms)
[wrangler:info] GET /assets/256-teams-icon.svg 304 Not Modified (4ms)
{"type":"worker-request","timestamp":"2026-07-26T20:24:02.251Z","requestId":"3d55cd66-c53e-44b4-b7ab-82023ed2d757","method":"GET","route":"/"}
{"type":"worker-request-complete","timestamp":"2026-07-26T20:24:02.254Z","requestId":"3d55cd66-c53e-44b4-b7ab-82023ed2d757","method":"GET","route":"/","status":200,"elapsedMs":3}
[wrangler:info] GET / 200 OK (8ms)
[wrangler:info] GET /redirect.js 304 Not Modified (6ms)
[wrangler:info] GET /clean.css 200 OK (6ms)
[wrangler:info] GET /assets/retro-world-cup-2014.png 304 Not Modified (6ms)
[wrangler:info] GET /assets/flags/palestine.svg 304 Not Modified (10ms)
[wrangler:info] GET /player-pools.generated.js 304 Not Modified (4ms)
[wrangler:info] GET /data.js 304 Not Modified (6ms)
[wrangler:info] GET /retro-data.js 304 Not Modified (9ms)
[wrangler:info] GET /retro-2010-squads.js 304 Not Modified (8ms)
[wrangler:info] GET /retro-2010-schedule.js 304 Not Modified (11ms)
[wrangler:info] GET /retro-2014-squads.js 304 Not Modified (14ms)
[wrangler:info] GET /retro-2018-squads.js 304 Not Modified (8ms)
[wrangler:info] GET /retro-2018-schedule.js 304 Not Modified (6ms)
[wrangler:info] GET /retro-2014-schedule.js 304 Not Modified (14ms)
[wrangler:info] GET /retro-2022-squads.js 304 Not Modified (13ms)
[wrangler:info] GET /retro-2022-schedule.js 304 Not Modified (14ms)
[wrangler:info] GET /retro-engine.js 304 Not Modified (12ms)
[wrangler:info] GET /presentation-engine.js 304 Not Modified (28ms)
[wrangler:info] GET /simulation-engine.js 304 Not Modified (25ms)
[wrangler:info] GET /legacy-data/catalog.generated.js 200 OK (36ms)
[wrangler:info] GET /challenge.js 200 OK (34ms)
[wrangler:info] GET /app.js 304 Not Modified (46ms)
[wrangler:info] GET /site.webmanifest 304 Not Modified (40ms)
[wrangler:info] GET /analytics.js 304 Not Modified (35ms)
[wrangler:info] GET /assets/retro-world-cup-2022.png 304 Not Modified (5ms)
{"type":"worker-request","timestamp":"2026-07-26T20:24:02.603Z","requestId":"8e9c3fdf-1561-4146-9a0c-434822076fa7","method":"GET","route":"/api/challenge"}
{"type":"worker-request-complete","timestamp":"2026-07-26T20:24:02.622Z","requestId":"8e9c3fdf-1561-4146-9a0c-434822076fa7","method":"GET","route":"/api/challenge","status":200,"elapsedMs":19}
[wrangler:info] GET /api/challenge 200 OK (23ms)
[wrangler:info] GET /assets/256-teams-icon.svg 304 Not Modified (19ms)
[wrangler:info] GET /assets/256-teams-icon.svg 304 Not Modified (23ms)
{"type":"worker-request","timestamp":"2026-07-26T20:24:02.645Z","requestId":"d0da075c-118f-4129-bc5c-aeadf0f7c264","method":"POST","route":"/api/challenge/achievements/retro-2014"}
{"type":"worker-request","timestamp":"2026-07-26T20:24:02.649Z","requestId":"897d3f14-21c3-4b63-86eb-cf00acbd917a","method":"POST","route":"/api/challenge/achievements/retro-2022"}
{"type":"worker-request-complete","timestamp":"2026-07-26T20:24:02.663Z","requestId":"d0da075c-118f-4129-bc5c-aeadf0f7c264","method":"POST","route":"/api/challenge/achievements/retro-2014","status":200,"elapsedMs":18}
[wrangler:info] POST /api/challenge/achievements/retro-2014 200 OK (22ms)
{"type":"worker-request-complete","timestamp":"2026-07-26T20:24:02.670Z","requestId":"897d3f14-21c3-4b63-86eb-cf00acbd917a","method":"POST","route":"/api/challenge/achievements/retro-2022","status":200,"elapsedMs":21}
[wrangler:info] POST /api/challenge/achievements/retro-2022 200 OK (28ms)
{"type":"worker-request","timestamp":"2026-07-26T20:24:02.687Z","requestId":"589bb1c6-52a2-4790-872c-00c635ace91d","method":"GET","route":"/api/challenge/achievements/leaderboard"}
{"type":"worker-request-complete","timestamp":"2026-07-26T20:24:02.693Z","requestId":"589bb1c6-52a2-4790-872c-00c635ace91d","method":"GET","route":"/api/challenge/achievements/leaderboard","status":200,"elapsedMs":6}
[wrangler:info] GET /api/challenge/achievements/leaderboard 200 OK (10ms)
{"type":"worker-request","timestamp":"2026-07-26T20:25:18.873Z","requestId":"6fdb56de-0f14-4a03-b9a5-ea28f31560e2","method":"GET","route":"/api/challenge/achievements/retro-2022"}
{"type":"worker-request-complete","timestamp":"2026-07-26T20:25:18.883Z","requestId":"6fdb56de-0f14-4a03-b9a5-ea28f31560e2","method":"GET","route":"/api/challenge/achievements/retro-2022","status":200,"elapsedMs":10}
[wrangler:info] GET /api/challenge/achievements/retro-2022 200 OK (15ms)
{"type":"worker-request","timestamp":"2026-07-26T20:25:20.146Z","requestId":"23f3a942-2d57-47ac-b430-f6b42115a34c","method":"GET","route":"/api/challenge"}
{"type":"worker-request-complete","timestamp":"2026-07-26T20:25:20.158Z","requestId":"23f3a942-2d57-47ac-b430-f6b42115a34c","method":"GET","route":"/api/challenge","status":200,"elapsedMs":12}
[wrangler:info] GET /api/challenge 200 OK (16ms)
{"type":"worker-request","timestamp":"2026-07-26T20:25:20.167Z","requestId":"289acc53-6187-4857-8c51-11eee441f788","method":"GET","route":"/api/challenge/achievements/leaderboard"}
{"type":"worker-request-complete","timestamp":"2026-07-26T20:25:20.170Z","requestId":"289acc53-6187-4857-8c51-11eee441f788","method":"GET","route":"/api/challenge/achievements/leaderboard","status":200,"elapsedMs":3}
[wrangler:info] GET /api/challenge/achievements/leaderboard 200 OK (6ms)
{"type":"worker-request","timestamp":"2026-07-26T20:26:02.355Z","requestId":"e26b4a8c-f2ce-4615-9239-e0bf2935c34c","method":"GET","route":"/"}
{"type":"worker-request-complete","timestamp":"2026-07-26T20:26:02.356Z","requestId":"e26b4a8c-f2ce-4615-9239-e0bf2935c34c","method":"GET","route":"/","status":200,"elapsedMs":1}
[wrangler:info] GET / 200 OK (5ms)
[wrangler:info] GET /redirect.js 304 Not Modified (4ms)
[wrangler:info] GET /clean.css 304 Not Modified (6ms)
[wrangler:info] GET /assets/flags/palestine.svg 304 Not Modified (8ms)
[wrangler:info] GET /assets/retro-world-cup-2014.png 304 Not Modified (9ms)
[wrangler:info] GET /player-pools.generated.js 304 Not Modified (5ms)
[wrangler:info] GET /retro-data.js 304 Not Modified (7ms)
[wrangler:info] GET /data.js 304 Not Modified (13ms)
[wrangler:info] GET /retro-2010-squads.js 304 Not Modified (7ms)
[wrangler:info] GET /retro-2010-schedule.js 304 Not Modified (9ms)
[wrangler:info] GET /retro-2014-squads.js 304 Not Modified (16ms)
[wrangler:info] GET /retro-2014-schedule.js 304 Not Modified (14ms)
[wrangler:info] GET /retro-2018-squads.js 304 Not Modified (12ms)
[wrangler:info] GET /retro-2018-schedule.js 304 Not Modified (12ms)
[wrangler:info] GET /retro-2022-squads.js 304 Not Modified (7ms)
[wrangler:info] GET /retro-2022-schedule.js 304 Not Modified (11ms)
[wrangler:info] GET /retro-engine.js 304 Not Modified (45ms)
[wrangler:info] GET /presentation-engine.js 304 Not Modified (47ms)
[wrangler:info] GET /legacy-data/catalog.generated.js 304 Not Modified (45ms)
[wrangler:info] GET /app.js 304 Not Modified (54ms)
[wrangler:info] GET /simulation-engine.js 304 Not Modified (55ms)
[wrangler:info] GET /challenge.js 304 Not Modified (61ms)
[wrangler:info] GET /site.webmanifest 304 Not Modified (21ms)
[wrangler:info] GET /analytics.js 304 Not Modified (21ms)
[wrangler:info] GET /assets/retro-world-cup-2022.png 304 Not Modified (3ms)
{"type":"worker-request","timestamp":"2026-07-26T20:26:02.804Z","requestId":"072cbcdc-20d2-49ff-bbeb-7caafcc57c16","method":"GET","route":"/api/challenge"}
{"type":"worker-request-complete","timestamp":"2026-07-26T20:26:02.823Z","requestId":"072cbcdc-20d2-49ff-bbeb-7caafcc57c16","method":"GET","route":"/api/challenge","status":200,"elapsedMs":19}
[wrangler:info] GET /api/challenge 200 OK (23ms)
[wrangler:info] GET /assets/256-teams-icon.svg 304 Not Modified (9ms)
[wrangler:info] GET /assets/256-teams-icon.svg 304 Not Modified (10ms)
{"type":"worker-request","timestamp":"2026-07-26T20:26:02.848Z","requestId":"83b03afa-8a7c-4ca1-9cfc-7c5158220555","method":"POST","route":"/api/challenge/achievements/retro-2014"}
{"type":"worker-request","timestamp":"2026-07-26T20:26:02.851Z","requestId":"009f7ee2-38a8-4306-9ddc-3ff67d9defab","method":"POST","route":"/api/challenge/achievements/retro-2022"}
{"type":"worker-request-complete","timestamp":"2026-07-26T20:26:02.861Z","requestId":"83b03afa-8a7c-4ca1-9cfc-7c5158220555","method":"POST","route":"/api/challenge/achievements/retro-2014","status":200,"elapsedMs":13}
[wrangler:info] POST /api/challenge/achievements/retro-2014 200 OK (18ms)
{"type":"worker-request-complete","timestamp":"2026-07-26T20:26:02.872Z","requestId":"009f7ee2-38a8-4306-9ddc-3ff67d9defab","method":"POST","route":"/api/challenge/achievements/retro-2022","status":200,"elapsedMs":21}
[wrangler:info] POST /api/challenge/achievements/retro-2022 200 OK (28ms)
{"type":"worker-request","timestamp":"2026-07-26T20:26:02.884Z","requestId":"a903deca-c79f-4ed1-972e-7a468383173e","method":"GET","route":"/api/challenge/achievements/leaderboard"}
{"type":"worker-request-complete","timestamp":"2026-07-26T20:26:02.888Z","requestId":"a903deca-c79f-4ed1-972e-7a468383173e","method":"GET","route":"/api/challenge/achievements/leaderboard","status":200,"elapsedMs":4}
[wrangler:info] GET /api/challenge/achievements/leaderboard 200 OK (8ms)
⎔ Reloading local server...
[wrangler:info] ✨ Parsed 3 valid header rules.
⎔ Local server updated and ready
⎔ Reloading local server...
[wrangler:info] ✨ Parsed 3 valid header rules.
⎔ Local server updated and ready
{"type":"worker-request","timestamp":"2026-07-26T20:26:16.037Z","requestId":"3969a224-54c1-4eff-8147-673760a4999b","method":"GET","route":"/"}
{"type":"worker-request-complete","timestamp":"2026-07-26T20:26:16.084Z","requestId":"3969a224-54c1-4eff-8147-673760a4999b","method":"GET","route":"/","status":200,"elapsedMs":47}
[wrangler:info] GET / 200 OK (56ms)
[wrangler:info] GET /redirect.js 304 Not Modified (9ms)
[wrangler:info] GET /clean.css 304 Not Modified (19ms)
[wrangler:info] GET /assets/flags/palestine.svg 304 Not Modified (21ms)
[wrangler:info] GET /assets/retro-world-cup-2014.png 304 Not Modified (31ms)
[wrangler:info] GET /player-pools.generated.js 304 Not Modified (51ms)
[wrangler:info] GET /data.js 304 Not Modified (96ms)
[wrangler:info] GET /retro-data.js 304 Not Modified (123ms)
[wrangler:info] GET /retro-2010-squads.js 304 Not Modified (192ms)
[wrangler:info] GET /retro-2010-schedule.js 304 Not Modified (220ms)
[wrangler:info] GET /retro-2014-schedule.js 304 Not Modified (211ms)
[wrangler:info] GET /retro-2018-squads.js 304 Not Modified (218ms)
[wrangler:info] GET /retro-2018-schedule.js 304 Not Modified (219ms)
[wrangler:info] GET /retro-2022-squads.js 304 Not Modified (209ms)
[wrangler:info] GET /retro-2014-squads.js 304 Not Modified (450ms)
[wrangler:info] GET /retro-2022-schedule.js 304 Not Modified (268ms)
[wrangler:info] GET /retro-engine.js 304 Not Modified (290ms)
[wrangler:info] GET /presentation-engine.js 304 Not Modified (282ms)
[wrangler:info] GET /simulation-engine.js 304 Not Modified (302ms)
[wrangler:info] GET /legacy-data/catalog.generated.js 200 OK (268ms)
[wrangler:info] GET /app.js 304 Not Modified (402ms)
[wrangler:info] GET /challenge.js 304 Not Modified (415ms)
[wrangler:info] GET /site.webmanifest 304 Not Modified (369ms)
[wrangler:info] GET /analytics.js 304 Not Modified (331ms)
[wrangler:info] GET /assets/retro-world-cup-2022.png 304 Not Modified (15ms)
{"type":"worker-request","timestamp":"2026-07-26T20:26:17.288Z","requestId":"8d457119-24af-482b-9521-f466cb83e35d","method":"GET","route":"/api/challenge"}
{"type":"worker-request-complete","timestamp":"2026-07-26T20:26:17.322Z","requestId":"8d457119-24af-482b-9521-f466cb83e35d","method":"GET","route":"/api/challenge","status":200,"elapsedMs":34}
[wrangler:info] GET /api/challenge 200 OK (38ms)
[wrangler:info] GET /assets/256-teams-icon.svg 304 Not Modified (22ms)
[wrangler:info] GET /assets/256-teams-icon.svg 304 Not Modified (22ms)
{"type":"worker-request","timestamp":"2026-07-26T20:26:17.340Z","requestId":"2d210a4b-224d-4659-a9ae-00b77ce62774","method":"POST","route":"/api/challenge/achievements/retro-2014"}
{"type":"worker-request","timestamp":"2026-07-26T20:26:17.345Z","requestId":"3a9f8007-add6-46fb-b5ab-413511c294c1","method":"POST","route":"/api/challenge/achievements/retro-2022"}
{"type":"worker-request-complete","timestamp":"2026-07-26T20:26:17.354Z","requestId":"2d210a4b-224d-4659-a9ae-00b77ce62774","method":"POST","route":"/api/challenge/achievements/retro-2014","status":200,"elapsedMs":14}
[wrangler:info] POST /api/challenge/achievements/retro-2014 200 OK (17ms)
{"type":"worker-request-complete","timestamp":"2026-07-26T20:26:17.366Z","requestId":"3a9f8007-add6-46fb-b5ab-413511c294c1","method":"POST","route":"/api/challenge/achievements/retro-2022","status":200,"elapsedMs":21}
[wrangler:info] POST /api/challenge/achievements/retro-2022 200 OK (28ms)
{"type":"worker-request","timestamp":"2026-07-26T20:26:17.380Z","requestId":"51b99fc8-88c6-4862-94c1-a7a94e507822","method":"GET","route":"/api/challenge/achievements/leaderboard"}
{"type":"worker-request-complete","timestamp":"2026-07-26T20:26:17.392Z","requestId":"51b99fc8-88c6-4862-94c1-a7a94e507822","method":"GET","route":"/api/challenge/achievements/leaderboard","status":200,"elapsedMs":12}
[wrangler:info] GET /api/challenge/achievements/leaderboard 200 OK (15ms)
{"type":"worker-request","timestamp":"2026-07-26T20:26:44.623Z","requestId":"edf15a0d-cdc1-48b2-9c76-1d42fcaaf985","method":"GET","route":"/"}
{"type":"worker-request-complete","timestamp":"2026-07-26T20:26:44.624Z","requestId":"edf15a0d-cdc1-48b2-9c76-1d42fcaaf985","method":"GET","route":"/","status":200,"elapsedMs":1}
[wrangler:info] GET / 200 OK (4ms)
[wrangler:info] GET /redirect.js 304 Not Modified (7ms)
[wrangler:info] GET /clean.css 304 Not Modified (8ms)
[wrangler:info] GET /assets/flags/palestine.svg 304 Not Modified (11ms)
[wrangler:info] GET /assets/retro-world-cup-2014.png 304 Not Modified (11ms)
[wrangler:info] GET /player-pools.generated.js 304 Not Modified (6ms)
[wrangler:info] GET /data.js 304 Not Modified (7ms)
[wrangler:info] GET /retro-data.js 304 Not Modified (6ms)
[wrangler:info] GET /retro-2010-squads.js 304 Not Modified (10ms)
[wrangler:info] GET /retro-2010-schedule.js 304 Not Modified (15ms)
[wrangler:info] GET /retro-2014-squads.js 304 Not Modified (16ms)
[wrangler:info] GET /retro-2018-squads.js 304 Not Modified (13ms)
[wrangler:info] GET /retro-2018-schedule.js 304 Not Modified (18ms)
[wrangler:info] GET /retro-2014-schedule.js 304 Not Modified (27ms)
[wrangler:info] GET /retro-2022-squads.js 304 Not Modified (32ms)
[wrangler:info] GET /retro-engine.js 304 Not Modified (32ms)
[wrangler:info] GET /retro-2022-schedule.js 304 Not Modified (42ms)
[wrangler:info] GET /presentation-engine.js 304 Not Modified (40ms)
[wrangler:info] GET /simulation-engine.js 304 Not Modified (36ms)
[wrangler:info] GET /legacy-data/catalog.generated.js 304 Not Modified (40ms)
[wrangler:info] GET /app.js 304 Not Modified (33ms)
[wrangler:info] GET /site.webmanifest 304 Not Modified (25ms)
[wrangler:info] GET /challenge.js 304 Not Modified (36ms)
[wrangler:info] GET /analytics.js 304 Not Modified (32ms)
[wrangler:info] GET /assets/retro-world-cup-2022.png 304 Not Modified (6ms)
{"type":"worker-request","timestamp":"2026-07-26T20:26:44.966Z","requestId":"57c0e845-a4c5-4646-b27a-07108671baee","method":"GET","route":"/api/challenge"}
{"type":"worker-request-complete","timestamp":"2026-07-26T20:26:44.996Z","requestId":"57c0e845-a4c5-4646-b27a-07108671baee","method":"GET","route":"/api/challenge","status":200,"elapsedMs":30}
[wrangler:info] GET /api/challenge 200 OK (35ms)
[wrangler:info] GET /assets/256-teams-icon.svg 304 Not Modified (27ms)
[wrangler:info] GET /assets/256-teams-icon.svg 304 Not Modified (30ms)
{"type":"worker-request","timestamp":"2026-07-26T20:26:45.024Z","requestId":"13820e34-3f33-45ac-bc23-ec2bc50dea9a","method":"POST","route":"/api/challenge/achievements/retro-2014"}
{"type":"worker-request","timestamp":"2026-07-26T20:26:45.027Z","requestId":"6cba5d7c-0c92-4838-98b4-a4ac7a8364a9","method":"POST","route":"/api/challenge/achievements/retro-2022"}
{"type":"worker-request-complete","timestamp":"2026-07-26T20:26:45.036Z","requestId":"13820e34-3f33-45ac-bc23-ec2bc50dea9a","method":"POST","route":"/api/challenge/achievements/retro-2014","status":200,"elapsedMs":12}
[wrangler:info] POST /api/challenge/achievements/retro-2014 200 OK (16ms)
{"type":"worker-request-complete","timestamp":"2026-07-26T20:26:45.044Z","requestId":"6cba5d7c-0c92-4838-98b4-a4ac7a8364a9","method":"POST","route":"/api/challenge/achievements/retro-2022","status":200,"elapsedMs":17}
[wrangler:info] POST /api/challenge/achievements/retro-2022 200 OK (22ms)
{"type":"worker-request","timestamp":"2026-07-26T20:26:45.059Z","requestId":"f90e2d6c-fc46-4f87-8b57-4520ba54ba02","method":"GET","route":"/api/challenge/achievements/leaderboard"}
{"type":"worker-request-complete","timestamp":"2026-07-26T20:26:45.063Z","requestId":"f90e2d6c-fc46-4f87-8b57-4520ba54ba02","method":"GET","route":"/api/challenge/achievements/leaderboard","status":200,"elapsedMs":4}
[wrangler:info] GET /api/challenge/achievements/leaderboard 200 OK (9ms)
{"type":"worker-request","timestamp":"2026-07-26T20:27:17.381Z","requestId":"b00f014b-f60c-4437-8bac-79f9e096007a","method":"GET","route":"/api/challenge/achievements/retro-2022"}
{"type":"worker-request-complete","timestamp":"2026-07-26T20:27:17.390Z","requestId":"b00f014b-f60c-4437-8bac-79f9e096007a","method":"GET","route":"/api/challenge/achievements/retro-2022","status":200,"elapsedMs":9}
[wrangler:info] GET /api/challenge/achievements/retro-2022 200 OK (14ms)
{"type":"worker-request","timestamp":"2026-07-26T20:27:18.673Z","requestId":"a09db924-f854-4311-98e3-d9d405e1aeb4","method":"GET","route":"/api/challenge/achievements/retro-2010"}
{"type":"worker-request-complete","timestamp":"2026-07-26T20:27:18.678Z","requestId":"a09db924-f854-4311-98e3-d9d405e1aeb4","method":"GET","route":"/api/challenge/achievements/retro-2010","status":200,"elapsedMs":5}
[wrangler:info] GET /api/challenge/achievements/retro-2010 200 OK (9ms)
{"type":"worker-request","timestamp":"2026-07-26T20:27:18.932Z","requestId":"771d93ee-8f91-465e-9940-8c69230286ec","method":"GET","route":"/api/challenge/achievements/retro-2014"}
{"type":"worker-request-complete","timestamp":"2026-07-26T20:27:18.937Z","requestId":"771d93ee-8f91-465e-9940-8c69230286ec","method":"GET","route":"/api/challenge/achievements/retro-2014","status":200,"elapsedMs":5}
[wrangler:info] GET /api/challenge/achievements/retro-2014 200 OK (9ms)
{"type":"worker-request","timestamp":"2026-07-26T20:27:19.522Z","requestId":"d71f5517-6d78-40b3-a8e3-d5fdeebc79d6","method":"GET","route":"/api/challenge/achievements/retro-2018"}
{"type":"worker-request-complete","timestamp":"2026-07-26T20:27:19.528Z","requestId":"d71f5517-6d78-40b3-a8e3-d5fdeebc79d6","method":"GET","route":"/api/challenge/achievements/retro-2018","status":200,"elapsedMs":6}
[wrangler:info] GET /api/challenge/achievements/retro-2018 200 OK (8ms)
{"type":"worker-request","timestamp":"2026-07-26T20:27:19.972Z","requestId":"8b025709-62b4-430c-ac0a-0404eafd7cc8","method":"GET","route":"/api/challenge/achievements/retro-2010"}
{"type":"worker-request-complete","timestamp":"2026-07-26T20:27:19.975Z","requestId":"8b025709-62b4-430c-ac0a-0404eafd7cc8","method":"GET","route":"/api/challenge/achievements/retro-2010","status":200,"elapsedMs":3}
[wrangler:info] GET /api/challenge/achievements/retro-2010 200 OK (6ms)
{"type":"worker-request","timestamp":"2026-07-26T20:27:20.622Z","requestId":"2c4cf48d-95ce-4ad3-a045-2fc307bd1ed7","method":"GET","route":"/api/challenge/achievements/retro-2022"}
{"type":"worker-request-complete","timestamp":"2026-07-26T20:27:20.625Z","requestId":"2c4cf48d-95ce-4ad3-a045-2fc307bd1ed7","method":"GET","route":"/api/challenge/achievements/retro-2022","status":200,"elapsedMs":3}
[wrangler:info] GET /api/challenge/achievements/retro-2022 200 OK (5ms)
{"type":"worker-request","timestamp":"2026-07-26T20:27:41.246Z","requestId":"33987c23-49ea-47a6-bee6-a08df6faeef2","method":"GET","route":"/achievements"}
{"type":"worker-request-complete","timestamp":"2026-07-26T20:27:41.248Z","requestId":"33987c23-49ea-47a6-bee6-a08df6faeef2","method":"GET","route":"/achievements","status":200,"elapsedMs":2}
[wrangler:info] GET /achievements 200 OK (5ms)
[wrangler:info] GET /redirect.js 304 Not Modified (8ms)
[wrangler:info] GET /clean.css 304 Not Modified (9ms)
[wrangler:info] GET /assets/retro-world-cup-2014.png 304 Not Modified (7ms)
[wrangler:info] GET /assets/flags/palestine.svg 304 Not Modified (13ms)
[wrangler:info] GET /player-pools.generated.js 304 Not Modified (5ms)
[wrangler:info] GET /data.js 304 Not Modified (7ms)
[wrangler:info] GET /retro-data.js 304 Not Modified (8ms)
[wrangler:info] GET /retro-2010-squads.js 304 Not Modified (9ms)
[wrangler:info] GET /retro-2010-schedule.js 304 Not Modified (15ms)
[wrangler:info] GET /retro-2014-squads.js 304 Not Modified (18ms)
[wrangler:info] GET /retro-2014-schedule.js 304 Not Modified (19ms)
[wrangler:info] GET /retro-2018-squads.js 304 Not Modified (23ms)
[wrangler:info] GET /retro-2018-schedule.js 304 Not Modified (40ms)
[wrangler:info] GET /retro-2022-squads.js 304 Not Modified (40ms)
[wrangler:info] GET /retro-2022-schedule.js 304 Not Modified (46ms)
[wrangler:info] GET /retro-engine.js 304 Not Modified (44ms)
[wrangler:info] GET /presentation-engine.js 304 Not Modified (46ms)
[wrangler:info] GET /app.js 304 Not Modified (16ms)
[wrangler:info] GET /legacy-data/catalog.generated.js 304 Not Modified (25ms)
[wrangler:info] GET /simulation-engine.js 304 Not Modified (46ms)
[wrangler:info] GET /challenge.js 304 Not Modified (23ms)
[wrangler:info] GET /site.webmanifest 304 Not Modified (29ms)
[wrangler:info] GET /analytics.js 304 Not Modified (31ms)
[wrangler:info] GET /assets/retro-world-cup-2022.png 304 Not Modified (8ms)
{"type":"worker-request","timestamp":"2026-07-26T20:27:41.630Z","requestId":"72d77517-7f46-4e47-9595-17f0523e512f","method":"GET","route":"/api/challenge"}
{"type":"worker-request-complete","timestamp":"2026-07-26T20:27:41.662Z","requestId":"72d77517-7f46-4e47-9595-17f0523e512f","method":"GET","route":"/api/challenge","status":200,"elapsedMs":32}
[wrangler:info] GET /api/challenge 200 OK (39ms)
[wrangler:info] GET /assets/256-teams-icon.svg 304 Not Modified (26ms)
[wrangler:info] GET /assets/256-teams-icon.svg 304 Not Modified (33ms)
{"type":"worker-request","timestamp":"2026-07-26T20:27:41.687Z","requestId":"8d35b6b7-16b6-4990-8079-bd40db78f38e","method":"POST","route":"/api/challenge/achievements/retro-2014"}
{"type":"worker-request","timestamp":"2026-07-26T20:27:41.690Z","requestId":"c543d7e1-5fb1-4165-a9d7-752b05c14c72","method":"POST","route":"/api/challenge/achievements/retro-2022"}
{"type":"worker-request-complete","timestamp":"2026-07-26T20:27:41.706Z","requestId":"8d35b6b7-16b6-4990-8079-bd40db78f38e","method":"POST","route":"/api/challenge/achievements/retro-2014","status":200,"elapsedMs":19}
[wrangler:info] POST /api/challenge/achievements/retro-2014 200 OK (25ms)
{"type":"worker-request-complete","timestamp":"2026-07-26T20:27:41.713Z","requestId":"c543d7e1-5fb1-4165-a9d7-752b05c14c72","method":"POST","route":"/api/challenge/achievements/retro-2022","status":200,"elapsedMs":23}
[wrangler:info] POST /api/challenge/achievements/retro-2022 200 OK (30ms)
{"type":"worker-request","timestamp":"2026-07-26T20:27:41.731Z","requestId":"4579c837-e083-4dd3-98cc-9a437523c3e0","method":"GET","route":"/api/challenge/achievements/leaderboard"}
{"type":"worker-request-complete","timestamp":"2026-07-26T20:27:41.735Z","requestId":"4579c837-e083-4dd3-98cc-9a437523c3e0","method":"GET","route":"/api/challenge/achievements/leaderboard","status":200,"elapsedMs":4}
[wrangler:info] GET /api/challenge/achievements/leaderboard 200 OK (7ms)
{"type":"worker-request","timestamp":"2026-07-26T20:27:41.748Z","requestId":"bfe9b198-08d7-448e-b2f1-c1b9cd312b51","method":"GET","route":"/api/challenge/achievements/retro-2014"}
{"type":"worker-request-complete","timestamp":"2026-07-26T20:27:41.754Z","requestId":"bfe9b198-08d7-448e-b2f1-c1b9cd312b51","method":"GET","route":"/api/challenge/achievements/retro-2014","status":200,"elapsedMs":6}
[wrangler:info] GET /api/challenge/achievements/retro-2014 200 OK (11ms)
⎔ Reloading local server...
[wrangler:info] ✨ Parsed 3 valid header rules.
⎔ Local server updated and ready
⎔ Reloading local server...
[wrangler:info] ✨ Parsed 3 valid header rules.
⎔ Local server updated and ready
⎔ Reloading local server...
[wrangler:info] ✨ Parsed 3 valid header rules.
⎔ Local server updated and ready
⎔ Reloading local server...
[wrangler:info] ✨ Parsed 3 valid header rules.
⎔ Local server updated and ready
⎔ Reloading local server...
[wrangler:info] ✨ Parsed 3 valid header rules.
⎔ Local server updated and ready
⎔ Reloading local server...
[wrangler:info] ✨ Parsed 3 valid header rules.
⎔ Local server updated and ready
{"type":"worker-request","timestamp":"2026-07-26T20:35:15.811Z","requestId":"ce252c93-dc30-4075-80df-307bcc7f3c12","method":"GET","route":"/"}
{"type":"worker-request-complete","timestamp":"2026-07-26T20:35:15.857Z","requestId":"ce252c93-dc30-4075-80df-307bcc7f3c12","method":"GET","route":"/","status":200,"elapsedMs":46}
[wrangler:info] GET / 200 OK (55ms)
[wrangler:info] GET /redirect.js 304 Not Modified (9ms)
[wrangler:info] GET /clean.css 200 OK (35ms)
[wrangler:info] GET /player-pools.generated.js 304 Not Modified (77ms)
[wrangler:info] GET /assets/flags/palestine.svg 304 Not Modified (100ms)
[wrangler:info] GET /assets/retro-world-cup-2014.png 304 Not Modified (127ms)
[wrangler:info] GET /retro-2010-squads.js 304 Not Modified (96ms)
[wrangler:info] GET /retro-2010-schedule.js 304 Not Modified (119ms)
[wrangler:info] GET /data.js 304 Not Modified (243ms)
[wrangler:info] GET /retro-2014-squads.js 304 Not Modified (196ms)
[wrangler:info] GET /retro-data.js 304 Not Modified (341ms)
[wrangler:info] GET /retro-2014-schedule.js 304 Not Modified (195ms)
[wrangler:info] GET /retro-2018-squads.js 304 Not Modified (215ms)
[wrangler:info] GET /retro-2018-schedule.js 304 Not Modified (207ms)
[wrangler:info] GET /retro-2022-squads.js 304 Not Modified (187ms)
[wrangler:info] GET /retro-2022-schedule.js 304 Not Modified (181ms)
[wrangler:info] GET /retro-engine.js 304 Not Modified (186ms)
[wrangler:info] GET /presentation-engine.js 304 Not Modified (172ms)
[wrangler:info] GET /simulation-engine.js 304 Not Modified (197ms)
[wrangler:info] GET /legacy-data/catalog.generated.js 200 OK (172ms)
[wrangler:info] GET /app.js 304 Not Modified (326ms)
[wrangler:info] GET /challenge.js 200 OK (328ms)
[wrangler:info] GET /analytics.js 304 Not Modified (298ms)
[wrangler:info] GET /assets/retro-world-cup-2022.png 304 Not Modified (10ms)
{"type":"worker-request","timestamp":"2026-07-26T20:35:16.859Z","requestId":"9caf5102-2abb-40f6-a0a5-7d82b69e2956","method":"GET","route":"/api/challenge"}
{"type":"worker-request-complete","timestamp":"2026-07-26T20:35:16.904Z","requestId":"9caf5102-2abb-40f6-a0a5-7d82b69e2956","method":"GET","route":"/api/challenge","status":200,"elapsedMs":45}
[wrangler:info] GET /api/challenge 200 OK (51ms)
{"type":"worker-request","timestamp":"2026-07-26T20:35:16.914Z","requestId":"08b8131d-2cec-4855-b0b3-7eb6322242e0","method":"GET","route":"/api/challenge/achievements/leaderboard"}
{"type":"worker-request-complete","timestamp":"2026-07-26T20:35:16.929Z","requestId":"08b8131d-2cec-4855-b0b3-7eb6322242e0","method":"GET","route":"/api/challenge/achievements/leaderboard","status":200,"elapsedMs":15}
[wrangler:info] GET /api/challenge/achievements/leaderboard 200 OK (19ms)
{"type":"worker-request","timestamp":"2026-07-26T20:35:36.836Z","requestId":"68b3672c-bcf9-4632-89e3-b9edf9a77312","method":"GET","route":"/"}
{"type":"worker-request-complete","timestamp":"2026-07-26T20:35:36.837Z","requestId":"68b3672c-bcf9-4632-89e3-b9edf9a77312","method":"GET","route":"/","status":200,"elapsedMs":1}
[wrangler:info] GET / 200 OK (4ms)
[wrangler:info] GET /redirect.js 304 Not Modified (4ms)
[wrangler:info] GET /clean.css 304 Not Modified (7ms)
[wrangler:info] GET /assets/flags/palestine.svg 304 Not Modified (7ms)
[wrangler:info] GET /assets/retro-world-cup-2014.png 304 Not Modified (10ms)
[wrangler:info] GET /player-pools.generated.js 304 Not Modified (4ms)
[wrangler:info] GET /data.js 304 Not Modified (4ms)
[wrangler:info] GET /retro-data.js 304 Not Modified (9ms)
[wrangler:info] GET /retro-2010-squads.js 304 Not Modified (8ms)
[wrangler:info] GET /retro-2010-schedule.js 304 Not Modified (7ms)
[wrangler:info] GET /retro-2014-squads.js 304 Not Modified (11ms)
[wrangler:info] GET /retro-2014-schedule.js 304 Not Modified (15ms)
[wrangler:info] GET /retro-2018-squads.js 304 Not Modified (14ms)
[wrangler:info] GET /retro-2018-schedule.js 304 Not Modified (27ms)
[wrangler:info] GET /retro-2022-squads.js 304 Not Modified (23ms)
[wrangler:info] GET /retro-2022-schedule.js 304 Not Modified (22ms)
[wrangler:info] GET /retro-engine.js 304 Not Modified (21ms)
[wrangler:info] GET /presentation-engine.js 304 Not Modified (17ms)
[wrangler:info] GET /simulation-engine.js 304 Not Modified (20ms)
[wrangler:info] GET /legacy-data/catalog.generated.js 304 Not Modified (19ms)
[wrangler:info] GET /app.js 304 Not Modified (22ms)
[wrangler:info] GET /challenge.js 304 Not Modified (36ms)
[wrangler:info] GET /analytics.js 304 Not Modified (42ms)
[wrangler:info] GET /assets/retro-world-cup-2022.png 304 Not Modified (2ms)
{"type":"worker-request","timestamp":"2026-07-26T20:35:37.013Z","requestId":"30eaf9ee-de2b-4ac7-97cf-ac8d2f484e19","method":"GET","route":"/api/challenge"}
{"type":"worker-request-complete","timestamp":"2026-07-26T20:35:37.043Z","requestId":"30eaf9ee-de2b-4ac7-97cf-ac8d2f484e19","method":"GET","route":"/api/challenge","status":200,"elapsedMs":30}
[wrangler:info] GET /api/challenge 200 OK (34ms)
{"type":"worker-request","timestamp":"2026-07-26T20:35:37.051Z","requestId":"72ec6de2-11cb-4f1c-a841-ec09489dfa15","method":"GET","route":"/api/challenge/achievements/leaderboard"}
{"type":"worker-request-complete","timestamp":"2026-07-26T20:35:37.053Z","requestId":"72ec6de2-11cb-4f1c-a841-ec09489dfa15","method":"GET","route":"/api/challenge/achievements/leaderboard","status":200,"elapsedMs":2}
[wrangler:info] GET /api/challenge/achievements/leaderboard 200 OK (4ms)
[wrangler:info] GET /assets/256-teams-icon.svg 304 Not Modified (5ms)
⎔ Reloading local server...
[wrangler:info] ✨ Parsed 3 valid header rules.
⎔ Local server updated and ready
⎔ Reloading local server...
[wrangler:info] ✨ Parsed 3 valid header rules.
⎔ Local server updated and ready
{"type":"worker-request","timestamp":"2026-07-26T20:53:34.600Z","requestId":"5b273943-0443-4aee-9635-7509e0f19819","method":"GET","route":"/custom-tournament"}
{"type":"worker-request-complete","timestamp":"2026-07-26T20:53:34.648Z","requestId":"5b273943-0443-4aee-9635-7509e0f19819","method":"GET","route":"/custom-tournament","status":200,"elapsedMs":47}
[wrangler:info] GET /custom-tournament 200 OK (55ms)
[wrangler:info] GET /redirect.js 304 Not Modified (12ms)
[wrangler:info] GET /clean.css 304 Not Modified (47ms)
[wrangler:info] GET /player-pools.generated.js 304 Not Modified (99ms)
[wrangler:info] GET /assets/flags/palestine.svg 304 Not Modified (124ms)
[wrangler:info] GET /retro-2010-squads.js 304 Not Modified (209ms)
[wrangler:info] GET /assets/retro-world-cup-2014.png 304 Not Modified (288ms)
[wrangler:info] GET /retro-2010-schedule.js 304 Not Modified (209ms)
[wrangler:info] GET /retro-2014-squads.js 304 Not Modified (272ms)
[wrangler:info] GET /data.js 304 Not Modified (426ms)
[wrangler:info] GET /retro-2014-schedule.js 304 Not Modified (216ms)
[wrangler:info] GET /retro-2018-squads.js 304 Not Modified (234ms)
[wrangler:info] GET /retro-data.js 304 Not Modified (537ms)
[wrangler:info] GET /retro-2018-schedule.js 304 Not Modified (260ms)
[wrangler:info] GET /retro-2022-squads.js 304 Not Modified (247ms)
[wrangler:info] GET /retro-2022-schedule.js 304 Not Modified (242ms)
[wrangler:info] GET /retro-engine.js 304 Not Modified (261ms)
[wrangler:info] GET /presentation-engine.js 304 Not Modified (249ms)
[wrangler:info] GET /simulation-engine.js 304 Not Modified (275ms)
[wrangler:info] GET /legacy-data/catalog.generated.js 200 OK (265ms)
[wrangler:info] GET /app.js 200 OK (388ms)
[wrangler:info] GET /challenge.js 304 Not Modified (395ms)
[wrangler:info] GET /analytics.js 304 Not Modified (350ms)
[wrangler:info] GET /assets/retro-world-cup-2022.png 304 Not Modified (13ms)
{"type":"worker-request","timestamp":"2026-07-26T20:53:36.024Z","requestId":"e81a46cf-0421-4db6-805c-83f90bab4260","method":"GET","route":"/api/challenge"}
{"type":"worker-request-complete","timestamp":"2026-07-26T20:53:36.045Z","requestId":"e81a46cf-0421-4db6-805c-83f90bab4260","method":"GET","route":"/api/challenge","status":200,"elapsedMs":21}
[wrangler:info] GET /api/challenge 200 OK (27ms)
{"type":"worker-request","timestamp":"2026-07-26T20:53:36.097Z","requestId":"ce8e9ac8-7c86-41f2-8bea-81fc720a88c8","method":"GET","route":"/api/challenge/achievements/leaderboard"}
{"type":"worker-request-complete","timestamp":"2026-07-26T20:53:36.108Z","requestId":"ce8e9ac8-7c86-41f2-8bea-81fc720a88c8","method":"GET","route":"/api/challenge/achievements/leaderboard","status":200,"elapsedMs":11}
[wrangler:info] GET /api/challenge/achievements/leaderboard 200 OK (13ms)
⎔ Reloading local server...
[wrangler:info] ✨ Parsed 3 valid header rules.
⎔ Local server updated and ready
⎔ Reloading local server...
[wrangler:info] ✨ Parsed 3 valid header rules.
⎔ Local server updated and ready
⎔ Reloading local server...
[wrangler:info] ✨ Parsed 3 valid header rules.
⎔ Local server updated and ready
⎔ Reloading local server...
[wrangler:info] ✨ Parsed 3 valid header rules.
⎔ Local server updated and ready
{"type":"worker-request","timestamp":"2026-07-26T21:02:18.476Z","requestId":"e7e8bf1b-a21b-4025-85d6-d1f1105ae4cf","method":"GET","route":"/custom-tournament"}
{"type":"worker-request-complete","timestamp":"2026-07-26T21:02:18.516Z","requestId":"e7e8bf1b-a21b-4025-85d6-d1f1105ae4cf","method":"GET","route":"/custom-tournament","status":200,"elapsedMs":40}
[wrangler:info] GET /custom-tournament 200 OK (48ms)
[wrangler:info] GET /redirect.js 304 Not Modified (10ms)
[wrangler:info] GET /clean.css 200 OK (21ms)
[wrangler:info] GET /assets/flags/palestine.svg 304 Not Modified (26ms)
[wrangler:info] GET /assets/retro-world-cup-2014.png 304 Not Modified (50ms)
[wrangler:info] GET /retro-2010-squads.js 304 Not Modified (80ms)
[wrangler:info] GET /player-pools.generated.js 304 Not Modified (167ms)
[wrangler:info] GET /retro-2010-schedule.js 304 Not Modified (165ms)
[wrangler:info] GET /data.js 304 Not Modified (243ms)
[wrangler:info] GET /retro-2014-squads.js 304 Not Modified (204ms)
[wrangler:info] GET /retro-2014-schedule.js 304 Not Modified (168ms)
[wrangler:info] GET /retro-data.js 304 Not Modified (365ms)
[wrangler:info] GET /retro-2018-squads.js 304 Not Modified (211ms)
[wrangler:info] GET /retro-2018-schedule.js 304 Not Modified (207ms)
[wrangler:info] GET /retro-2022-squads.js 304 Not Modified (1696ms)
[wrangler:info] GET /retro-2022-schedule.js 304 Not Modified (1698ms)
[wrangler:info] GET /retro-engine.js 304 Not Modified (1707ms)
[wrangler:info] GET /presentation-engine.js 304 Not Modified (1686ms)
[wrangler:info] GET /simulation-engine.js 304 Not Modified (1697ms)
[wrangler:info] GET /legacy-data/catalog.generated.js 200 OK (167ms)
[wrangler:info] GET /app.js 200 OK (302ms)
[wrangler:info] GET /analytics.js 304 Not Modified (268ms)
[wrangler:info] GET /challenge.js 304 Not Modified (304ms)
[wrangler:info] GET /assets/retro-world-cup-2022.png 304 Not Modified (13ms)
{"type":"worker-request","timestamp":"2026-07-26T21:02:21.024Z","requestId":"3dc57959-fb75-4f03-929a-c81c494a65bf","method":"GET","route":"/api/challenge"}
{"type":"worker-request-complete","timestamp":"2026-07-26T21:02:21.039Z","requestId":"3dc57959-fb75-4f03-929a-c81c494a65bf","method":"GET","route":"/api/challenge","status":200,"elapsedMs":15}
[wrangler:info] GET /api/challenge 200 OK (26ms)
{"type":"worker-request","timestamp":"2026-07-26T21:02:21.256Z","requestId":"7d390655-14e0-49c3-923d-6914a2c58fa1","method":"GET","route":"/api/challenge/achievements/leaderboard"}
{"type":"worker-request-complete","timestamp":"2026-07-26T21:02:21.270Z","requestId":"7d390655-14e0-49c3-923d-6914a2c58fa1","method":"GET","route":"/api/challenge/achievements/leaderboard","status":200,"elapsedMs":14}
[wrangler:info] GET /api/challenge/achievements/leaderboard 200 OK (18ms)
⎔ Reloading local server...
[wrangler:info] ✨ Parsed 3 valid header rules.
⎔ Local server updated and ready
⎔ Reloading local server...
[wrangler:info] ✨ Parsed 3 valid header rules.
⎔ Local server updated and ready
{"type":"worker-request","timestamp":"2026-07-26T21:03:36.729Z","requestId":"0c8c9b79-c3fc-4ff1-b593-c3b39cdd104a","method":"GET","route":"/custom-tournament"}
{"type":"worker-request-complete","timestamp":"2026-07-26T21:03:36.770Z","requestId":"0c8c9b79-c3fc-4ff1-b593-c3b39cdd104a","method":"GET","route":"/custom-tournament","status":200,"elapsedMs":41}
[wrangler:info] GET /custom-tournament 200 OK (50ms)
[wrangler:info] GET /redirect.js 304 Not Modified (13ms)
[wrangler:info] GET /clean.css 304 Not Modified (37ms)
[wrangler:info] GET /player-pools.generated.js 304 Not Modified (72ms)
[wrangler:info] GET /analytics.js 304 Not Modified (100ms)
[wrangler:info] GET /retro-data.js 304 Not Modified (103ms)
[wrangler:info] GET /assets/flags/palestine.svg 304 Not Modified (145ms)
[wrangler:info] GET /retro-2010-squads.js 304 Not Modified (119ms)
[wrangler:info] GET /retro-2010-schedule.js 304 Not Modified (142ms)
[wrangler:info] GET /assets/retro-world-cup-2014.png 304 Not Modified (260ms)
[wrangler:info] GET /retro-2014-squads.js 304 Not Modified (172ms)
[wrangler:info] GET /retro-2014-schedule.js 304 Not Modified (195ms)
[wrangler:info] GET /data.js 304 Not Modified (357ms)
[wrangler:info] GET /retro-2018-squads.js 304 Not Modified (210ms)
[wrangler:info] GET /retro-2018-schedule.js 304 Not Modified (207ms)
[wrangler:info] GET /retro-2022-squads.js 304 Not Modified (232ms)
[wrangler:info] GET /retro-2022-schedule.js 304 Not Modified (204ms)
[wrangler:info] GET /retro-engine.js 304 Not Modified (213ms)
[wrangler:info] GET /presentation-engine.js 304 Not Modified (217ms)
[wrangler:info] GET /simulation-engine.js 304 Not Modified (216ms)
[wrangler:info] GET /legacy-data/catalog.generated.js 200 OK (215ms)
[wrangler:info] GET /app.js 200 OK (364ms)
[wrangler:info] GET /challenge.js 304 Not Modified (380ms)
[wrangler:info] GET /assets/retro-world-cup-2022.png 304 Not Modified (18ms)
{"type":"worker-request","timestamp":"2026-07-26T21:03:37.816Z","requestId":"3c819af8-3a03-44eb-9c96-6362c73c3aae","method":"GET","route":"/api/challenge"}
{"type":"worker-request-complete","timestamp":"2026-07-26T21:03:37.836Z","requestId":"3c819af8-3a03-44eb-9c96-6362c73c3aae","method":"GET","route":"/api/challenge","status":200,"elapsedMs":20}
[wrangler:info] GET /api/challenge 200 OK (23ms)
[wrangler:info] GET /assets/256-teams-icon.svg 304 Not Modified (4ms)
{"type":"worker-request","timestamp":"2026-07-26T21:03:37.853Z","requestId":"74a7cbb3-735a-407c-ae9b-c9d2afffaaab","method":"GET","route":"/api/challenge/achievements/leaderboard"}
{"type":"worker-request-complete","timestamp":"2026-07-26T21:03:37.864Z","requestId":"74a7cbb3-735a-407c-ae9b-c9d2afffaaab","method":"GET","route":"/api/challenge/achievements/leaderboard","status":200,"elapsedMs":11}
[wrangler:info] GET /api/challenge/achievements/leaderboard 200 OK (15ms)
