
> predev
> node scripts/generate-legacy-catalog.mjs

Generated Legacy Draft catalog: 10 nations, 87 XIs.

> dev
> npx wrangler dev --var ONLINE_MODE_ENABLED:true --var LOCAL_DEV_AUTH:true --port 8787


 ⛅️ wrangler 4.115.0 (update available 4.118.0)
───────────────────────────────────────────────
Using secrets defined in process.env
Your Worker has access to the following bindings:
Binding                                                          Resource                      Mode
env.TOURNAMENT_ROOMS (TournamentRoom)                            Durable Object                local
env.ONLINE_CAPACITY (OnlineCapacityCoordinator)                  Durable Object                local
env.PUBLIC_MATCHMAKER (PublicMatchmaker)                         Durable Object                local
env.CHALLENGE_DB (256teams-accounts)                             D1 Database                   local
env.ONLINE_ANALYTICS (world_256_online)                          Analytics Engine Dataset      local
env.ROOM_CREATE_LIMITER (6 requests/60s)                         Rate Limit                    local
env.ROOM_JOIN_LIMITER (20 requests/60s)                          Rate Limit                    local
env.ROOM_API_LIMITER (120 requests/60s)                          Rate Limit                    local
env.ROOM_STATUS_LIMITER (360 requests/60s)                       Rate Limit                    local
env.BUG_REPORT_LIMITER (5 requests/60s)                          Rate Limit                    local
env.CHALLENGE_AUTH_LIMITER (10 requests/60s)                     Rate Limit                    local
env.CHALLENGE_API_LIMITER (120 requests/60s)                     Rate Limit                    local
env.ASSETS                                                       Assets                        local
env.ONLINE_MODE_ENABLED ("(hidden)")                             Environment Variable          local
env.ONLINE_MAX_ACTIVE_MATCHES ("64")                             Environment Variable          local
env.PALESTINE_CHALLENGE_ENABLED ("true")                         Environment Variable          local
env.LOCAL_DEV_AUTH ("(hidden)")                                  Environment Variable          local

Wrangler detected this dev session is running in an AI agent.
The Local Explorer API is available at http://127.0.0.1:8787/cdn-cgi/explorer/api
Useful routes:
  GET http://127.0.0.1:8787/cdn-cgi/explorer/api - OpenAPI schema
  GET http://127.0.0.1:8787/cdn-cgi/explorer/api/d1/database - D1 databases
  GET http://127.0.0.1:8787/cdn-cgi/explorer/api/local/workers - local Workers and bindings
  GET http://127.0.0.1:8787/cdn-cgi/explorer/api/r2/buckets - R2 buckets
  GET http://127.0.0.1:8787/cdn-cgi/explorer/api/storage/kv/namespaces - KV namespaces
  GET http://127.0.0.1:8787/cdn-cgi/explorer/api/workers/durable_objects/namespaces - Durable Object namespaces
  GET http://127.0.0.1:8787/cdn-cgi/explorer/api/workflows - Workflows
⎔ Starting local server...
[wrangler:info] ✨ Parsed 3 valid header rules.
[wrangler:info] Ready on http://127.0.0.1:8787
[wrangler:info] GET /ucl-simulator.js 200 OK (7ms)
{"type":"worker-request","timestamp":"2026-08-01T21:29:00.163Z","requestId":"9872e02f-f84a-4fc8-9ec3-ef125893dfc4","method":"GET","route":"/ucl-simulator"}
{"type":"worker-request-complete","timestamp":"2026-08-01T21:29:00.168Z","requestId":"9872e02f-f84a-4fc8-9ec3-ef125893dfc4","method":"GET","route":"/ucl-simulator","status":200,"elapsedMs":5}
[wrangler:info] GET /ucl-simulator 200 OK (12ms)
[wrangler:info] GET /redirect.js 304 Not Modified (5ms)
[wrangler:info] GET /styles.css 304 Not Modified (5ms)
[wrangler:info] GET /clean.css 304 Not Modified (6ms)
[wrangler:info] GET /premier-league.css 304 Not Modified (7ms)
[wrangler:info] GET /ucl-simulator.css 304 Not Modified (9ms)
[wrangler:info] GET /assets/flags/palestine.svg 304 Not Modified (12ms)
[wrangler:info] GET /assets/retro-world-cup-2014.png 304 Not Modified (11ms)
[wrangler:info] GET /assets/prem-logo.webp 304 Not Modified (6ms)
[wrangler:info] GET /player-pools.generated.js 304 Not Modified (10ms)
[wrangler:info] GET /assets/ucl-starball-white.png 304 Not Modified (6ms)
[wrangler:info] GET /data.js 304 Not Modified (5ms)
[wrangler:info] GET /retro-data.js 304 Not Modified (8ms)
[wrangler:info] GET /retro-2006-squads.js 304 Not Modified (12ms)
[wrangler:info] GET /retro-2006-schedule.js 304 Not Modified (12ms)
[wrangler:info] GET /retro-2010-squads.js 304 Not Modified (9ms)
[wrangler:info] GET /retro-2010-schedule.js 304 Not Modified (11ms)
[wrangler:info] GET /retro-2014-squads.js 304 Not Modified (14ms)
[wrangler:info] GET /retro-2014-schedule.js 304 Not Modified (17ms)
[wrangler:info] GET /retro-euro-2016-squads.js 304 Not Modified (19ms)
[wrangler:info] GET /retro-euro-2016-schedule.js 304 Not Modified (18ms)
[wrangler:info] GET /retro-2018-squads.js 304 Not Modified (18ms)
[wrangler:info] GET /retro-2018-schedule.js 304 Not Modified (20ms)
[wrangler:info] GET /retro-2022-squads.js 304 Not Modified (19ms)
[wrangler:info] GET /retro-2022-schedule.js 304 Not Modified (19ms)
[wrangler:info] GET /retro-2026-schedule.js 304 Not Modified (13ms)
[wrangler:info] GET /retro-2026-squads.js 304 Not Modified (22ms)
[wrangler:info] GET /retro-engine.js 304 Not Modified (18ms)
[wrangler:info] GET /presentation-engine.js 304 Not Modified (19ms)
[wrangler:info] GET /premier-league-squads.generated.js 304 Not Modified (18ms)
[wrangler:info] GET /legacy-data/catalog.generated.js 200 OK (55ms)
[wrangler:info] GET /simulation-engine.js 304 Not Modified (61ms)
[wrangler:info] GET /premier-league-data.js 200 OK (55ms)
{"type":"worker-request","timestamp":"2026-08-01T21:29:00.360Z","requestId":"998def61-912f-41bb-961e-c7da33e0d04a","method":"GET","route":"/premier-league-fc26-ratings.js"}
{"type":"worker-request-complete","timestamp":"2026-08-01T21:29:00.361Z","requestId":"998def61-912f-41bb-961e-c7da33e0d04a","method":"GET","route":"/premier-league-fc26-ratings.js","status":404,"elapsedMs":1}
[wrangler:info] GET /premier-league-fc26-ratings.js 404 Not Found (61ms)
[wrangler:info] GET /ucl-draw-solver.js 304 Not Modified (63ms)
[wrangler:info] GET /ucl-engine.js 304 Not Modified (58ms)
[wrangler:info] GET /ucl-squads.generated.js 304 Not Modified (32ms)
[wrangler:info] GET /app.js 304 Not Modified (20ms)
[wrangler:info] GET /premier-league.js 304 Not Modified (18ms)
[wrangler:info] GET /ucl-simulator.js 304 Not Modified (5ms)
[wrangler:info] GET /challenge.js 304 Not Modified (6ms)
[wrangler:info] GET /analytics.js 304 Not Modified (8ms)
[wrangler:info] GET /assets/world-cup-2026-logo.png 304 Not Modified (5ms)
[wrangler:info] GET /assets/ucl-26-27/badges/stuttgart.png 304 Not Modified (9ms)
[wrangler:info] GET /assets/ucl-26-27/badges/inter-milan.png 304 Not Modified (11ms)
[wrangler:info] GET /assets/ucl-26-27/badges/rb-leipzig.png 304 Not Modified (14ms)
[wrangler:info] GET /assets/ucl-26-27/badges/sporting-cp.png 304 Not Modified (17ms)
[wrangler:info] GET /assets/ucl-26-27/badges/real-madrid.png 304 Not Modified (21ms)
[wrangler:info] GET /assets/ucl-26-27/badges/nk-celje.png 304 Not Modified (25ms)
{"type":"worker-request","timestamp":"2026-08-01T21:29:00.549Z","requestId":"c0da9b68-d21b-4c05-8831-f89d58e15f2f","method":"GET","route":"/api/challenge"}
{"type":"worker-request-complete","timestamp":"2026-08-01T21:29:00.564Z","requestId":"c0da9b68-d21b-4c05-8831-f89d58e15f2f","method":"GET","route":"/api/challenge","status":200,"elapsedMs":15}
[wrangler:info] GET /api/challenge 200 OK (34ms)
[wrangler:info] GET /assets/ucl-26-27/badges/borussia-dortmund.png 304 Not Modified (23ms)
[wrangler:info] GET /assets/ucl-26-27/badges/galatasaray.png 304 Not Modified (31ms)
[wrangler:info] GET /assets/ucl-26-27/badges/slovan-bratislava.svg 304 Not Modified (36ms)
[wrangler:info] GET /assets/ucl-26-27/badges/napoli-2007.png 304 Not Modified (31ms)
[wrangler:info] GET /assets/ucl-26-27/badges/bayern-munich.png 304 Not Modified (17ms)
[wrangler:info] GET /assets/ucl-26-27/badges/lens.png 304 Not Modified (33ms)
[wrangler:info] GET /assets/ucl-26-27/badges/real-betis.png 304 Not Modified (14ms)
[wrangler:info] GET /assets/ucl-26-27/badges/villarreal.png 304 Not Modified (9ms)
[wrangler:info] GET /assets/ucl-26-27/badges/fenerbahce.svg 304 Not Modified (49ms)
[wrangler:info] GET /assets/ucl-26-27/badges/olympiacos.svg 304 Not Modified (4ms)
[wrangler:info] GET /assets/ucl-26-27/badges/roma.png 304 Not Modified (3ms)
{"type":"worker-request","timestamp":"2026-08-01T21:29:00.651Z","requestId":"0ab15c24-98ba-4f4b-9e40-2ead0dcbb8dc","method":"GET","route":"/api/challenge/achievements/leaderboard"}
{"type":"worker-request-complete","timestamp":"2026-08-01T21:29:00.677Z","requestId":"0ab15c24-98ba-4f4b-9e40-2ead0dcbb8dc","method":"GET","route":"/api/challenge/achievements/leaderboard","status":200,"elapsedMs":26}
[wrangler:info] GET /api/challenge/achievements/leaderboard 200 OK (29ms)
{"type":"worker-request","timestamp":"2026-08-01T21:42:24.277Z","requestId":"4d4ada05-74c6-4274-a672-55ab77074083","method":"GET","route":"/ucl-simulator"}
{"type":"worker-request-complete","timestamp":"2026-08-01T21:42:24.279Z","requestId":"4d4ada05-74c6-4274-a672-55ab77074083","method":"GET","route":"/ucl-simulator","status":200,"elapsedMs":2}
[wrangler:info] GET /ucl-simulator 200 OK (8ms)
[wrangler:info] GET /redirect.js 304 Not Modified (5ms)
[wrangler:info] GET /styles.css 304 Not Modified (14ms)
[wrangler:info] GET /clean.css 304 Not Modified (18ms)
[wrangler:info] GET /premier-league.css 304 Not Modified (14ms)
[wrangler:info] GET /assets/retro-world-cup-2014.png 304 Not Modified (18ms)
[wrangler:info] GET /ucl-simulator.css 304 Not Modified (22ms)
[wrangler:info] GET /assets/flags/palestine.svg 304 Not Modified (25ms)
[wrangler:info] GET /assets/prem-logo.webp 304 Not Modified (6ms)
[wrangler:info] GET /assets/ucl-starball-white.png 304 Not Modified (7ms)
[wrangler:info] GET /player-pools.generated.js 304 Not Modified (11ms)
[wrangler:info] GET /retro-data.js 304 Not Modified (10ms)
[wrangler:info] GET /data.js 304 Not Modified (11ms)
[wrangler:info] GET /retro-2006-squads.js 304 Not Modified (17ms)
[wrangler:info] GET /retro-2006-schedule.js 304 Not Modified (20ms)
[wrangler:info] GET /retro-2010-squads.js 304 Not Modified (26ms)
[wrangler:info] GET /retro-2014-schedule.js 304 Not Modified (17ms)
[wrangler:info] GET /retro-2010-schedule.js 304 Not Modified (32ms)
[wrangler:info] GET /retro-2014-squads.js 304 Not Modified (31ms)
[wrangler:info] GET /retro-euro-2016-squads.js 304 Not Modified (27ms)
[wrangler:info] GET /retro-euro-2016-schedule.js 304 Not Modified (27ms)
[wrangler:info] GET /retro-2018-squads.js 304 Not Modified (25ms)
[wrangler:info] GET /retro-2018-schedule.js 304 Not Modified (27ms)
[wrangler:info] GET /retro-2022-squads.js 304 Not Modified (24ms)
[wrangler:info] GET /retro-2026-squads.js 304 Not Modified (19ms)
[wrangler:info] GET /retro-2022-schedule.js 304 Not Modified (33ms)
[wrangler:info] GET /retro-2026-schedule.js 304 Not Modified (37ms)
[wrangler:info] GET /retro-engine.js 304 Not Modified (32ms)
[wrangler:info] GET /presentation-engine.js 304 Not Modified (34ms)
[wrangler:info] GET /simulation-engine.js 304 Not Modified (30ms)
[wrangler:info] GET /legacy-data/catalog.generated.js 200 OK (33ms)
[wrangler:info] GET /premier-league-squads.generated.js 304 Not Modified (35ms)
{"type":"worker-request","timestamp":"2026-08-01T21:42:24.704Z","requestId":"f5442c1a-94af-40ae-9d4f-c7ce50328c1b","method":"GET","route":"/premier-league-fc26-ratings.js"}
{"type":"worker-request-complete","timestamp":"2026-08-01T21:42:24.708Z","requestId":"f5442c1a-94af-40ae-9d4f-c7ce50328c1b","method":"GET","route":"/premier-league-fc26-ratings.js","status":404,"elapsedMs":4}
[wrangler:info] GET /premier-league-fc26-ratings.js 404 Not Found (36ms)
[wrangler:info] GET /ucl-draw-solver.js 304 Not Modified (34ms)
[wrangler:info] GET /premier-league-data.js 304 Not Modified (44ms)
[wrangler:info] GET /ucl-engine.js 304 Not Modified (40ms)
[wrangler:info] GET /ucl-squads.generated.js 304 Not Modified (37ms)
[wrangler:info] GET /premier-league.js 304 Not Modified (33ms)
[wrangler:info] GET /app.js 304 Not Modified (45ms)
[wrangler:info] GET /ucl-simulator.js 304 Not Modified (34ms)
[wrangler:info] GET /challenge.js 304 Not Modified (30ms)
[wrangler:info] GET /site.webmanifest 304 Not Modified (21ms)
[wrangler:info] GET /analytics.js 304 Not Modified (21ms)
[wrangler:info] GET /assets/world-cup-2026-logo.png 304 Not Modified (6ms)
[wrangler:info] GET /assets/ucl-26-27/badges/roma.png 304 Not Modified (16ms)
[wrangler:info] GET /assets/ucl-26-27/badges/porto.png 304 Not Modified (12ms)
[wrangler:info] GET /assets/ucl-26-27/badges/paris-saint-germain.png 304 Not Modified (14ms)
[wrangler:info] GET /assets/ucl-26-27/badges/bayern-munich.png 304 Not Modified (17ms)
[wrangler:info] GET /assets/ucl-26-27/badges/stuttgart.png 304 Not Modified (24ms)
{"type":"worker-request","timestamp":"2026-08-01T21:42:25.556Z","requestId":"6724b9d1-dd11-4b6b-8452-a91c8d68dad8","method":"GET","route":"/api/challenge"}
[wrangler:info] GET /assets/ucl-26-27/badges/olympiacos.svg 304 Not Modified (35ms)
{"type":"worker-request-complete","timestamp":"2026-08-01T21:42:25.578Z","requestId":"6724b9d1-dd11-4b6b-8452-a91c8d68dad8","method":"GET","route":"/api/challenge","status":200,"elapsedMs":22}
[wrangler:info] GET /api/challenge 200 OK (45ms)
[wrangler:info] GET /assets/ucl-26-27/badges/arsenal.png 304 Not Modified (32ms)
[wrangler:info] GET /assets/ucl-26-27/badges/rb-leipzig.png 304 Not Modified (29ms)
[wrangler:info] GET /assets/ucl-26-27/badges/psv-eindhoven.png 304 Not Modified (33ms)
[wrangler:info] GET /assets/ucl-26-27/badges/real-betis.png 304 Not Modified (35ms)
[wrangler:info] GET /assets/ucl-26-27/badges/aston-villa.png 304 Not Modified (32ms)
[wrangler:info] GET /assets/ucl-26-27/badges/barcelona.png 304 Not Modified (7ms)
[wrangler:info] GET /assets/ucl-26-27/badges/union-saint-gilloise.svg 304 Not Modified (17ms)
[wrangler:info] GET /assets/ucl-26-27/badges/club-brugge.png 304 Not Modified (25ms)
[wrangler:info] GET /assets/ucl-26-27/badges/villarreal.png 304 Not Modified (26ms)
[wrangler:info] GET /assets/ucl-26-27/badges/gnk-dinamo-zagreb.png 304 Not Modified (26ms)
{"type":"worker-request","timestamp":"2026-08-01T21:42:25.681Z","requestId":"943db98e-4a41-4e79-abf1-5a6737ad4983","method":"POST","route":"/api/challenge/achievements/retro-2006"}
[wrangler:info] GET /assets/256-teams-icon.svg 304 Not Modified (55ms)
{"type":"worker-request","timestamp":"2026-08-01T21:42:25.704Z","requestId":"eedd5835-f9e1-431d-8d66-57dc87c2a6fd","method":"POST","route":"/api/challenge/achievements/retro-2014"}
{"type":"worker-request","timestamp":"2026-08-01T21:42:25.710Z","requestId":"117b4f35-580f-4281-bc82-169f36a36e8a","method":"POST","route":"/api/challenge/achievements/retro-2018"}
{"type":"worker-request","timestamp":"2026-08-01T21:42:25.713Z","requestId":"c282c5c2-4a4d-4980-a9c6-1ff564227cac","method":"POST","route":"/api/challenge/achievements/retro-2022"}
{"type":"worker-request","timestamp":"2026-08-01T21:42:25.717Z","requestId":"ea857458-106c-4daa-b802-389afea80a16","method":"POST","route":"/api/challenge/achievements/premier-league"}
{"type":"worker-request-complete","timestamp":"2026-08-01T21:42:25.732Z","requestId":"943db98e-4a41-4e79-abf1-5a6737ad4983","method":"POST","route":"/api/challenge/achievements/retro-2006","status":200,"elapsedMs":51}
[wrangler:info] POST /api/challenge/achievements/retro-2006 200 OK (65ms)
{"type":"worker-request-complete","timestamp":"2026-08-01T21:42:25.744Z","requestId":"eedd5835-f9e1-431d-8d66-57dc87c2a6fd","method":"POST","route":"/api/challenge/achievements/retro-2014","status":200,"elapsedMs":40}
[wrangler:info] POST /api/challenge/achievements/retro-2014 200 OK (74ms)
{"type":"worker-request-complete","timestamp":"2026-08-01T21:42:25.757Z","requestId":"117b4f35-580f-4281-bc82-169f36a36e8a","method":"POST","route":"/api/challenge/achievements/retro-2018","status":200,"elapsedMs":47}
[wrangler:info] POST /api/challenge/achievements/retro-2018 200 OK (88ms)
{"type":"worker-request","timestamp":"2026-08-01T21:42:25.759Z","requestId":"2038cd07-1f1f-43ca-8a55-c13e56b8cd72","method":"GET","route":"/api/challenge/custom-teams"}
{"type":"worker-request-complete","timestamp":"2026-08-01T21:42:25.767Z","requestId":"2038cd07-1f1f-43ca-8a55-c13e56b8cd72","method":"GET","route":"/api/challenge/custom-teams","status":200,"elapsedMs":8}
[wrangler:info] GET /api/challenge/custom-teams 200 OK (70ms)
{"type":"worker-request-complete","timestamp":"2026-08-01T21:42:25.782Z","requestId":"c282c5c2-4a4d-4980-a9c6-1ff564227cac","method":"POST","route":"/api/challenge/achievements/retro-2022","status":200,"elapsedMs":69}
[wrangler:info] POST /api/challenge/achievements/retro-2022 200 OK (104ms)
{"type":"worker-request-complete","timestamp":"2026-08-01T21:42:25.796Z","requestId":"ea857458-106c-4daa-b802-389afea80a16","method":"POST","route":"/api/challenge/achievements/premier-league","status":200,"elapsedMs":79}
[wrangler:info] POST /api/challenge/achievements/premier-league 200 OK (104ms)
[wrangler:info] GET /assets/256-teams-icon.svg 304 Not Modified (7ms)
{"type":"worker-request","timestamp":"2026-08-01T21:42:25.823Z","requestId":"09abc92d-7fa3-4f0f-9017-21f0bdc32861","method":"GET","route":"/api/challenge/achievements/leaderboard"}
{"type":"worker-request-complete","timestamp":"2026-08-01T21:42:25.837Z","requestId":"09abc92d-7fa3-4f0f-9017-21f0bdc32861","method":"GET","route":"/api/challenge/achievements/leaderboard","status":200,"elapsedMs":14}
[wrangler:info] GET /api/challenge/achievements/leaderboard 200 OK (17ms)
[wrangler:info] GET /assets/pl-26-27/badges/chelsea.webp 304 Not Modified (56ms)
[wrangler:info] GET /assets/ucl-26-27/badges/manchester-city.png 304 Not Modified (58ms)
[wrangler:info] GET /assets/ucl-26-27/badges/feyenoord.png 304 Not Modified (6ms)
[wrangler:info] GET /assets/audio/ucl-legacy-anthem.mp3 304 Not Modified (15ms)
[wrangler:info] GET /favicon.png 304 Not Modified (13ms)
[wrangler:info] GET /assets/ucl-26-27/badges/atletico-madrid.png 304 Not Modified (3ms)
[wrangler:info] GET /assets/ucl-26-27/badges/levski-sofia.svg 304 Not Modified (4ms)
[wrangler:info] GET /assets/ucl-26-27/badges/real-madrid.png 304 Not Modified (9ms)
[wrangler:info] GET /assets/ucl-26-27/badges/liverpool.png 304 Not Modified (9ms)
[wrangler:info] GET /assets/ucl-26-27/badges/borussia-dortmund.png 304 Not Modified (5ms)
[wrangler:info] GET /assets/ucl-26-27/badges/napoli-2007.png 304 Not Modified (15ms)
[wrangler:info] GET /assets/ucl-26-27/badges/manchester-united.png 304 Not Modified (12ms)
{"type":"worker-request","timestamp":"2026-08-01T21:43:00.316Z","requestId":"7ed18691-cf20-48f3-b498-aca445abf433","method":"GET","route":"/ucl-simulator"}
{"type":"worker-request-complete","timestamp":"2026-08-01T21:43:00.318Z","requestId":"7ed18691-cf20-48f3-b498-aca445abf433","method":"GET","route":"/ucl-simulator","status":200,"elapsedMs":2}
[wrangler:info] GET /ucl-simulator 200 OK (7ms)
[wrangler:info] GET /redirect.js 200 OK (18ms)
[wrangler:info] GET /styles.css 200 OK (19ms)
[wrangler:info] GET /clean.css 200 OK (21ms)
[wrangler:info] GET /premier-league.css 200 OK (26ms)
[wrangler:info] GET /ucl-simulator.css 200 OK (27ms)
[wrangler:info] GET /assets/flags/palestine.svg 200 OK (30ms)
[wrangler:info] GET /assets/retro-world-cup-2014.png 200 OK (29ms)
[wrangler:info] GET /assets/prem-logo.webp 200 OK (5ms)
[wrangler:info] GET /assets/ucl-starball-white.png 200 OK (19ms)
[wrangler:info] GET /player-pools.generated.js 200 OK (9ms)
[wrangler:info] GET /data.js 200 OK (11ms)
[wrangler:info] GET /retro-data.js 200 OK (21ms)
[wrangler:info] GET /retro-2006-squads.js 200 OK (24ms)
[wrangler:info] GET /retro-2006-schedule.js 200 OK (20ms)
[wrangler:info] GET /retro-2010-squads.js 200 OK (25ms)
[wrangler:info] GET /retro-2010-schedule.js 200 OK (21ms)
[wrangler:info] GET /retro-2014-schedule.js 200 OK (28ms)
[wrangler:info] GET /retro-2014-squads.js 200 OK (41ms)
[wrangler:info] GET /retro-euro-2016-squads.js 200 OK (49ms)
[wrangler:info] GET /retro-euro-2016-schedule.js 200 OK (31ms)
[wrangler:info] GET /retro-2018-squads.js 200 OK (17ms)
[wrangler:info] GET /retro-2018-schedule.js 200 OK (24ms)
[wrangler:info] GET /retro-2022-squads.js 200 OK (35ms)
[wrangler:info] GET /retro-2026-squads.js 200 OK (18ms)
[wrangler:info] GET /retro-2022-schedule.js 200 OK (28ms)
[wrangler:info] GET /retro-engine.js 200 OK (21ms)
[wrangler:info] GET /retro-2026-schedule.js 200 OK (28ms)
[wrangler:info] GET /presentation-engine.js 200 OK (16ms)
[wrangler:info] GET /simulation-engine.js 200 OK (17ms)
[wrangler:info] GET /legacy-data/catalog.generated.js 200 OK (17ms)
[wrangler:info] GET /premier-league-squads.generated.js 200 OK (19ms)
{"type":"worker-request","timestamp":"2026-08-01T21:43:00.847Z","requestId":"471c3c93-1708-453e-bbde-28d94853092e","method":"GET","route":"/premier-league-fc26-ratings.js"}
{"type":"worker-request-complete","timestamp":"2026-08-01T21:43:00.848Z","requestId":"471c3c93-1708-453e-bbde-28d94853092e","method":"GET","route":"/premier-league-fc26-ratings.js","status":404,"elapsedMs":1}
[wrangler:info] GET /premier-league-fc26-ratings.js 404 Not Found (22ms)
[wrangler:info] GET /premier-league-data.js 200 OK (21ms)
[wrangler:info] GET /ucl-draw-solver.js 200 OK (13ms)
[wrangler:info] GET /ucl-engine.js 200 OK (19ms)
[wrangler:info] GET /ucl-squads.generated.js 200 OK (11ms)
[wrangler:info] GET /premier-league.js 200 OK (9ms)
[wrangler:info] GET /app.js 200 OK (24ms)
[wrangler:info] GET /ucl-simulator.js 200 OK (28ms)
[wrangler:info] GET /challenge.js 200 OK (28ms)
[wrangler:info] GET /site.webmanifest 200 OK (21ms)
[wrangler:info] GET /analytics.js 200 OK (27ms)
[wrangler:info] GET /assets/world-cup-2026-logo.png 200 OK (8ms)
[wrangler:info] GET /assets/ucl-26-27/badges/feyenoord.png 200 OK (19ms)
[wrangler:info] GET /assets/ucl-26-27/badges/olympiacos.svg 200 OK (21ms)
[wrangler:info] GET /assets/ucl-26-27/badges/atletico-madrid.png 200 OK (30ms)
[wrangler:info] GET /assets/ucl-26-27/badges/club-brugge.png 200 OK (33ms)
[wrangler:info] GET /assets/ucl-26-27/badges/levski-sofia.svg 200 OK (46ms)
[wrangler:info] GET /assets/ucl-26-27/badges/real-madrid.png 200 OK (70ms)
{"type":"worker-request","timestamp":"2026-08-01T21:43:01.160Z","requestId":"bafb74e6-951b-47e8-9fa5-6671af077dc1","method":"GET","route":"/api/challenge"}
{"type":"worker-request-complete","timestamp":"2026-08-01T21:43:01.198Z","requestId":"bafb74e6-951b-47e8-9fa5-6671af077dc1","method":"GET","route":"/api/challenge","status":200,"elapsedMs":38}
[wrangler:info] GET /api/challenge 200 OK (90ms)
[wrangler:info] GET /assets/ucl-26-27/badges/psv-eindhoven.png 200 OK (13ms)
[wrangler:info] GET /assets/ucl-26-27/badges/arsenal.png 200 OK (16ms)
[wrangler:info] GET /assets/ucl-26-27/badges/manchester-united.png 200 OK (29ms)
[wrangler:info] GET /assets/ucl-26-27/badges/napoli-2007.png 200 OK (37ms)
[wrangler:info] GET /assets/ucl-26-27/badges/borussia-dortmund.png 200 OK (47ms)
[wrangler:info] GET /assets/ucl-26-27/badges/paris-saint-germain.png 200 OK (11ms)
[wrangler:info] GET /assets/ucl-26-27/badges/liverpool.png 200 OK (14ms)
[wrangler:info] GET /assets/ucl-26-27/badges/barcelona.png 200 OK (12ms)
[wrangler:info] GET /assets/ucl-26-27/badges/porto.png 200 OK (16ms)
[wrangler:info] GET /assets/ucl-26-27/badges/bayern-munich.png 200 OK (19ms)
[wrangler:info] GET /assets/ucl-26-27/badges/aston-villa.png 200 OK (13ms)
[wrangler:info] GET /assets/ucl-26-27/badges/manchester-city.png 200 OK (16ms)
[wrangler:info] GET /assets/256-teams-icon.svg 200 OK (19ms)
{"type":"worker-request","timestamp":"2026-08-01T21:43:01.362Z","requestId":"57f71a72-0fc1-44aa-8cab-98703efe17df","method":"GET","route":"/api/challenge/custom-teams"}
{"type":"worker-request-complete","timestamp":"2026-08-01T21:43:01.368Z","requestId":"57f71a72-0fc1-44aa-8cab-98703efe17df","method":"GET","route":"/api/challenge/custom-teams","status":200,"elapsedMs":6}
{"type":"worker-request","timestamp":"2026-08-01T21:43:01.371Z","requestId":"f1671a3e-fcfe-425e-9a26-4be2d1e3df6c","method":"POST","route":"/api/challenge/achievements/retro-2006"}
[wrangler:info] GET /api/challenge/custom-teams 200 OK (11ms)
{"type":"worker-request","timestamp":"2026-08-01T21:43:01.377Z","requestId":"a274ae42-cae9-4064-8fea-98b783b69ab4","method":"POST","route":"/api/challenge/achievements/retro-2014"}
{"type":"worker-request-complete","timestamp":"2026-08-01T21:43:01.397Z","requestId":"f1671a3e-fcfe-425e-9a26-4be2d1e3df6c","method":"POST","route":"/api/challenge/achievements/retro-2006","status":200,"elapsedMs":26}
[wrangler:info] POST /api/challenge/achievements/retro-2006 200 OK (38ms)
{"type":"worker-request","timestamp":"2026-08-01T21:43:01.399Z","requestId":"578b6600-2a05-4362-8192-a6c41a68c7c0","method":"POST","route":"/api/challenge/achievements/retro-2018"}
{"type":"worker-request-complete","timestamp":"2026-08-01T21:43:01.419Z","requestId":"a274ae42-cae9-4064-8fea-98b783b69ab4","method":"POST","route":"/api/challenge/achievements/retro-2014","status":200,"elapsedMs":42}
[wrangler:info] POST /api/challenge/achievements/retro-2014 200 OK (55ms)
{"type":"worker-request-complete","timestamp":"2026-08-01T21:43:01.438Z","requestId":"578b6600-2a05-4362-8192-a6c41a68c7c0","method":"POST","route":"/api/challenge/achievements/retro-2018","status":200,"elapsedMs":39}
[wrangler:info] POST /api/challenge/achievements/retro-2018 200 OK (65ms)
{"type":"worker-request","timestamp":"2026-08-01T21:43:01.449Z","requestId":"250511c6-51c9-43a7-924d-2b05a9ee90b0","method":"POST","route":"/api/challenge/achievements/retro-2022"}
{"type":"worker-request","timestamp":"2026-08-01T21:43:01.455Z","requestId":"a52a6f99-bdd3-49ff-a75b-3351a5e0e0fe","method":"POST","route":"/api/challenge/achievements/retro-2022"}
{"type":"worker-request-complete","timestamp":"2026-08-01T21:43:01.470Z","requestId":"250511c6-51c9-43a7-924d-2b05a9ee90b0","method":"POST","route":"/api/challenge/achievements/retro-2022","status":200,"elapsedMs":21}
[wrangler:info] POST /api/challenge/achievements/retro-2022 200 OK (30ms)
[wrangler:info] GET /assets/256-teams-icon.svg 304 Not Modified (28ms)
{"type":"worker-request","timestamp":"2026-08-01T21:43:01.481Z","requestId":"fb54fc5d-1e43-4c44-bb5e-52f23ea49202","method":"POST","route":"/api/challenge/achievements/premier-league"}
{"type":"worker-request-complete","timestamp":"2026-08-01T21:43:01.494Z","requestId":"a52a6f99-bdd3-49ff-a75b-3351a5e0e0fe","method":"POST","route":"/api/challenge/achievements/retro-2022","status":200,"elapsedMs":39}
[wrangler:info] POST /api/challenge/achievements/retro-2022 200 OK (46ms)
{"type":"worker-request-complete","timestamp":"2026-08-01T21:43:01.510Z","requestId":"fb54fc5d-1e43-4c44-bb5e-52f23ea49202","method":"POST","route":"/api/challenge/achievements/premier-league","status":200,"elapsedMs":29}
[wrangler:info] POST /api/challenge/achievements/premier-league 200 OK (57ms)
{"type":"worker-request","timestamp":"2026-08-01T21:43:01.524Z","requestId":"7c5a3dfb-f049-41b6-8204-10ab6bbde676","method":"GET","route":"/api/challenge/achievements/leaderboard"}
{"type":"worker-request-complete","timestamp":"2026-08-01T21:43:01.538Z","requestId":"7c5a3dfb-f049-41b6-8204-10ab6bbde676","method":"GET","route":"/api/challenge/achievements/leaderboard","status":200,"elapsedMs":14}
[wrangler:info] GET /api/challenge/achievements/leaderboard 200 OK (18ms)
{"type":"worker-request","timestamp":"2026-08-01T21:44:37.774Z","requestId":"95077d6d-3555-4985-a284-b4bfde672cfe","method":"GET","route":"/pl-simulator"}
{"type":"worker-request-complete","timestamp":"2026-08-01T21:44:37.776Z","requestId":"95077d6d-3555-4985-a284-b4bfde672cfe","method":"GET","route":"/pl-simulator","status":200,"elapsedMs":2}
[wrangler:info] GET /pl-simulator 200 OK (6ms)
[wrangler:info] GET /redirect.js 304 Not Modified (7ms)
[wrangler:info] GET /styles.css 304 Not Modified (51ms)
[wrangler:info] GET /premier-league.css 304 Not Modified (59ms)
[wrangler:info] GET /clean.css 304 Not Modified (73ms)
[wrangler:info] GET /assets/retro-world-cup-2014.png 304 Not Modified (36ms)
[wrangler:info] GET /ucl-simulator.css 304 Not Modified (86ms)
[wrangler:info] GET /player-pools.generated.js 304 Not Modified (36ms)
[wrangler:info] GET /assets/flags/palestine.svg 304 Not Modified (107ms)
[wrangler:info] GET /assets/prem-logo.webp 304 Not Modified (28ms)
[wrangler:info] GET /data.js 304 Not Modified (25ms)
[wrangler:info] GET /retro-data.js 304 Not Modified (28ms)
[wrangler:info] GET /retro-2006-squads.js 304 Not Modified (20ms)
[wrangler:info] GET /assets/ucl-starball-white.png 304 Not Modified (41ms)
[wrangler:info] GET /retro-2006-schedule.js 304 Not Modified (17ms)
[wrangler:info] GET /retro-2010-squads.js 304 Not Modified (17ms)
[wrangler:info] GET /retro-2010-schedule.js 304 Not Modified (21ms)
[wrangler:info] GET /retro-2014-squads.js 304 Not Modified (20ms)
[wrangler:info] GET /retro-euro-2016-schedule.js 304 Not Modified (22ms)
[wrangler:info] GET /retro-2014-schedule.js 304 Not Modified (34ms)
[wrangler:info] GET /retro-euro-2016-squads.js 304 Not Modified (43ms)
[wrangler:info] GET /retro-2018-squads.js 304 Not Modified (39ms)
[wrangler:info] GET /retro-2018-schedule.js 304 Not Modified (51ms)
[wrangler:info] GET /retro-2022-squads.js 304 Not Modified (63ms)
[wrangler:info] GET /retro-2026-squads.js 304 Not Modified (40ms)
[wrangler:info] GET /retro-2022-schedule.js 304 Not Modified (56ms)
[wrangler:info] GET /retro-2026-schedule.js 304 Not Modified (41ms)
[wrangler:info] GET /retro-engine.js 304 Not Modified (47ms)
[wrangler:info] GET /presentation-engine.js 304 Not Modified (50ms)
[wrangler:info] GET /premier-league-squads.generated.js 304 Not Modified (18ms)
[wrangler:info] GET /simulation-engine.js 304 Not Modified (40ms)
[wrangler:info] GET /legacy-data/catalog.generated.js 304 Not Modified (34ms)
{"type":"worker-request","timestamp":"2026-08-01T21:44:38.120Z","requestId":"d98405c0-1571-49ee-b93a-6bf6f3b74733","method":"GET","route":"/premier-league-fc26-ratings.js"}
{"type":"worker-request-complete","timestamp":"2026-08-01T21:44:38.123Z","requestId":"d98405c0-1571-49ee-b93a-6bf6f3b74733","method":"GET","route":"/premier-league-fc26-ratings.js","status":404,"elapsedMs":3}
[wrangler:info] GET /premier-league-fc26-ratings.js 404 Not Found (40ms)
[wrangler:info] GET /premier-league-data.js 304 Not Modified (38ms)
[wrangler:info] GET /ucl-engine.js 304 Not Modified (36ms)
[wrangler:info] GET /ucl-draw-solver.js 304 Not Modified (44ms)
[wrangler:info] GET /ucl-squads.generated.js 304 Not Modified (3ms)
[wrangler:info] GET /app.js 304 Not Modified (6ms)
[wrangler:info] GET /premier-league.js 304 Not Modified (17ms)
[wrangler:info] GET /ucl-simulator.js 304 Not Modified (22ms)
[wrangler:info] GET /challenge.js 304 Not Modified (32ms)
[wrangler:info] GET /analytics.js 304 Not Modified (34ms)
[wrangler:info] GET /assets/world-cup-2026-logo.png 304 Not Modified (5ms)
{"type":"worker-request","timestamp":"2026-08-01T21:44:38.270Z","requestId":"0d37a1b3-957c-42ad-b55c-db6563987825","method":"GET","route":"/api/challenge"}
{"type":"worker-request-complete","timestamp":"2026-08-01T21:44:38.298Z","requestId":"0d37a1b3-957c-42ad-b55c-db6563987825","method":"GET","route":"/api/challenge","status":200,"elapsedMs":28}
[wrangler:info] GET /api/challenge 200 OK (32ms)
{"type":"worker-request","timestamp":"2026-08-01T21:44:38.324Z","requestId":"d4924f35-fc0e-4917-acb3-db14a017fb94","method":"GET","route":"/api/challenge/achievements/leaderboard"}
{"type":"worker-request-complete","timestamp":"2026-08-01T21:44:38.348Z","requestId":"d4924f35-fc0e-4917-acb3-db14a017fb94","method":"GET","route":"/api/challenge/achievements/leaderboard","status":200,"elapsedMs":24}
[wrangler:info] GET /api/challenge/achievements/leaderboard 200 OK (26ms)
⎔ Reloading local server...
[wrangler:info] ✨ Parsed 3 valid header rules.
⎔ Local server updated and ready
⎔ Reloading local server...
[wrangler:info] ✨ Parsed 3 valid header rules.
⎔ Local server updated and ready
{"type":"worker-request","timestamp":"2026-08-01T21:46:27.015Z","requestId":"428f208c-f976-4fba-bcc3-a74ef371d339","method":"GET","route":"/ucl-simulator"}
{"type":"worker-request-complete","timestamp":"2026-08-01T21:46:27.103Z","requestId":"428f208c-f976-4fba-bcc3-a74ef371d339","method":"GET","route":"/ucl-simulator","status":200,"elapsedMs":88}
[wrangler:info] GET /ucl-simulator 200 OK (104ms)
[wrangler:info] GET /redirect.js 304 Not Modified (20ms)
[wrangler:info] GET /styles.css 304 Not Modified (21ms)
[wrangler:info] GET /clean.css 304 Not Modified (106ms)
[wrangler:info] GET /premier-league.css 304 Not Modified (156ms)
[wrangler:info] GET /ucl-simulator.css 200 OK (201ms)
[wrangler:info] GET /analytics.js 304 Not Modified (256ms)
[wrangler:info] GET /assets/retro-world-cup-2014.png 304 Not Modified (186ms)
[wrangler:info] GET /assets/flags/palestine.svg 304 Not Modified (204ms)
[wrangler:info] GET /assets/prem-logo.webp 304 Not Modified (216ms)
[wrangler:info] GET /assets/ucl-starball-white.png 304 Not Modified (186ms)
[wrangler:info] GET /player-pools.generated.js 304 Not Modified (145ms)
[wrangler:info] GET /data.js 304 Not Modified (150ms)
[wrangler:info] GET /retro-data.js 304 Not Modified (172ms)
[wrangler:info] GET /retro-2006-squads.js 304 Not Modified (181ms)
[wrangler:info] GET /retro-2006-schedule.js 304 Not Modified (184ms)
[wrangler:info] GET /retro-2010-squads.js 304 Not Modified (183ms)
[wrangler:info] GET /retro-2014-squads.js 304 Not Modified (188ms)
[wrangler:info] GET /retro-2010-schedule.js 304 Not Modified (219ms)
[wrangler:info] GET /retro-2014-schedule.js 304 Not Modified (191ms)
[wrangler:info] GET /retro-euro-2016-squads.js 304 Not Modified (186ms)
[wrangler:info] GET /retro-euro-2016-schedule.js 304 Not Modified (182ms)
[wrangler:info] GET /retro-2018-squads.js 304 Not Modified (164ms)
[wrangler:info] GET /retro-2018-schedule.js 304 Not Modified (147ms)
[wrangler:info] GET /retro-2022-squads.js 304 Not Modified (155ms)
[wrangler:info] GET /retro-2022-schedule.js 304 Not Modified (152ms)
[wrangler:info] GET /retro-2026-squads.js 304 Not Modified (159ms)
[wrangler:info] GET /retro-2026-schedule.js 304 Not Modified (163ms)
[wrangler:info] GET /retro-engine.js 304 Not Modified (157ms)
[wrangler:info] GET /presentation-engine.js 304 Not Modified (159ms)
[wrangler:info] GET /simulation-engine.js 304 Not Modified (156ms)
[wrangler:info] GET /legacy-data/catalog.generated.js 200 OK (157ms)
[wrangler:info] GET /premier-league-squads.generated.js 304 Not Modified (130ms)
{"type":"worker-request","timestamp":"2026-08-01T21:46:28.176Z","requestId":"a7e015c8-cbd1-4675-b234-0bd354fa4ad9","method":"GET","route":"/premier-league-fc26-ratings.js"}
{"type":"worker-request-complete","timestamp":"2026-08-01T21:46:28.177Z","requestId":"a7e015c8-cbd1-4675-b234-0bd354fa4ad9","method":"GET","route":"/premier-league-fc26-ratings.js","status":404,"elapsedMs":1}
[wrangler:info] GET /premier-league-fc26-ratings.js 404 Not Found (115ms)
[wrangler:info] GET /premier-league-data.js 304 Not Modified (120ms)
[wrangler:info] GET /ucl-draw-solver.js 304 Not Modified (122ms)
[wrangler:info] GET /ucl-engine.js 304 Not Modified (122ms)
[wrangler:info] GET /ucl-squads.generated.js 304 Not Modified (126ms)
[wrangler:info] GET /app.js 304 Not Modified (282ms)
[wrangler:info] GET /premier-league.js 304 Not Modified (284ms)
[wrangler:info] GET /ucl-simulator.js 200 OK (285ms)
[wrangler:info] GET /challenge.js 304 Not Modified (276ms)
[wrangler:info] GET /assets/world-cup-2026-logo.png 304 Not Modified (13ms)
[wrangler:info] GET /assets/ucl-26-27/badges/stuttgart.png 304 Not Modified (11ms)
[wrangler:info] GET /assets/ucl-26-27/badges/inter-milan.png 304 Not Modified (31ms)
[wrangler:info] GET /assets/ucl-26-27/badges/rb-leipzig.png 304 Not Modified (42ms)
[wrangler:info] GET /assets/ucl-26-27/badges/sporting-cp.png 304 Not Modified (57ms)
{"type":"worker-request","timestamp":"2026-08-01T21:46:28.747Z","requestId":"8d39bc49-96be-49fb-9713-26bf98db5c05","method":"GET","route":"/api/challenge"}
{"type":"worker-request-complete","timestamp":"2026-08-01T21:46:28.764Z","requestId":"8d39bc49-96be-49fb-9713-26bf98db5c05","method":"GET","route":"/api/challenge","status":200,"elapsedMs":17}
[wrangler:info] GET /api/challenge 200 OK (75ms)
[wrangler:info] GET /assets/ucl-26-27/badges/real-madrid.png 304 Not Modified (84ms)
[wrangler:info] GET /assets/ucl-26-27/badges/napoli-2007.png 304 Not Modified (93ms)
[wrangler:info] GET /assets/ucl-26-27/badges/bayern-munich.png 304 Not Modified (86ms)
[wrangler:info] GET /assets/ucl-26-27/badges/slovan-bratislava.svg 304 Not Modified (122ms)
[wrangler:info] GET /assets/ucl-26-27/badges/borussia-dortmund.png 304 Not Modified (118ms)
[wrangler:info] GET /assets/ucl-26-27/badges/villarreal.png 304 Not Modified (98ms)
[wrangler:info] GET /assets/ucl-26-27/badges/galatasaray.png 304 Not Modified (96ms)
[wrangler:info] GET /assets/ucl-26-27/badges/real-betis.png 304 Not Modified (97ms)
[wrangler:info] GET /assets/ucl-26-27/badges/lens.png 304 Not Modified (59ms)
[wrangler:info] GET /assets/ucl-26-27/badges/fenerbahce.svg 304 Not Modified (60ms)
[wrangler:info] GET /assets/ucl-26-27/badges/olympiacos.svg 304 Not Modified (62ms)
[wrangler:info] GET /assets/ucl-26-27/badges/nk-celje.png 304 Not Modified (77ms)
{"type":"worker-request","timestamp":"2026-08-01T21:46:28.955Z","requestId":"17a6f03f-6d2d-4631-9214-d4b77bafb33d","method":"GET","route":"/api/challenge/achievements/leaderboard"}
{"type":"worker-request-complete","timestamp":"2026-08-01T21:46:28.977Z","requestId":"17a6f03f-6d2d-4631-9214-d4b77bafb33d","method":"GET","route":"/api/challenge/achievements/leaderboard","status":200,"elapsedMs":22}
[wrangler:info] GET /api/challenge/achievements/leaderboard 200 OK (87ms)
[wrangler:info] GET /assets/ucl-26-27/badges/roma.png 304 Not Modified (80ms)
{"type":"worker-request","timestamp":"2026-08-01T21:52:15.309Z","requestId":"fd8f9fe7-e318-48ce-a422-589bc9f7673b","method":"GET","route":"/ucl-simulator"}
{"type":"worker-request-complete","timestamp":"2026-08-01T21:52:15.311Z","requestId":"fd8f9fe7-e318-48ce-a422-589bc9f7673b","method":"GET","route":"/ucl-simulator","status":200,"elapsedMs":2}
[wrangler:info] GET /ucl-simulator 200 OK (7ms)
[wrangler:info] GET /redirect.js 304 Not Modified (10ms)
[wrangler:info] GET /styles.css 304 Not Modified (12ms)
[wrangler:info] GET /clean.css 304 Not Modified (15ms)
[wrangler:info] GET /premier-league.css 304 Not Modified (19ms)
[wrangler:info] GET /ucl-simulator.css 200 OK (26ms)
[wrangler:info] GET /assets/flags/palestine.svg 304 Not Modified (28ms)
[wrangler:info] GET /assets/retro-world-cup-2014.png 304 Not Modified (30ms)
[wrangler:info] GET /assets/prem-logo.webp 304 Not Modified (7ms)
[wrangler:info] GET /player-pools.generated.js 304 Not Modified (13ms)
[wrangler:info] GET /assets/ucl-starball-white.png 304 Not Modified (27ms)
[wrangler:info] GET /data.js 304 Not Modified (15ms)
[wrangler:info] GET /retro-data.js 304 Not Modified (21ms)
[wrangler:info] GET /retro-2006-squads.js 304 Not Modified (26ms)
[wrangler:info] GET /retro-2006-schedule.js 304 Not Modified (29ms)
[wrangler:info] GET /retro-2014-squads.js 304 Not Modified (12ms)
[wrangler:info] GET /retro-2014-schedule.js 304 Not Modified (16ms)
[wrangler:info] GET /retro-2010-squads.js 304 Not Modified (31ms)
[wrangler:info] GET /retro-2010-schedule.js 304 Not Modified (27ms)
[wrangler:info] GET /retro-2018-schedule.js 304 Not Modified (17ms)
[wrangler:info] GET /retro-euro-2016-squads.js 304 Not Modified (29ms)
[wrangler:info] GET /retro-euro-2016-schedule.js 304 Not Modified (26ms)
[wrangler:info] GET /retro-2018-squads.js 304 Not Modified (29ms)
[wrangler:info] GET /retro-2022-squads.js 304 Not Modified (21ms)
[wrangler:info] GET /retro-2022-schedule.js 304 Not Modified (24ms)
[wrangler:info] GET /retro-2026-schedule.js 304 Not Modified (18ms)
[wrangler:info] GET /retro-2026-squads.js 304 Not Modified (26ms)
[wrangler:info] GET /retro-engine.js 304 Not Modified (23ms)
[wrangler:info] GET /simulation-engine.js 304 Not Modified (20ms)
[wrangler:info] GET /presentation-engine.js 304 Not Modified (29ms)
[wrangler:info] GET /legacy-data/catalog.generated.js 200 OK (22ms)
[wrangler:info] GET /premier-league-data.js 304 Not Modified (14ms)
[wrangler:info] GET /premier-league-squads.generated.js 304 Not Modified (27ms)
{"type":"worker-request","timestamp":"2026-08-01T21:52:15.666Z","requestId":"79bdd869-8b72-4df4-8636-930e9eb64944","method":"GET","route":"/premier-league-fc26-ratings.js"}
{"type":"worker-request-complete","timestamp":"2026-08-01T21:52:15.668Z","requestId":"79bdd869-8b72-4df4-8636-930e9eb64944","method":"GET","route":"/premier-league-fc26-ratings.js","status":404,"elapsedMs":2}
[wrangler:info] GET /premier-league-fc26-ratings.js 404 Not Found (26ms)
[wrangler:info] GET /ucl-engine.js 304 Not Modified (18ms)
[wrangler:info] GET /ucl-draw-solver.js 304 Not Modified (28ms)
[wrangler:info] GET /app.js 304 Not Modified (19ms)
[wrangler:info] GET /ucl-squads.generated.js 304 Not Modified (27ms)
[wrangler:info] GET /premier-league.js 304 Not Modified (29ms)
[wrangler:info] GET /challenge.js 304 Not Modified (21ms)
[wrangler:info] GET /ucl-simulator.js 200 OK (34ms)
[wrangler:info] GET /site.webmanifest 304 Not Modified (20ms)
[wrangler:info] GET /analytics.js 304 Not Modified (22ms)
[wrangler:info] GET /assets/world-cup-2026-logo.png 304 Not Modified (5ms)
[wrangler:info] GET /assets/ucl-26-27/badges/feyenoord.png 304 Not Modified (23ms)
[wrangler:info] GET /assets/ucl-26-27/badges/olympiacos.svg 304 Not Modified (33ms)
[wrangler:info] GET /assets/ucl-26-27/badges/atletico-madrid.png 304 Not Modified (57ms)
[wrangler:info] GET /assets/ucl-26-27/badges/club-brugge.png 304 Not Modified (73ms)
[wrangler:info] GET /assets/ucl-26-27/badges/levski-sofia.svg 304 Not Modified (77ms)
{"type":"worker-request","timestamp":"2026-08-01T21:52:16.697Z","requestId":"4cccc62d-cf67-4b23-b8ad-1bb242b2b359","method":"GET","route":"/api/challenge"}
[wrangler:info] GET /assets/ucl-26-27/badges/real-madrid.png 304 Not Modified (82ms)
{"type":"worker-request-complete","timestamp":"2026-08-01T21:52:16.727Z","requestId":"4cccc62d-cf67-4b23-b8ad-1bb242b2b359","method":"GET","route":"/api/challenge","status":200,"elapsedMs":30}
[wrangler:info] GET /api/challenge 200 OK (108ms)
[wrangler:info] GET /assets/ucl-26-27/badges/porto.png 304 Not Modified (103ms)
[wrangler:info] GET /assets/ucl-26-27/badges/psv-eindhoven.png 304 Not Modified (98ms)
[wrangler:info] GET /assets/ucl-26-27/badges/paris-saint-germain.png 304 Not Modified (120ms)
[wrangler:info] GET /assets/ucl-26-27/badges/bayern-munich.png 304 Not Modified (110ms)
[wrangler:info] GET /assets/ucl-26-27/badges/arsenal.png 304 Not Modified (123ms)
[wrangler:info] GET /assets/ucl-26-27/badges/barcelona.png 304 Not Modified (90ms)
[wrangler:info] GET /assets/ucl-26-27/badges/manchester-city.png 304 Not Modified (93ms)
[wrangler:info] GET /assets/ucl-26-27/badges/napoli-2007.png 304 Not Modified (52ms)
[wrangler:info] GET /assets/ucl-26-27/badges/aston-villa.png 304 Not Modified (61ms)
[wrangler:info] GET /assets/ucl-26-27/badges/liverpool.png 304 Not Modified (75ms)
[wrangler:info] GET /assets/ucl-26-27/badges/borussia-dortmund.png 304 Not Modified (73ms)
[wrangler:info] GET /assets/256-teams-icon.svg 304 Not Modified (69ms)
{"type":"worker-request","timestamp":"2026-08-01T21:52:16.941Z","requestId":"35cf5f0e-deef-4b36-8993-d9a0ac6e40c9","method":"POST","route":"/api/challenge/achievements/retro-2006"}
[wrangler:info] GET /assets/ucl-26-27/badges/manchester-united.png 304 Not Modified (86ms)
{"type":"worker-request-complete","timestamp":"2026-08-01T21:52:16.956Z","requestId":"35cf5f0e-deef-4b36-8993-d9a0ac6e40c9","method":"POST","route":"/api/challenge/achievements/retro-2006","status":200,"elapsedMs":15}
[wrangler:info] POST /api/challenge/achievements/retro-2006 200 OK (70ms)
{"type":"worker-request","timestamp":"2026-08-01T21:52:16.958Z","requestId":"70d38de4-f097-4702-8ad2-45cfb7f2f4f9","method":"GET","route":"/api/challenge/custom-teams"}
{"type":"worker-request-complete","timestamp":"2026-08-01T21:52:16.964Z","requestId":"70d38de4-f097-4702-8ad2-45cfb7f2f4f9","method":"GET","route":"/api/challenge/custom-teams","status":200,"elapsedMs":6}
[wrangler:info] GET /api/challenge/custom-teams 200 OK (81ms)
{"type":"worker-request","timestamp":"2026-08-01T21:52:16.967Z","requestId":"db8ad8e2-0d64-48df-ac4a-55a314d21ce5","method":"POST","route":"/api/challenge/achievements/retro-2014"}
{"type":"worker-request-complete","timestamp":"2026-08-01T21:52:16.985Z","requestId":"db8ad8e2-0d64-48df-ac4a-55a314d21ce5","method":"POST","route":"/api/challenge/achievements/retro-2014","status":200,"elapsedMs":18}
[wrangler:info] POST /api/challenge/achievements/retro-2014 200 OK (86ms)
{"type":"worker-request","timestamp":"2026-08-01T21:52:16.989Z","requestId":"66bc1949-114c-4fa5-a905-8cf41b0c7e5d","method":"POST","route":"/api/challenge/achievements/retro-2022"}
{"type":"worker-request-complete","timestamp":"2026-08-01T21:52:17.007Z","requestId":"66bc1949-114c-4fa5-a905-8cf41b0c7e5d","method":"POST","route":"/api/challenge/achievements/retro-2022","status":200,"elapsedMs":18}
[wrangler:info] POST /api/challenge/achievements/retro-2022 200 OK (91ms)
{"type":"worker-request","timestamp":"2026-08-01T21:52:17.009Z","requestId":"9e805443-e372-4c66-82b0-b1876b4e2494","method":"POST","route":"/api/challenge/achievements/retro-2022"}
{"type":"worker-request-complete","timestamp":"2026-08-01T21:52:17.022Z","requestId":"9e805443-e372-4c66-82b0-b1876b4e2494","method":"POST","route":"/api/challenge/achievements/retro-2022","status":200,"elapsedMs":13}
[wrangler:info] POST /api/challenge/achievements/retro-2022 200 OK (96ms)
{"type":"worker-request","timestamp":"2026-08-01T21:52:17.024Z","requestId":"81a8ea62-b8bd-4c89-9166-1f4e9a816d70","method":"POST","route":"/api/challenge/achievements/retro-2018"}
{"type":"worker-request-complete","timestamp":"2026-08-01T21:52:17.038Z","requestId":"81a8ea62-b8bd-4c89-9166-1f4e9a816d70","method":"POST","route":"/api/challenge/achievements/retro-2018","status":200,"elapsedMs":14}
[wrangler:info] POST /api/challenge/achievements/retro-2018 200 OK (97ms)
{"type":"worker-request","timestamp":"2026-08-01T21:52:17.043Z","requestId":"67c835b0-690d-4968-9055-9b85bb767116","method":"POST","route":"/api/challenge/achievements/premier-league"}
[wrangler:info] GET /assets/256-teams-icon.svg 304 Not Modified (8ms)
{"type":"worker-request-complete","timestamp":"2026-08-01T21:52:17.061Z","requestId":"67c835b0-690d-4968-9055-9b85bb767116","method":"POST","route":"/api/challenge/achievements/premier-league","status":200,"elapsedMs":18}
[wrangler:info] POST /api/challenge/achievements/premier-league 200 OK (22ms)
{"type":"worker-request","timestamp":"2026-08-01T21:52:17.072Z","requestId":"93961206-7c22-41ce-98d3-1c2a94d3ad6c","method":"GET","route":"/api/challenge/achievements/leaderboard"}
{"type":"worker-request-complete","timestamp":"2026-08-01T21:52:17.085Z","requestId":"93961206-7c22-41ce-98d3-1c2a94d3ad6c","method":"GET","route":"/api/challenge/achievements/leaderboard","status":200,"elapsedMs":13}
[wrangler:info] GET /api/challenge/achievements/leaderboard 200 OK (16ms)
[wrangler:info] GET /assets/ucl-26-27/badges/roma.png 304 Not Modified (11ms)
[wrangler:info] GET /assets/ucl-26-27/badges/union-saint-gilloise.svg 304 Not Modified (26ms)
[wrangler:info] GET /assets/ucl-26-27/badges/como.png 304 Not Modified (32ms)
[wrangler:info] GET /assets/ucl-26-27/badges/galatasaray.png 304 Not Modified (33ms)
[wrangler:info] GET /assets/ucl-26-27/badges/lens.png 304 Not Modified (23ms)
[wrangler:info] GET /assets/ucl-26-27/badges/villarreal.png 304 Not Modified (14ms)
[wrangler:info] GET /assets/ucl-26-27/badges/nk-celje.png 304 Not Modified (46ms)
[wrangler:info] GET /assets/ucl-26-27/badges/agf-aarhus.png 304 Not Modified (30ms)
[wrangler:info] GET /assets/ucl-26-27/badges/stuttgart.png 304 Not Modified (64ms)
[wrangler:info] GET /assets/ucl-26-27/badges/real-betis.png 304 Not Modified (36ms)
[wrangler:info] GET /assets/ucl-26-27/badges/inter-milan.png 304 Not Modified (37ms)
[wrangler:info] GET /assets/ucl-26-27/badges/rb-leipzig.png 304 Not Modified (34ms)
[wrangler:info] GET /assets/ucl-26-27/badges/slavia-prague.png 304 Not Modified (90ms)
[wrangler:info] GET /assets/ucl-26-27/badges/sporting-cp.png 304 Not Modified (35ms)
[wrangler:info] GET /assets/ucl-26-27/badges/shakhtar-donetsk.png 304 Not Modified (44ms)
[wrangler:info] GET /assets/ucl-26-27/badges/slovan-bratislava.svg 304 Not Modified (44ms)
[wrangler:info] GET /assets/ucl-26-27/badges/fenerbahce.svg 304 Not Modified (44ms)
[wrangler:info] GET /assets/ucl-26-27/badges/lille.png 304 Not Modified (54ms)
[wrangler:info] GET /assets/audio/penalty-whistle.mp3 304 Not Modified (15ms)
[wrangler:info] GET /assets/audio/full-time-whistle.mp3 304 Not Modified (28ms)
[wrangler:info] GET /favicon.png 304 Not Modified (13ms)
⎔ Reloading local server...
[wrangler:info] ✨ Parsed 3 valid header rules.
⎔ Local server updated and ready
⎔ Reloading local server...
[wrangler:info] ✨ Parsed 3 valid header rules.
⎔ Local server updated and ready
{"type":"worker-request","timestamp":"2026-08-01T21:54:21.250Z","requestId":"021a8299-7fc4-4a4e-8737-b5d43a314528","method":"GET","route":"/ucl-simulator"}
{"type":"worker-request-complete","timestamp":"2026-08-01T21:54:21.304Z","requestId":"021a8299-7fc4-4a4e-8737-b5d43a314528","method":"GET","route":"/ucl-simulator","status":200,"elapsedMs":54}
[wrangler:info] GET /ucl-simulator 200 OK (63ms)
[wrangler:info] GET /redirect.js 304 Not Modified (10ms)
[wrangler:info] GET /styles.css 304 Not Modified (18ms)
[wrangler:info] GET /clean.css 304 Not Modified (25ms)
[wrangler:info] GET /player-pools.generated.js 304 Not Modified (39ms)
[wrangler:info] GET /premier-league.css 304 Not Modified (77ms)
[wrangler:info] GET /assets/prem-logo.webp 304 Not Modified (55ms)
[wrangler:info] GET /ucl-simulator.css 200 OK (107ms)
[wrangler:info] GET /assets/ucl-starball-white.png 304 Not Modified (52ms)
[wrangler:info] GET /data.js 304 Not Modified (70ms)
[wrangler:info] GET /assets/flags/palestine.svg 304 Not Modified (159ms)
[wrangler:info] GET /retro-data.js 304 Not Modified (103ms)
[wrangler:info] GET /assets/retro-world-cup-2014.png 304 Not Modified (212ms)
[wrangler:info] GET /retro-2006-squads.js 304 Not Modified (131ms)
[wrangler:info] GET /retro-2006-schedule.js 304 Not Modified (124ms)
[wrangler:info] GET /retro-2010-squads.js 304 Not Modified (207ms)
[wrangler:info] GET /retro-2010-schedule.js 304 Not Modified (190ms)
[wrangler:info] GET /retro-2014-squads.js 304 Not Modified (215ms)
[wrangler:info] GET /retro-2014-schedule.js 304 Not Modified (196ms)
[wrangler:info] GET /retro-euro-2016-schedule.js 304 Not Modified (185ms)
[wrangler:info] GET /retro-euro-2016-squads.js 304 Not Modified (229ms)
[wrangler:info] GET /retro-2018-squads.js 304 Not Modified (172ms)
[wrangler:info] GET /retro-2018-schedule.js 304 Not Modified (167ms)
[wrangler:info] GET /retro-2022-squads.js 304 Not Modified (167ms)
[wrangler:info] GET /retro-2022-schedule.js 304 Not Modified (177ms)
[wrangler:info] GET /retro-2026-squads.js 304 Not Modified (209ms)
[wrangler:info] GET /retro-2026-schedule.js 304 Not Modified (186ms)
[wrangler:info] GET /retro-engine.js 304 Not Modified (182ms)
[wrangler:info] GET /presentation-engine.js 304 Not Modified (190ms)
[wrangler:info] GET /simulation-engine.js 304 Not Modified (191ms)
[wrangler:info] GET /legacy-data/catalog.generated.js 200 OK (193ms)
[wrangler:info] GET /premier-league-squads.generated.js 304 Not Modified (164ms)
{"type":"worker-request","timestamp":"2026-08-01T21:54:22.211Z","requestId":"2a00cc28-379f-4f39-99d2-fd79e89b4671","method":"GET","route":"/premier-league-fc26-ratings.js"}
{"type":"worker-request-complete","timestamp":"2026-08-01T21:54:22.214Z","requestId":"2a00cc28-379f-4f39-99d2-fd79e89b4671","method":"GET","route":"/premier-league-fc26-ratings.js","status":404,"elapsedMs":3}
[wrangler:info] GET /premier-league-fc26-ratings.js 404 Not Found (151ms)
[wrangler:info] GET /premier-league-data.js 304 Not Modified (149ms)
[wrangler:info] GET /ucl-draw-solver.js 304 Not Modified (162ms)
[wrangler:info] GET /ucl-engine.js 304 Not Modified (146ms)
[wrangler:info] GET /ucl-squads.generated.js 304 Not Modified (135ms)
[wrangler:info] GET /app.js 304 Not Modified (319ms)
[wrangler:info] GET /premier-league.js 304 Not Modified (317ms)
[wrangler:info] GET /ucl-simulator.js 304 Not Modified (317ms)
[wrangler:info] GET /analytics.js 304 Not Modified (281ms)
[wrangler:info] GET /challenge.js 304 Not Modified (319ms)
[wrangler:info] GET /assets/world-cup-2026-logo.png 304 Not Modified (19ms)
[wrangler:info] GET /assets/ucl-26-27/badges/stuttgart.png 304 Not Modified (16ms)
[wrangler:info] GET /assets/ucl-26-27/badges/inter-milan.png 304 Not Modified (28ms)
[wrangler:info] GET /assets/ucl-26-27/badges/rb-leipzig.png 304 Not Modified (41ms)
[wrangler:info] GET /assets/ucl-26-27/badges/sporting-cp.png 304 Not Modified (48ms)
{"type":"worker-request","timestamp":"2026-08-01T21:54:22.846Z","requestId":"8bece23b-a121-4f53-9b42-fc36262a154f","method":"GET","route":"/api/challenge"}
{"type":"worker-request-complete","timestamp":"2026-08-01T21:54:22.867Z","requestId":"8bece23b-a121-4f53-9b42-fc36262a154f","method":"GET","route":"/api/challenge","status":200,"elapsedMs":21}
[wrangler:info] GET /api/challenge 200 OK (69ms)
[wrangler:info] GET /assets/ucl-26-27/badges/real-madrid.png 304 Not Modified (91ms)
[wrangler:info] GET /assets/ucl-26-27/badges/fenerbahce.svg 304 Not Modified (96ms)
[wrangler:info] GET /assets/ucl-26-27/badges/bayern-munich.png 304 Not Modified (101ms)
[wrangler:info] GET /assets/ucl-26-27/badges/napoli-2007.png 304 Not Modified (104ms)
[wrangler:info] GET /assets/ucl-26-27/badges/borussia-dortmund.png 304 Not Modified (107ms)
[wrangler:info] GET /assets/ucl-26-27/badges/lens.png 304 Not Modified (36ms)
[wrangler:info] GET /assets/ucl-26-27/badges/real-betis.png 304 Not Modified (51ms)
[wrangler:info] GET /assets/ucl-26-27/badges/galatasaray.png 304 Not Modified (67ms)
[wrangler:info] GET /assets/ucl-26-27/badges/villarreal.png 304 Not Modified (71ms)
[wrangler:info] GET /assets/ucl-26-27/badges/slovan-bratislava.svg 304 Not Modified (76ms)
[wrangler:info] GET /assets/ucl-26-27/badges/olympiacos.svg 304 Not Modified (78ms)
[wrangler:info] GET /assets/ucl-26-27/badges/nk-celje.png 304 Not Modified (102ms)
[wrangler:info] GET /assets/ucl-26-27/badges/roma.png 304 Not Modified (98ms)
{"type":"worker-request","timestamp":"2026-08-01T21:54:23.087Z","requestId":"383b5350-8784-498f-8431-a417ff9b96fa","method":"GET","route":"/api/challenge/achievements/leaderboard"}
{"type":"worker-request-complete","timestamp":"2026-08-01T21:54:23.117Z","requestId":"383b5350-8784-498f-8431-a417ff9b96fa","method":"GET","route":"/api/challenge/achievements/leaderboard","status":200,"elapsedMs":30}
[wrangler:info] GET /api/challenge/achievements/leaderboard 200 OK (100ms)
{"type":"worker-request","timestamp":"2026-08-01T21:56:11.771Z","requestId":"ad34d8d8-691f-4b67-81f2-dcc27a317cd1","method":"GET","route":"/ucl-simulator"}
{"type":"worker-request-complete","timestamp":"2026-08-01T21:56:11.774Z","requestId":"ad34d8d8-691f-4b67-81f2-dcc27a317cd1","method":"GET","route":"/ucl-simulator","status":200,"elapsedMs":3}
[wrangler:info] GET /ucl-simulator 200 OK (7ms)
[wrangler:info] GET /redirect.js 304 Not Modified (5ms)
[wrangler:info] GET /styles.css 304 Not Modified (9ms)
[wrangler:info] GET /clean.css 304 Not Modified (12ms)
[wrangler:info] GET /premier-league.css 304 Not Modified (16ms)
[wrangler:info] GET /ucl-simulator.css 304 Not Modified (20ms)
[wrangler:info] GET /assets/flags/palestine.svg 304 Not Modified (23ms)
[wrangler:info] GET /assets/retro-world-cup-2014.png 304 Not Modified (19ms)
[wrangler:info] GET /player-pools.generated.js 304 Not Modified (6ms)
[wrangler:info] GET /assets/prem-logo.webp 304 Not Modified (8ms)
[wrangler:info] GET /assets/ucl-starball-white.png 304 Not Modified (7ms)
[wrangler:info] GET /data.js 304 Not Modified (7ms)
[wrangler:info] GET /retro-2006-squads.js 304 Not Modified (9ms)
[wrangler:info] GET /retro-data.js 304 Not Modified (13ms)
[wrangler:info] GET /retro-2006-schedule.js 304 Not Modified (6ms)
[wrangler:info] GET /retro-2010-squads.js 304 Not Modified (6ms)
[wrangler:info] GET /retro-2010-schedule.js 304 Not Modified (7ms)
[wrangler:info] GET /retro-2014-squads.js 304 Not Modified (10ms)
[wrangler:info] GET /retro-euro-2016-squads.js 304 Not Modified (12ms)
[wrangler:info] GET /retro-2014-schedule.js 304 Not Modified (17ms)
[wrangler:info] GET /retro-euro-2016-schedule.js 304 Not Modified (15ms)
[wrangler:info] GET /retro-2018-squads.js 304 Not Modified (13ms)
[wrangler:info] GET /retro-2018-schedule.js 304 Not Modified (14ms)
[wrangler:info] GET /retro-2022-squads.js 304 Not Modified (16ms)
[wrangler:info] GET /retro-2022-schedule.js 304 Not Modified (13ms)
[wrangler:info] GET /retro-2026-squads.js 304 Not Modified (15ms)
[wrangler:info] GET /retro-2026-schedule.js 304 Not Modified (33ms)
[wrangler:info] GET /retro-engine.js 304 Not Modified (36ms)
[wrangler:info] GET /presentation-engine.js 304 Not Modified (40ms)
[wrangler:info] GET /legacy-data/catalog.generated.js 304 Not Modified (29ms)
[wrangler:info] GET /simulation-engine.js 304 Not Modified (49ms)
[wrangler:info] GET /premier-league-squads.generated.js 304 Not Modified (23ms)
{"type":"worker-request","timestamp":"2026-08-01T21:56:12.020Z","requestId":"c50bb7cd-7bb6-4cd4-893e-aa1350b41998","method":"GET","route":"/premier-league-fc26-ratings.js"}
{"type":"worker-request-complete","timestamp":"2026-08-01T21:56:12.022Z","requestId":"c50bb7cd-7bb6-4cd4-893e-aa1350b41998","method":"GET","route":"/premier-league-fc26-ratings.js","status":404,"elapsedMs":2}
[wrangler:info] GET /premier-league-fc26-ratings.js 404 Not Found (21ms)
[wrangler:info] GET /premier-league-data.js 304 Not Modified (23ms)
[wrangler:info] GET /ucl-draw-solver.js 304 Not Modified (28ms)
[wrangler:info] GET /ucl-engine.js 304 Not Modified (10ms)
[wrangler:info] GET /ucl-squads.generated.js 304 Not Modified (12ms)
[wrangler:info] GET /app.js 304 Not Modified (13ms)
[wrangler:info] GET /premier-league.js 304 Not Modified (15ms)
[wrangler:info] GET /ucl-simulator.js 304 Not Modified (21ms)
[wrangler:info] GET /challenge.js 304 Not Modified (21ms)
[wrangler:info] GET /analytics.js 304 Not Modified (8ms)
[wrangler:info] GET /assets/world-cup-2026-logo.png 304 Not Modified (3ms)
{"type":"worker-request","timestamp":"2026-08-01T21:56:12.258Z","requestId":"6d2370a2-fa73-41a8-a78e-d003df3f05c9","method":"GET","route":"/api/challenge"}
{"type":"worker-request-complete","timestamp":"2026-08-01T21:56:12.322Z","requestId":"6d2370a2-fa73-41a8-a78e-d003df3f05c9","method":"GET","route":"/api/challenge","status":200,"elapsedMs":64}
[wrangler:info] GET /api/challenge 200 OK (69ms)
[wrangler:info] GET /assets/ucl-26-27/badges/stuttgart.png 304 Not Modified (58ms)
[wrangler:info] GET /assets/ucl-26-27/badges/inter-milan.png 304 Not Modified (61ms)
[wrangler:info] GET /assets/ucl-26-27/badges/rb-leipzig.png 304 Not Modified (65ms)
[wrangler:info] GET /assets/ucl-26-27/badges/sporting-cp.png 304 Not Modified (66ms)
[wrangler:info] GET /assets/ucl-26-27/badges/real-madrid.png 304 Not Modified (69ms)
[wrangler:info] GET /assets/ucl-26-27/badges/villarreal.png 304 Not Modified (11ms)
[wrangler:info] GET /assets/ucl-26-27/badges/nk-celje.png 304 Not Modified (17ms)
[wrangler:info] GET /assets/ucl-26-27/badges/fenerbahce.svg 304 Not Modified (16ms)
[wrangler:info] GET /assets/ucl-26-27/badges/bayern-munich.png 304 Not Modified (16ms)
[wrangler:info] GET /assets/ucl-26-27/badges/galatasaray.png 304 Not Modified (15ms)
[wrangler:info] GET /assets/ucl-26-27/badges/slovan-bratislava.svg 304 Not Modified (17ms)
[wrangler:info] GET /assets/ucl-26-27/badges/borussia-dortmund.png 304 Not Modified (17ms)
[wrangler:info] GET /assets/ucl-26-27/badges/napoli-2007.png 304 Not Modified (20ms)
[wrangler:info] GET /assets/ucl-26-27/badges/lens.png 304 Not Modified (15ms)
[wrangler:info] GET /assets/ucl-26-27/badges/olympiacos.svg 304 Not Modified (4ms)
[wrangler:info] GET /assets/ucl-26-27/badges/real-betis.png 304 Not Modified (25ms)
[wrangler:info] GET /assets/ucl-26-27/badges/roma.png 304 Not Modified (5ms)
{"type":"worker-request","timestamp":"2026-08-01T21:56:12.472Z","requestId":"56117387-63cd-4ba9-af58-f744f6d5a9cf","method":"GET","route":"/api/challenge/achievements/leaderboard"}
{"type":"worker-request-complete","timestamp":"2026-08-01T21:56:12.482Z","requestId":"56117387-63cd-4ba9-af58-f744f6d5a9cf","method":"GET","route":"/api/challenge/achievements/leaderboard","status":200,"elapsedMs":10}
[wrangler:info] GET /api/challenge/achievements/leaderboard 200 OK (14ms)
{"type":"worker-request","timestamp":"2026-08-01T21:56:20.934Z","requestId":"82665a51-9f69-4768-8266-be262edd9426","method":"GET","route":"/ucl-simulator"}
{"type":"worker-request-complete","timestamp":"2026-08-01T21:56:20.935Z","requestId":"82665a51-9f69-4768-8266-be262edd9426","method":"GET","route":"/ucl-simulator","status":200,"elapsedMs":1}
[wrangler:info] GET /ucl-simulator 200 OK (6ms)
[wrangler:info] GET /redirect.js 304 Not Modified (3ms)
[wrangler:info] GET /styles.css 304 Not Modified (13ms)
[wrangler:info] GET /clean.css 304 Not Modified (17ms)
[wrangler:info] GET /premier-league.css 304 Not Modified (24ms)
[wrangler:info] GET /ucl-simulator.css 304 Not Modified (24ms)
[wrangler:info] GET /assets/flags/palestine.svg 304 Not Modified (25ms)
[wrangler:info] GET /assets/retro-world-cup-2014.png 304 Not Modified (7ms)
[wrangler:info] GET /player-pools.generated.js 304 Not Modified (7ms)
[wrangler:info] GET /assets/prem-logo.webp 304 Not Modified (6ms)
[wrangler:info] GET /assets/ucl-starball-white.png 304 Not Modified (11ms)
[wrangler:info] GET /data.js 304 Not Modified (10ms)
[wrangler:info] GET /retro-data.js 304 Not Modified (11ms)
[wrangler:info] GET /retro-2006-squads.js 304 Not Modified (12ms)
[wrangler:info] GET /retro-2006-schedule.js 304 Not Modified (9ms)
[wrangler:info] GET /retro-2010-squads.js 304 Not Modified (12ms)
[wrangler:info] GET /retro-2010-schedule.js 304 Not Modified (12ms)
[wrangler:info] GET /retro-2014-squads.js 304 Not Modified (10ms)
[wrangler:info] GET /retro-2014-schedule.js 304 Not Modified (9ms)
[wrangler:info] GET /retro-euro-2016-squads.js 304 Not Modified (6ms)
[wrangler:info] GET /retro-euro-2016-schedule.js 304 Not Modified (8ms)
[wrangler:info] GET /retro-2018-squads.js 304 Not Modified (11ms)
[wrangler:info] GET /retro-2018-schedule.js 304 Not Modified (9ms)
[wrangler:info] GET /retro-2022-squads.js 304 Not Modified (12ms)
[wrangler:info] GET /retro-2022-schedule.js 304 Not Modified (14ms)
[wrangler:info] GET /retro-2026-squads.js 304 Not Modified (20ms)
[wrangler:info] GET /retro-2026-schedule.js 304 Not Modified (21ms)
[wrangler:info] GET /retro-engine.js 304 Not Modified (29ms)
[wrangler:info] GET /presentation-engine.js 304 Not Modified (43ms)
[wrangler:info] GET /simulation-engine.js 304 Not Modified (34ms)
[wrangler:info] GET /legacy-data/catalog.generated.js 304 Not Modified (43ms)
[wrangler:info] GET /ucl-draw-solver.js 304 Not Modified (13ms)
[wrangler:info] GET /ucl-engine.js 304 Not Modified (15ms)
{"type":"worker-request","timestamp":"2026-08-01T21:56:21.212Z","requestId":"eef97967-51a4-4c1e-b2a5-461bbe860b55","method":"GET","route":"/premier-league-fc26-ratings.js"}
[wrangler:info] GET /premier-league-squads.generated.js 304 Not Modified (36ms)
{"type":"worker-request-complete","timestamp":"2026-08-01T21:56:21.217Z","requestId":"eef97967-51a4-4c1e-b2a5-461bbe860b55","method":"GET","route":"/premier-league-fc26-ratings.js","status":404,"elapsedMs":5}
[wrangler:info] GET /premier-league-fc26-ratings.js 404 Not Found (38ms)
[wrangler:info] GET /premier-league-data.js 304 Not Modified (37ms)
[wrangler:info] GET /ucl-squads.generated.js 304 Not Modified (25ms)
[wrangler:info] GET /app.js 304 Not Modified (28ms)
[wrangler:info] GET /premier-league.js 304 Not Modified (32ms)
[wrangler:info] GET /ucl-simulator.js 304 Not Modified (34ms)
[wrangler:info] GET /challenge.js 304 Not Modified (39ms)
[wrangler:info] GET /analytics.js 304 Not Modified (24ms)
[wrangler:info] GET /assets/world-cup-2026-logo.png 304 Not Modified (5ms)
[wrangler:info] GET /assets/ucl-26-27/badges/stuttgart.png 304 Not Modified (13ms)
[wrangler:info] GET /assets/ucl-26-27/badges/inter-milan.png 304 Not Modified (10ms)
[wrangler:info] GET /assets/ucl-26-27/badges/rb-leipzig.png 304 Not Modified (10ms)
[wrangler:info] GET /assets/ucl-26-27/badges/sporting-cp.png 304 Not Modified (9ms)
[wrangler:info] GET /assets/ucl-26-27/badges/real-madrid.png 304 Not Modified (14ms)
{"type":"worker-request","timestamp":"2026-08-01T21:56:21.389Z","requestId":"76394e7d-df6e-4e85-848d-f2b64c4e1d88","method":"GET","route":"/api/challenge"}
{"type":"worker-request-complete","timestamp":"2026-08-01T21:56:21.396Z","requestId":"76394e7d-df6e-4e85-848d-f2b64c4e1d88","method":"GET","route":"/api/challenge","status":200,"elapsedMs":7}
[wrangler:info] GET /api/challenge 200 OK (22ms)
[wrangler:info] GET /assets/ucl-26-27/badges/nk-celje.png 304 Not Modified (21ms)
[wrangler:info] GET /assets/ucl-26-27/badges/lens.png 304 Not Modified (7ms)
[wrangler:info] GET /assets/ucl-26-27/badges/real-betis.png 304 Not Modified (14ms)
[wrangler:info] GET /assets/ucl-26-27/badges/slovan-bratislava.svg 304 Not Modified (12ms)
[wrangler:info] GET /assets/ucl-26-27/badges/galatasaray.png 304 Not Modified (18ms)
[wrangler:info] GET /assets/ucl-26-27/badges/fenerbahce.svg 304 Not Modified (9ms)
[wrangler:info] GET /assets/ucl-26-27/badges/napoli-2007.png 304 Not Modified (9ms)
[wrangler:info] GET /assets/ucl-26-27/badges/villarreal.png 304 Not Modified (11ms)
[wrangler:info] GET /assets/ucl-26-27/badges/bayern-munich.png 304 Not Modified (14ms)
[wrangler:info] GET /assets/ucl-26-27/badges/borussia-dortmund.png 304 Not Modified (15ms)
[wrangler:info] GET /assets/ucl-26-27/badges/olympiacos.svg 304 Not Modified (11ms)
[wrangler:info] GET /assets/ucl-26-27/badges/roma.png 304 Not Modified (12ms)
{"type":"worker-request","timestamp":"2026-08-01T21:56:21.494Z","requestId":"056528d4-abe0-4832-9370-3675a48846fc","method":"GET","route":"/api/challenge/achievements/leaderboard"}
{"type":"worker-request-complete","timestamp":"2026-08-01T21:56:21.508Z","requestId":"056528d4-abe0-4832-9370-3675a48846fc","method":"GET","route":"/api/challenge/achievements/leaderboard","status":200,"elapsedMs":14}
[wrangler:info] GET /api/challenge/achievements/leaderboard 200 OK (18ms)
[wrangler:info] GET /assets/ucl-26-27/badges/arsenal.png 304 Not Modified (17ms)
[wrangler:info] GET /assets/ucl-26-27/badges/como.png 304 Not Modified (27ms)
[wrangler:info] GET /assets/ucl-26-27/badges/crvena-zvezda.svg 304 Not Modified (14ms)
[wrangler:info] GET /assets/ucl-26-27/badges/shakhtar-donetsk.png 304 Not Modified (41ms)
[wrangler:info] GET /assets/ucl-26-27/badges/club-brugge.png 304 Not Modified (26ms)
[wrangler:info] GET /assets/ucl-26-27/badges/manchester-city.png 304 Not Modified (55ms)
[wrangler:info] GET /assets/ucl-26-27/badges/agf-aarhus.png 304 Not Modified (38ms)
[wrangler:info] GET /assets/ucl-26-27/badges/liverpool.png 304 Not Modified (42ms)
[wrangler:info] GET /assets/ucl-26-27/badges/psv-eindhoven.png 304 Not Modified (90ms)
[wrangler:info] GET /assets/ucl-26-27/badges/feyenoord.png 304 Not Modified (56ms)
[wrangler:info] GET /assets/ucl-26-27/badges/paris-saint-germain.png 304 Not Modified (55ms)
[wrangler:info] GET /assets/ucl-26-27/badges/atletico-madrid.png 304 Not Modified (124ms)
[wrangler:info] GET /assets/ucl-26-27/badges/aston-villa.png 304 Not Modified (68ms)
[wrangler:info] GET /assets/ucl-26-27/badges/union-saint-gilloise.svg 304 Not Modified (66ms)
[wrangler:info] GET /assets/ucl-26-27/badges/manchester-united.png 304 Not Modified (62ms)
[wrangler:info] GET /assets/ucl-26-27/badges/lille.png 304 Not Modified (63ms)
[wrangler:info] GET /assets/ucl-26-27/badges/porto.png 304 Not Modified (66ms)
[wrangler:info] GET /assets/ucl-26-27/badges/slavia-prague.png 304 Not Modified (65ms)
[wrangler:info] GET /assets/ucl-26-27/badges/barcelona.png 304 Not Modified (66ms)
⎔ Reloading local server...
[wrangler:info] ✨ Parsed 3 valid header rules.
⎔ Local server updated and ready
⎔ Reloading local server...
[wrangler:info] ✨ Parsed 3 valid header rules.
⎔ Local server updated and ready
{"type":"worker-request","timestamp":"2026-08-01T21:58:26.907Z","requestId":"42d055b4-4ad1-4f5d-a72f-4803bda9f307","method":"GET","route":"/ucl-simulator"}
{"type":"worker-request-complete","timestamp":"2026-08-01T21:58:26.962Z","requestId":"42d055b4-4ad1-4f5d-a72f-4803bda9f307","method":"GET","route":"/ucl-simulator","status":200,"elapsedMs":55}
[wrangler:info] GET /ucl-simulator 200 OK (65ms)
[wrangler:info] GET /redirect.js 304 Not Modified (9ms)
[wrangler:info] GET /styles.css 304 Not Modified (21ms)
[wrangler:info] GET /clean.css 304 Not Modified (34ms)
[wrangler:info] GET /premier-league.css 304 Not Modified (46ms)
[wrangler:info] GET /ucl-simulator.css 200 OK (72ms)
[wrangler:info] GET /analytics.js 304 Not Modified (75ms)
[wrangler:info] GET /assets/flags/palestine.svg 304 Not Modified (13ms)
[wrangler:info] GET /player-pools.generated.js 304 Not Modified (65ms)
[wrangler:info] GET /assets/retro-world-cup-2014.png 304 Not Modified (95ms)
[wrangler:info] GET /assets/prem-logo.webp 304 Not Modified (116ms)
[wrangler:info] GET /assets/ucl-starball-white.png 304 Not Modified (114ms)
[wrangler:info] GET /data.js 304 Not Modified (141ms)
[wrangler:info] GET /retro-data.js 304 Not Modified (170ms)
[wrangler:info] GET /retro-2006-squads.js 304 Not Modified (144ms)
[wrangler:info] GET /retro-2006-schedule.js 304 Not Modified (134ms)
[wrangler:info] GET /retro-2010-squads.js 304 Not Modified (159ms)
[wrangler:info] GET /retro-2010-schedule.js 304 Not Modified (170ms)
[wrangler:info] GET /retro-2014-squads.js 304 Not Modified (169ms)
[wrangler:info] GET /retro-2014-schedule.js 304 Not Modified (171ms)
[wrangler:info] GET /retro-euro-2016-squads.js 304 Not Modified (185ms)
[wrangler:info] GET /retro-euro-2016-schedule.js 304 Not Modified (188ms)
[wrangler:info] GET /retro-2018-squads.js 304 Not Modified (186ms)
[wrangler:info] GET /retro-2018-schedule.js 304 Not Modified (182ms)
[wrangler:info] GET /retro-2022-squads.js 304 Not Modified (187ms)
[wrangler:info] GET /retro-2022-schedule.js 304 Not Modified (186ms)
[wrangler:info] GET /retro-2026-squads.js 304 Not Modified (185ms)
[wrangler:info] GET /retro-2026-schedule.js 304 Not Modified (189ms)
[wrangler:info] GET /retro-engine.js 304 Not Modified (177ms)
[wrangler:info] GET /presentation-engine.js 304 Not Modified (185ms)
[wrangler:info] GET /simulation-engine.js 304 Not Modified (179ms)
[wrangler:info] GET /legacy-data/catalog.generated.js 200 OK (180ms)
[wrangler:info] GET /premier-league-squads.generated.js 304 Not Modified (157ms)
{"type":"worker-request","timestamp":"2026-08-01T21:58:27.886Z","requestId":"a4fd295c-d4af-4492-9736-261e723bb286","method":"GET","route":"/premier-league-fc26-ratings.js"}
{"type":"worker-request-complete","timestamp":"2026-08-01T21:58:27.888Z","requestId":"a4fd295c-d4af-4492-9736-261e723bb286","method":"GET","route":"/premier-league-fc26-ratings.js","status":404,"elapsedMs":2}
[wrangler:info] GET /premier-league-fc26-ratings.js 404 Not Found (136ms)
[wrangler:info] GET /premier-league-data.js 304 Not Modified (140ms)
[wrangler:info] GET /ucl-draw-solver.js 304 Not Modified (140ms)
[wrangler:info] GET /ucl-engine.js 304 Not Modified (135ms)
[wrangler:info] GET /ucl-squads.generated.js 304 Not Modified (128ms)
[wrangler:info] GET /app.js 304 Not Modified (312ms)
[wrangler:info] GET /premier-league.js 304 Not Modified (315ms)
[wrangler:info] GET /ucl-simulator.js 304 Not Modified (320ms)
[wrangler:info] GET /challenge.js 304 Not Modified (314ms)
[wrangler:info] GET /assets/world-cup-2026-logo.png 304 Not Modified (14ms)
[wrangler:info] GET /assets/ucl-26-27/badges/stuttgart.png 304 Not Modified (19ms)
[wrangler:info] GET /assets/ucl-26-27/badges/inter-milan.png 304 Not Modified (32ms)
[wrangler:info] GET /assets/ucl-26-27/badges/rb-leipzig.png 304 Not Modified (49ms)
[wrangler:info] GET /assets/ucl-26-27/badges/sporting-cp.png 304 Not Modified (55ms)
[wrangler:info] GET /assets/ucl-26-27/badges/real-madrid.png 304 Not Modified (69ms)
[wrangler:info] GET /assets/ucl-26-27/badges/nk-celje.png 304 Not Modified (88ms)
[wrangler:info] GET /assets/ucl-26-27/badges/real-betis.png 304 Not Modified (68ms)
{"type":"worker-request","timestamp":"2026-08-01T21:58:28.506Z","requestId":"640da986-ce18-4666-8184-5abd150b7ddd","method":"GET","route":"/api/challenge"}
{"type":"worker-request-complete","timestamp":"2026-08-01T21:58:28.534Z","requestId":"640da986-ce18-4666-8184-5abd150b7ddd","method":"GET","route":"/api/challenge","status":200,"elapsedMs":27}
[wrangler:info] GET /api/challenge 200 OK (99ms)
[wrangler:info] GET /assets/ucl-26-27/badges/fenerbahce.svg 304 Not Modified (105ms)
[wrangler:info] GET /assets/ucl-26-27/badges/slovan-bratislava.svg 304 Not Modified (126ms)
[wrangler:info] GET /assets/ucl-26-27/badges/lens.png 304 Not Modified (123ms)
[wrangler:info] GET /assets/ucl-26-27/badges/napoli-2007.png 304 Not Modified (111ms)
[wrangler:info] GET /assets/ucl-26-27/badges/galatasaray.png 304 Not Modified (115ms)
[wrangler:info] GET /assets/ucl-26-27/badges/villarreal.png 304 Not Modified (86ms)
[wrangler:info] GET /assets/ucl-26-27/badges/bayern-munich.png 304 Not Modified (95ms)
[wrangler:info] GET /assets/ucl-26-27/badges/borussia-dortmund.png 304 Not Modified (103ms)
[wrangler:info] GET /assets/ucl-26-27/badges/olympiacos.svg 304 Not Modified (99ms)
[wrangler:info] GET /assets/ucl-26-27/badges/roma.png 304 Not Modified (98ms)
{"type":"worker-request","timestamp":"2026-08-01T21:58:28.734Z","requestId":"f188b4bc-deb7-45b8-8e0b-d95bbce8b376","method":"GET","route":"/api/challenge/achievements/leaderboard"}
{"type":"worker-request-complete","timestamp":"2026-08-01T21:58:28.770Z","requestId":"f188b4bc-deb7-45b8-8e0b-d95bbce8b376","method":"GET","route":"/api/challenge/achievements/leaderboard","status":200,"elapsedMs":36}
[wrangler:info] GET /api/challenge/achievements/leaderboard 200 OK (49ms)
[wrangler:info] GET /assets/256-teams-icon.svg 304 Not Modified (44ms)
{"type":"worker-request","timestamp":"2026-08-01T21:59:36.764Z","requestId":"dc9d1c6f-5e00-4f14-8f4c-986f90865e2a","method":"GET","route":"/ucl-simulator"}
{"type":"worker-request-complete","timestamp":"2026-08-01T21:59:36.766Z","requestId":"dc9d1c6f-5e00-4f14-8f4c-986f90865e2a","method":"GET","route":"/ucl-simulator","status":200,"elapsedMs":2}
[wrangler:info] GET /ucl-simulator 200 OK (8ms)
[wrangler:info] GET /redirect.js 304 Not Modified (7ms)
[wrangler:info] GET /analytics.js 304 Not Modified (13ms)
[wrangler:info] GET /clean.css 304 Not Modified (18ms)
[wrangler:info] GET /styles.css 304 Not Modified (18ms)
[wrangler:info] GET /premier-league.css 304 Not Modified (21ms)
[wrangler:info] GET /ucl-simulator.css 304 Not Modified (23ms)
[wrangler:info] GET /assets/flags/palestine.svg 304 Not Modified (6ms)
[wrangler:info] GET /assets/retro-world-cup-2014.png 304 Not Modified (6ms)
[wrangler:info] GET /assets/prem-logo.webp 304 Not Modified (7ms)
[wrangler:info] GET /player-pools.generated.js 304 Not Modified (10ms)
[wrangler:info] GET /assets/ucl-starball-white.png 304 Not Modified (13ms)
[wrangler:info] GET /data.js 304 Not Modified (20ms)
[wrangler:info] GET /retro-data.js 304 Not Modified (17ms)
[wrangler:info] GET /retro-2006-squads.js 304 Not Modified (3ms)
[wrangler:info] GET /retro-2006-schedule.js 304 Not Modified (7ms)
[wrangler:info] GET /retro-2010-squads.js 304 Not Modified (7ms)
[wrangler:info] GET /retro-2010-schedule.js 304 Not Modified (12ms)
[wrangler:info] GET /retro-2014-squads.js 304 Not Modified (12ms)
[wrangler:info] GET /retro-2014-schedule.js 304 Not Modified (20ms)
[wrangler:info] GET /retro-euro-2016-squads.js 304 Not Modified (21ms)
[wrangler:info] GET /retro-euro-2016-schedule.js 304 Not Modified (20ms)
[wrangler:info] GET /retro-2018-squads.js 304 Not Modified (26ms)
[wrangler:info] GET /retro-2018-schedule.js 304 Not Modified (7ms)
[wrangler:info] GET /retro-2022-squads.js 304 Not Modified (12ms)
[wrangler:info] GET /retro-2022-schedule.js 304 Not Modified (16ms)
[wrangler:info] GET /retro-2026-squads.js 304 Not Modified (21ms)
[wrangler:info] GET /retro-2026-schedule.js 304 Not Modified (21ms)
[wrangler:info] GET /retro-engine.js 304 Not Modified (22ms)
[wrangler:info] GET /presentation-engine.js 304 Not Modified (19ms)
[wrangler:info] GET /legacy-data/catalog.generated.js 304 Not Modified (22ms)
[wrangler:info] GET /simulation-engine.js 304 Not Modified (27ms)
{"type":"worker-request","timestamp":"2026-08-01T21:59:37.018Z","requestId":"81958952-d511-4182-b34e-dc210ad2b2ea","method":"GET","route":"/premier-league-fc26-ratings.js"}
{"type":"worker-request-complete","timestamp":"2026-08-01T21:59:37.020Z","requestId":"81958952-d511-4182-b34e-dc210ad2b2ea","method":"GET","route":"/premier-league-fc26-ratings.js","status":404,"elapsedMs":2}
[wrangler:info] GET /premier-league-fc26-ratings.js 404 Not Found (29ms)
[wrangler:info] GET /premier-league-squads.generated.js 304 Not Modified (38ms)
[wrangler:info] GET /premier-league-data.js 304 Not Modified (36ms)
[wrangler:info] GET /ucl-draw-solver.js 304 Not Modified (30ms)
[wrangler:info] GET /ucl-squads.generated.js 304 Not Modified (27ms)
[wrangler:info] GET /ucl-engine.js 304 Not Modified (31ms)
[wrangler:info] GET /app.js 304 Not Modified (23ms)
[wrangler:info] GET /premier-league.js 304 Not Modified (26ms)
[wrangler:info] GET /ucl-simulator.js 304 Not Modified (23ms)
[wrangler:info] GET /challenge.js 304 Not Modified (21ms)
[wrangler:info] GET /assets/world-cup-2026-logo.png 304 Not Modified (6ms)
[wrangler:info] GET /assets/ucl-26-27/badges/stuttgart.png 304 Not Modified (7ms)
[wrangler:info] GET /assets/ucl-26-27/badges/inter-milan.png 304 Not Modified (10ms)
[wrangler:info] GET /assets/ucl-26-27/badges/rb-leipzig.png 304 Not Modified (14ms)
[wrangler:info] GET /assets/ucl-26-27/badges/sporting-cp.png 304 Not Modified (17ms)
[wrangler:info] GET /assets/ucl-26-27/badges/real-madrid.png 304 Not Modified (20ms)
{"type":"worker-request","timestamp":"2026-08-01T21:59:37.170Z","requestId":"f311c541-7b28-43c6-9f93-37803f3090ac","method":"GET","route":"/api/challenge"}
[wrangler:info] GET /assets/ucl-26-27/badges/nk-celje.png 304 Not Modified (23ms)
{"type":"worker-request-complete","timestamp":"2026-08-01T21:59:37.194Z","requestId":"f311c541-7b28-43c6-9f93-37803f3090ac","method":"GET","route":"/api/challenge","status":200,"elapsedMs":24}
[wrangler:info] GET /api/challenge 200 OK (42ms)
[wrangler:info] GET /assets/ucl-26-27/badges/napoli-2007.png 304 Not Modified (13ms)
[wrangler:info] GET /assets/ucl-26-27/badges/fenerbahce.svg 304 Not Modified (18ms)
[wrangler:info] GET /assets/ucl-26-27/badges/lens.png 304 Not Modified (24ms)
[wrangler:info] GET /assets/ucl-26-27/badges/real-betis.png 304 Not Modified (33ms)
[wrangler:info] GET /assets/ucl-26-27/badges/slovan-bratislava.svg 304 Not Modified (44ms)
[wrangler:info] GET /assets/ucl-26-27/badges/bayern-munich.png 304 Not Modified (18ms)
[wrangler:info] GET /assets/ucl-26-27/badges/galatasaray.png 304 Not Modified (24ms)
[wrangler:info] GET /assets/ucl-26-27/badges/villarreal.png 304 Not Modified (28ms)
[wrangler:info] GET /assets/ucl-26-27/badges/borussia-dortmund.png 304 Not Modified (25ms)
[wrangler:info] GET /assets/ucl-26-27/badges/roma.png 304 Not Modified (21ms)
[wrangler:info] GET /assets/ucl-26-27/badges/olympiacos.svg 304 Not Modified (28ms)
{"type":"worker-request","timestamp":"2026-08-01T21:59:37.384Z","requestId":"c8b45713-090b-4ce9-99de-73bba16a7137","method":"GET","route":"/api/challenge/achievements/leaderboard"}
{"type":"worker-request-complete","timestamp":"2026-08-01T21:59:37.399Z","requestId":"c8b45713-090b-4ce9-99de-73bba16a7137","method":"GET","route":"/api/challenge/achievements/leaderboard","status":200,"elapsedMs":15}
[wrangler:info] GET /api/challenge/achievements/leaderboard 200 OK (19ms)
[wrangler:info] GET /assets/256-teams-icon.svg 304 Not Modified (22ms)
[wrangler:info] GET /assets/ucl-26-27/badges/arsenal.png 304 Not Modified (23ms)
[wrangler:info] GET /assets/ucl-26-27/badges/como.png 304 Not Modified (34ms)
[wrangler:info] GET /assets/ucl-26-27/badges/shakhtar-donetsk.png 304 Not Modified (46ms)
[wrangler:info] GET /assets/ucl-26-27/badges/manchester-city.png 304 Not Modified (55ms)
[wrangler:info] GET /assets/ucl-26-27/badges/psv-eindhoven.png 304 Not Modified (67ms)
[wrangler:info] GET /assets/ucl-26-27/badges/atletico-madrid.png 304 Not Modified (80ms)
[wrangler:info] GET /assets/ucl-26-27/badges/crvena-zvezda.svg 304 Not Modified (66ms)
[wrangler:info] GET /assets/ucl-26-27/badges/agf-aarhus.png 304 Not Modified (67ms)
[wrangler:info] GET /assets/ucl-26-27/badges/liverpool.png 304 Not Modified (64ms)
[wrangler:info] GET /assets/ucl-26-27/badges/club-brugge.png 304 Not Modified (80ms)
[wrangler:info] GET /assets/ucl-26-27/badges/feyenoord.png 304 Not Modified (72ms)
[wrangler:info] GET /assets/ucl-26-27/badges/union-saint-gilloise.svg 304 Not Modified (54ms)
[wrangler:info] GET /assets/ucl-26-27/badges/aston-villa.png 304 Not Modified (78ms)
[wrangler:info] GET /assets/ucl-26-27/badges/paris-saint-germain.png 304 Not Modified (93ms)
[wrangler:info] GET /assets/ucl-26-27/badges/manchester-united.png 304 Not Modified (86ms)
[wrangler:info] GET /assets/ucl-26-27/badges/lille.png 304 Not Modified (84ms)
[wrangler:info] GET /assets/ucl-26-27/badges/porto.png 304 Not Modified (80ms)
[wrangler:info] GET /assets/ucl-26-27/badges/slavia-prague.png 304 Not Modified (78ms)
[wrangler:info] GET /assets/ucl-26-27/badges/barcelona.png 304 Not Modified (77ms)
{"type":"worker-request","timestamp":"2026-08-01T22:18:59.698Z","requestId":"514214b8-44e7-4aa7-8697-125c4025132b","method":"GET","route":"/ucl-simulator"}
{"type":"worker-request-complete","timestamp":"2026-08-01T22:18:59.745Z","requestId":"514214b8-44e7-4aa7-8697-125c4025132b","method":"GET","route":"/ucl-simulator","status":200,"elapsedMs":47}
[wrangler:info] GET /ucl-simulator 200 OK (54ms)
[wrangler:info] GET /redirect.js 304 Not Modified (18ms)
[wrangler:info] GET /styles.css 304 Not Modified (44ms)
[wrangler:info] GET /assets/flags/palestine.svg 304 Not Modified (66ms)
[wrangler:info] GET /clean.css 304 Not Modified (135ms)
[wrangler:info] GET /premier-league.css 304 Not Modified (158ms)
[wrangler:info] GET /ucl-simulator.css 200 OK (174ms)
[wrangler:info] GET /assets/retro-world-cup-2014.png 304 Not Modified (193ms)
[wrangler:info] GET /assets/prem-logo.webp 304 Not Modified (33ms)
[wrangler:info] GET /assets/ucl-starball-white.png 304 Not Modified (45ms)
[wrangler:info] GET /player-pools.generated.js 304 Not Modified (110ms)
[wrangler:info] GET /data.js 304 Not Modified (154ms)
[wrangler:info] GET /retro-data.js 304 Not Modified (185ms)
[wrangler:info] GET /retro-2006-squads.js 304 Not Modified (237ms)
[wrangler:info] GET /retro-2010-squads.js 304 Not Modified (233ms)
[wrangler:info] GET /retro-2006-schedule.js 304 Not Modified (295ms)
[wrangler:info] GET /retro-2010-schedule.js 304 Not Modified (203ms)
[wrangler:info] GET /retro-2014-squads.js 304 Not Modified (217ms)
[wrangler:info] GET /retro-2014-schedule.js 304 Not Modified (217ms)
[wrangler:info] GET /retro-euro-2016-squads.js 304 Not Modified (211ms)
[wrangler:info] GET /retro-euro-2016-schedule.js 304 Not Modified (191ms)
[wrangler:info] GET /retro-2018-squads.js 304 Not Modified (207ms)
[wrangler:info] GET /retro-2018-schedule.js 304 Not Modified (204ms)
[wrangler:info] GET /retro-2022-squads.js 304 Not Modified (215ms)
[wrangler:info] GET /retro-2022-schedule.js 304 Not Modified (214ms)
[wrangler:info] GET /retro-2026-squads.js 304 Not Modified (208ms)
[wrangler:info] GET /retro-2026-schedule.js 304 Not Modified (200ms)
[wrangler:info] GET /retro-engine.js 304 Not Modified (190ms)
[wrangler:info] GET /presentation-engine.js 304 Not Modified (194ms)
[wrangler:info] GET /simulation-engine.js 304 Not Modified (171ms)
[wrangler:info] GET /legacy-data/catalog.generated.js 200 OK (173ms)
[wrangler:info] GET /premier-league-squads.generated.js 304 Not Modified (152ms)
{"type":"worker-request","timestamp":"2026-08-01T22:19:00.994Z","requestId":"642c68a2-4b6f-4d64-aea3-4be15bf29c50","method":"GET","route":"/premier-league-fc26-ratings.js"}
{"type":"worker-request-complete","timestamp":"2026-08-01T22:19:00.996Z","requestId":"642c68a2-4b6f-4d64-aea3-4be15bf29c50","method":"GET","route":"/premier-league-fc26-ratings.js","status":404,"elapsedMs":2}
[wrangler:info] GET /premier-league-fc26-ratings.js 404 Not Found (132ms)
[wrangler:info] GET /premier-league-data.js 304 Not Modified (139ms)
[wrangler:info] GET /ucl-draw-solver.js 304 Not Modified (138ms)
[wrangler:info] GET /ucl-engine.js 304 Not Modified (129ms)
[wrangler:info] GET /ucl-squads.generated.js 304 Not Modified (136ms)
[wrangler:info] GET /app.js 304 Not Modified (329ms)
[wrangler:info] GET /premier-league.js 304 Not Modified (331ms)
[wrangler:info] GET /ucl-simulator.js 304 Not Modified (336ms)
[wrangler:info] GET /challenge.js 304 Not Modified (336ms)
[wrangler:info] GET /site.webmanifest 304 Not Modified (299ms)
[wrangler:info] GET /analytics.js 304 Not Modified (130ms)
[wrangler:info] GET /assets/world-cup-2026-logo.png 304 Not Modified (6ms)
[wrangler:info] GET /assets/ucl-26-27/badges/feyenoord.png 304 Not Modified (13ms)
[wrangler:info] GET /assets/ucl-26-27/badges/olympiacos.svg 304 Not Modified (23ms)
[wrangler:info] GET /assets/ucl-26-27/badges/atletico-madrid.png 304 Not Modified (24ms)
[wrangler:info] GET /assets/ucl-26-27/badges/club-brugge.png 304 Not Modified (29ms)
[wrangler:info] GET /assets/ucl-26-27/badges/levski-sofia.svg 304 Not Modified (42ms)
{"type":"worker-request","timestamp":"2026-08-01T22:19:01.577Z","requestId":"f84ef2b7-3ea7-4cbd-b164-44c0af805c25","method":"GET","route":"/api/challenge"}
[wrangler:info] GET /assets/ucl-26-27/badges/real-madrid.png 304 Not Modified (47ms)
{"type":"worker-request-complete","timestamp":"2026-08-01T22:19:01.613Z","requestId":"f84ef2b7-3ea7-4cbd-b164-44c0af805c25","method":"GET","route":"/api/challenge","status":200,"elapsedMs":36}
[wrangler:info] GET /api/challenge 200 OK (77ms)
[wrangler:info] GET /assets/ucl-26-27/badges/psv-eindhoven.png 304 Not Modified (64ms)
[wrangler:info] GET /assets/ucl-26-27/badges/porto.png 304 Not Modified (74ms)
[wrangler:info] GET /assets/ucl-26-27/badges/manchester-city.png 304 Not Modified (92ms)
[wrangler:info] GET /assets/ucl-26-27/badges/real-betis.png 304 Not Modified (87ms)
[wrangler:info] GET /assets/ucl-26-27/badges/bayern-munich.png 304 Not Modified (93ms)
[wrangler:info] GET /assets/ucl-26-27/badges/slavia-prague.png 304 Not Modified (47ms)
[wrangler:info] GET /assets/ucl-26-27/badges/fenerbahce.svg 304 Not Modified (77ms)
[wrangler:info] GET /assets/256-teams-icon.svg 304 Not Modified (65ms)
{"type":"worker-request","timestamp":"2026-08-01T22:19:01.721Z","requestId":"36b6318e-7227-4b4c-8f2d-149749640a2a","method":"GET","route":"/api/challenge/custom-teams"}
{"type":"worker-request-complete","timestamp":"2026-08-01T22:19:01.731Z","requestId":"36b6318e-7227-4b4c-8f2d-149749640a2a","method":"GET","route":"/api/challenge/custom-teams","status":200,"elapsedMs":10}
[wrangler:info] GET /api/challenge/custom-teams 200 OK (47ms)
{"type":"worker-request","timestamp":"2026-08-01T22:19:01.737Z","requestId":"13cf7350-28e4-4fd3-b7c9-cd90072a0e04","method":"POST","route":"/api/challenge/achievements/retro-2006"}
[wrangler:info] GET /assets/ucl-26-27/badges/galatasaray.png 304 Not Modified (67ms)
[wrangler:info] GET /assets/ucl-26-27/badges/lens.png 304 Not Modified (72ms)
{"type":"worker-request-complete","timestamp":"2026-08-01T22:19:01.762Z","requestId":"13cf7350-28e4-4fd3-b7c9-cd90072a0e04","method":"POST","route":"/api/challenge/achievements/retro-2006","status":200,"elapsedMs":25}
[wrangler:info] POST /api/challenge/achievements/retro-2006 200 OK (74ms)
{"type":"worker-request","timestamp":"2026-08-01T22:19:01.768Z","requestId":"160071fc-d016-4c11-af3f-fb2cb8e552db","method":"POST","route":"/api/challenge/achievements/retro-2014"}
{"type":"worker-request-complete","timestamp":"2026-08-01T22:19:01.781Z","requestId":"160071fc-d016-4c11-af3f-fb2cb8e552db","method":"POST","route":"/api/challenge/achievements/retro-2014","status":200,"elapsedMs":13}
[wrangler:info] POST /api/challenge/achievements/retro-2014 200 OK (77ms)
{"type":"worker-request","timestamp":"2026-08-01T22:19:01.785Z","requestId":"9326bf17-e3b3-4bec-ae55-2b2b5ccf1999","method":"POST","route":"/api/challenge/achievements/retro-2018"}
{"type":"worker-request-complete","timestamp":"2026-08-01T22:19:01.797Z","requestId":"9326bf17-e3b3-4bec-ae55-2b2b5ccf1999","method":"POST","route":"/api/challenge/achievements/retro-2018","status":200,"elapsedMs":12}
[wrangler:info] POST /api/challenge/achievements/retro-2018 200 OK (77ms)
{"type":"worker-request","timestamp":"2026-08-01T22:19:01.803Z","requestId":"574fba68-bd39-4f42-a3a9-41e14400e2bd","method":"POST","route":"/api/challenge/achievements/retro-2022"}
{"type":"worker-request-complete","timestamp":"2026-08-01T22:19:01.813Z","requestId":"574fba68-bd39-4f42-a3a9-41e14400e2bd","method":"POST","route":"/api/challenge/achievements/retro-2022","status":200,"elapsedMs":10}
[wrangler:info] POST /api/challenge/achievements/retro-2022 200 OK (66ms)
{"type":"worker-request","timestamp":"2026-08-01T22:19:01.818Z","requestId":"2c8c012e-acfb-43f6-8d85-fb748c696c5d","method":"POST","route":"/api/challenge/achievements/retro-2022"}
{"type":"worker-request-complete","timestamp":"2026-08-01T22:19:01.829Z","requestId":"2c8c012e-acfb-43f6-8d85-fb748c696c5d","method":"POST","route":"/api/challenge/achievements/retro-2022","status":200,"elapsedMs":11}
[wrangler:info] POST /api/challenge/achievements/retro-2022 200 OK (75ms)
{"type":"worker-request","timestamp":"2026-08-01T22:19:01.836Z","requestId":"d3802c11-d68c-4257-8e02-3e50ce337a53","method":"POST","route":"/api/challenge/achievements/premier-league"}
[wrangler:info] GET /assets/256-teams-icon.svg 304 Not Modified (10ms)
{"type":"worker-request-complete","timestamp":"2026-08-01T22:19:01.855Z","requestId":"d3802c11-d68c-4257-8e02-3e50ce337a53","method":"POST","route":"/api/challenge/achievements/premier-league","status":200,"elapsedMs":19}
[wrangler:info] POST /api/challenge/achievements/premier-league 200 OK (26ms)
[wrangler:info] GET /assets/ucl-26-27/badges/union-saint-gilloise.svg 304 Not Modified (31ms)
[wrangler:info] GET /assets/ucl-26-27/badges/napoli-2007.png 304 Not Modified (32ms)
[wrangler:info] GET /assets/ucl-26-27/badges/villarreal.png 304 Not Modified (36ms)
[wrangler:info] GET /assets/ucl-26-27/badges/lille.png 304 Not Modified (32ms)
[wrangler:info] GET /assets/ucl-26-27/badges/stuttgart.png 304 Not Modified (46ms)
{"type":"worker-request","timestamp":"2026-08-01T22:19:01.898Z","requestId":"31adcb1b-a8fd-4dc1-be58-02d9cf98a0ad","method":"GET","route":"/api/challenge/achievements/leaderboard"}
{"type":"worker-request-complete","timestamp":"2026-08-01T22:19:01.914Z","requestId":"31adcb1b-a8fd-4dc1-be58-02d9cf98a0ad","method":"GET","route":"/api/challenge/achievements/leaderboard","status":200,"elapsedMs":16}
[wrangler:info] GET /api/challenge/achievements/leaderboard 200 OK (21ms)
[wrangler:info] GET /assets/ucl-26-27/badges/nk-celje.png 304 Not Modified (11ms)
[wrangler:info] GET /assets/ucl-26-27/badges/agf-aarhus.png 304 Not Modified (12ms)
[wrangler:info] GET /assets/ucl-26-27/badges/shakhtar-donetsk.png 304 Not Modified (15ms)
[wrangler:info] GET /assets/ucl-26-27/badges/rb-leipzig.png 304 Not Modified (24ms)
[wrangler:info] GET /assets/ucl-26-27/badges/barcelona.png 304 Not Modified (6ms)
[wrangler:info] GET /assets/ucl-26-27/badges/arsenal.png 304 Not Modified (5ms)
[wrangler:info] GET /assets/ucl-26-27/badges/sporting-cp.png 304 Not Modified (6ms)
[wrangler:info] GET /assets/ucl-26-27/badges/paris-saint-germain.png 304 Not Modified (6ms)
[wrangler:info] GET /assets/ucl-26-27/badges/aston-villa.png 304 Not Modified (5ms)
[wrangler:info] GET /assets/ucl-26-27/badges/roma.png 304 Not Modified (5ms)
[wrangler:info] GET /assets/ucl-26-27/badges/como.png 304 Not Modified (6ms)
[wrangler:info] GET /assets/ucl-26-27/badges/manchester-united.png 304 Not Modified (5ms)
[wrangler:info] GET /assets/ucl-26-27/badges/slovan-bratislava.svg 304 Not Modified (24ms)
[wrangler:info] GET /assets/ucl-26-27/badges/inter-milan.png 304 Not Modified (10ms)
[wrangler:info] GET /assets/ucl-26-27/badges/liverpool.png 304 Not Modified (5ms)
[wrangler:info] GET /assets/ucl-26-27/badges/borussia-dortmund.png 304 Not Modified (6ms)
⎔ Reloading local server...
[wrangler:info] ✨ Parsed 3 valid header rules.
⎔ Local server updated and ready
{"type":"worker-request","timestamp":"2026-08-01T22:22:13.769Z","requestId":"d387e9d6-1d0a-480f-9aed-083241b3c71b","method":"GET","route":"/ucl-simulator"}
{"type":"worker-request-complete","timestamp":"2026-08-01T22:22:13.826Z","requestId":"d387e9d6-1d0a-480f-9aed-083241b3c71b","method":"GET","route":"/ucl-simulator","status":200,"elapsedMs":57}
[wrangler:info] GET /ucl-simulator 200 OK (66ms)
[wrangler:info] GET /redirect.js 304 Not Modified (32ms)
[wrangler:info] GET /styles.css 304 Not Modified (44ms)
[wrangler:info] GET /clean.css 304 Not Modified (67ms)
[wrangler:info] GET /premier-league.css 304 Not Modified (74ms)
[wrangler:info] GET /ucl-simulator.css 200 OK (89ms)
[wrangler:info] GET /assets/flags/palestine.svg 304 Not Modified (85ms)
[wrangler:info] GET /assets/retro-world-cup-2014.png 304 Not Modified (81ms)
[wrangler:info] GET /assets/prem-logo.webp 304 Not Modified (79ms)
[wrangler:info] GET /player-pools.generated.js 304 Not Modified (97ms)
[wrangler:info] GET /assets/ucl-starball-white.png 304 Not Modified (91ms)
[wrangler:info] GET /data.js 304 Not Modified (103ms)
[wrangler:info] GET /retro-data.js 304 Not Modified (107ms)
[wrangler:info] GET /retro-2006-squads.js 304 Not Modified (125ms)
[wrangler:info] GET /retro-2010-squads.js 304 Not Modified (130ms)
[wrangler:info] GET /retro-2006-schedule.js 304 Not Modified (157ms)
[wrangler:info] GET /retro-2010-schedule.js 304 Not Modified (155ms)
[wrangler:info] GET /retro-2014-schedule.js 304 Not Modified (175ms)
[wrangler:info] GET /retro-2014-squads.js 304 Not Modified (217ms)
[wrangler:info] GET /retro-euro-2016-squads.js 304 Not Modified (234ms)
[wrangler:info] GET /retro-euro-2016-schedule.js 304 Not Modified (225ms)
[wrangler:info] GET /retro-2018-squads.js 304 Not Modified (248ms)
[wrangler:info] GET /retro-2018-schedule.js 304 Not Modified (239ms)
[wrangler:info] GET /retro-2022-squads.js 304 Not Modified (245ms)
[wrangler:info] GET /retro-2022-schedule.js 304 Not Modified (215ms)
[wrangler:info] GET /retro-2026-squads.js 304 Not Modified (186ms)
[wrangler:info] GET /retro-2026-schedule.js 304 Not Modified (189ms)
[wrangler:info] GET /retro-engine.js 304 Not Modified (170ms)
[wrangler:info] GET /presentation-engine.js 304 Not Modified (179ms)
[wrangler:info] GET /simulation-engine.js 304 Not Modified (158ms)
[wrangler:info] GET /legacy-data/catalog.generated.js 200 OK (167ms)
[wrangler:info] GET /premier-league-squads.generated.js 304 Not Modified (129ms)
{"type":"worker-request","timestamp":"2026-08-01T22:22:14.731Z","requestId":"4336e649-1780-425b-8437-e7ba0381e018","method":"GET","route":"/premier-league-fc26-ratings.js"}
{"type":"worker-request-complete","timestamp":"2026-08-01T22:22:14.733Z","requestId":"4336e649-1780-425b-8437-e7ba0381e018","method":"GET","route":"/premier-league-fc26-ratings.js","status":404,"elapsedMs":2}
[wrangler:info] GET /premier-league-fc26-ratings.js 404 Not Found (126ms)
[wrangler:info] GET /premier-league-data.js 304 Not Modified (123ms)
[wrangler:info] GET /ucl-draw-solver.js 304 Not Modified (131ms)
[wrangler:info] GET /ucl-engine.js 304 Not Modified (118ms)
[wrangler:info] GET /ucl-squads.generated.js 304 Not Modified (121ms)
[wrangler:info] GET /app.js 304 Not Modified (314ms)
[wrangler:info] GET /premier-league.js 304 Not Modified (319ms)
[wrangler:info] GET /ucl-simulator.js 304 Not Modified (325ms)
[wrangler:info] GET /analytics.js 304 Not Modified (285ms)
[wrangler:info] GET /challenge.js 304 Not Modified (317ms)
[wrangler:info] GET /assets/world-cup-2026-logo.png 304 Not Modified (23ms)
[wrangler:info] GET /assets/ucl-26-27/badges/stuttgart.png 304 Not Modified (24ms)
[wrangler:info] GET /assets/ucl-26-27/badges/inter-milan.png 304 Not Modified (53ms)
[wrangler:info] GET /assets/ucl-26-27/badges/rb-leipzig.png 304 Not Modified (66ms)
[wrangler:info] GET /assets/ucl-26-27/badges/sporting-cp.png 304 Not Modified (81ms)
[wrangler:info] GET /assets/ucl-26-27/badges/real-madrid.png 304 Not Modified (95ms)
[wrangler:info] GET /assets/ucl-26-27/badges/nk-celje.png 304 Not Modified (181ms)
{"type":"worker-request","timestamp":"2026-08-01T22:22:15.509Z","requestId":"3a8d1c16-a330-40a2-a1f8-7d6155aa11ca","method":"GET","route":"/api/challenge"}
{"type":"worker-request-complete","timestamp":"2026-08-01T22:22:15.551Z","requestId":"3a8d1c16-a330-40a2-a1f8-7d6155aa11ca","method":"GET","route":"/api/challenge","status":200,"elapsedMs":41}
[wrangler:info] GET /api/challenge 200 OK (215ms)
[wrangler:info] GET /assets/ucl-26-27/badges/villarreal.png 304 Not Modified (196ms)
[wrangler:info] GET /assets/ucl-26-27/badges/lens.png 304 Not Modified (192ms)
[wrangler:info] GET /assets/ucl-26-27/badges/borussia-dortmund.png 304 Not Modified (190ms)
[wrangler:info] GET /assets/ucl-26-27/badges/bayern-munich.png 304 Not Modified (190ms)
[wrangler:info] GET /assets/ucl-26-27/badges/galatasaray.png 304 Not Modified (112ms)
[wrangler:info] GET /assets/ucl-26-27/badges/real-betis.png 304 Not Modified (65ms)
[wrangler:info] GET /assets/ucl-26-27/badges/slovan-bratislava.svg 304 Not Modified (74ms)
[wrangler:info] GET /assets/ucl-26-27/badges/fenerbahce.svg 304 Not Modified (76ms)
[wrangler:info] GET /assets/ucl-26-27/badges/napoli-2007.png 304 Not Modified (90ms)
[wrangler:info] GET /assets/ucl-26-27/badges/olympiacos.svg 304 Not Modified (93ms)
{"type":"worker-request","timestamp":"2026-08-01T22:22:15.721Z","requestId":"857b4d0d-ff85-4387-80bc-e5084364ce1c","method":"GET","route":"/api/challenge/achievements/leaderboard"}
{"type":"worker-request-complete","timestamp":"2026-08-01T22:22:15.757Z","requestId":"857b4d0d-ff85-4387-80bc-e5084364ce1c","method":"GET","route":"/api/challenge/achievements/leaderboard","status":200,"elapsedMs":36}
[wrangler:info] GET /api/challenge/achievements/leaderboard 200 OK (114ms)
[wrangler:info] GET /assets/ucl-26-27/badges/roma.png 304 Not Modified (136ms)
{"type":"worker-request","timestamp":"2026-08-01T22:26:07.975Z","requestId":"eaee109e-c305-442c-a9ce-2f7327f0f6a2","method":"GET","route":"/ucl-simulator"}
{"type":"worker-request-complete","timestamp":"2026-08-01T22:26:07.977Z","requestId":"eaee109e-c305-442c-a9ce-2f7327f0f6a2","method":"GET","route":"/ucl-simulator","status":200,"elapsedMs":2}
[wrangler:info] GET /ucl-simulator 200 OK (8ms)
[wrangler:info] GET /redirect.js 304 Not Modified (8ms)
[wrangler:info] GET /styles.css 304 Not Modified (12ms)
[wrangler:info] GET /clean.css 304 Not Modified (14ms)
[wrangler:info] GET /premier-league.css 304 Not Modified (17ms)
[wrangler:info] GET /ucl-simulator.css 200 OK (19ms)
[wrangler:info] GET /assets/retro-world-cup-2014.png 304 Not Modified (19ms)
[wrangler:info] GET /assets/flags/palestine.svg 304 Not Modified (28ms)
[wrangler:info] GET /assets/prem-logo.webp 304 Not Modified (5ms)
[wrangler:info] GET /assets/ucl-starball-white.png 304 Not Modified (8ms)
[wrangler:info] GET /data.js 304 Not Modified (16ms)
[wrangler:info] GET /player-pools.generated.js 304 Not Modified (17ms)
[wrangler:info] GET /retro-data.js 304 Not Modified (10ms)
[wrangler:info] GET /retro-2006-squads.js 304 Not Modified (19ms)
[wrangler:info] GET /retro-2006-schedule.js 304 Not Modified (21ms)
[wrangler:info] GET /retro-2010-squads.js 304 Not Modified (28ms)
[wrangler:info] GET /retro-2014-squads.js 304 Not Modified (18ms)
[wrangler:info] GET /retro-2010-schedule.js 304 Not Modified (24ms)
[wrangler:info] GET /retro-2014-schedule.js 304 Not Modified (28ms)
[wrangler:info] GET /retro-euro-2016-squads.js 304 Not Modified (25ms)
[wrangler:info] GET /retro-euro-2016-schedule.js 304 Not Modified (30ms)
[wrangler:info] GET /retro-2018-squads.js 304 Not Modified (29ms)
[wrangler:info] GET /retro-2018-schedule.js 304 Not Modified (29ms)
[wrangler:info] GET /retro-2022-squads.js 304 Not Modified (32ms)
[wrangler:info] GET /retro-2022-schedule.js 304 Not Modified (29ms)
[wrangler:info] GET /retro-2026-squads.js 304 Not Modified (32ms)
[wrangler:info] GET /retro-2026-schedule.js 304 Not Modified (40ms)
[wrangler:info] GET /presentation-engine.js 304 Not Modified (32ms)
[wrangler:info] GET /retro-engine.js 304 Not Modified (41ms)
[wrangler:info] GET /legacy-data/catalog.generated.js 200 OK (28ms)
[wrangler:info] GET /simulation-engine.js 304 Not Modified (40ms)
[wrangler:info] GET /premier-league-squads.generated.js 304 Not Modified (32ms)
[wrangler:info] GET /premier-league-data.js 304 Not Modified (23ms)
{"type":"worker-request","timestamp":"2026-08-01T22:26:08.342Z","requestId":"d31bab04-f75b-493c-ba6a-2df101f638ce","method":"GET","route":"/premier-league-fc26-ratings.js"}
{"type":"worker-request-complete","timestamp":"2026-08-01T22:26:08.343Z","requestId":"d31bab04-f75b-493c-ba6a-2df101f638ce","method":"GET","route":"/premier-league-fc26-ratings.js","status":404,"elapsedMs":1}
[wrangler:info] GET /premier-league-fc26-ratings.js 404 Not Found (34ms)
[wrangler:info] GET /ucl-draw-solver.js 304 Not Modified (31ms)
[wrangler:info] GET /ucl-engine.js 304 Not Modified (32ms)
[wrangler:info] GET /ucl-squads.generated.js 304 Not Modified (26ms)
[wrangler:info] GET /app.js 304 Not Modified (25ms)
[wrangler:info] GET /premier-league.js 304 Not Modified (31ms)
[wrangler:info] GET /ucl-simulator.js 304 Not Modified (30ms)
[wrangler:info] GET /challenge.js 304 Not Modified (22ms)
[wrangler:info] GET /site.webmanifest 304 Not Modified (28ms)
[wrangler:info] GET /analytics.js 304 Not Modified (32ms)
[wrangler:info] GET /assets/world-cup-2026-logo.png 304 Not Modified (6ms)
[wrangler:info] GET /assets/ucl-26-27/badges/olympiacos.svg 304 Not Modified (27ms)
[wrangler:info] GET /assets/ucl-26-27/badges/feyenoord.png 304 Not Modified (28ms)
[wrangler:info] GET /assets/ucl-26-27/badges/atletico-madrid.png 304 Not Modified (39ms)
[wrangler:info] GET /assets/ucl-26-27/badges/club-brugge.png 304 Not Modified (48ms)
[wrangler:info] GET /assets/ucl-26-27/badges/levski-sofia.svg 304 Not Modified (61ms)
[wrangler:info] GET /assets/ucl-26-27/badges/real-madrid.png 304 Not Modified (64ms)
[wrangler:info] GET /assets/ucl-26-27/badges/porto.png 304 Not Modified (57ms)
{"type":"worker-request","timestamp":"2026-08-01T22:26:09.272Z","requestId":"54d8aec8-39ee-4f17-bd62-4fbb80739725","method":"GET","route":"/api/challenge"}
{"type":"worker-request-complete","timestamp":"2026-08-01T22:26:09.330Z","requestId":"54d8aec8-39ee-4f17-bd62-4fbb80739725","method":"GET","route":"/api/challenge","status":200,"elapsedMs":58}
[wrangler:info] GET /api/challenge 200 OK (121ms)
[wrangler:info] GET /assets/ucl-26-27/badges/psv-eindhoven.png 304 Not Modified (121ms)
[wrangler:info] GET /assets/ucl-26-27/badges/manchester-city.png 304 Not Modified (123ms)
[wrangler:info] GET /assets/ucl-26-27/badges/bayern-munich.png 304 Not Modified (105ms)
[wrangler:info] GET /assets/ucl-26-27/badges/real-betis.png 304 Not Modified (114ms)
[wrangler:info] GET /assets/ucl-26-27/badges/fenerbahce.svg 304 Not Modified (97ms)
[wrangler:info] GET /assets/256-teams-icon.svg 304 Not Modified (38ms)
[wrangler:info] GET /assets/ucl-26-27/badges/slavia-prague.png 304 Not Modified (26ms)
[wrangler:info] GET /assets/ucl-26-27/badges/lens.png 304 Not Modified (20ms)
[wrangler:info] GET /assets/ucl-26-27/badges/galatasaray.png 304 Not Modified (27ms)
[wrangler:info] GET /assets/ucl-26-27/badges/union-saint-gilloise.svg 304 Not Modified (34ms)
[wrangler:info] GET /assets/256-teams-icon.svg 304 Not Modified (45ms)
{"type":"worker-request","timestamp":"2026-08-01T22:26:09.433Z","requestId":"9331c966-2b04-4f22-a722-e4ed21880c5c","method":"POST","route":"/api/challenge/achievements/retro-2006"}
{"type":"worker-request-complete","timestamp":"2026-08-01T22:26:09.452Z","requestId":"9331c966-2b04-4f22-a722-e4ed21880c5c","method":"POST","route":"/api/challenge/achievements/retro-2006","status":200,"elapsedMs":19}
[wrangler:info] POST /api/challenge/achievements/retro-2006 200 OK (45ms)
[wrangler:info] GET /assets/ucl-26-27/badges/stuttgart.png 304 Not Modified (56ms)
[wrangler:info] GET /assets/ucl-26-27/badges/napoli-2007.png 304 Not Modified (61ms)
{"type":"worker-request","timestamp":"2026-08-01T22:26:09.464Z","requestId":"c1fd720b-3660-4868-aa79-94f166cd5238","method":"GET","route":"/api/challenge/custom-teams"}
{"type":"worker-request-complete","timestamp":"2026-08-01T22:26:09.475Z","requestId":"c1fd720b-3660-4868-aa79-94f166cd5238","method":"GET","route":"/api/challenge/custom-teams","status":200,"elapsedMs":11}
[wrangler:info] GET /api/challenge/custom-teams 200 OK (70ms)
{"type":"worker-request","timestamp":"2026-08-01T22:26:09.477Z","requestId":"3ddecddb-489e-4aff-9799-06f759397431","method":"POST","route":"/api/challenge/achievements/retro-2014"}
{"type":"worker-request-complete","timestamp":"2026-08-01T22:26:09.488Z","requestId":"3ddecddb-489e-4aff-9799-06f759397431","method":"POST","route":"/api/challenge/achievements/retro-2014","status":200,"elapsedMs":11}
[wrangler:info] POST /api/challenge/achievements/retro-2014 200 OK (63ms)
{"type":"worker-request","timestamp":"2026-08-01T22:26:09.490Z","requestId":"df65c992-03ed-4204-a3a2-ef1d6502ee37","method":"POST","route":"/api/challenge/achievements/retro-2018"}
{"type":"worker-request-complete","timestamp":"2026-08-01T22:26:09.504Z","requestId":"df65c992-03ed-4204-a3a2-ef1d6502ee37","method":"POST","route":"/api/challenge/achievements/retro-2018","status":200,"elapsedMs":14}
[wrangler:info] POST /api/challenge/achievements/retro-2018 200 OK (71ms)
{"type":"worker-request","timestamp":"2026-08-01T22:26:09.506Z","requestId":"b63308bb-fe76-411b-9028-3e96e04aa0a1","method":"POST","route":"/api/challenge/achievements/retro-2022"}
{"type":"worker-request-complete","timestamp":"2026-08-01T22:26:09.517Z","requestId":"b63308bb-fe76-411b-9028-3e96e04aa0a1","method":"POST","route":"/api/challenge/achievements/retro-2022","status":200,"elapsedMs":11}
[wrangler:info] POST /api/challenge/achievements/retro-2022 200 OK (60ms)
{"type":"worker-request","timestamp":"2026-08-01T22:26:09.519Z","requestId":"5857e1a5-a2d7-45a8-904f-a9b658c268a5","method":"POST","route":"/api/challenge/achievements/retro-2022"}
{"type":"worker-request-complete","timestamp":"2026-08-01T22:26:09.530Z","requestId":"5857e1a5-a2d7-45a8-904f-a9b658c268a5","method":"POST","route":"/api/challenge/achievements/retro-2022","status":200,"elapsedMs":11}
[wrangler:info] POST /api/challenge/achievements/retro-2022 200 OK (63ms)
{"type":"worker-request","timestamp":"2026-08-01T22:26:09.537Z","requestId":"f9a71e39-5bf4-4e29-bf26-fd0fe95d20eb","method":"POST","route":"/api/challenge/achievements/premier-league"}
[wrangler:info] GET /assets/ucl-26-27/badges/villarreal.png 304 Not Modified (8ms)
[wrangler:info] GET /assets/ucl-26-27/badges/lille.png 304 Not Modified (19ms)
{"type":"worker-request-complete","timestamp":"2026-08-01T22:26:09.566Z","requestId":"f9a71e39-5bf4-4e29-bf26-fd0fe95d20eb","method":"POST","route":"/api/challenge/achievements/premier-league","status":200,"elapsedMs":29}
[wrangler:info] POST /api/challenge/achievements/premier-league 200 OK (36ms)
{"type":"worker-request","timestamp":"2026-08-01T22:26:09.575Z","requestId":"f5e89179-e69c-4ccb-8496-6a22253ee843","method":"GET","route":"/api/challenge/achievements/leaderboard"}
{"type":"worker-request-complete","timestamp":"2026-08-01T22:26:09.591Z","requestId":"f5e89179-e69c-4ccb-8496-6a22253ee843","method":"GET","route":"/api/challenge/achievements/leaderboard","status":200,"elapsedMs":16}
[wrangler:info] GET /api/challenge/achievements/leaderboard 200 OK (19ms)
[wrangler:info] GET /assets/ucl-26-27/badges/nk-celje.png 304 Not Modified (8ms)
[wrangler:info] GET /assets/ucl-26-27/badges/agf-aarhus.png 304 Not Modified (28ms)
[wrangler:info] GET /assets/ucl-26-27/badges/shakhtar-donetsk.png 304 Not Modified (38ms)
[wrangler:info] GET /assets/ucl-26-27/badges/rb-leipzig.png 304 Not Modified (39ms)
[wrangler:info] GET /assets/ucl-26-27/badges/barcelona.png 304 Not Modified (10ms)
[wrangler:info] GET /assets/ucl-26-27/badges/arsenal.png 304 Not Modified (9ms)
[wrangler:info] GET /assets/ucl-26-27/badges/sporting-cp.png 304 Not Modified (4ms)
[wrangler:info] GET /assets/ucl-26-27/badges/paris-saint-germain.png 304 Not Modified (15ms)
[wrangler:info] GET /assets/ucl-26-27/badges/aston-villa.png 304 Not Modified (10ms)
[wrangler:info] GET /assets/ucl-26-27/badges/roma.png 304 Not Modified (4ms)
[wrangler:info] GET /assets/ucl-26-27/badges/como.png 304 Not Modified (14ms)
[wrangler:info] GET /assets/ucl-26-27/badges/manchester-united.png 304 Not Modified (14ms)
[wrangler:info] GET /assets/ucl-26-27/badges/slovan-bratislava.svg 304 Not Modified (5ms)
[wrangler:info] GET /assets/ucl-26-27/badges/inter-milan.png 304 Not Modified (6ms)
[wrangler:info] GET /assets/ucl-26-27/badges/liverpool.png 304 Not Modified (15ms)
[wrangler:info] GET /assets/ucl-26-27/badges/borussia-dortmund.png 304 Not Modified (6ms)
⎔ Reloading local server...
[wrangler:info] ✨ Parsed 3 valid header rules.
⎔ Local server updated and ready
⎔ Reloading local server...
[wrangler:info] ✨ Parsed 3 valid header rules.
⎔ Local server updated and ready
{"type":"worker-request","timestamp":"2026-08-01T22:29:23.351Z","requestId":"25ce00dc-2303-4983-bb1e-f2ea3b756f86","method":"GET","route":"/ucl-simulator"}
{"type":"worker-request-complete","timestamp":"2026-08-01T22:29:23.411Z","requestId":"25ce00dc-2303-4983-bb1e-f2ea3b756f86","method":"GET","route":"/ucl-simulator","status":200,"elapsedMs":60}
[wrangler:info] GET /ucl-simulator 200 OK (70ms)
[wrangler:info] GET /redirect.js 304 Not Modified (11ms)
[wrangler:info] GET /styles.css 304 Not Modified (31ms)
[wrangler:info] GET /clean.css 304 Not Modified (53ms)
[wrangler:info] GET /premier-league.css 304 Not Modified (88ms)
[wrangler:info] GET /ucl-simulator.css 200 OK (98ms)
[wrangler:info] GET /assets/flags/palestine.svg 304 Not Modified (103ms)
[wrangler:info] GET /assets/retro-world-cup-2014.png 304 Not Modified (111ms)
[wrangler:info] GET /assets/prem-logo.webp 304 Not Modified (90ms)
[wrangler:info] GET /assets/ucl-starball-white.png 304 Not Modified (76ms)
[wrangler:info] GET /player-pools.generated.js 304 Not Modified (82ms)
[wrangler:info] GET /data.js 304 Not Modified (91ms)
[wrangler:info] GET /retro-data.js 304 Not Modified (108ms)
[wrangler:info] GET /retro-2006-squads.js 304 Not Modified (132ms)
[wrangler:info] GET /retro-2006-schedule.js 304 Not Modified (151ms)
[wrangler:info] GET /retro-2010-squads.js 304 Not Modified (196ms)
[wrangler:info] GET /retro-2010-schedule.js 304 Not Modified (191ms)
[wrangler:info] GET /retro-2014-schedule.js 304 Not Modified (189ms)
[wrangler:info] GET /retro-2014-squads.js 304 Not Modified (226ms)
[wrangler:info] GET /retro-euro-2016-squads.js 304 Not Modified (234ms)
[wrangler:info] GET /retro-euro-2016-schedule.js 304 Not Modified (218ms)
[wrangler:info] GET /retro-2018-squads.js 304 Not Modified (181ms)
[wrangler:info] GET /retro-2018-schedule.js 304 Not Modified (186ms)
[wrangler:info] GET /retro-2022-squads.js 304 Not Modified (199ms)
[wrangler:info] GET /retro-2022-schedule.js 304 Not Modified (190ms)
[wrangler:info] GET /retro-2026-squads.js 304 Not Modified (191ms)
[wrangler:info] GET /retro-2026-schedule.js 304 Not Modified (199ms)
[wrangler:info] GET /retro-engine.js 304 Not Modified (193ms)
[wrangler:info] GET /presentation-engine.js 304 Not Modified (199ms)
[wrangler:info] GET /simulation-engine.js 304 Not Modified (187ms)
[wrangler:info] GET /legacy-data/catalog.generated.js 200 OK (189ms)
[wrangler:info] GET /premier-league-squads.generated.js 304 Not Modified (168ms)
{"type":"worker-request","timestamp":"2026-08-01T22:29:24.314Z","requestId":"67ea204a-88dc-4db4-aef0-27057c39890f","method":"GET","route":"/premier-league-fc26-ratings.js"}
{"type":"worker-request-complete","timestamp":"2026-08-01T22:29:24.318Z","requestId":"67ea204a-88dc-4db4-aef0-27057c39890f","method":"GET","route":"/premier-league-fc26-ratings.js","status":404,"elapsedMs":4}
[wrangler:info] GET /premier-league-fc26-ratings.js 404 Not Found (148ms)
[wrangler:info] GET /premier-league-data.js 304 Not Modified (147ms)
[wrangler:info] GET /ucl-draw-solver.js 304 Not Modified (141ms)
[wrangler:info] GET /ucl-engine.js 304 Not Modified (140ms)
[wrangler:info] GET /ucl-squads.generated.js 304 Not Modified (123ms)
[wrangler:info] GET /app.js 304 Not Modified (270ms)
[wrangler:info] GET /premier-league.js 304 Not Modified (274ms)
[wrangler:info] GET /ucl-simulator.js 304 Not Modified (274ms)
[wrangler:info] GET /analytics.js 304 Not Modified (240ms)
[wrangler:info] GET /challenge.js 304 Not Modified (269ms)
[wrangler:info] GET /assets/world-cup-2026-logo.png 304 Not Modified (13ms)
[wrangler:info] GET /assets/ucl-26-27/badges/stuttgart.png 304 Not Modified (13ms)
[wrangler:info] GET /assets/ucl-26-27/badges/inter-milan.png 304 Not Modified (23ms)
[wrangler:info] GET /assets/ucl-26-27/badges/rb-leipzig.png 304 Not Modified (31ms)
[wrangler:info] GET /assets/ucl-26-27/badges/sporting-cp.png 304 Not Modified (45ms)
[wrangler:info] GET /assets/ucl-26-27/badges/real-madrid.png 304 Not Modified (67ms)
[wrangler:info] GET /assets/ucl-26-27/badges/nk-celje.png 304 Not Modified (77ms)
{"type":"worker-request","timestamp":"2026-08-01T22:29:24.914Z","requestId":"3ed87024-fefb-4b59-aaa4-bbc1c92370d9","method":"GET","route":"/api/challenge"}
{"type":"worker-request-complete","timestamp":"2026-08-01T22:29:24.936Z","requestId":"3ed87024-fefb-4b59-aaa4-bbc1c92370d9","method":"GET","route":"/api/challenge","status":200,"elapsedMs":22}
[wrangler:info] GET /api/challenge 200 OK (98ms)
[wrangler:info] GET /assets/ucl-26-27/badges/lens.png 304 Not Modified (100ms)
[wrangler:info] GET /assets/ucl-26-27/badges/bayern-munich.png 304 Not Modified (103ms)
[wrangler:info] GET /assets/ucl-26-27/badges/real-betis.png 304 Not Modified (104ms)
[wrangler:info] GET /assets/ucl-26-27/badges/slovan-bratislava.svg 304 Not Modified (99ms)
[wrangler:info] GET /assets/ucl-26-27/badges/galatasaray.png 304 Not Modified (98ms)
[wrangler:info] GET /assets/ucl-26-27/badges/villarreal.png 304 Not Modified (74ms)
[wrangler:info] GET /assets/ucl-26-27/badges/fenerbahce.svg 304 Not Modified (77ms)
[wrangler:info] GET /assets/ucl-26-27/badges/napoli-2007.png 304 Not Modified (71ms)
[wrangler:info] GET /assets/ucl-26-27/badges/borussia-dortmund.png 304 Not Modified (70ms)
[wrangler:info] GET /assets/ucl-26-27/badges/olympiacos.svg 304 Not Modified (70ms)
[wrangler:info] GET /assets/ucl-26-27/badges/roma.png 304 Not Modified (74ms)
{"type":"worker-request","timestamp":"2026-08-01T22:29:25.203Z","requestId":"1ef087d6-cf49-484c-bea7-0c5878b0dda7","method":"GET","route":"/api/challenge/achievements/leaderboard"}
{"type":"worker-request-complete","timestamp":"2026-08-01T22:29:25.234Z","requestId":"1ef087d6-cf49-484c-bea7-0c5878b0dda7","method":"GET","route":"/api/challenge/achievements/leaderboard","status":200,"elapsedMs":31}
[wrangler:info] GET /api/challenge/achievements/leaderboard 200 OK (35ms)
[wrangler:info] GET /assets/ucl-26-27/badges/union-saint-gilloise.svg 304 Not Modified (22ms)
[wrangler:info] GET /assets/ucl-26-27/badges/liverpool.png 304 Not Modified (37ms)
[wrangler:info] GET /assets/ucl-26-27/badges/aston-villa.png 304 Not Modified (26ms)
[wrangler:info] GET /assets/ucl-26-27/badges/slavia-prague.png 304 Not Modified (61ms)
[wrangler:info] GET /assets/ucl-26-27/badges/barcelona.png 304 Not Modified (38ms)
[wrangler:info] GET /assets/ucl-26-27/badges/crvena-zvezda.svg 304 Not Modified (89ms)
[wrangler:info] GET /assets/ucl-26-27/badges/psv-eindhoven.png 304 Not Modified (58ms)
[wrangler:info] GET /assets/ucl-26-27/badges/porto.png 304 Not Modified (62ms)
[wrangler:info] GET /assets/ucl-26-27/badges/paris-saint-germain.png 304 Not Modified (130ms)
[wrangler:info] GET /assets/ucl-26-27/badges/manchester-united.png 304 Not Modified (74ms)
[wrangler:info] GET /assets/ucl-26-27/badges/lille.png 304 Not Modified (70ms)
[wrangler:info] GET /assets/ucl-26-27/badges/atletico-madrid.png 304 Not Modified (167ms)
[wrangler:info] GET /assets/ucl-26-27/badges/arsenal.png 304 Not Modified (80ms)
[wrangler:info] GET /assets/ucl-26-27/badges/manchester-city.png 304 Not Modified (76ms)
[wrangler:info] GET /assets/ucl-26-27/badges/club-brugge.png 304 Not Modified (74ms)
[wrangler:info] GET /assets/ucl-26-27/badges/feyenoord.png 304 Not Modified (71ms)
[wrangler:info] GET /assets/ucl-26-27/badges/agf-aarhus.png 304 Not Modified (73ms)
[wrangler:info] GET /assets/ucl-26-27/badges/como.png 304 Not Modified (71ms)
[wrangler:info] GET /assets/ucl-26-27/badges/shakhtar-donetsk.png 304 Not Modified (70ms)
⎔ Reloading local server...
[wrangler:info] ✨ Parsed 3 valid header rules.
⎔ Local server updated and ready
⎔ Reloading local server...
[wrangler:info] ✨ Parsed 3 valid header rules.
⎔ Local server updated and ready
{"type":"worker-request","timestamp":"2026-08-01T22:31:05.921Z","requestId":"f6d7c6fa-ce51-498e-b109-4fd40ff39065","method":"GET","route":"/ucl-simulator"}
{"type":"worker-request-complete","timestamp":"2026-08-01T22:31:06.009Z","requestId":"f6d7c6fa-ce51-498e-b109-4fd40ff39065","method":"GET","route":"/ucl-simulator","status":200,"elapsedMs":88}
[wrangler:info] GET /ucl-simulator 200 OK (97ms)
[wrangler:info] GET /redirect.js 304 Not Modified (16ms)
[wrangler:info] GET /styles.css 304 Not Modified (48ms)
[wrangler:info] GET /clean.css 304 Not Modified (105ms)
[wrangler:info] GET /premier-league.css 304 Not Modified (125ms)
[wrangler:info] GET /ucl-simulator.css 200 OK (135ms)
[wrangler:info] GET /assets/flags/palestine.svg 304 Not Modified (141ms)
[wrangler:info] GET /assets/retro-world-cup-2014.png 304 Not Modified (146ms)
[wrangler:info] GET /player-pools.generated.js 304 Not Modified (141ms)
[wrangler:info] GET /assets/prem-logo.webp 304 Not Modified (103ms)
[wrangler:info] GET /assets/ucl-starball-white.png 304 Not Modified (100ms)
[wrangler:info] GET /data.js 304 Not Modified (109ms)
[wrangler:info] GET /retro-data.js 304 Not Modified (100ms)
[wrangler:info] GET /retro-2006-squads.js 304 Not Modified (102ms)
[wrangler:info] GET /retro-2006-schedule.js 304 Not Modified (114ms)
[wrangler:info] GET /retro-2010-squads.js 304 Not Modified (149ms)
[wrangler:info] GET /retro-2010-schedule.js 304 Not Modified (153ms)
[wrangler:info] GET /retro-2014-schedule.js 304 Not Modified (159ms)
[wrangler:info] GET /retro-2014-squads.js 304 Not Modified (195ms)
[wrangler:info] GET /retro-euro-2016-squads.js 304 Not Modified (191ms)
[wrangler:info] GET /retro-euro-2016-schedule.js 304 Not Modified (189ms)
[wrangler:info] GET /retro-2018-squads.js 304 Not Modified (177ms)
[wrangler:info] GET /retro-2018-schedule.js 304 Not Modified (173ms)
[wrangler:info] GET /retro-2022-squads.js 304 Not Modified (187ms)
[wrangler:info] GET /retro-2022-schedule.js 304 Not Modified (171ms)
[wrangler:info] GET /retro-2026-squads.js 304 Not Modified (179ms)
[wrangler:info] GET /retro-2026-schedule.js 304 Not Modified (179ms)
[wrangler:info] GET /retro-engine.js 304 Not Modified (167ms)
[wrangler:info] GET /presentation-engine.js 304 Not Modified (173ms)
[wrangler:info] GET /simulation-engine.js 304 Not Modified (164ms)
[wrangler:info] GET /legacy-data/catalog.generated.js 200 OK (164ms)
[wrangler:info] GET /premier-league-squads.generated.js 304 Not Modified (141ms)
{"type":"worker-request","timestamp":"2026-08-01T22:31:06.896Z","requestId":"0569fa0a-bd8c-407d-825a-6acf373a271e","method":"GET","route":"/premier-league-fc26-ratings.js"}
{"type":"worker-request-complete","timestamp":"2026-08-01T22:31:06.899Z","requestId":"0569fa0a-bd8c-407d-825a-6acf373a271e","method":"GET","route":"/premier-league-fc26-ratings.js","status":404,"elapsedMs":3}
[wrangler:info] GET /premier-league-fc26-ratings.js 404 Not Found (132ms)
[wrangler:info] GET /premier-league-data.js 304 Not Modified (136ms)
[wrangler:info] GET /ucl-draw-solver.js 304 Not Modified (144ms)
[wrangler:info] GET /ucl-engine.js 304 Not Modified (142ms)
[wrangler:info] GET /ucl-squads.generated.js 304 Not Modified (136ms)
[wrangler:info] GET /app.js 304 Not Modified (305ms)
[wrangler:info] GET /premier-league.js 304 Not Modified (307ms)
[wrangler:info] GET /ucl-simulator.js 304 Not Modified (311ms)
[wrangler:info] GET /analytics.js 304 Not Modified (276ms)
[wrangler:info] GET /challenge.js 304 Not Modified (312ms)
[wrangler:info] GET /assets/world-cup-2026-logo.png 304 Not Modified (13ms)
[wrangler:info] GET /assets/ucl-26-27/badges/stuttgart.png 304 Not Modified (14ms)
[wrangler:info] GET /assets/ucl-26-27/badges/inter-milan.png 304 Not Modified (28ms)
[wrangler:info] GET /assets/ucl-26-27/badges/rb-leipzig.png 304 Not Modified (61ms)
[wrangler:info] GET /assets/ucl-26-27/badges/sporting-cp.png 304 Not Modified (85ms)
{"type":"worker-request","timestamp":"2026-08-01T22:31:07.589Z","requestId":"ce86d63f-9764-4cfe-bbfb-99d73a08eab1","method":"GET","route":"/api/challenge"}
{"type":"worker-request-complete","timestamp":"2026-08-01T22:31:07.615Z","requestId":"ce86d63f-9764-4cfe-bbfb-99d73a08eab1","method":"GET","route":"/api/challenge","status":200,"elapsedMs":26}
[wrangler:info] GET /api/challenge 200 OK (117ms)
[wrangler:info] GET /assets/ucl-26-27/badges/real-madrid.png 304 Not Modified (133ms)
[wrangler:info] GET /assets/ucl-26-27/badges/olympiacos.svg 304 Not Modified (139ms)
[wrangler:info] GET /assets/ucl-26-27/badges/galatasaray.png 304 Not Modified (152ms)
[wrangler:info] GET /assets/ucl-26-27/badges/nk-celje.png 304 Not Modified (152ms)
[wrangler:info] GET /assets/ucl-26-27/badges/villarreal.png 304 Not Modified (144ms)
[wrangler:info] GET /assets/ucl-26-27/badges/real-betis.png 304 Not Modified (111ms)
[wrangler:info] GET /assets/ucl-26-27/badges/slovan-bratislava.svg 304 Not Modified (112ms)
[wrangler:info] GET /assets/256-teams-icon.svg 304 Not Modified (91ms)
[wrangler:info] GET /assets/ucl-26-27/badges/lens.png 304 Not Modified (58ms)
[wrangler:info] GET /assets/ucl-26-27/badges/bayern-munich.png 304 Not Modified (60ms)
[wrangler:info] GET /assets/ucl-26-27/badges/borussia-dortmund.png 304 Not Modified (65ms)
[wrangler:info] GET /assets/ucl-26-27/badges/napoli-2007.png 304 Not Modified (59ms)
[wrangler:info] GET /assets/ucl-26-27/badges/fenerbahce.svg 304 Not Modified (78ms)
[wrangler:info] GET /assets/ucl-26-27/badges/roma.png 304 Not Modified (86ms)
{"type":"worker-request","timestamp":"2026-08-01T22:31:07.881Z","requestId":"fab36b96-96dd-47bd-a484-eeb3271a20a0","method":"GET","route":"/api/challenge/achievements/leaderboard"}
{"type":"worker-request-complete","timestamp":"2026-08-01T22:31:07.922Z","requestId":"fab36b96-96dd-47bd-a484-eeb3271a20a0","method":"GET","route":"/api/challenge/achievements/leaderboard","status":200,"elapsedMs":41}
[wrangler:info] GET /api/challenge/achievements/leaderboard 200 OK (45ms)
[wrangler:info] GET /assets/ucl-26-27/badges/union-saint-gilloise.svg 304 Not Modified (16ms)
[wrangler:info] GET /assets/ucl-26-27/badges/liverpool.png 304 Not Modified (26ms)
[wrangler:info] GET /assets/ucl-26-27/badges/aston-villa.png 304 Not Modified (27ms)
[wrangler:info] GET /assets/ucl-26-27/badges/slavia-prague.png 304 Not Modified (51ms)
[wrangler:info] GET /assets/ucl-26-27/badges/club-brugge.png 304 Not Modified (35ms)
[wrangler:info] GET /assets/ucl-26-27/badges/crvena-zvezda.svg 304 Not Modified (67ms)
[wrangler:info] GET /assets/ucl-26-27/badges/barcelona.png 304 Not Modified (43ms)
[wrangler:info] GET /assets/ucl-26-27/badges/porto.png 304 Not Modified (44ms)
[wrangler:info] GET /assets/ucl-26-27/badges/paris-saint-germain.png 304 Not Modified (103ms)
[wrangler:info] GET /assets/ucl-26-27/badges/lille.png 304 Not Modified (55ms)
[wrangler:info] GET /assets/ucl-26-27/badges/manchester-city.png 304 Not Modified (64ms)
[wrangler:info] GET /assets/ucl-26-27/badges/atletico-madrid.png 304 Not Modified (142ms)
[wrangler:info] GET /assets/ucl-26-27/badges/manchester-united.png 304 Not Modified (75ms)
[wrangler:info] GET /assets/ucl-26-27/badges/arsenal.png 304 Not Modified (76ms)
[wrangler:info] GET /assets/ucl-26-27/badges/psv-eindhoven.png 304 Not Modified (77ms)
[wrangler:info] GET /assets/ucl-26-27/badges/feyenoord.png 304 Not Modified (80ms)
[wrangler:info] GET /assets/ucl-26-27/badges/agf-aarhus.png 304 Not Modified (79ms)
[wrangler:info] GET /assets/ucl-26-27/badges/como.png 304 Not Modified (83ms)
[wrangler:info] GET /assets/ucl-26-27/badges/shakhtar-donetsk.png 304 Not Modified (81ms)
[wrangler:info] GET /assets/audio/penalty-whistle.mp3 304 Not Modified (21ms)
[wrangler:info] GET /assets/audio/full-time-whistle.mp3 304 Not Modified (33ms)
[wrangler:info] GET /favicon.png 304 Not Modified (19ms)
⎔ Reloading local server...
[wrangler:info] ✨ Parsed 3 valid header rules.
⎔ Local server updated and ready
⎔ Reloading local server...
[wrangler:info] ✨ Parsed 3 valid header rules.
⎔ Local server updated and ready
{"type":"worker-request","timestamp":"2026-08-01T22:32:41.622Z","requestId":"b7c48d16-b084-406f-a8e6-03b8a422cccb","method":"GET","route":"/ucl-simulator"}
{"type":"worker-request-complete","timestamp":"2026-08-01T22:32:41.685Z","requestId":"b7c48d16-b084-406f-a8e6-03b8a422cccb","method":"GET","route":"/ucl-simulator","status":200,"elapsedMs":63}
[wrangler:info] GET /ucl-simulator 200 OK (74ms)
[wrangler:info] GET /redirect.js 304 Not Modified (17ms)
[wrangler:info] GET /styles.css 304 Not Modified (30ms)
[wrangler:info] GET /clean.css 304 Not Modified (42ms)
[wrangler:info] GET /premier-league.css 304 Not Modified (52ms)
[wrangler:info] GET /ucl-simulator.css 200 OK (63ms)
[wrangler:info] GET /analytics.js 304 Not Modified (65ms)
[wrangler:info] GET /assets/retro-world-cup-2014.png 304 Not Modified (25ms)
[wrangler:info] GET /assets/flags/palestine.svg 304 Not Modified (48ms)
[wrangler:info] GET /player-pools.generated.js 304 Not Modified (90ms)
[wrangler:info] GET /assets/prem-logo.webp 304 Not Modified (102ms)
[wrangler:info] GET /retro-data.js 304 Not Modified (77ms)
[wrangler:info] GET /data.js 304 Not Modified (125ms)
[wrangler:info] GET /assets/ucl-starball-white.png 304 Not Modified (147ms)
[wrangler:info] GET /retro-2006-squads.js 304 Not Modified (154ms)
[wrangler:info] GET /retro-2006-schedule.js 304 Not Modified (150ms)
[wrangler:info] GET /retro-2010-schedule.js 304 Not Modified (145ms)
[wrangler:info] GET /retro-2010-squads.js 304 Not Modified (208ms)
[wrangler:info] GET /retro-2014-squads.js 304 Not Modified (203ms)
[wrangler:info] GET /retro-2014-schedule.js 304 Not Modified (210ms)
[wrangler:info] GET /retro-euro-2016-squads.js 304 Not Modified (215ms)
[wrangler:info] GET /retro-euro-2016-schedule.js 304 Not Modified (211ms)
[wrangler:info] GET /retro-2018-squads.js 304 Not Modified (219ms)
[wrangler:info] GET /retro-2018-schedule.js 304 Not Modified (179ms)
[wrangler:info] GET /retro-2022-squads.js 304 Not Modified (189ms)
[wrangler:info] GET /retro-2022-schedule.js 304 Not Modified (189ms)
[wrangler:info] GET /retro-2026-squads.js 304 Not Modified (237ms)
[wrangler:info] GET /retro-2026-schedule.js 304 Not Modified (238ms)
[wrangler:info] GET /retro-engine.js 304 Not Modified (239ms)
[wrangler:info] GET /presentation-engine.js 304 Not Modified (250ms)
[wrangler:info] GET /simulation-engine.js 304 Not Modified (253ms)
[wrangler:info] GET /legacy-data/catalog.generated.js 200 OK (256ms)
[wrangler:info] GET /premier-league-squads.generated.js 304 Not Modified (181ms)
{"type":"worker-request","timestamp":"2026-08-01T22:32:42.715Z","requestId":"a3e91d0e-5b13-4232-bf61-5d0c1ce593af","method":"GET","route":"/premier-league-fc26-ratings.js"}
{"type":"worker-request-complete","timestamp":"2026-08-01T22:32:42.717Z","requestId":"a3e91d0e-5b13-4232-bf61-5d0c1ce593af","method":"GET","route":"/premier-league-fc26-ratings.js","status":404,"elapsedMs":2}
[wrangler:info] GET /premier-league-fc26-ratings.js 404 Not Found (175ms)
[wrangler:info] GET /premier-league-data.js 304 Not Modified (177ms)
[wrangler:info] GET /ucl-draw-solver.js 304 Not Modified (175ms)
[wrangler:info] GET /ucl-engine.js 304 Not Modified (165ms)
[wrangler:info] GET /ucl-squads.generated.js 304 Not Modified (152ms)
[wrangler:info] GET /app.js 304 Not Modified (368ms)
[wrangler:info] GET /premier-league.js 304 Not Modified (373ms)
[wrangler:info] GET /ucl-simulator.js 304 Not Modified (366ms)
[wrangler:info] GET /challenge.js 304 Not Modified (361ms)
[wrangler:info] GET /assets/world-cup-2026-logo.png 304 Not Modified (12ms)
[wrangler:info] GET /assets/ucl-26-27/badges/stuttgart.png 304 Not Modified (20ms)
[wrangler:info] GET /assets/ucl-26-27/badges/inter-milan.png 304 Not Modified (27ms)
[wrangler:info] GET /assets/ucl-26-27/badges/rb-leipzig.png 304 Not Modified (33ms)
[wrangler:info] GET /assets/ucl-26-27/badges/sporting-cp.png 304 Not Modified (34ms)
[wrangler:info] GET /assets/ucl-26-27/badges/nk-celje.png 304 Not Modified (44ms)
[wrangler:info] GET /assets/ucl-26-27/badges/real-madrid.png 304 Not Modified (59ms)
[wrangler:info] GET /assets/ucl-26-27/badges/villarreal.png 304 Not Modified (29ms)
[wrangler:info] GET /assets/ucl-26-27/badges/galatasaray.png 304 Not Modified (44ms)
[wrangler:info] GET /assets/ucl-26-27/badges/olympiacos.svg 304 Not Modified (64ms)
{"type":"worker-request","timestamp":"2026-08-01T22:32:43.444Z","requestId":"53857a4b-f69a-4eb4-a8b1-27b8af1ba296","method":"GET","route":"/api/challenge"}
{"type":"worker-request-complete","timestamp":"2026-08-01T22:32:43.489Z","requestId":"53857a4b-f69a-4eb4-a8b1-27b8af1ba296","method":"GET","route":"/api/challenge","status":200,"elapsedMs":45}
[wrangler:info] GET /api/challenge 200 OK (118ms)
[wrangler:info] GET /assets/ucl-26-27/badges/real-betis.png 304 Not Modified (114ms)
[wrangler:info] GET /assets/ucl-26-27/badges/slovan-bratislava.svg 304 Not Modified (115ms)
[wrangler:info] GET /assets/ucl-26-27/badges/lens.png 304 Not Modified (119ms)
[wrangler:info] GET /assets/ucl-26-27/badges/bayern-munich.png 304 Not Modified (116ms)
[wrangler:info] GET /assets/ucl-26-27/badges/borussia-dortmund.png 304 Not Modified (109ms)
[wrangler:info] GET /assets/ucl-26-27/badges/fenerbahce.svg 304 Not Modified (67ms)
[wrangler:info] GET /assets/ucl-26-27/badges/napoli-2007.png 304 Not Modified (65ms)
[wrangler:info] GET /assets/ucl-26-27/badges/roma.png 304 Not Modified (64ms)
{"type":"worker-request","timestamp":"2026-08-01T22:32:43.626Z","requestId":"bd2ebfce-0cdd-4e5f-bb94-45bc0613a85f","method":"GET","route":"/api/challenge/achievements/leaderboard"}
{"type":"worker-request-complete","timestamp":"2026-08-01T22:32:43.646Z","requestId":"bd2ebfce-0cdd-4e5f-bb94-45bc0613a85f","method":"GET","route":"/api/challenge/achievements/leaderboard","status":200,"elapsedMs":20}
[wrangler:info] GET /api/challenge/achievements/leaderboard 200 OK (22ms)
[wrangler:info] GET /assets/256-teams-icon.svg 304 Not Modified (14ms)
[wrangler:info] GET /assets/ucl-26-27/badges/union-saint-gilloise.svg 304 Not Modified (26ms)
[wrangler:info] GET /assets/ucl-26-27/badges/liverpool.png 304 Not Modified (39ms)
[wrangler:info] GET /assets/ucl-26-27/badges/slavia-prague.png 304 Not Modified (51ms)
[wrangler:info] GET /assets/ucl-26-27/badges/crvena-zvezda.svg 304 Not Modified (50ms)
[wrangler:info] GET /assets/ucl-26-27/badges/club-brugge.png 304 Not Modified (34ms)
[wrangler:info] GET /assets/ucl-26-27/badges/porto.png 304 Not Modified (29ms)
[wrangler:info] GET /assets/ucl-26-27/badges/paris-saint-germain.png 304 Not Modified (80ms)
[wrangler:info] GET /assets/ucl-26-27/badges/aston-villa.png 304 Not Modified (46ms)
[wrangler:info] GET /assets/ucl-26-27/badges/barcelona.png 304 Not Modified (59ms)
[wrangler:info] GET /assets/ucl-26-27/badges/atletico-madrid.png 304 Not Modified (115ms)
[wrangler:info] GET /assets/ucl-26-27/badges/lille.png 304 Not Modified (72ms)
[wrangler:info] GET /assets/ucl-26-27/badges/manchester-city.png 304 Not Modified (71ms)
[wrangler:info] GET /assets/ucl-26-27/badges/manchester-united.png 304 Not Modified (69ms)
[wrangler:info] GET /assets/ucl-26-27/badges/arsenal.png 304 Not Modified (74ms)
[wrangler:info] GET /assets/ucl-26-27/badges/psv-eindhoven.png 304 Not Modified (75ms)
[wrangler:info] GET /assets/ucl-26-27/badges/feyenoord.png 304 Not Modified (75ms)
[wrangler:info] GET /assets/ucl-26-27/badges/agf-aarhus.png 304 Not Modified (78ms)
[wrangler:info] GET /assets/ucl-26-27/badges/como.png 304 Not Modified (80ms)
[wrangler:info] GET /assets/ucl-26-27/badges/shakhtar-donetsk.png 304 Not Modified (82ms)
{"type":"worker-request","timestamp":"2026-08-01T22:33:24.243Z","requestId":"17669f51-f811-4be5-9816-532e2382cbac","method":"GET","route":"/ucl-simulator"}
{"type":"worker-request-complete","timestamp":"2026-08-01T22:33:24.245Z","requestId":"17669f51-f811-4be5-9816-532e2382cbac","method":"GET","route":"/ucl-simulator","status":200,"elapsedMs":2}
[wrangler:info] GET /ucl-simulator 200 OK (7ms)
[wrangler:info] GET /redirect.js 304 Not Modified (20ms)
[wrangler:info] GET /styles.css 304 Not Modified (19ms)
[wrangler:info] GET /clean.css 304 Not Modified (22ms)
[wrangler:info] GET /premier-league.css 304 Not Modified (23ms)
[wrangler:info] GET /ucl-simulator.css 304 Not Modified (25ms)
[wrangler:info] GET /assets/flags/palestine.svg 304 Not Modified (25ms)
[wrangler:info] GET /assets/retro-world-cup-2014.png 304 Not Modified (21ms)
[wrangler:info] GET /assets/prem-logo.webp 304 Not Modified (7ms)
[wrangler:info] GET /player-pools.generated.js 304 Not Modified (17ms)
[wrangler:info] GET /assets/ucl-starball-white.png 304 Not Modified (15ms)
[wrangler:info] GET /data.js 304 Not Modified (10ms)
[wrangler:info] GET /retro-data.js 304 Not Modified (12ms)
[wrangler:info] GET /retro-2006-squads.js 304 Not Modified (13ms)
[wrangler:info] GET /retro-2006-schedule.js 304 Not Modified (16ms)
[wrangler:info] GET /retro-2010-squads.js 304 Not Modified (8ms)
[wrangler:info] GET /retro-2010-schedule.js 304 Not Modified (9ms)
[wrangler:info] GET /retro-2014-squads.js 304 Not Modified (14ms)
[wrangler:info] GET /retro-2014-schedule.js 304 Not Modified (19ms)
[wrangler:info] GET /retro-euro-2016-squads.js 304 Not Modified (22ms)
[wrangler:info] GET /retro-euro-2016-schedule.js 304 Not Modified (23ms)
[wrangler:info] GET /retro-2018-squads.js 304 Not Modified (6ms)
[wrangler:info] GET /retro-2018-schedule.js 304 Not Modified (3ms)
[wrangler:info] GET /retro-2022-squads.js 304 Not Modified (6ms)
[wrangler:info] GET /retro-2022-schedule.js 304 Not Modified (8ms)
[wrangler:info] GET /retro-2026-squads.js 304 Not Modified (3ms)
[wrangler:info] GET /retro-2026-schedule.js 304 Not Modified (7ms)
[wrangler:info] GET /retro-engine.js 304 Not Modified (9ms)
[wrangler:info] GET /presentation-engine.js 304 Not Modified (12ms)
[wrangler:info] GET /simulation-engine.js 304 Not Modified (4ms)
[wrangler:info] GET /legacy-data/catalog.generated.js 304 Not Modified (7ms)
[wrangler:info] GET /premier-league-squads.generated.js 304 Not Modified (6ms)
{"type":"worker-request","timestamp":"2026-08-01T22:33:24.539Z","requestId":"acc80da2-44d7-4a57-a6c5-c70f3469b037","method":"GET","route":"/premier-league-fc26-ratings.js"}
{"type":"worker-request-complete","timestamp":"2026-08-01T22:33:24.541Z","requestId":"acc80da2-44d7-4a57-a6c5-c70f3469b037","method":"GET","route":"/premier-league-fc26-ratings.js","status":404,"elapsedMs":2}
[wrangler:info] GET /premier-league-fc26-ratings.js 404 Not Found (11ms)
[wrangler:info] GET /premier-league-data.js 304 Not Modified (14ms)
[wrangler:info] GET /ucl-draw-solver.js 304 Not Modified (9ms)
[wrangler:info] GET /ucl-engine.js 304 Not Modified (7ms)
[wrangler:info] GET /ucl-squads.generated.js 304 Not Modified (12ms)
[wrangler:info] GET /app.js 304 Not Modified (15ms)
[wrangler:info] GET /premier-league.js 304 Not Modified (19ms)
[wrangler:info] GET /ucl-simulator.js 304 Not Modified (23ms)
[wrangler:info] GET /challenge.js 304 Not Modified (25ms)
[wrangler:info] GET /analytics.js 304 Not Modified (24ms)
[wrangler:info] GET /assets/world-cup-2026-logo.png 304 Not Modified (9ms)
[wrangler:info] GET /assets/ucl-26-27/badges/stuttgart.png 304 Not Modified (6ms)
[wrangler:info] GET /assets/ucl-26-27/badges/inter-milan.png 304 Not Modified (14ms)
[wrangler:info] GET /assets/ucl-26-27/badges/rb-leipzig.png 304 Not Modified (17ms)
[wrangler:info] GET /assets/ucl-26-27/badges/sporting-cp.png 304 Not Modified (21ms)
[wrangler:info] GET /assets/ucl-26-27/badges/real-madrid.png 304 Not Modified (27ms)
{"type":"worker-request","timestamp":"2026-08-01T22:33:24.799Z","requestId":"494eedec-4085-4094-bf4c-846d6548f21f","method":"GET","route":"/api/challenge"}
[wrangler:info] GET /assets/ucl-26-27/badges/nk-celje.png 304 Not Modified (31ms)
{"type":"worker-request-complete","timestamp":"2026-08-01T22:33:24.813Z","requestId":"494eedec-4085-4094-bf4c-846d6548f21f","method":"GET","route":"/api/challenge","status":200,"elapsedMs":14}
[wrangler:info] GET /api/challenge 200 OK (35ms)
[wrangler:info] GET /assets/ucl-26-27/badges/bayern-munich.png 304 Not Modified (19ms)
[wrangler:info] GET /assets/ucl-26-27/badges/fenerbahce.svg 304 Not Modified (22ms)
[wrangler:info] GET /assets/ucl-26-27/badges/villarreal.png 304 Not Modified (26ms)
[wrangler:info] GET /assets/ucl-26-27/badges/napoli-2007.png 304 Not Modified (30ms)
[wrangler:info] GET /assets/ucl-26-27/badges/borussia-dortmund.png 304 Not Modified (31ms)
[wrangler:info] GET /assets/ucl-26-27/badges/real-betis.png 304 Not Modified (72ms)
[wrangler:info] GET /assets/ucl-26-27/badges/lens.png 304 Not Modified (63ms)
[wrangler:info] GET /assets/ucl-26-27/badges/slovan-bratislava.svg 304 Not Modified (7ms)
[wrangler:info] GET /assets/ucl-26-27/badges/galatasaray.png 304 Not Modified (4ms)
[wrangler:info] GET /assets/ucl-26-27/badges/olympiacos.svg 304 Not Modified (5ms)
[wrangler:info] GET /assets/ucl-26-27/badges/roma.png 304 Not Modified (8ms)
[wrangler:info] GET /assets/256-teams-icon.svg 304 Not Modified (6ms)
{"type":"worker-request","timestamp":"2026-08-01T22:33:25.041Z","requestId":"a6451e49-afeb-410a-8243-55bb381fc4fe","method":"GET","route":"/api/challenge/achievements/leaderboard"}
{"type":"worker-request-complete","timestamp":"2026-08-01T22:33:25.059Z","requestId":"a6451e49-afeb-410a-8243-55bb381fc4fe","method":"GET","route":"/api/challenge/achievements/leaderboard","status":200,"elapsedMs":18}
[wrangler:info] GET /api/challenge/achievements/leaderboard 200 OK (26ms)
[wrangler:info] GET /assets/ucl-26-27/badges/union-saint-gilloise.svg 304 Not Modified (15ms)
[wrangler:info] GET /assets/ucl-26-27/badges/liverpool.png 304 Not Modified (15ms)
[wrangler:info] GET /assets/ucl-26-27/badges/slavia-prague.png 304 Not Modified (17ms)
[wrangler:info] GET /assets/ucl-26-27/badges/paris-saint-germain.png 304 Not Modified (17ms)
[wrangler:info] GET /assets/ucl-26-27/badges/atletico-madrid.png 304 Not Modified (16ms)
[wrangler:info] GET /assets/ucl-26-27/badges/crvena-zvezda.svg 304 Not Modified (26ms)
[wrangler:info] GET /assets/ucl-26-27/badges/aston-villa.png 304 Not Modified (14ms)
[wrangler:info] GET /assets/ucl-26-27/badges/porto.png 304 Not Modified (14ms)
[wrangler:info] GET /assets/ucl-26-27/badges/manchester-city.png 304 Not Modified (16ms)
[wrangler:info] GET /assets/ucl-26-27/badges/psv-eindhoven.png 304 Not Modified (17ms)
[wrangler:info] GET /assets/ucl-26-27/badges/lille.png 304 Not Modified (24ms)
[wrangler:info] GET /assets/ucl-26-27/badges/arsenal.png 304 Not Modified (22ms)
[wrangler:info] GET /assets/ucl-26-27/badges/barcelona.png 304 Not Modified (31ms)
[wrangler:info] GET /assets/ucl-26-27/badges/club-brugge.png 304 Not Modified (29ms)
[wrangler:info] GET /assets/ucl-26-27/badges/manchester-united.png 304 Not Modified (64ms)
[wrangler:info] GET /assets/ucl-26-27/badges/feyenoord.png 304 Not Modified (54ms)
[wrangler:info] GET /assets/ucl-26-27/badges/shakhtar-donetsk.png 304 Not Modified (11ms)
[wrangler:info] GET /assets/ucl-26-27/badges/como.png 304 Not Modified (17ms)
[wrangler:info] GET /assets/ucl-26-27/badges/agf-aarhus.png 304 Not Modified (28ms)
⎔ Reloading local server...
[wrangler:info] ✨ Parsed 3 valid header rules.
⎔ Local server updated and ready
⎔ Reloading local server...
[wrangler:info] ✨ Parsed 3 valid header rules.
⎔ Local server updated and ready
{"type":"worker-request","timestamp":"2026-08-01T22:35:56.646Z","requestId":"a7613c9a-3408-4868-ba28-d9e86f41c5f5","method":"GET","route":"/ucl-simulator"}
{"type":"worker-request-complete","timestamp":"2026-08-01T22:35:56.716Z","requestId":"a7613c9a-3408-4868-ba28-d9e86f41c5f5","method":"GET","route":"/ucl-simulator","status":200,"elapsedMs":70}
[wrangler:info] GET /ucl-simulator 200 OK (77ms)
[wrangler:info] GET /redirect.js 304 Not Modified (10ms)
[wrangler:info] GET /styles.css 304 Not Modified (26ms)
[wrangler:info] GET /clean.css 304 Not Modified (39ms)
[wrangler:info] GET /premier-league.css 304 Not Modified (55ms)
[wrangler:info] GET /ucl-simulator.css 200 OK (73ms)
[wrangler:info] GET /assets/flags/palestine.svg 304 Not Modified (79ms)
[wrangler:info] GET /assets/retro-world-cup-2014.png 304 Not Modified (15ms)
[wrangler:info] GET /player-pools.generated.js 304 Not Modified (56ms)
[wrangler:info] GET /assets/ucl-starball-white.png 304 Not Modified (59ms)
[wrangler:info] GET /data.js 304 Not Modified (83ms)
[wrangler:info] GET /retro-data.js 304 Not Modified (104ms)
[wrangler:info] GET /assets/prem-logo.webp 304 Not Modified (138ms)
[wrangler:info] GET /retro-2006-squads.js 304 Not Modified (158ms)
[wrangler:info] GET /retro-2006-schedule.js 304 Not Modified (158ms)
[wrangler:info] GET /retro-2010-squads.js 304 Not Modified (201ms)
[wrangler:info] GET /retro-2014-squads.js 304 Not Modified (169ms)
[wrangler:info] GET /retro-2010-schedule.js 304 Not Modified (207ms)
[wrangler:info] GET /retro-2014-schedule.js 304 Not Modified (211ms)
[wrangler:info] GET /retro-euro-2016-squads.js 304 Not Modified (200ms)
[wrangler:info] GET /retro-euro-2016-schedule.js 304 Not Modified (204ms)
[wrangler:info] GET /retro-2018-squads.js 304 Not Modified (182ms)
[wrangler:info] GET /retro-2018-schedule.js 304 Not Modified (171ms)
[wrangler:info] GET /retro-2022-squads.js 304 Not Modified (183ms)
[wrangler:info] GET /retro-2022-schedule.js 304 Not Modified (181ms)
[wrangler:info] GET /retro-2026-squads.js 304 Not Modified (186ms)
[wrangler:info] GET /retro-2026-schedule.js 304 Not Modified (187ms)
[wrangler:info] GET /retro-engine.js 304 Not Modified (176ms)
[wrangler:info] GET /presentation-engine.js 304 Not Modified (181ms)
[wrangler:info] GET /simulation-engine.js 304 Not Modified (178ms)
[wrangler:info] GET /legacy-data/catalog.generated.js 200 OK (180ms)
[wrangler:info] GET /premier-league-squads.generated.js 304 Not Modified (156ms)
{"type":"worker-request","timestamp":"2026-08-01T22:35:57.637Z","requestId":"83754256-d9bc-4699-8e67-0b49d9bacb93","method":"GET","route":"/premier-league-fc26-ratings.js"}
{"type":"worker-request-complete","timestamp":"2026-08-01T22:35:57.640Z","requestId":"83754256-d9bc-4699-8e67-0b49d9bacb93","method":"GET","route":"/premier-league-fc26-ratings.js","status":404,"elapsedMs":3}
[wrangler:info] GET /premier-league-fc26-ratings.js 404 Not Found (143ms)
[wrangler:info] GET /premier-league-data.js 304 Not Modified (142ms)
[wrangler:info] GET /ucl-draw-solver.js 304 Not Modified (143ms)
[wrangler:info] GET /ucl-engine.js 304 Not Modified (137ms)
[wrangler:info] GET /ucl-squads.generated.js 304 Not Modified (135ms)
[wrangler:info] GET /app.js 304 Not Modified (316ms)
[wrangler:info] GET /premier-league.js 304 Not Modified (324ms)
[wrangler:info] GET /ucl-simulator.js 200 OK (316ms)
[wrangler:info] GET /analytics.js 304 Not Modified (284ms)
[wrangler:info] GET /challenge.js 304 Not Modified (326ms)
[wrangler:info] GET /assets/world-cup-2026-logo.png 304 Not Modified (18ms)
[wrangler:info] GET /assets/ucl-26-27/badges/stuttgart.png 304 Not Modified (17ms)
[wrangler:info] GET /assets/ucl-26-27/badges/inter-milan.png 304 Not Modified (27ms)
[wrangler:info] GET /assets/ucl-26-27/badges/rb-leipzig.png 304 Not Modified (37ms)
[wrangler:info] GET /assets/ucl-26-27/badges/sporting-cp.png 304 Not Modified (51ms)
[wrangler:info] GET /assets/ucl-26-27/badges/real-madrid.png 304 Not Modified (62ms)
[wrangler:info] GET /assets/ucl-26-27/badges/nk-celje.png 304 Not Modified (74ms)
{"type":"worker-request","timestamp":"2026-08-01T22:35:58.330Z","requestId":"0cf369b6-f1d5-40e3-8a74-d47ccf729b84","method":"GET","route":"/api/challenge"}
{"type":"worker-request-complete","timestamp":"2026-08-01T22:35:58.350Z","requestId":"0cf369b6-f1d5-40e3-8a74-d47ccf729b84","method":"GET","route":"/api/challenge","status":200,"elapsedMs":20}
[wrangler:info] GET /api/challenge 200 OK (80ms)
[wrangler:info] GET /assets/ucl-26-27/badges/fenerbahce.svg 304 Not Modified (88ms)
[wrangler:info] GET /assets/ucl-26-27/badges/galatasaray.png 304 Not Modified (90ms)
[wrangler:info] GET /assets/ucl-26-27/badges/bayern-munich.png 304 Not Modified (83ms)
[wrangler:info] GET /assets/ucl-26-27/badges/slovan-bratislava.svg 304 Not Modified (86ms)
[wrangler:info] GET /assets/ucl-26-27/badges/villarreal.png 304 Not Modified (104ms)
[wrangler:info] GET /assets/ucl-26-27/badges/real-betis.png 304 Not Modified (89ms)
[wrangler:info] GET /assets/ucl-26-27/badges/lens.png 304 Not Modified (90ms)
[wrangler:info] GET /assets/ucl-26-27/badges/napoli-2007.png 304 Not Modified (101ms)
[wrangler:info] GET /assets/ucl-26-27/badges/borussia-dortmund.png 304 Not Modified (112ms)
[wrangler:info] GET /assets/ucl-26-27/badges/olympiacos.svg 304 Not Modified (109ms)
[wrangler:info] GET /assets/ucl-26-27/badges/roma.png 304 Not Modified (111ms)
{"type":"worker-request","timestamp":"2026-08-01T22:35:58.576Z","requestId":"2e2b4c69-4ce0-4b03-8e8a-7deab39747de","method":"GET","route":"/api/challenge/achievements/leaderboard"}
{"type":"worker-request-complete","timestamp":"2026-08-01T22:35:58.614Z","requestId":"2e2b4c69-4ce0-4b03-8e8a-7deab39747de","method":"GET","route":"/api/challenge/achievements/leaderboard","status":200,"elapsedMs":38}
[wrangler:info] GET /api/challenge/achievements/leaderboard 200 OK (75ms)
[wrangler:info] GET /assets/audio/penalty-whistle.mp3 304 Not Modified (29ms)
[wrangler:info] GET /assets/audio/full-time-whistle.mp3 304 Not Modified (45ms)
{"type":"worker-request","timestamp":"2026-08-01T22:43:10.212Z","requestId":"e424d824-f46c-4861-82a2-954e5227e21b","method":"GET","route":"/ucl-simulator"}
{"type":"worker-request-complete","timestamp":"2026-08-01T22:43:10.214Z","requestId":"e424d824-f46c-4861-82a2-954e5227e21b","method":"GET","route":"/ucl-simulator","status":200,"elapsedMs":2}
[wrangler:info] GET /ucl-simulator 200 OK (7ms)
[wrangler:info] GET /styles.css 304 Not Modified (13ms)
[wrangler:info] GET /redirect.js 304 Not Modified (13ms)
[wrangler:info] GET /clean.css 304 Not Modified (14ms)
[wrangler:info] GET /premier-league.css 304 Not Modified (33ms)
[wrangler:info] GET /assets/flags/palestine.svg 304 Not Modified (51ms)
[wrangler:info] GET /assets/retro-world-cup-2014.png 304 Not Modified (34ms)
[wrangler:info] GET /ucl-simulator.css 200 OK (81ms)
[wrangler:info] GET /assets/prem-logo.webp 304 Not Modified (6ms)
[wrangler:info] GET /assets/ucl-starball-white.png 304 Not Modified (7ms)
[wrangler:info] GET /player-pools.generated.js 304 Not Modified (12ms)
[wrangler:info] GET /data.js 304 Not Modified (10ms)
[wrangler:info] GET /retro-data.js 304 Not Modified (14ms)
[wrangler:info] GET /retro-2006-squads.js 304 Not Modified (17ms)
[wrangler:info] GET /retro-2006-schedule.js 304 Not Modified (23ms)
[wrangler:info] GET /retro-2010-squads.js 304 Not Modified (27ms)
[wrangler:info] GET /retro-2014-schedule.js 304 Not Modified (16ms)
[wrangler:info] GET /retro-2010-schedule.js 304 Not Modified (26ms)
[wrangler:info] GET /retro-2014-squads.js 304 Not Modified (29ms)
[wrangler:info] GET /retro-euro-2016-squads.js 304 Not Modified (22ms)
[wrangler:info] GET /retro-euro-2016-schedule.js 304 Not Modified (28ms)
[wrangler:info] GET /retro-2022-squads.js 304 Not Modified (17ms)
[wrangler:info] GET /retro-2018-squads.js 304 Not Modified (32ms)
[wrangler:info] GET /retro-2018-schedule.js 304 Not Modified (32ms)
[wrangler:info] GET /retro-2026-squads.js 304 Not Modified (21ms)
[wrangler:info] GET /retro-2022-schedule.js 304 Not Modified (29ms)
[wrangler:info] GET /retro-2026-schedule.js 304 Not Modified (24ms)
[wrangler:info] GET /retro-engine.js 304 Not Modified (24ms)
[wrangler:info] GET /presentation-engine.js 304 Not Modified (21ms)
[wrangler:info] GET /simulation-engine.js 304 Not Modified (20ms)
[wrangler:info] GET /legacy-data/catalog.generated.js 200 OK (23ms)
[wrangler:info] GET /premier-league-squads.generated.js 304 Not Modified (26ms)
{"type":"worker-request","timestamp":"2026-08-01T22:43:10.717Z","requestId":"e9cd308c-e0a6-4049-a994-99b9e4c1ffd4","method":"GET","route":"/premier-league-fc26-ratings.js"}
[wrangler:info] GET /premier-league-data.js 304 Not Modified (25ms)
{"type":"worker-request-complete","timestamp":"2026-08-01T22:43:10.728Z","requestId":"e9cd308c-e0a6-4049-a994-99b9e4c1ffd4","method":"GET","route":"/premier-league-fc26-ratings.js","status":404,"elapsedMs":11}
[wrangler:info] GET /premier-league-fc26-ratings.js 404 Not Found (40ms)
[wrangler:info] GET /ucl-engine.js 304 Not Modified (41ms)
[wrangler:info] GET /ucl-draw-solver.js 304 Not Modified (49ms)
[wrangler:info] GET /ucl-squads.generated.js 304 Not Modified (41ms)
[wrangler:info] GET /app.js 304 Not Modified (37ms)
[wrangler:info] GET /premier-league.js 304 Not Modified (31ms)
[wrangler:info] GET /ucl-simulator.js 200 OK (26ms)
[wrangler:info] GET /challenge.js 304 Not Modified (27ms)
[wrangler:info] GET /site.webmanifest 304 Not Modified (24ms)
[wrangler:info] GET /analytics.js 304 Not Modified (16ms)
[wrangler:info] GET /assets/world-cup-2026-logo.png 304 Not Modified (6ms)
[wrangler:info] GET /assets/ucl-26-27/badges/feyenoord.png 304 Not Modified (17ms)
[wrangler:info] GET /assets/ucl-26-27/badges/olympiacos.svg 304 Not Modified (21ms)
[wrangler:info] GET /assets/ucl-26-27/badges/atletico-madrid.png 304 Not Modified (35ms)
[wrangler:info] GET /assets/ucl-26-27/badges/club-brugge.png 304 Not Modified (58ms)
[wrangler:info] GET /assets/ucl-26-27/badges/levski-sofia.svg 304 Not Modified (74ms)
[wrangler:info] GET /assets/ucl-26-27/badges/real-madrid.png 304 Not Modified (84ms)
{"type":"worker-request","timestamp":"2026-08-01T22:43:11.546Z","requestId":"c9f4be70-d38b-48aa-a9fd-bc76aae7f280","method":"GET","route":"/api/challenge"}
{"type":"worker-request-complete","timestamp":"2026-08-01T22:43:11.589Z","requestId":"c9f4be70-d38b-48aa-a9fd-bc76aae7f280","method":"GET","route":"/api/challenge","status":200,"elapsedMs":43}
[wrangler:info] GET /api/challenge 200 OK (125ms)
[wrangler:info] GET /assets/ucl-26-27/badges/porto.png 304 Not Modified (129ms)
[wrangler:info] GET /assets/256-teams-icon.svg 304 Not Modified (117ms)
[wrangler:info] GET /assets/ucl-26-27/badges/psv-eindhoven.png 304 Not Modified (114ms)
[wrangler:info] GET /assets/ucl-26-27/badges/manchester-city.png 304 Not Modified (113ms)
[wrangler:info] GET /assets/ucl-26-27/badges/real-betis.png 304 Not Modified (107ms)
[wrangler:info] GET /assets/ucl-26-27/badges/galatasaray.png 304 Not Modified (48ms)
[wrangler:info] GET /assets/ucl-26-27/badges/union-saint-gilloise.svg 304 Not Modified (63ms)
[wrangler:info] GET /assets/ucl-26-27/badges/como.png 304 Not Modified (65ms)
[wrangler:info] GET /assets/ucl-26-27/badges/fenerbahce.svg 304 Not Modified (52ms)
[wrangler:info] GET /assets/ucl-26-27/badges/inter-milan.png 304 Not Modified (51ms)
[wrangler:info] GET /assets/ucl-26-27/badges/roma.png 304 Not Modified (51ms)
[wrangler:info] GET /assets/ucl-26-27/badges/villarreal.png 304 Not Modified (34ms)
[wrangler:info] GET /assets/ucl-26-27/badges/slavia-prague.png 304 Not Modified (29ms)
[wrangler:info] GET /assets/ucl-26-27/badges/arsenal.png 304 Not Modified (41ms)
[wrangler:info] GET /assets/ucl-26-27/badges/bayern-munich.png 304 Not Modified (46ms)
[wrangler:info] GET /assets/ucl-26-27/badges/lens.png 304 Not Modified (48ms)
[wrangler:info] GET /assets/256-teams-icon.svg 304 Not Modified (45ms)
{"type":"worker-request","timestamp":"2026-08-01T22:43:11.756Z","requestId":"a0003a4e-c96a-45b6-989d-039ac12a1ab3","method":"GET","route":"/api/challenge/custom-teams"}
{"type":"worker-request-complete","timestamp":"2026-08-01T22:43:11.764Z","requestId":"a0003a4e-c96a-45b6-989d-039ac12a1ab3","method":"GET","route":"/api/challenge/custom-teams","status":200,"elapsedMs":8}
{"type":"worker-request","timestamp":"2026-08-01T22:43:11.765Z","requestId":"f92db6fd-5e1a-4f4f-bcf3-aa1de131844b","method":"POST","route":"/api/challenge/achievements/retro-2006"}
[wrangler:info] GET /api/challenge/custom-teams 200 OK (54ms)
{"type":"worker-request-complete","timestamp":"2026-08-01T22:43:11.783Z","requestId":"f92db6fd-5e1a-4f4f-bcf3-aa1de131844b","method":"POST","route":"/api/challenge/achievements/retro-2006","status":200,"elapsedMs":18}
[wrangler:info] POST /api/challenge/achievements/retro-2006 200 OK (59ms)
{"type":"worker-request","timestamp":"2026-08-01T22:43:11.786Z","requestId":"c49a142d-c429-4778-9bc7-513862cb52a2","method":"POST","route":"/api/challenge/achievements/retro-2014"}
{"type":"worker-request-complete","timestamp":"2026-08-01T22:43:11.797Z","requestId":"c49a142d-c429-4778-9bc7-513862cb52a2","method":"POST","route":"/api/challenge/achievements/retro-2014","status":200,"elapsedMs":11}
[wrangler:info] POST /api/challenge/achievements/retro-2014 200 OK (58ms)
{"type":"worker-request","timestamp":"2026-08-01T22:43:11.798Z","requestId":"9653c214-c97b-43e9-b480-cbb20009952f","method":"POST","route":"/api/challenge/achievements/retro-2022"}
{"type":"worker-request","timestamp":"2026-08-01T22:43:11.801Z","requestId":"df7cdfb4-c52d-4516-a78e-c83b44de25c8","method":"POST","route":"/api/challenge/achievements/retro-2018"}
{"type":"worker-request-complete","timestamp":"2026-08-01T22:43:11.814Z","requestId":"9653c214-c97b-43e9-b480-cbb20009952f","method":"POST","route":"/api/challenge/achievements/retro-2022","status":200,"elapsedMs":16}
[wrangler:info] POST /api/challenge/achievements/retro-2022 200 OK (73ms)
{"type":"worker-request-complete","timestamp":"2026-08-01T22:43:11.827Z","requestId":"df7cdfb4-c52d-4516-a78e-c83b44de25c8","method":"POST","route":"/api/challenge/achievements/retro-2018","status":200,"elapsedMs":26}
[wrangler:info] POST /api/challenge/achievements/retro-2018 200 OK (79ms)
{"type":"worker-request","timestamp":"2026-08-01T22:43:11.829Z","requestId":"f73751f2-81ef-4552-bc98-a6975203ef68","method":"POST","route":"/api/challenge/achievements/retro-2022"}
{"type":"worker-request-complete","timestamp":"2026-08-01T22:43:11.837Z","requestId":"f73751f2-81ef-4552-bc98-a6975203ef68","method":"POST","route":"/api/challenge/achievements/retro-2022","status":200,"elapsedMs":8}
[wrangler:info] POST /api/challenge/achievements/retro-2022 200 OK (86ms)
{"type":"worker-request","timestamp":"2026-08-01T22:43:11.846Z","requestId":"1c36986c-828f-4ddb-bcac-4ed63fd72e70","method":"POST","route":"/api/challenge/achievements/premier-league"}
{"type":"worker-request-complete","timestamp":"2026-08-01T22:43:11.859Z","requestId":"1c36986c-828f-4ddb-bcac-4ed63fd72e70","method":"POST","route":"/api/challenge/achievements/premier-league","status":200,"elapsedMs":13}
[wrangler:info] POST /api/challenge/achievements/premier-league 200 OK (18ms)
{"type":"worker-request","timestamp":"2026-08-01T22:43:11.869Z","requestId":"1f9cc404-e7c8-4617-8276-298406bfd8dd","method":"GET","route":"/api/challenge/achievements/leaderboard"}
{"type":"worker-request-complete","timestamp":"2026-08-01T22:43:11.883Z","requestId":"1f9cc404-e7c8-4617-8276-298406bfd8dd","method":"GET","route":"/api/challenge/achievements/leaderboard","status":200,"elapsedMs":14}
[wrangler:info] GET /api/challenge/achievements/leaderboard 200 OK (18ms)
[wrangler:info] GET /assets/ucl-26-27/badges/shakhtar-donetsk.png 304 Not Modified (18ms)
[wrangler:info] GET /assets/ucl-26-27/badges/stuttgart.png 304 Not Modified (17ms)
[wrangler:info] GET /assets/ucl-26-27/badges/liverpool.png 304 Not Modified (29ms)
[wrangler:info] GET /assets/ucl-26-27/badges/borussia-dortmund.png 304 Not Modified (32ms)
[wrangler:info] GET /assets/ucl-26-27/badges/barcelona.png 304 Not Modified (42ms)
[wrangler:info] GET /assets/ucl-26-27/badges/napoli-2007.png 304 Not Modified (46ms)
[wrangler:info] GET /assets/ucl-26-27/badges/sporting-cp.png 304 Not Modified (30ms)
[wrangler:info] GET /assets/ucl-26-27/badges/slovan-bratislava.svg 304 Not Modified (34ms)
[wrangler:info] GET /assets/ucl-26-27/badges/aston-villa.png 304 Not Modified (34ms)
[wrangler:info] GET /assets/ucl-26-27/badges/manchester-united.png 304 Not Modified (44ms)
[wrangler:info] GET /assets/ucl-26-27/badges/nk-celje.png 304 Not Modified (39ms)
[wrangler:info] GET /assets/ucl-26-27/badges/rb-leipzig.png 304 Not Modified (39ms)
[wrangler:info] GET /assets/ucl-26-27/badges/paris-saint-germain.png 304 Not Modified (50ms)
[wrangler:info] GET /assets/ucl-26-27/badges/lille.png 304 Not Modified (59ms)
[wrangler:info] GET /assets/ucl-26-27/badges/agf-aarhus.png 304 Not Modified (56ms)
[wrangler:info] GET /assets/audio/ucl-legacy-anthem.mp3 304 Not Modified (15ms)
[wrangler:info] GET /favicon.png 304 Not Modified (14ms)
[wrangler:info] GET /assets/audio/ucl-legacy-anthem.mp3 304 Not Modified (8ms)
[wrangler:info] GET /assets/audio/ucl-legacy-anthem.mp3 304 Not Modified (6ms)
⎔ Reloading local server...
[wrangler:info] ✨ Parsed 3 valid header rules.
⎔ Local server updated and ready
{"type":"worker-request","timestamp":"2026-08-01T22:46:09.973Z","requestId":"8c05b0c2-221f-4dd5-965d-63564d1d95ec","method":"GET","route":"/ucl-simulator"}
{"type":"worker-request-complete","timestamp":"2026-08-01T22:46:10.035Z","requestId":"8c05b0c2-221f-4dd5-965d-63564d1d95ec","method":"GET","route":"/ucl-simulator","status":200,"elapsedMs":62}
[wrangler:info] GET /ucl-simulator 200 OK (70ms)
[wrangler:info] GET /redirect.js 304 Not Modified (22ms)
[wrangler:info] GET /styles.css 304 Not Modified (93ms)
[wrangler:info] GET /clean.css 304 Not Modified (150ms)
[wrangler:info] GET /premier-league.css 304 Not Modified (198ms)
[wrangler:info] GET /ucl-simulator.css 304 Not Modified (242ms)
[wrangler:info] GET /assets/flags/palestine.svg 304 Not Modified (254ms)
[wrangler:info] GET /assets/retro-world-cup-2014.png 304 Not Modified (297ms)
[wrangler:info] GET /player-pools.generated.js 304 Not Modified (279ms)
[wrangler:info] GET /assets/prem-logo.webp 304 Not Modified (261ms)
[wrangler:info] GET /assets/ucl-starball-white.png 304 Not Modified (252ms)
[wrangler:info] GET /retro-data.js 304 Not Modified (168ms)
[wrangler:info] GET /data.js 304 Not Modified (207ms)
[wrangler:info] GET /retro-2006-squads.js 304 Not Modified (204ms)
[wrangler:info] GET /retro-2006-schedule.js 304 Not Modified (159ms)
[wrangler:info] GET /retro-2010-squads.js 304 Not Modified (189ms)
[wrangler:info] GET /retro-2010-schedule.js 304 Not Modified (181ms)
[wrangler:info] GET /retro-2014-squads.js 304 Not Modified (185ms)
[wrangler:info] GET /retro-2014-schedule.js 304 Not Modified (181ms)
[wrangler:info] GET /retro-euro-2016-squads.js 304 Not Modified (186ms)
[wrangler:info] GET /retro-euro-2016-schedule.js 304 Not Modified (189ms)
[wrangler:info] GET /retro-2018-squads.js 304 Not Modified (177ms)
[wrangler:info] GET /retro-2018-schedule.js 304 Not Modified (179ms)
[wrangler:info] GET /retro-2022-squads.js 304 Not Modified (186ms)
[wrangler:info] GET /retro-2022-schedule.js 304 Not Modified (205ms)
[wrangler:info] GET /retro-2026-squads.js 304 Not Modified (214ms)
[wrangler:info] GET /retro-2026-schedule.js 304 Not Modified (223ms)
[wrangler:info] GET /retro-engine.js 304 Not Modified (220ms)
[wrangler:info] GET /presentation-engine.js 304 Not Modified (224ms)
[wrangler:info] GET /simulation-engine.js 304 Not Modified (220ms)
[wrangler:info] GET /legacy-data/catalog.generated.js 200 OK (200ms)
[wrangler:info] GET /premier-league-squads.generated.js 304 Not Modified (165ms)
{"type":"worker-request","timestamp":"2026-08-01T22:46:11.208Z","requestId":"06c7cf5d-b180-400a-9f05-3ec08becef65","method":"GET","route":"/premier-league-fc26-ratings.js"}
{"type":"worker-request-complete","timestamp":"2026-08-01T22:46:11.210Z","requestId":"06c7cf5d-b180-400a-9f05-3ec08becef65","method":"GET","route":"/premier-league-fc26-ratings.js","status":404,"elapsedMs":2}
[wrangler:info] GET /premier-league-fc26-ratings.js 404 Not Found (149ms)
[wrangler:info] GET /premier-league-data.js 304 Not Modified (140ms)
[wrangler:info] GET /ucl-draw-solver.js 304 Not Modified (139ms)
[wrangler:info] GET /ucl-engine.js 304 Not Modified (125ms)
[wrangler:info] GET /ucl-squads.generated.js 304 Not Modified (119ms)
[wrangler:info] GET /app.js 304 Not Modified (330ms)
[wrangler:info] GET /premier-league.js 304 Not Modified (396ms)
[wrangler:info] GET /ucl-simulator.js 200 OK (407ms)
[wrangler:info] GET /analytics.js 304 Not Modified (365ms)
[wrangler:info] GET /challenge.js 304 Not Modified (429ms)
[wrangler:info] GET /assets/world-cup-2026-logo.png 304 Not Modified (35ms)
[wrangler:info] GET /assets/ucl-26-27/badges/stuttgart.png 304 Not Modified (27ms)
[wrangler:info] GET /assets/ucl-26-27/badges/inter-milan.png 304 Not Modified (31ms)
[wrangler:info] GET /assets/ucl-26-27/badges/rb-leipzig.png 304 Not Modified (47ms)
[wrangler:info] GET /assets/ucl-26-27/badges/sporting-cp.png 304 Not Modified (54ms)
{"type":"worker-request","timestamp":"2026-08-01T22:46:11.953Z","requestId":"de9d8b89-75ca-434b-8a45-78130b5b8801","method":"GET","route":"/api/challenge"}
{"type":"worker-request-complete","timestamp":"2026-08-01T22:46:11.984Z","requestId":"de9d8b89-75ca-434b-8a45-78130b5b8801","method":"GET","route":"/api/challenge","status":200,"elapsedMs":31}
[wrangler:info] GET /api/challenge 200 OK (73ms)
[wrangler:info] GET /assets/ucl-26-27/badges/nk-celje.png 304 Not Modified (88ms)
[wrangler:info] GET /assets/ucl-26-27/badges/real-madrid.png 304 Not Modified (124ms)
[wrangler:info] GET /assets/ucl-26-27/badges/real-betis.png 304 Not Modified (120ms)
[wrangler:info] GET /assets/ucl-26-27/badges/villarreal.png 304 Not Modified (119ms)
[wrangler:info] GET /assets/ucl-26-27/badges/galatasaray.png 304 Not Modified (120ms)
[wrangler:info] GET /assets/ucl-26-27/badges/bayern-munich.png 304 Not Modified (81ms)
[wrangler:info] GET /assets/ucl-26-27/badges/lens.png 304 Not Modified (67ms)
[wrangler:info] GET /assets/ucl-26-27/badges/slovan-bratislava.svg 304 Not Modified (73ms)
[wrangler:info] GET /assets/ucl-26-27/badges/borussia-dortmund.png 304 Not Modified (69ms)
[wrangler:info] GET /assets/ucl-26-27/badges/napoli-2007.png 304 Not Modified (69ms)
[wrangler:info] GET /assets/ucl-26-27/badges/fenerbahce.svg 304 Not Modified (75ms)
[wrangler:info] GET /assets/ucl-26-27/badges/roma.png 304 Not Modified (79ms)
[wrangler:info] GET /assets/ucl-26-27/badges/olympiacos.svg 304 Not Modified (99ms)
{"type":"worker-request","timestamp":"2026-08-01T22:46:12.198Z","requestId":"19efc378-1a91-4741-b8b6-1bf806578e31","method":"GET","route":"/api/challenge/achievements/leaderboard"}
{"type":"worker-request-complete","timestamp":"2026-08-01T22:46:12.232Z","requestId":"19efc378-1a91-4741-b8b6-1bf806578e31","method":"GET","route":"/api/challenge/achievements/leaderboard","status":200,"elapsedMs":34}
[wrangler:info] GET /api/challenge/achievements/leaderboard 200 OK (122ms)
⎔ Reloading local server...
[wrangler:info] ✨ Parsed 3 valid header rules.
⎔ Local server updated and ready
[wrangler:info] GET /assets/audio/penalty-whistle.mp3 304 Not Modified (26ms)
[wrangler:info] GET /assets/audio/full-time-whistle.mp3 304 Not Modified (39ms)
⎔ Reloading local server...
[wrangler:info] ✨ Parsed 3 valid header rules.
⎔ Local server updated and ready
⎔ Reloading local server...
[wrangler:info] ✨ Parsed 3 valid header rules.
⎔ Local server updated and ready
[wrangler:info] GET /assets/audio/penalty-whistle.mp3 304 Not Modified (21ms)
[wrangler:info] GET /assets/audio/full-time-whistle.mp3 304 Not Modified (25ms)
{"type":"worker-request","timestamp":"2026-08-01T22:47:15.590Z","requestId":"6fd4e768-9d3b-4df2-834b-3589520f1462","method":"GET","route":"/api/challenge/achievements/retro-2026"}
{"type":"worker-request-complete","timestamp":"2026-08-01T22:47:15.623Z","requestId":"6fd4e768-9d3b-4df2-834b-3589520f1462","method":"GET","route":"/api/challenge/achievements/retro-2026","status":200,"elapsedMs":32}
[wrangler:info] GET /api/challenge/achievements/retro-2026 200 OK (37ms)
⎔ Reloading local server...
[wrangler:info] ✨ Parsed 3 valid header rules.
⎔ Local server updated and ready
⎔ Reloading local server...
[wrangler:info] ✨ Parsed 3 valid header rules.
⎔ Local server updated and ready
⎔ Reloading local server...
[wrangler:info] ✨ Parsed 3 valid header rules.
⎔ Local server updated and ready
[wrangler:info] GET /assets/audio/penalty-whistle.mp3 304 Not Modified (24ms)
[wrangler:info] GET /assets/audio/full-time-whistle.mp3 304 Not Modified (27ms)
[wrangler:info] GET /assets/audio/penalty-whistle.mp3 304 Not Modified (10ms)
[wrangler:info] GET /assets/audio/full-time-whistle.mp3 304 Not Modified (12ms)
[wrangler:info] GET /assets/audio/ucl-legacy-anthem.mp3 304 Not Modified (19ms)
[wrangler:info] GET /assets/audio/ucl-legacy-anthem.mp3 304 Not Modified (6ms)
[wrangler:info] GET /assets/ucl-26-27/badges/borussia-dortmund.png 304 Not Modified (15ms)
[wrangler:info] GET /assets/ucl-26-27/badges/real-madrid.png 304 Not Modified (18ms)
[wrangler:info] GET /assets/ucl-26-27/badges/sporting-cp.png 304 Not Modified (17ms)
[wrangler:info] GET /assets/ucl-26-27/badges/liverpool.png 304 Not Modified (29ms)
[wrangler:info] GET /assets/ucl-26-27/badges/rb-leipzig.png 304 Not Modified (31ms)
[wrangler:info] GET /assets/ucl-26-27/badges/paris-saint-germain.png 304 Not Modified (42ms)
[wrangler:info] GET /assets/ucl-26-27/badges/stuttgart.png 304 Not Modified (41ms)
[wrangler:info] GET /assets/ucl-26-27/badges/slovan-bratislava.svg 304 Not Modified (40ms)
[wrangler:info] GET /assets/ucl-26-27/badges/porto.png 304 Not Modified (52ms)
[wrangler:info] GET /assets/ucl-26-27/badges/atletico-madrid.png 304 Not Modified (53ms)
[wrangler:info] GET /assets/ucl-26-27/badges/union-saint-gilloise.svg 304 Not Modified (68ms)
[wrangler:info] GET /assets/ucl-26-27/badges/como.png 304 Not Modified (71ms)
[wrangler:info] GET /assets/ucl-26-27/badges/shakhtar-donetsk.png 304 Not Modified (84ms)
[wrangler:info] GET /assets/ucl-26-27/badges/levski-sofia.svg 304 Not Modified (99ms)
[wrangler:info] GET /assets/ucl-26-27/badges/napoli-2007.png 304 Not Modified (91ms)
[wrangler:info] GET /assets/ucl-26-27/badges/nk-celje.png 304 Not Modified (83ms)
[wrangler:info] GET /assets/ucl-26-27/badges/barcelona.png 304 Not Modified (81ms)
[wrangler:info] GET /assets/ucl-26-27/badges/villarreal.png 304 Not Modified (70ms)
[wrangler:info] GET /assets/ucl-26-27/badges/club-brugge.png 304 Not Modified (69ms)
[wrangler:info] GET /assets/ucl-26-27/badges/psv-eindhoven.png 304 Not Modified (66ms)
[wrangler:info] GET /assets/ucl-26-27/badges/slavia-prague.png 304 Not Modified (71ms)
[wrangler:info] GET /assets/ucl-26-27/badges/lille.png 304 Not Modified (80ms)
[wrangler:info] GET /assets/ucl-26-27/badges/feyenoord.png 304 Not Modified (78ms)
[wrangler:info] GET /assets/ucl-26-27/badges/olympiacos.svg 304 Not Modified (77ms)
[wrangler:info] GET /assets/ucl-26-27/badges/agf-aarhus.png 304 Not Modified (75ms)
[wrangler:info] GET /assets/ucl-26-27/badges/manchester-united.png 304 Not Modified (74ms)
[wrangler:info] GET /assets/ucl-26-27/badges/aston-villa.png 304 Not Modified (79ms)
⎔ Reloading local server...
[wrangler:info] ✨ Parsed 3 valid header rules.
⎔ Local server updated and ready
⎔ Reloading local server...
[wrangler:info] ✨ Parsed 3 valid header rules.
⎔ Local server updated and ready
[wrangler:info] GET /assets/ucl-26-27/badges/villarreal.png 304 Not Modified (27ms)
[wrangler:info] GET /assets/ucl-26-27/badges/levski-sofia.svg 304 Not Modified (42ms)
[wrangler:info] GET /assets/ucl-26-27/badges/aston-villa.png 304 Not Modified (60ms)
[wrangler:info] GET /assets/ucl-26-27/badges/borussia-dortmund.png 304 Not Modified (46ms)
[wrangler:info] GET /assets/ucl-26-27/badges/slavia-prague.png 304 Not Modified (43ms)
[wrangler:info] GET /assets/ucl-26-27/badges/porto.png 304 Not Modified (96ms)
[wrangler:info] GET /assets/ucl-26-27/badges/shakhtar-donetsk.png 304 Not Modified (57ms)
[wrangler:info] GET /assets/ucl-26-27/badges/union-saint-gilloise.svg 304 Not Modified (128ms)
[wrangler:info] GET /assets/ucl-26-27/badges/club-brugge.png 304 Not Modified (76ms)
[wrangler:info] GET /assets/ucl-26-27/badges/atletico-madrid.png 304 Not Modified (74ms)
[wrangler:info] GET /assets/ucl-26-27/badges/como.png 304 Not Modified (74ms)
[wrangler:info] GET /assets/ucl-26-27/badges/napoli-2007.png 304 Not Modified (181ms)
[wrangler:info] GET /assets/ucl-26-27/badges/real-madrid.png 304 Not Modified (85ms)
[wrangler:info] GET /assets/ucl-26-27/badges/barcelona.png 304 Not Modified (77ms)
[wrangler:info] GET /assets/ucl-26-27/badges/paris-saint-germain.png 304 Not Modified (77ms)
⎔ Reloading local server...
[wrangler:info] ✨ Parsed 3 valid header rules.
⎔ Local server updated and ready
⎔ Reloading local server...
[wrangler:info] ✨ Parsed 3 valid header rules.
⎔ Local server updated and ready
⎔ Reloading local server...
[wrangler:info] ✨ Parsed 3 valid header rules.
⎔ Local server updated and ready
⎔ Reloading local server...
[wrangler:info] ✨ Parsed 3 valid header rules.
⎔ Local server updated and ready
⎔ Reloading local server...
[wrangler:info] ✨ Parsed 3 valid header rules.
⎔ Local server updated and ready
⎔ Reloading local server...
[wrangler:info] ✨ Parsed 3 valid header rules.
⎔ Local server updated and ready
⎔ Reloading local server...
[wrangler:info] ✨ Parsed 3 valid header rules.
⎔ Local server updated and ready
⎔ Reloading local server...
[wrangler:info] ✨ Parsed 3 valid header rules.
⎔ Local server updated and ready
{"type":"worker-request","timestamp":"2026-08-01T22:59:46.684Z","requestId":"3e747546-eaaa-4d34-aaef-0b63de01ceb7","method":"GET","route":"/ucl-simulator"}
{"type":"worker-request-complete","timestamp":"2026-08-01T22:59:46.689Z","requestId":"3e747546-eaaa-4d34-aaef-0b63de01ceb7","method":"GET","route":"/ucl-simulator","status":200,"elapsedMs":5}
[wrangler:info] GET /ucl-simulator 200 OK (11ms)
[wrangler:info] GET /redirect.js 304 Not Modified (5ms)
[wrangler:info] GET /styles.css 304 Not Modified (35ms)
[wrangler:info] GET /clean.css 200 OK (47ms)
[wrangler:info] GET /premier-league.css 304 Not Modified (61ms)
[wrangler:info] GET /ucl-simulator.css 304 Not Modified (76ms)
[wrangler:info] GET /assets/flags/palestine.svg 304 Not Modified (81ms)
[wrangler:info] GET /assets/retro-world-cup-2014.png 304 Not Modified (68ms)
[wrangler:info] GET /player-pools.generated.js 304 Not Modified (97ms)
[wrangler:info] GET /assets/prem-logo.webp 304 Not Modified (83ms)
[wrangler:info] GET /assets/ucl-starball-white.png 304 Not Modified (80ms)
[wrangler:info] GET /data.js 304 Not Modified (95ms)
[wrangler:info] GET /retro-data.js 304 Not Modified (108ms)
[wrangler:info] GET /retro-2006-squads.js 304 Not Modified (108ms)
[wrangler:info] GET /retro-2006-schedule.js 304 Not Modified (119ms)
[wrangler:info] GET /retro-2010-squads.js 304 Not Modified (147ms)
[wrangler:info] GET /retro-2010-schedule.js 304 Not Modified (152ms)
[wrangler:info] GET /retro-2014-squads.js 304 Not Modified (154ms)
[wrangler:info] GET /retro-2014-schedule.js 304 Not Modified (143ms)
[wrangler:info] GET /retro-euro-2016-squads.js 304 Not Modified (161ms)
[wrangler:info] GET /retro-euro-2016-schedule.js 304 Not Modified (137ms)
[wrangler:info] GET /retro-2018-squads.js 304 Not Modified (147ms)
[wrangler:info] GET /retro-2018-schedule.js 304 Not Modified (126ms)
[wrangler:info] GET /retro-2022-squads.js 304 Not Modified (139ms)
[wrangler:info] GET /retro-2022-schedule.js 304 Not Modified (120ms)
[wrangler:info] GET /retro-2026-squads.js 304 Not Modified (142ms)
[wrangler:info] GET /retro-2026-schedule.js 304 Not Modified (124ms)
[wrangler:info] GET /retro-engine.js 304 Not Modified (127ms)
[wrangler:info] GET /presentation-engine.js 304 Not Modified (112ms)
[wrangler:info] GET /simulation-engine.js 304 Not Modified (114ms)
[wrangler:info] GET /legacy-data/catalog.generated.js 200 OK (89ms)
[wrangler:info] GET /premier-league-squads.generated.js 304 Not Modified (99ms)
{"type":"worker-request","timestamp":"2026-08-01T22:59:47.435Z","requestId":"35e97b02-3901-457e-ba0d-385c8ae271bb","method":"GET","route":"/premier-league-fc26-ratings.js"}
{"type":"worker-request-complete","timestamp":"2026-08-01T22:59:47.436Z","requestId":"35e97b02-3901-457e-ba0d-385c8ae271bb","method":"GET","route":"/premier-league-fc26-ratings.js","status":404,"elapsedMs":1}
[wrangler:info] GET /premier-league-fc26-ratings.js 404 Not Found (83ms)
[wrangler:info] GET /premier-league-data.js 304 Not Modified (93ms)
[wrangler:info] GET /ucl-draw-solver.js 304 Not Modified (91ms)
[wrangler:info] GET /ucl-engine.js 304 Not Modified (82ms)
[wrangler:info] GET /ucl-squads.generated.js 200 OK (110ms)
[wrangler:info] GET /app.js 200 OK (87ms)
[wrangler:info] GET /premier-league.js 304 Not Modified (93ms)
[wrangler:info] GET /challenge.js 200 OK (86ms)
[wrangler:info] GET /ucl-simulator.js 200 OK (93ms)
[wrangler:info] GET /analytics.js 304 Not Modified (36ms)
[wrangler:info] GET /assets/world-cup-2026-logo.png 304 Not Modified (11ms)
[wrangler:info] GET /assets/ucl-26-27/badges/stuttgart.png 304 Not Modified (12ms)
[wrangler:info] GET /assets/ucl-26-27/badges/inter-milan.png 304 Not Modified (23ms)
[wrangler:info] GET /assets/ucl-26-27/badges/rb-leipzig.png 304 Not Modified (34ms)
[wrangler:info] GET /assets/ucl-26-27/badges/sporting-cp.png 304 Not Modified (43ms)
[wrangler:info] GET /assets/ucl-26-27/badges/real-madrid.png 304 Not Modified (66ms)
[wrangler:info] GET /assets/ucl-26-27/badges/nk-celje.png 304 Not Modified (71ms)
{"type":"worker-request","timestamp":"2026-08-01T22:59:47.824Z","requestId":"5a97a68e-df90-439b-8f47-69911b4e54e1","method":"GET","route":"/api/challenge"}
{"type":"worker-request-complete","timestamp":"2026-08-01T22:59:47.851Z","requestId":"5a97a68e-df90-439b-8f47-69911b4e54e1","method":"GET","route":"/api/challenge","status":200,"elapsedMs":27}
[wrangler:info] GET /api/challenge 200 OK (95ms)
[wrangler:info] GET /assets/ucl-26-27/badges/napoli-2007.png 304 Not Modified (92ms)
[wrangler:info] GET /assets/ucl-26-27/badges/slovan-bratislava.svg 304 Not Modified (95ms)
[wrangler:info] GET /assets/ucl-26-27/badges/galatasaray.png 304 Not Modified (97ms)
[wrangler:info] GET /assets/ucl-26-27/badges/bayern-munich.png 304 Not Modified (85ms)
[wrangler:info] GET /assets/ucl-26-27/badges/villarreal.png 304 Not Modified (87ms)
[wrangler:info] GET /assets/ucl-26-27/badges/lens.png 304 Not Modified (61ms)
[wrangler:info] GET /assets/ucl-26-27/badges/real-betis.png 304 Not Modified (63ms)
[wrangler:info] GET /assets/ucl-26-27/badges/fenerbahce.svg 304 Not Modified (66ms)
[wrangler:info] GET /assets/ucl-26-27/badges/borussia-dortmund.png 304 Not Modified (72ms)
[wrangler:info] GET /assets/ucl-26-27/badges/olympiacos.svg 304 Not Modified (74ms)
[wrangler:info] GET /assets/ucl-26-27/badges/roma.png 304 Not Modified (74ms)
{"type":"worker-request","timestamp":"2026-08-01T22:59:48.012Z","requestId":"6beebe49-df2c-43e0-9962-07bcba682d29","method":"GET","route":"/api/challenge/achievements/leaderboard"}
[wrangler:info] GET /api/challenge/achievements/leaderboard 500 Internal Server Error (151ms)
{"type":"worker-request-complete","timestamp":"2026-08-01T22:59:48.130Z","requestId":"6beebe49-df2c-43e0-9962-07bcba682d29","method":"GET","route":"/api/challenge/achievements/leaderboard","status":500,"elapsedMs":118}
{"type":"worker-request","timestamp":"2026-08-01T22:59:56.414Z","requestId":"08998e9e-b2fa-49d3-8749-19b727d092b8","method":"POST","route":"/api/challenge/achievements/ucl"}
{"type":"worker-request-complete","timestamp":"2026-08-01T22:59:56.417Z","requestId":"08998e9e-b2fa-49d3-8749-19b727d092b8","method":"POST","route":"/api/challenge/achievements/ucl","status":401,"elapsedMs":3}
[wrangler:info] POST /api/challenge/achievements/ucl 401 Unauthorized (12ms)
{"type":"worker-request","timestamp":"2026-08-01T22:59:56.430Z","requestId":"6d0c7633-fb43-4503-8c5d-21bed6a5cc4f","method":"GET","route":"/api/challenge/achievements/ucl"}
{"type":"worker-request-complete","timestamp":"2026-08-01T22:59:56.433Z","requestId":"6d0c7633-fb43-4503-8c5d-21bed6a5cc4f","method":"GET","route":"/api/challenge/achievements/ucl","status":200,"elapsedMs":3}
[wrangler:info] GET /api/challenge/achievements/ucl 200 OK (7ms)
[wrangler:info] GET /assets/ucl-26-27/badges/manchester-city.png 304 Not Modified (11ms)
[wrangler:info] GET /assets/ucl-26-27/badges/paris-saint-germain.png 304 Not Modified (19ms)
[wrangler:info] GET /assets/ucl-26-27/badges/manchester-united.png 304 Not Modified (17ms)
[wrangler:info] GET /assets/ucl-26-27/badges/liverpool.png 304 Not Modified (40ms)
[wrangler:info] GET /assets/ucl-26-27/badges/porto.png 304 Not Modified (34ms)
[wrangler:info] GET /assets/ucl-26-27/badges/barcelona.png 304 Not Modified (59ms)
[wrangler:info] GET /assets/ucl-26-27/badges/psv-eindhoven.png 304 Not Modified (42ms)
[wrangler:info] GET /assets/ucl-26-27/badges/aston-villa.png 304 Not Modified (44ms)
[wrangler:info] GET /assets/ucl-26-27/badges/arsenal.png 304 Not Modified (93ms)
[wrangler:info] GET /assets/ucl-26-27/badges/feyenoord.png 304 Not Modified (52ms)
[wrangler:info] GET /assets/ucl-26-27/badges/lille.png 304 Not Modified (60ms)
[wrangler:info] GET /assets/ucl-26-27/badges/atletico-madrid.png 304 Not Modified (133ms)
[wrangler:info] GET /assets/ucl-26-27/badges/olympique-lyonnais.png 200 OK (71ms)
[wrangler:info] GET /assets/ucl-26-27/badges/club-brugge.png 304 Not Modified (73ms)
[wrangler:info] GET /assets/ucl-26-27/badges/shakhtar-donetsk.png 304 Not Modified (73ms)
[wrangler:info] GET /assets/ucl-26-27/badges/como.png 304 Not Modified (80ms)
[wrangler:info] GET /assets/ucl-26-27/badges/gnk-dinamo-zagreb.png 304 Not Modified (84ms)
[wrangler:info] GET /assets/ucl-26-27/badges/crvena-zvezda.svg 304 Not Modified (86ms)
[wrangler:info] GET /assets/ucl-26-27/badges/union-saint-gilloise.svg 304 Not Modified (77ms)
[wrangler:info] GET /assets/ucl-26-27/badges/slavia-prague.png 304 Not Modified (75ms)
[wrangler:info] GET /assets/ucl-26-27/badges/agf-aarhus.png 304 Not Modified (71ms)
[wrangler:info] GET /assets/ucl-26-27/badges/levski-sofia.svg 304 Not Modified (74ms)
{"type":"worker-request","timestamp":"2026-08-01T23:00:07.856Z","requestId":"cea7aab5-8d54-47b2-8e09-67037affdf6a","method":"GET","route":"/api/challenge/achievements/ucl"}
{"type":"worker-request-complete","timestamp":"2026-08-01T23:00:07.857Z","requestId":"cea7aab5-8d54-47b2-8e09-67037affdf6a","method":"GET","route":"/api/challenge/achievements/ucl","status":200,"elapsedMs":1}
[wrangler:info] GET /api/challenge/achievements/ucl 200 OK (5ms)
{"type":"worker-request","timestamp":"2026-08-01T23:04:07.443Z","requestId":"962653c7-3d48-4e40-9d86-e94540e606a2","method":"GET","route":"/ucl-simulator"}
{"type":"worker-request-complete","timestamp":"2026-08-01T23:04:07.445Z","requestId":"962653c7-3d48-4e40-9d86-e94540e606a2","method":"GET","route":"/ucl-simulator","status":200,"elapsedMs":2}
[wrangler:info] GET /ucl-simulator 200 OK (10ms)
[wrangler:info] GET /redirect.js 304 Not Modified (14ms)
[wrangler:info] GET /styles.css 304 Not Modified (16ms)
[wrangler:info] GET /clean.css 200 OK (18ms)
[wrangler:info] GET /premier-league.css 304 Not Modified (29ms)
[wrangler:info] GET /ucl-simulator.css 304 Not Modified (35ms)
[wrangler:info] GET /assets/flags/palestine.svg 304 Not Modified (38ms)
[wrangler:info] GET /assets/retro-world-cup-2014.png 304 Not Modified (37ms)
[wrangler:info] GET /assets/prem-logo.webp 304 Not Modified (7ms)
[wrangler:info] GET /assets/ucl-starball-white.png 304 Not Modified (7ms)
[wrangler:info] GET /player-pools.generated.js 304 Not Modified (6ms)
[wrangler:info] GET /data.js 304 Not Modified (10ms)
[wrangler:info] GET /retro-data.js 304 Not Modified (16ms)
[wrangler:info] GET /retro-2006-squads.js 304 Not Modified (24ms)
[wrangler:info] GET /retro-2006-schedule.js 304 Not Modified (26ms)
[wrangler:info] GET /retro-2010-squads.js 304 Not Modified (34ms)
[wrangler:info] GET /retro-2014-squads.js 304 Not Modified (21ms)
[wrangler:info] GET /retro-2010-schedule.js 304 Not Modified (34ms)
[wrangler:info] GET /retro-2014-schedule.js 304 Not Modified (27ms)
[wrangler:info] GET /retro-euro-2016-schedule.js 304 Not Modified (21ms)
[wrangler:info] GET /retro-euro-2016-squads.js 304 Not Modified (28ms)
[wrangler:info] GET /retro-2018-squads.js 304 Not Modified (23ms)
[wrangler:info] GET /retro-2018-schedule.js 304 Not Modified (27ms)
[wrangler:info] GET /retro-2022-schedule.js 304 Not Modified (24ms)
[wrangler:info] GET /retro-2022-squads.js 304 Not Modified (31ms)
[wrangler:info] GET /retro-2026-squads.js 304 Not Modified (23ms)
[wrangler:info] GET /retro-2026-schedule.js 304 Not Modified (23ms)
[wrangler:info] GET /retro-engine.js 304 Not Modified (24ms)
[wrangler:info] GET /presentation-engine.js 304 Not Modified (25ms)
[wrangler:info] GET /simulation-engine.js 304 Not Modified (23ms)
[wrangler:info] GET /legacy-data/catalog.generated.js 200 OK (24ms)
[wrangler:info] GET /premier-league-data.js 304 Not Modified (18ms)
[wrangler:info] GET /premier-league-squads.generated.js 304 Not Modified (26ms)
{"type":"worker-request","timestamp":"2026-08-01T23:04:07.894Z","requestId":"9dd96200-3b95-43a7-b3f8-4d0cc5bbfa1e","method":"GET","route":"/premier-league-fc26-ratings.js"}
{"type":"worker-request-complete","timestamp":"2026-08-01T23:04:07.896Z","requestId":"9dd96200-3b95-43a7-b3f8-4d0cc5bbfa1e","method":"GET","route":"/premier-league-fc26-ratings.js","status":404,"elapsedMs":2}
[wrangler:info] GET /premier-league-fc26-ratings.js 404 Not Found (35ms)
[wrangler:info] GET /ucl-engine.js 304 Not Modified (27ms)
[wrangler:info] GET /ucl-draw-solver.js 304 Not Modified (41ms)
[wrangler:info] GET /ucl-squads.generated.js 200 OK (32ms)
[wrangler:info] GET /app.js 200 OK (29ms)
[wrangler:info] GET /ucl-simulator.js 200 OK (22ms)
[wrangler:info] GET /premier-league.js 304 Not Modified (34ms)
[wrangler:info] GET /challenge.js 200 OK (30ms)
[wrangler:info] GET /site.webmanifest 304 Not Modified (27ms)
[wrangler:info] GET /analytics.js 304 Not Modified (24ms)
[wrangler:info] GET /assets/world-cup-2026-logo.png 304 Not Modified (6ms)
[wrangler:info] GET /assets/ucl-26-27/badges/villarreal.png 304 Not Modified (15ms)
[wrangler:info] GET /assets/ucl-26-27/badges/levski-sofia.svg 304 Not Modified (32ms)
[wrangler:info] GET /assets/ucl-26-27/badges/aston-villa.png 304 Not Modified (36ms)
[wrangler:info] GET /assets/ucl-26-27/badges/fenerbahce.svg 304 Not Modified (34ms)
[wrangler:info] GET /assets/ucl-26-27/badges/napoli-2007.png 304 Not Modified (24ms)
{"type":"worker-request","timestamp":"2026-08-01T23:04:08.733Z","requestId":"5910dd30-67f3-4983-8452-6acdeba4986d","method":"GET","route":"/api/challenge"}
[wrangler:info] GET /assets/ucl-26-27/badges/porto.png 304 Not Modified (30ms)
{"type":"worker-request-complete","timestamp":"2026-08-01T23:04:08.760Z","requestId":"5910dd30-67f3-4983-8452-6acdeba4986d","method":"GET","route":"/api/challenge","status":200,"elapsedMs":27}
[wrangler:info] GET /api/challenge 200 OK (40ms)
[wrangler:info] GET /assets/ucl-26-27/badges/union-saint-gilloise.svg 304 Not Modified (42ms)
[wrangler:info] GET /assets/ucl-26-27/badges/slavia-prague.png 304 Not Modified (39ms)
[wrangler:info] GET /assets/ucl-26-27/badges/atletico-madrid.png 304 Not Modified (45ms)
[wrangler:info] GET /assets/ucl-26-27/badges/borussia-dortmund.png 304 Not Modified (53ms)
[wrangler:info] GET /assets/ucl-26-27/badges/club-brugge.png 304 Not Modified (56ms)
[wrangler:info] GET /assets/ucl-26-27/badges/barcelona.png 304 Not Modified (25ms)
[wrangler:info] GET /assets/ucl-26-27/badges/real-madrid.png 304 Not Modified (32ms)
[wrangler:info] GET /assets/ucl-26-27/badges/paris-saint-germain.png 304 Not Modified (25ms)
[wrangler:info] GET /assets/ucl-26-27/badges/shakhtar-donetsk.png 304 Not Modified (33ms)
[wrangler:info] GET /assets/ucl-26-27/badges/como.png 304 Not Modified (23ms)
[wrangler:info] GET /assets/ucl-26-27/badges/lens.png 304 Not Modified (13ms)
[wrangler:info] GET /assets/ucl-26-27/badges/arsenal.png 304 Not Modified (44ms)
[wrangler:info] GET /assets/ucl-26-27/badges/real-betis.png 304 Not Modified (51ms)
[wrangler:info] GET /assets/ucl-26-27/badges/inter-milan.png 304 Not Modified (52ms)
[wrangler:info] GET /assets/ucl-26-27/badges/manchester-city.png 304 Not Modified (70ms)
[wrangler:info] GET /assets/ucl-26-27/badges/galatasaray.png 304 Not Modified (76ms)
[wrangler:info] GET /assets/ucl-26-27/badges/bayern-munich.png 304 Not Modified (53ms)
[wrangler:info] GET /assets/ucl-26-27/badges/roma.png 304 Not Modified (51ms)
{"type":"worker-request","timestamp":"2026-08-01T23:04:08.914Z","requestId":"94c95eba-9d77-4d96-831a-f57310db259a","method":"GET","route":"/api/challenge/custom-teams"}
{"type":"worker-request-complete","timestamp":"2026-08-01T23:04:08.924Z","requestId":"94c95eba-9d77-4d96-831a-f57310db259a","method":"GET","route":"/api/challenge/custom-teams","status":200,"elapsedMs":10}
[wrangler:info] GET /api/challenge/custom-teams 200 OK (59ms)
{"type":"worker-request","timestamp":"2026-08-01T23:04:08.928Z","requestId":"d750c153-6cbd-43f0-934f-33219a71a3f1","method":"POST","route":"/api/challenge/achievements/retro-2006"}
{"type":"worker-request-complete","timestamp":"2026-08-01T23:04:08.943Z","requestId":"d750c153-6cbd-43f0-934f-33219a71a3f1","method":"POST","route":"/api/challenge/achievements/retro-2006","status":200,"elapsedMs":15}
[wrangler:info] POST /api/challenge/achievements/retro-2006 200 OK (61ms)
{"type":"worker-request","timestamp":"2026-08-01T23:04:08.946Z","requestId":"bc19d1ba-8e7a-4e54-b340-6eda82adc2b3","method":"POST","route":"/api/challenge/achievements/retro-2014"}
{"type":"worker-request-complete","timestamp":"2026-08-01T23:04:08.958Z","requestId":"bc19d1ba-8e7a-4e54-b340-6eda82adc2b3","method":"POST","route":"/api/challenge/achievements/retro-2014","status":200,"elapsedMs":12}
[wrangler:info] POST /api/challenge/achievements/retro-2014 200 OK (65ms)
{"type":"worker-request","timestamp":"2026-08-01T23:04:08.962Z","requestId":"2fac2faa-bdbc-49ab-8d07-63ecbb9da09c","method":"POST","route":"/api/challenge/achievements/retro-2018"}
{"type":"worker-request-complete","timestamp":"2026-08-01T23:04:08.983Z","requestId":"2fac2faa-bdbc-49ab-8d07-63ecbb9da09c","method":"POST","route":"/api/challenge/achievements/retro-2018","status":200,"elapsedMs":22}
[wrangler:info] POST /api/challenge/achievements/retro-2018 200 OK (82ms)
{"type":"worker-request","timestamp":"2026-08-01T23:04:08.987Z","requestId":"bf0385ee-3a39-4af5-a217-5e676bce2919","method":"POST","route":"/api/challenge/achievements/retro-2022"}
{"type":"worker-request-complete","timestamp":"2026-08-01T23:04:09.002Z","requestId":"bf0385ee-3a39-4af5-a217-5e676bce2919","method":"POST","route":"/api/challenge/achievements/retro-2022","status":200,"elapsedMs":15}
[wrangler:info] POST /api/challenge/achievements/retro-2022 200 OK (99ms)
[wrangler:info] GET /assets/256-teams-icon.svg 304 Not Modified (101ms)
{"type":"worker-request","timestamp":"2026-08-01T23:04:09.022Z","requestId":"a8f89868-7cca-4872-8661-70b5a95f5627","method":"POST","route":"/api/challenge/achievements/premier-league"}
{"type":"worker-request","timestamp":"2026-08-01T23:04:09.030Z","requestId":"280d558c-14e0-46d8-9ec5-45ee614f5640","method":"POST","route":"/api/challenge/achievements/ucl"}
{"type":"worker-request-complete","timestamp":"2026-08-01T23:04:09.047Z","requestId":"a8f89868-7cca-4872-8661-70b5a95f5627","method":"POST","route":"/api/challenge/achievements/premier-league","status":200,"elapsedMs":25}
[wrangler:info] POST /api/challenge/achievements/premier-league 200 OK (29ms)
[wrangler:info] GET /assets/256-teams-icon.svg 304 Not Modified (30ms)
[wrangler:info] GET /assets/audio/ucl-legacy-anthem.mp3 304 Not Modified (37ms)
[wrangler:info] POST /api/challenge/achievements/ucl 500 Internal Server Error (50ms)
{"type":"worker-request-complete","timestamp":"2026-08-01T23:04:09.071Z","requestId":"280d558c-14e0-46d8-9ec5-45ee614f5640","method":"POST","route":"/api/challenge/achievements/ucl","status":500,"elapsedMs":41}
{"type":"worker-request","timestamp":"2026-08-01T23:04:09.090Z","requestId":"fa7449a1-a3e6-461b-97af-23f98e2b4bd3","method":"GET","route":"/api/challenge/achievements/leaderboard"}
{"type":"worker-request-complete","timestamp":"2026-08-01T23:04:09.122Z","requestId":"fa7449a1-a3e6-461b-97af-23f98e2b4bd3","method":"GET","route":"/api/challenge/achievements/leaderboard","status":500,"elapsedMs":32}
[wrangler:info] GET /api/challenge/achievements/leaderboard 500 Internal Server Error (37ms)
[wrangler:info] GET /favicon.png 304 Not Modified (61ms)
[wrangler:info] GET /assets/ucl-26-27/badges/manchester-city.png 304 Not Modified (6ms)
[wrangler:info] GET /assets/ucl-26-27/badges/manchester-city.png 304 Not Modified (6ms)
[wrangler:info] GET /assets/ucl-26-27/badges/sporting-cp.png 304 Not Modified (20ms)
[wrangler:info] GET /assets/ucl-26-27/badges/liverpool.png 304 Not Modified (25ms)
[wrangler:info] GET /assets/ucl-26-27/badges/rb-leipzig.png 304 Not Modified (24ms)
[wrangler:info] GET /assets/ucl-26-27/badges/slovan-bratislava.svg 304 Not Modified (31ms)
[wrangler:info] GET /assets/ucl-26-27/badges/manchester-united.png 304 Not Modified (28ms)
[wrangler:info] GET /assets/ucl-26-27/badges/agf-aarhus.png 304 Not Modified (39ms)
[wrangler:info] GET /assets/ucl-26-27/badges/nk-celje.png 304 Not Modified (50ms)
[wrangler:info] GET /assets/ucl-26-27/badges/olympiacos.svg 304 Not Modified (41ms)
[wrangler:info] GET /assets/ucl-26-27/badges/psv-eindhoven.png 304 Not Modified (51ms)
[wrangler:info] GET /assets/ucl-26-27/badges/stuttgart.png 304 Not Modified (57ms)
[wrangler:info] GET /assets/ucl-26-27/badges/feyenoord.png 304 Not Modified (67ms)
[wrangler:info] GET /assets/ucl-26-27/badges/lille.png 304 Not Modified (56ms)
[wrangler:info] GET /assets/ucl-26-27/badges/villarreal.png 304 Not Modified (19ms)
[wrangler:info] GET /assets/ucl-26-27/badges/levski-sofia.svg 304 Not Modified (21ms)
[wrangler:info] GET /assets/ucl-26-27/badges/fenerbahce.svg 304 Not Modified (21ms)
[wrangler:info] GET /assets/ucl-26-27/badges/aston-villa.png 304 Not Modified (22ms)
[wrangler:info] GET /assets/ucl-26-27/badges/porto.png 304 Not Modified (27ms)
[wrangler:info] GET /assets/ucl-26-27/badges/napoli-2007.png 304 Not Modified (31ms)
[wrangler:info] GET /assets/ucl-26-27/badges/borussia-dortmund.png 304 Not Modified (19ms)
[wrangler:info] GET /assets/ucl-26-27/badges/union-saint-gilloise.svg 304 Not Modified (30ms)
[wrangler:info] GET /assets/ucl-26-27/badges/shakhtar-donetsk.png 304 Not Modified (22ms)
[wrangler:info] GET /assets/ucl-26-27/badges/slavia-prague.png 304 Not Modified (28ms)
[wrangler:info] GET /assets/ucl-26-27/badges/club-brugge.png 304 Not Modified (32ms)
[wrangler:info] GET /assets/ucl-26-27/badges/atletico-madrid.png 304 Not Modified (33ms)
[wrangler:info] GET /assets/ucl-26-27/badges/como.png 304 Not Modified (38ms)
[wrangler:info] GET /assets/ucl-26-27/badges/real-madrid.png 304 Not Modified (35ms)
[wrangler:info] GET /assets/ucl-26-27/badges/paris-saint-germain.png 304 Not Modified (28ms)
[wrangler:info] GET /assets/ucl-26-27/badges/barcelona.png 304 Not Modified (42ms)
{"type":"worker-request","timestamp":"2026-08-01T23:06:10.381Z","requestId":"eb282f82-ea58-4f27-8383-19e52bd53281","method":"POST","route":"/api/challenge/achievements/ucl"}
{"type":"worker-request-complete","timestamp":"2026-08-01T23:06:10.388Z","requestId":"eb282f82-ea58-4f27-8383-19e52bd53281","method":"POST","route":"/api/challenge/achievements/ucl","status":500,"elapsedMs":7}
{"type":"worker-request","timestamp":"2026-08-01T23:06:10.399Z","requestId":"bfa5c425-ca63-44a7-ba84-f419b64bf2cb","method":"GET","route":"/api/challenge/achievements/ucl"}
{"type":"worker-request-complete","timestamp":"2026-08-01T23:06:10.405Z","requestId":"bfa5c425-ca63-44a7-ba84-f419b64bf2cb","method":"GET","route":"/api/challenge/achievements/ucl","status":500,"elapsedMs":6}
[wrangler:info] POST /api/challenge/achievements/ucl 500 Internal Server Error (11ms)
[wrangler:info] GET /api/challenge/achievements/ucl 500 Internal Server Error (11ms)
[wrangler:info] GET /assets/ucl-26-27/badges/liverpool.png 304 Not Modified (9ms)
[wrangler:info] GET /assets/ucl-26-27/badges/rb-leipzig.png 304 Not Modified (14ms)
[wrangler:info] GET /assets/ucl-26-27/badges/sporting-cp.png 304 Not Modified (24ms)
[wrangler:info] GET /assets/ucl-26-27/badges/manchester-united.png 304 Not Modified (13ms)
[wrangler:info] GET /assets/ucl-26-27/badges/psv-eindhoven.png 304 Not Modified (25ms)
[wrangler:info] GET /assets/ucl-26-27/badges/feyenoord.png 304 Not Modified (30ms)
[wrangler:info] GET /assets/ucl-26-27/badges/stuttgart.png 304 Not Modified (29ms)
[wrangler:info] GET /assets/ucl-26-27/badges/olympiacos.svg 304 Not Modified (10ms)
[wrangler:info] GET /assets/ucl-26-27/badges/lille.png 304 Not Modified (27ms)
[wrangler:info] GET /assets/ucl-26-27/badges/olympique-lyonnais.png 304 Not Modified (29ms)
[wrangler:info] GET /assets/ucl-26-27/badges/gnk-dinamo-zagreb.png 304 Not Modified (29ms)
[wrangler:info] GET /assets/ucl-26-27/badges/crvena-zvezda.svg 304 Not Modified (30ms)
[wrangler:info] GET /assets/ucl-26-27/badges/agf-aarhus.png 304 Not Modified (22ms)
[wrangler:info] GET /assets/ucl-26-27/badges/slovan-bratislava.svg 304 Not Modified (21ms)
[wrangler:info] GET /assets/ucl-26-27/badges/nk-celje.png 304 Not Modified (22ms)
{"type":"worker-request","timestamp":"2026-08-01T23:06:11.867Z","requestId":"a7bc1f9a-42b2-4d56-aec7-ae89b3b1749b","method":"GET","route":"/api/challenge/achievements/premier-league"}
{"type":"worker-request-complete","timestamp":"2026-08-01T23:06:11.917Z","requestId":"a7bc1f9a-42b2-4d56-aec7-ae89b3b1749b","method":"GET","route":"/api/challenge/achievements/premier-league","status":200,"elapsedMs":50}
[wrangler:info] GET /api/challenge/achievements/premier-league 200 OK (54ms)
[wrangler:info] GET /assets/pl-26-27/badges/chelsea.webp 304 Not Modified (92ms)
[wrangler:info] GET /assets/pl-26-27/badges/tottenham-hotspur.webp 304 Not Modified (157ms)
[wrangler:info] GET /assets/pl-26-27/badges/arsenal.webp 304 Not Modified (177ms)
[wrangler:info] GET /assets/pl-26-27/badges/aston-villa.webp 304 Not Modified (189ms)
[wrangler:info] GET /assets/pl-26-27/badges/bournemouth.webp 304 Not Modified (211ms)
[wrangler:info] GET /assets/pl-26-27/badges/brentford.webp 304 Not Modified (248ms)
[wrangler:info] GET /assets/pl-26-27/badges/newcastle-united.webp 304 Not Modified (180ms)
[wrangler:info] GET /assets/pl-26-27/badges/nottingham-forest.webp 304 Not Modified (128ms)
[wrangler:info] GET /assets/pl-26-27/badges/sunderland.webp 304 Not Modified (127ms)
[wrangler:info] GET /assets/pl-26-27/badges/crystal-palace.webp 304 Not Modified (125ms)
[wrangler:info] GET /assets/pl-26-27/badges/liverpool.webp 304 Not Modified (117ms)
[wrangler:info] GET /assets/pl-26-27/badges/hull-city.webp 304 Not Modified (95ms)
[wrangler:info] GET /assets/pl-26-27/badges/fulham.webp 304 Not Modified (109ms)
[wrangler:info] GET /assets/pl-26-27/badges/ipswich-town.webp 304 Not Modified (109ms)
[wrangler:info] GET /assets/pl-26-27/badges/manchester-united.webp 304 Not Modified (109ms)
[wrangler:info] GET /assets/pl-26-27/badges/leeds-united.webp 304 Not Modified (109ms)
[wrangler:info] GET /assets/pl-26-27/badges/brighton.webp 304 Not Modified (115ms)
[wrangler:info] GET /assets/pl-26-27/badges/coventry-city.webp 304 Not Modified (116ms)
[wrangler:info] GET /assets/pl-26-27/badges/everton.webp 304 Not Modified (103ms)
[wrangler:info] GET /assets/pl-26-27/badges/manchester-city.webp 304 Not Modified (102ms)
{"type":"worker-request","timestamp":"2026-08-01T23:06:12.753Z","requestId":"1385d187-042f-4f44-a1da-9e44f6178bd1","method":"GET","route":"/api/challenge/achievements/ucl"}
[wrangler:info] GET /api/challenge/achievements/ucl 500 Internal Server Error (16ms)
{"type":"worker-request-complete","timestamp":"2026-08-01T23:06:12.765Z","requestId":"1385d187-042f-4f44-a1da-9e44f6178bd1","method":"GET","route":"/api/challenge/achievements/ucl","status":500,"elapsedMs":12}
{"type":"worker-request","timestamp":"2026-08-01T23:06:21.175Z","requestId":"35ccfca5-039c-42f1-ada9-7a7ff9b8affb","method":"GET","route":"/api/challenge/achievements/premier-league"}
{"type":"worker-request-complete","timestamp":"2026-08-01T23:06:21.181Z","requestId":"35ccfca5-039c-42f1-ada9-7a7ff9b8affb","method":"GET","route":"/api/challenge/achievements/premier-league","status":200,"elapsedMs":6}
[wrangler:info] GET /api/challenge/achievements/premier-league 200 OK (10ms)
[wrangler:info] GET /assets/pl-26-27/badges/arsenal.webp 304 Not Modified (9ms)
[wrangler:info] GET /assets/pl-26-27/badges/aston-villa.webp 304 Not Modified (15ms)
[wrangler:info] GET /assets/pl-26-27/badges/bournemouth.webp 304 Not Modified (14ms)
[wrangler:info] GET /assets/pl-26-27/badges/coventry-city.webp 304 Not Modified (11ms)
[wrangler:info] GET /assets/pl-26-27/badges/brighton.webp 304 Not Modified (16ms)
[wrangler:info] GET /assets/pl-26-27/badges/brentford.webp 304 Not Modified (22ms)
[wrangler:info] GET /assets/pl-26-27/badges/everton.webp 304 Not Modified (16ms)
[wrangler:info] GET /assets/pl-26-27/badges/crystal-palace.webp 304 Not Modified (22ms)
[wrangler:info] GET /assets/pl-26-27/badges/ipswich-town.webp 304 Not Modified (8ms)
[wrangler:info] GET /assets/pl-26-27/badges/hull-city.webp 304 Not Modified (18ms)
[wrangler:info] GET /assets/pl-26-27/badges/fulham.webp 304 Not Modified (34ms)
[wrangler:info] GET /assets/pl-26-27/badges/leeds-united.webp 304 Not Modified (21ms)
[wrangler:info] GET /assets/pl-26-27/badges/manchester-united.webp 304 Not Modified (13ms)
[wrangler:info] GET /assets/pl-26-27/badges/liverpool.webp 304 Not Modified (29ms)
[wrangler:info] GET /assets/pl-26-27/badges/manchester-city.webp 304 Not Modified (28ms)
[wrangler:info] GET /assets/pl-26-27/badges/newcastle-united.webp 304 Not Modified (24ms)
[wrangler:info] GET /assets/pl-26-27/badges/sunderland.webp 304 Not Modified (21ms)
[wrangler:info] GET /assets/pl-26-27/badges/nottingham-forest.webp 304 Not Modified (26ms)
{"type":"worker-request","timestamp":"2026-08-01T23:06:21.749Z","requestId":"3568f82c-0c7c-49ba-b9ef-2c11c346cb3b","method":"GET","route":"/api/challenge/achievements/ucl"}
[wrangler:info] GET /api/challenge/achievements/ucl 500 Internal Server Error (14ms)
{"type":"worker-request-complete","timestamp":"2026-08-01T23:06:21.758Z","requestId":"3568f82c-0c7c-49ba-b9ef-2c11c346cb3b","method":"GET","route":"/api/challenge/achievements/ucl","status":500,"elapsedMs":9}
{"type":"worker-request","timestamp":"2026-08-01T23:06:22.553Z","requestId":"0f02d0f9-fd27-4b24-b0d9-90f5aa5928d7","method":"GET","route":"/api/challenge/achievements/retro-2026"}
{"type":"worker-request-complete","timestamp":"2026-08-01T23:06:22.560Z","requestId":"0f02d0f9-fd27-4b24-b0d9-90f5aa5928d7","method":"GET","route":"/api/challenge/achievements/retro-2026","status":200,"elapsedMs":7}
[wrangler:info] GET /api/challenge/achievements/retro-2026 200 OK (10ms)
{"type":"worker-request","timestamp":"2026-08-01T23:06:23.591Z","requestId":"dae1fd26-35ce-4c91-b86a-ec46cdf6b1d6","method":"GET","route":"/api/challenge/achievements/ucl"}
[wrangler:info] GET /api/challenge/achievements/ucl 500 Internal Server Error (11ms)
{"type":"worker-request-complete","timestamp":"2026-08-01T23:06:23.599Z","requestId":"dae1fd26-35ce-4c91-b86a-ec46cdf6b1d6","method":"GET","route":"/api/challenge/achievements/ucl","status":500,"elapsedMs":8}
[wrangler:info] GET /assets/ucl-26-27/badges/liverpool.png 304 Not Modified (6ms)
[wrangler:info] GET /assets/ucl-26-27/badges/manchester-united.png 304 Not Modified (15ms)
[wrangler:info] GET /assets/ucl-26-27/badges/rb-leipzig.png 304 Not Modified (21ms)
[wrangler:info] GET /assets/ucl-26-27/badges/sporting-cp.png 304 Not Modified (31ms)
[wrangler:info] GET /assets/ucl-26-27/badges/psv-eindhoven.png 304 Not Modified (33ms)
[wrangler:info] GET /assets/ucl-26-27/badges/feyenoord.png 304 Not Modified (37ms)
[wrangler:info] GET /assets/ucl-26-27/badges/stuttgart.png 304 Not Modified (38ms)
[wrangler:info] GET /assets/ucl-26-27/badges/crvena-zvezda.svg 304 Not Modified (33ms)
[wrangler:info] GET /assets/ucl-26-27/badges/gnk-dinamo-zagreb.png 304 Not Modified (31ms)
[wrangler:info] GET /assets/ucl-26-27/badges/nk-celje.png 304 Not Modified (29ms)
[wrangler:info] GET /assets/ucl-26-27/badges/olympiacos.svg 304 Not Modified (28ms)
[wrangler:info] GET /assets/ucl-26-27/badges/lille.png 304 Not Modified (24ms)
[wrangler:info] GET /assets/ucl-26-27/badges/agf-aarhus.png 304 Not Modified (24ms)
[wrangler:info] GET /assets/ucl-26-27/badges/olympique-lyonnais.png 304 Not Modified (22ms)
[wrangler:info] GET /assets/ucl-26-27/badges/slovan-bratislava.svg 304 Not Modified (29ms)
{"type":"worker-request","timestamp":"2026-08-01T23:06:47.025Z","requestId":"6c0a8b42-0fc0-4c56-9a2f-6c5147aa14c6","method":"GET","route":"/ucl-simulator"}
{"type":"worker-request-complete","timestamp":"2026-08-01T23:06:47.027Z","requestId":"6c0a8b42-0fc0-4c56-9a2f-6c5147aa14c6","method":"GET","route":"/ucl-simulator","status":200,"elapsedMs":2}
[wrangler:info] GET /ucl-simulator 200 OK (9ms)
[wrangler:info] GET /redirect.js 304 Not Modified (7ms)
[wrangler:info] GET /styles.css 304 Not Modified (13ms)
[wrangler:info] GET /premier-league.css 304 Not Modified (12ms)
[wrangler:info] GET /clean.css 304 Not Modified (13ms)
[wrangler:info] GET /ucl-simulator.css 304 Not Modified (14ms)
[wrangler:info] GET /assets/retro-world-cup-2014.png 304 Not Modified (14ms)
[wrangler:info] GET /assets/flags/palestine.svg 304 Not Modified (25ms)
[wrangler:info] GET /assets/prem-logo.webp 304 Not Modified (7ms)
[wrangler:info] GET /assets/ucl-starball-white.png 304 Not Modified (6ms)
[wrangler:info] GET /player-pools.generated.js 304 Not Modified (7ms)
[wrangler:info] GET /data.js 304 Not Modified (11ms)
[wrangler:info] GET /retro-data.js 304 Not Modified (30ms)
[wrangler:info] GET /retro-2006-squads.js 304 Not Modified (37ms)
[wrangler:info] GET /retro-2006-schedule.js 304 Not Modified (49ms)
[wrangler:info] GET /retro-2010-squads.js 304 Not Modified (51ms)
[wrangler:info] GET /retro-2014-squads.js 304 Not Modified (45ms)
[wrangler:info] GET /retro-2010-schedule.js 304 Not Modified (57ms)
[wrangler:info] GET /retro-2014-schedule.js 304 Not Modified (40ms)
[wrangler:info] GET /retro-euro-2016-squads.js 304 Not Modified (48ms)
[wrangler:info] GET /retro-2022-schedule.js 304 Not Modified (7ms)
[wrangler:info] GET /retro-euro-2016-schedule.js 304 Not Modified (51ms)
[wrangler:info] GET /retro-2018-squads.js 304 Not Modified (46ms)
[wrangler:info] GET /retro-2018-schedule.js 304 Not Modified (47ms)
[wrangler:info] GET /retro-2022-squads.js 304 Not Modified (37ms)
[wrangler:info] GET /retro-2026-schedule.js 304 Not Modified (24ms)
[wrangler:info] GET /retro-2026-squads.js 304 Not Modified (32ms)
[wrangler:info] GET /retro-engine.js 304 Not Modified (26ms)
[wrangler:info] GET /presentation-engine.js 304 Not Modified (30ms)
[wrangler:info] GET /simulation-engine.js 304 Not Modified (30ms)
[wrangler:info] GET /legacy-data/catalog.generated.js 304 Not Modified (27ms)
[wrangler:info] GET /premier-league-squads.generated.js 304 Not Modified (26ms)
{"type":"worker-request","timestamp":"2026-08-01T23:06:47.430Z","requestId":"68b0a557-1fa6-40e9-9af8-0f11813a0e5c","method":"GET","route":"/premier-league-fc26-ratings.js"}
{"type":"worker-request-complete","timestamp":"2026-08-01T23:06:47.432Z","requestId":"68b0a557-1fa6-40e9-9af8-0f11813a0e5c","method":"GET","route":"/premier-league-fc26-ratings.js","status":404,"elapsedMs":2}
[wrangler:info] GET /premier-league-fc26-ratings.js 404 Not Found (29ms)
[wrangler:info] GET /ucl-draw-solver.js 304 Not Modified (22ms)
[wrangler:info] GET /premier-league-data.js 304 Not Modified (22ms)
[wrangler:info] GET /ucl-engine.js 304 Not Modified (25ms)
[wrangler:info] GET /app.js 304 Not Modified (21ms)
[wrangler:info] GET /ucl-squads.generated.js 304 Not Modified (29ms)
[wrangler:info] GET /ucl-simulator.js 304 Not Modified (16ms)
[wrangler:info] GET /premier-league.js 304 Not Modified (24ms)
[wrangler:info] GET /challenge.js 304 Not Modified (25ms)
[wrangler:info] GET /site.webmanifest 304 Not Modified (25ms)
[wrangler:info] GET /analytics.js 304 Not Modified (17ms)
[wrangler:info] GET /assets/world-cup-2026-logo.png 304 Not Modified (5ms)
[wrangler:info] GET /assets/ucl-26-27/badges/villarreal.png 304 Not Modified (6ms)
{"type":"worker-request","timestamp":"2026-08-01T23:06:47.553Z","requestId":"58c3a25e-eaec-42c2-a672-19cf263e7ea9","method":"GET","route":"/api/challenge"}
[wrangler:info] GET /assets/ucl-26-27/badges/levski-sofia.svg 304 Not Modified (21ms)
{"type":"worker-request-complete","timestamp":"2026-08-01T23:06:47.595Z","requestId":"58c3a25e-eaec-42c2-a672-19cf263e7ea9","method":"GET","route":"/api/challenge","status":200,"elapsedMs":41}
[wrangler:info] GET /api/challenge 200 OK (48ms)
[wrangler:info] GET /assets/ucl-26-27/badges/fenerbahce.svg 304 Not Modified (49ms)
[wrangler:info] GET /assets/ucl-26-27/badges/aston-villa.png 304 Not Modified (59ms)
[wrangler:info] GET /assets/ucl-26-27/badges/porto.png 304 Not Modified (66ms)
[wrangler:info] GET /assets/ucl-26-27/badges/napoli-2007.png 304 Not Modified (64ms)
[wrangler:info] GET /assets/ucl-26-27/badges/arsenal.png 304 Not Modified (57ms)
[wrangler:info] GET /assets/ucl-26-27/badges/lens.png 304 Not Modified (48ms)
[wrangler:info] GET /assets/ucl-26-27/badges/manchester-city.png 304 Not Modified (43ms)
[wrangler:info] GET /assets/ucl-26-27/badges/slavia-prague.png 304 Not Modified (60ms)
[wrangler:info] GET /assets/ucl-26-27/badges/real-betis.png 304 Not Modified (60ms)
[wrangler:info] GET /assets/ucl-26-27/badges/galatasaray.png 304 Not Modified (69ms)
[wrangler:info] GET /assets/ucl-26-27/badges/roma.png 304 Not Modified (74ms)
[wrangler:info] GET /assets/ucl-26-27/badges/borussia-dortmund.png 304 Not Modified (70ms)
[wrangler:info] GET /assets/ucl-26-27/badges/union-saint-gilloise.svg 304 Not Modified (59ms)
[wrangler:info] GET /assets/ucl-26-27/badges/como.png 304 Not Modified (50ms)
[wrangler:info] GET /assets/ucl-26-27/badges/club-brugge.png 304 Not Modified (66ms)
[wrangler:info] GET /assets/ucl-26-27/badges/shakhtar-donetsk.png 304 Not Modified (53ms)
[wrangler:info] GET /assets/ucl-26-27/badges/inter-milan.png 304 Not Modified (41ms)
[wrangler:info] GET /assets/ucl-26-27/badges/bayern-munich.png 304 Not Modified (43ms)
[wrangler:info] GET /assets/ucl-26-27/badges/atletico-madrid.png 304 Not Modified (43ms)
[wrangler:info] GET /assets/ucl-26-27/badges/real-madrid.png 304 Not Modified (44ms)
{"type":"worker-request","timestamp":"2026-08-01T23:06:47.795Z","requestId":"266c20dc-6776-43b2-a422-9bee10561c8e","method":"GET","route":"/api/challenge/custom-teams"}
{"type":"worker-request-complete","timestamp":"2026-08-01T23:06:47.807Z","requestId":"266c20dc-6776-43b2-a422-9bee10561c8e","method":"GET","route":"/api/challenge/custom-teams","status":200,"elapsedMs":12}
[wrangler:info] GET /api/challenge/custom-teams 200 OK (50ms)
{"type":"worker-request","timestamp":"2026-08-01T23:06:47.812Z","requestId":"fa9e05b6-3520-4089-9625-9c477aed0e2b","method":"POST","route":"/api/challenge/achievements/retro-2006"}
{"type":"worker-request-complete","timestamp":"2026-08-01T23:06:47.829Z","requestId":"fa9e05b6-3520-4089-9625-9c477aed0e2b","method":"POST","route":"/api/challenge/achievements/retro-2006","status":200,"elapsedMs":17}
[wrangler:info] POST /api/challenge/achievements/retro-2006 200 OK (64ms)
{"type":"worker-request","timestamp":"2026-08-01T23:06:47.833Z","requestId":"c8ac29b6-bed9-4225-9f1c-2dcda6af9115","method":"POST","route":"/api/challenge/achievements/retro-2014"}
{"type":"worker-request-complete","timestamp":"2026-08-01T23:06:47.851Z","requestId":"c8ac29b6-bed9-4225-9f1c-2dcda6af9115","method":"POST","route":"/api/challenge/achievements/retro-2014","status":200,"elapsedMs":18}
[wrangler:info] POST /api/challenge/achievements/retro-2014 200 OK (77ms)
{"type":"worker-request","timestamp":"2026-08-01T23:06:47.853Z","requestId":"f71b25a4-a48c-4f97-8ae1-64219d1b88b2","method":"POST","route":"/api/challenge/achievements/retro-2018"}
{"type":"worker-request-complete","timestamp":"2026-08-01T23:06:47.876Z","requestId":"f71b25a4-a48c-4f97-8ae1-64219d1b88b2","method":"POST","route":"/api/challenge/achievements/retro-2018","status":200,"elapsedMs":23}
[wrangler:info] POST /api/challenge/achievements/retro-2018 200 OK (97ms)
{"type":"worker-request","timestamp":"2026-08-01T23:06:47.881Z","requestId":"c8cf8398-58b7-4058-89b2-b2725193a55b","method":"POST","route":"/api/challenge/achievements/retro-2022"}
{"type":"worker-request-complete","timestamp":"2026-08-01T23:06:47.903Z","requestId":"c8cf8398-58b7-4058-89b2-b2725193a55b","method":"POST","route":"/api/challenge/achievements/retro-2022","status":200,"elapsedMs":22}
[wrangler:info] POST /api/challenge/achievements/retro-2022 200 OK (117ms)
{"type":"worker-request","timestamp":"2026-08-01T23:06:47.906Z","requestId":"b6a87697-b725-4586-bae2-a5c7914ad540","method":"POST","route":"/api/challenge/achievements/retro-2022"}
{"type":"worker-request-complete","timestamp":"2026-08-01T23:06:47.924Z","requestId":"b6a87697-b725-4586-bae2-a5c7914ad540","method":"POST","route":"/api/challenge/achievements/retro-2022","status":200,"elapsedMs":18}
[wrangler:info] POST /api/challenge/achievements/retro-2022 200 OK (134ms)
{"type":"worker-request","timestamp":"2026-08-01T23:06:47.936Z","requestId":"d66aa235-9f1a-4ae5-b975-a00a3134fd13","method":"POST","route":"/api/challenge/achievements/premier-league"}
{"type":"worker-request","timestamp":"2026-08-01T23:06:47.946Z","requestId":"cdc255cf-cb2d-4576-ae3e-210b61d55664","method":"POST","route":"/api/challenge/achievements/ucl"}
{"type":"worker-request-complete","timestamp":"2026-08-01T23:06:47.968Z","requestId":"d66aa235-9f1a-4ae5-b975-a00a3134fd13","method":"POST","route":"/api/challenge/achievements/premier-league","status":200,"elapsedMs":32}
[wrangler:info] POST /api/challenge/achievements/premier-league 200 OK (40ms)
[wrangler:info] POST /api/challenge/achievements/ucl 500 Internal Server Error (49ms)
{"type":"worker-request-complete","timestamp":"2026-08-01T23:06:47.984Z","requestId":"cdc255cf-cb2d-4576-ae3e-210b61d55664","method":"POST","route":"/api/challenge/achievements/ucl","status":500,"elapsedMs":38}
[wrangler:info] GET /assets/ucl-26-27/badges/barcelona.png 304 Not Modified (46ms)
[wrangler:info] GET /assets/ucl-26-27/badges/paris-saint-germain.png 304 Not Modified (52ms)
[wrangler:info] GET /assets/audio/ucl-legacy-anthem.mp3 304 Not Modified (58ms)
{"type":"worker-request","timestamp":"2026-08-01T23:06:48.020Z","requestId":"1a0d9517-3d09-4537-bbfb-9d12a031a65f","method":"GET","route":"/api/challenge/achievements/leaderboard"}
[wrangler:info] GET /api/challenge/achievements/leaderboard 500 Internal Server Error (32ms)
[wrangler:info] GET /favicon.png 304 Not Modified (15ms)
[wrangler:info] GET /assets/256-teams-icon.svg 304 Not Modified (15ms)
{"type":"worker-request-complete","timestamp":"2026-08-01T23:06:48.048Z","requestId":"1a0d9517-3d09-4537-bbfb-9d12a031a65f","method":"GET","route":"/api/challenge/achievements/leaderboard","status":500,"elapsedMs":28}
[wrangler:info] GET /assets/256-teams-icon.svg 304 Not Modified (5ms)
{"type":"worker-request","timestamp":"2026-08-01T23:06:50.091Z","requestId":"aaf76b78-8a4b-4dc5-b650-2bcb33fa25b2","method":"POST","route":"/api/challenge/achievements/ucl"}
[wrangler:info] POST /api/challenge/achievements/ucl 500 Internal Server Error (8ms)
{"type":"worker-request-complete","timestamp":"2026-08-01T23:06:50.097Z","requestId":"aaf76b78-8a4b-4dc5-b650-2bcb33fa25b2","method":"POST","route":"/api/challenge/achievements/ucl","status":500,"elapsedMs":6}
{"type":"worker-request","timestamp":"2026-08-01T23:06:50.103Z","requestId":"f964bc7c-01a3-44d1-b833-8d46093c04bd","method":"GET","route":"/api/challenge/achievements/ucl"}
{"type":"worker-request-complete","timestamp":"2026-08-01T23:06:50.110Z","requestId":"f964bc7c-01a3-44d1-b833-8d46093c04bd","method":"GET","route":"/api/challenge/achievements/ucl","status":500,"elapsedMs":7}
[wrangler:info] GET /api/challenge/achievements/ucl 500 Internal Server Error (10ms)
[wrangler:info] GET /assets/ucl-26-27/badges/manchester-united.png 304 Not Modified (17ms)
[wrangler:info] GET /assets/ucl-26-27/badges/liverpool.png 304 Not Modified (16ms)
[wrangler:info] GET /assets/ucl-26-27/badges/sporting-cp.png 304 Not Modified (24ms)
[wrangler:info] GET /assets/ucl-26-27/badges/rb-leipzig.png 304 Not Modified (23ms)
[wrangler:info] GET /assets/ucl-26-27/badges/psv-eindhoven.png 304 Not Modified (30ms)
[wrangler:info] GET /assets/ucl-26-27/badges/feyenoord.png 304 Not Modified (33ms)
[wrangler:info] GET /assets/ucl-26-27/badges/lille.png 304 Not Modified (10ms)
[wrangler:info] GET /assets/ucl-26-27/badges/stuttgart.png 304 Not Modified (30ms)
[wrangler:info] GET /assets/ucl-26-27/badges/gnk-dinamo-zagreb.png 304 Not Modified (29ms)
[wrangler:info] GET /assets/ucl-26-27/badges/crvena-zvezda.svg 304 Not Modified (30ms)
[wrangler:info] GET /assets/ucl-26-27/badges/agf-aarhus.png 304 Not Modified (34ms)
[wrangler:info] GET /assets/ucl-26-27/badges/nk-celje.png 304 Not Modified (38ms)
[wrangler:info] GET /assets/ucl-26-27/badges/slovan-bratislava.svg 304 Not Modified (38ms)
[wrangler:info] GET /assets/ucl-26-27/badges/olympique-lyonnais.png 304 Not Modified (38ms)
[wrangler:info] GET /assets/ucl-26-27/badges/olympiacos.svg 304 Not Modified (41ms)
{"type":"worker-request","timestamp":"2026-08-01T23:06:56.293Z","requestId":"8d96f768-c0ed-4f13-9680-5f6cb9edef6c","method":"POST","route":"/api/challenge/achievements/ucl"}
{"type":"worker-request-complete","timestamp":"2026-08-01T23:06:56.302Z","requestId":"8d96f768-c0ed-4f13-9680-5f6cb9edef6c","method":"POST","route":"/api/challenge/achievements/ucl","status":500,"elapsedMs":9}
[wrangler:info] POST /api/challenge/achievements/ucl 500 Internal Server Error (13ms)
{"type":"worker-request","timestamp":"2026-08-01T23:06:58.534Z","requestId":"b131cfb8-46f0-417b-8360-fc5e70d636c4","method":"POST","route":"/api/challenge/achievements/ucl"}
[wrangler:info] POST /api/challenge/achievements/ucl 500 Internal Server Error (13ms)
{"type":"worker-request-complete","timestamp":"2026-08-01T23:06:58.544Z","requestId":"b131cfb8-46f0-417b-8360-fc5e70d636c4","method":"POST","route":"/api/challenge/achievements/ucl","status":500,"elapsedMs":10}
{"type":"worker-request","timestamp":"2026-08-01T23:06:59.403Z","requestId":"fe11b562-9f6d-4b5a-8baf-c1f3a8c8f8cf","method":"POST","route":"/api/challenge/achievements/ucl"}
[wrangler:info] POST /api/challenge/achievements/ucl 500 Internal Server Error (13ms)
{"type":"worker-request-complete","timestamp":"2026-08-01T23:06:59.413Z","requestId":"fe11b562-9f6d-4b5a-8baf-c1f3a8c8f8cf","method":"POST","route":"/api/challenge/achievements/ucl","status":500,"elapsedMs":10}
[wrangler:info] GET /assets/audio/penalty-whistle.mp3 304 Not Modified (16ms)
[wrangler:info] GET /assets/audio/full-time-whistle.mp3 304 Not Modified (31ms)
{"type":"worker-request","timestamp":"2026-08-01T23:06:59.603Z","requestId":"d11fbeb6-0832-4b15-b5df-08d26310db14","method":"POST","route":"/api/challenge/achievements/ucl"}
[wrangler:info] POST /api/challenge/achievements/ucl 500 Internal Server Error (13ms)
{"type":"worker-request-complete","timestamp":"2026-08-01T23:06:59.611Z","requestId":"d11fbeb6-0832-4b15-b5df-08d26310db14","method":"POST","route":"/api/challenge/achievements/ucl","status":500,"elapsedMs":8}
{"type":"worker-request","timestamp":"2026-08-01T23:06:59.744Z","requestId":"4d2c163c-8217-4002-9d3b-8b7383886a96","method":"POST","route":"/api/challenge/achievements/ucl"}
[wrangler:info] POST /api/challenge/achievements/ucl 500 Internal Server Error (12ms)
{"type":"worker-request-complete","timestamp":"2026-08-01T23:06:59.752Z","requestId":"4d2c163c-8217-4002-9d3b-8b7383886a96","method":"POST","route":"/api/challenge/achievements/ucl","status":500,"elapsedMs":8}
{"type":"worker-request","timestamp":"2026-08-01T23:06:59.903Z","requestId":"7639fd16-a767-43c5-bd3a-a44cf376fd67","method":"POST","route":"/api/challenge/achievements/ucl"}
[wrangler:info] POST /api/challenge/achievements/ucl 500 Internal Server Error (13ms)
{"type":"worker-request-complete","timestamp":"2026-08-01T23:06:59.912Z","requestId":"7639fd16-a767-43c5-bd3a-a44cf376fd67","method":"POST","route":"/api/challenge/achievements/ucl","status":500,"elapsedMs":9}
{"type":"worker-request","timestamp":"2026-08-01T23:07:00.059Z","requestId":"ff892eff-5600-4aa7-a000-ec58592f71bc","method":"POST","route":"/api/challenge/achievements/ucl"}
[wrangler:info] POST /api/challenge/achievements/ucl 500 Internal Server Error (9ms)
{"type":"worker-request-complete","timestamp":"2026-08-01T23:07:00.064Z","requestId":"ff892eff-5600-4aa7-a000-ec58592f71bc","method":"POST","route":"/api/challenge/achievements/ucl","status":500,"elapsedMs":5}
{"type":"worker-request","timestamp":"2026-08-01T23:07:00.200Z","requestId":"39035682-4796-41a4-a4fd-f8f51996e4ac","method":"POST","route":"/api/challenge/achievements/ucl"}
[wrangler:info] POST /api/challenge/achievements/ucl 500 Internal Server Error (25ms)
{"type":"worker-request-complete","timestamp":"2026-08-01T23:07:00.216Z","requestId":"39035682-4796-41a4-a4fd-f8f51996e4ac","method":"POST","route":"/api/challenge/achievements/ucl","status":500,"elapsedMs":16}
{"type":"worker-request","timestamp":"2026-08-01T23:07:00.335Z","requestId":"934a1cff-9551-4530-abe1-2d3fba91bead","method":"POST","route":"/api/challenge/achievements/ucl"}
[wrangler:info] POST /api/challenge/achievements/ucl 500 Internal Server Error (13ms)
{"type":"worker-request-complete","timestamp":"2026-08-01T23:07:00.344Z","requestId":"934a1cff-9551-4530-abe1-2d3fba91bead","method":"POST","route":"/api/challenge/achievements/ucl","status":500,"elapsedMs":9}
{"type":"worker-request","timestamp":"2026-08-01T23:07:00.492Z","requestId":"92132ebc-c715-40d1-a8b2-7b4f878b592d","method":"POST","route":"/api/challenge/achievements/ucl"}
[wrangler:info] POST /api/challenge/achievements/ucl 500 Internal Server Error (13ms)
{"type":"worker-request-complete","timestamp":"2026-08-01T23:07:00.501Z","requestId":"92132ebc-c715-40d1-a8b2-7b4f878b592d","method":"POST","route":"/api/challenge/achievements/ucl","status":500,"elapsedMs":9}
{"type":"worker-request","timestamp":"2026-08-01T23:07:00.669Z","requestId":"95c39f03-c87f-4a54-9ab0-5d6e0280c116","method":"POST","route":"/api/challenge/achievements/ucl"}
[wrangler:info] POST /api/challenge/achievements/ucl 500 Internal Server Error (9ms)
{"type":"worker-request-complete","timestamp":"2026-08-01T23:07:00.675Z","requestId":"95c39f03-c87f-4a54-9ab0-5d6e0280c116","method":"POST","route":"/api/challenge/achievements/ucl","status":500,"elapsedMs":6}
{"type":"worker-request","timestamp":"2026-08-01T23:07:00.823Z","requestId":"0e3bc5fc-a0e0-4804-a2f0-620fe2ad5deb","method":"POST","route":"/api/challenge/achievements/ucl"}
[wrangler:info] POST /api/challenge/achievements/ucl 500 Internal Server Error (15ms)
{"type":"worker-request-complete","timestamp":"2026-08-01T23:07:00.833Z","requestId":"0e3bc5fc-a0e0-4804-a2f0-620fe2ad5deb","method":"POST","route":"/api/challenge/achievements/ucl","status":500,"elapsedMs":10}
{"type":"worker-request","timestamp":"2026-08-01T23:07:00.964Z","requestId":"61f86c98-7571-40b2-8691-14d6324a8bea","method":"POST","route":"/api/challenge/achievements/ucl"}
[wrangler:info] POST /api/challenge/achievements/ucl 500 Internal Server Error (36ms)
{"type":"worker-request-complete","timestamp":"2026-08-01T23:07:00.995Z","requestId":"61f86c98-7571-40b2-8691-14d6324a8bea","method":"POST","route":"/api/challenge/achievements/ucl","status":500,"elapsedMs":31}
{"type":"worker-request","timestamp":"2026-08-01T23:07:01.104Z","requestId":"856bac56-4400-4078-9912-069611077e4f","method":"POST","route":"/api/challenge/achievements/ucl"}
[wrangler:info] POST /api/challenge/achievements/ucl 500 Internal Server Error (27ms)
{"type":"worker-request-complete","timestamp":"2026-08-01T23:07:01.115Z","requestId":"856bac56-4400-4078-9912-069611077e4f","method":"POST","route":"/api/challenge/achievements/ucl","status":500,"elapsedMs":11}
{"type":"worker-request","timestamp":"2026-08-01T23:07:01.348Z","requestId":"44c3fca6-4ce2-4dfd-87ad-38db4de9d1c4","method":"POST","route":"/api/challenge/achievements/ucl"}
[wrangler:info] POST /api/challenge/achievements/ucl 500 Internal Server Error (19ms)
{"type":"worker-request-complete","timestamp":"2026-08-01T23:07:01.363Z","requestId":"44c3fca6-4ce2-4dfd-87ad-38db4de9d1c4","method":"POST","route":"/api/challenge/achievements/ucl","status":500,"elapsedMs":15}
{"type":"worker-request","timestamp":"2026-08-01T23:07:01.502Z","requestId":"1dadf30f-0303-41c3-aed9-7b606e517b9b","method":"POST","route":"/api/challenge/achievements/ucl"}
[wrangler:info] POST /api/challenge/achievements/ucl 500 Internal Server Error (14ms)
{"type":"worker-request-complete","timestamp":"2026-08-01T23:07:01.511Z","requestId":"1dadf30f-0303-41c3-aed9-7b606e517b9b","method":"POST","route":"/api/challenge/achievements/ucl","status":500,"elapsedMs":9}
{"type":"worker-request","timestamp":"2026-08-01T23:07:01.618Z","requestId":"e1096f5f-39d2-4402-9070-90f768e2c5b6","method":"POST","route":"/api/challenge/achievements/ucl"}
[wrangler:info] POST /api/challenge/achievements/ucl 500 Internal Server Error (11ms)
{"type":"worker-request-complete","timestamp":"2026-08-01T23:07:01.626Z","requestId":"e1096f5f-39d2-4402-9070-90f768e2c5b6","method":"POST","route":"/api/challenge/achievements/ucl","status":500,"elapsedMs":8}
{"type":"worker-request","timestamp":"2026-08-01T23:07:02.001Z","requestId":"ea4f4e56-b8af-45a1-926e-4cf7aab0e686","method":"POST","route":"/api/challenge/achievements/ucl"}
[wrangler:info] POST /api/challenge/achievements/ucl 500 Internal Server Error (12ms)
{"type":"worker-request-complete","timestamp":"2026-08-01T23:07:02.010Z","requestId":"ea4f4e56-b8af-45a1-926e-4cf7aab0e686","method":"POST","route":"/api/challenge/achievements/ucl","status":500,"elapsedMs":9}
{"type":"worker-request","timestamp":"2026-08-01T23:07:02.137Z","requestId":"9c65cc9e-d8ab-4f32-a4bf-125e3f8f6f72","method":"POST","route":"/api/challenge/achievements/ucl"}
[wrangler:info] POST /api/challenge/achievements/ucl 500 Internal Server Error (14ms)
{"type":"worker-request-complete","timestamp":"2026-08-01T23:07:02.147Z","requestId":"9c65cc9e-d8ab-4f32-a4bf-125e3f8f6f72","method":"POST","route":"/api/challenge/achievements/ucl","status":500,"elapsedMs":10}
{"type":"worker-request","timestamp":"2026-08-01T23:07:02.303Z","requestId":"d290deb8-efa7-4ed8-afcd-896409de560b","method":"POST","route":"/api/challenge/achievements/ucl"}
[wrangler:info] POST /api/challenge/achievements/ucl 500 Internal Server Error (9ms)
{"type":"worker-request-complete","timestamp":"2026-08-01T23:07:02.309Z","requestId":"d290deb8-efa7-4ed8-afcd-896409de560b","method":"POST","route":"/api/challenge/achievements/ucl","status":500,"elapsedMs":6}
{"type":"worker-request","timestamp":"2026-08-01T23:07:02.461Z","requestId":"a65a2a3f-3fd7-41df-9b28-0a481cd2981e","method":"POST","route":"/api/challenge/achievements/ucl"}
[wrangler:info] POST /api/challenge/achievements/ucl 500 Internal Server Error (16ms)
{"type":"worker-request-complete","timestamp":"2026-08-01T23:07:02.470Z","requestId":"a65a2a3f-3fd7-41df-9b28-0a481cd2981e","method":"POST","route":"/api/challenge/achievements/ucl","status":500,"elapsedMs":9}
{"type":"worker-request","timestamp":"2026-08-01T23:07:02.589Z","requestId":"a2387a5a-e032-4270-ad7a-6519ac4f89c1","method":"POST","route":"/api/challenge/achievements/ucl"}
[wrangler:info] POST /api/challenge/achievements/ucl 500 Internal Server Error (18ms)
{"type":"worker-request-complete","timestamp":"2026-08-01T23:07:02.602Z","requestId":"a2387a5a-e032-4270-ad7a-6519ac4f89c1","method":"POST","route":"/api/challenge/achievements/ucl","status":500,"elapsedMs":13}
{"type":"worker-request","timestamp":"2026-08-01T23:07:02.733Z","requestId":"d20c8b39-e04e-4945-86dd-ed2ce3b2ebd8","method":"POST","route":"/api/challenge/achievements/ucl"}
[wrangler:info] POST /api/challenge/achievements/ucl 500 Internal Server Error (13ms)
{"type":"worker-request-complete","timestamp":"2026-08-01T23:07:02.743Z","requestId":"d20c8b39-e04e-4945-86dd-ed2ce3b2ebd8","method":"POST","route":"/api/challenge/achievements/ucl","status":500,"elapsedMs":10}
{"type":"worker-request","timestamp":"2026-08-01T23:07:02.937Z","requestId":"a2508f17-9aa9-496e-b7ff-7e11f5f84832","method":"POST","route":"/api/challenge/achievements/ucl"}
[wrangler:info] POST /api/challenge/achievements/ucl 500 Internal Server Error (14ms)
{"type":"worker-request-complete","timestamp":"2026-08-01T23:07:02.948Z","requestId":"a2508f17-9aa9-496e-b7ff-7e11f5f84832","method":"POST","route":"/api/challenge/achievements/ucl","status":500,"elapsedMs":11}
{"type":"worker-request","timestamp":"2026-08-01T23:07:03.137Z","requestId":"2357de97-a362-4de9-9ab5-18310c519a5f","method":"POST","route":"/api/challenge/achievements/ucl"}
[wrangler:info] POST /api/challenge/achievements/ucl 500 Internal Server Error (14ms)
{"type":"worker-request-complete","timestamp":"2026-08-01T23:07:03.146Z","requestId":"2357de97-a362-4de9-9ab5-18310c519a5f","method":"POST","route":"/api/challenge/achievements/ucl","status":500,"elapsedMs":9}
{"type":"worker-request","timestamp":"2026-08-01T23:07:03.302Z","requestId":"d0328b33-cb26-469c-92f6-9b8bf23b8373","method":"POST","route":"/api/challenge/achievements/ucl"}
[wrangler:info] POST /api/challenge/achievements/ucl 500 Internal Server Error (14ms)
{"type":"worker-request-complete","timestamp":"2026-08-01T23:07:03.313Z","requestId":"d0328b33-cb26-469c-92f6-9b8bf23b8373","method":"POST","route":"/api/challenge/achievements/ucl","status":500,"elapsedMs":11}
{"type":"worker-request","timestamp":"2026-08-01T23:07:03.825Z","requestId":"3c150e6a-726d-45e9-8ad2-091820c0c1d7","method":"POST","route":"/api/challenge/achievements/ucl"}
[wrangler:info] POST /api/challenge/achievements/ucl 500 Internal Server Error (12ms)
{"type":"worker-request-complete","timestamp":"2026-08-01T23:07:03.833Z","requestId":"3c150e6a-726d-45e9-8ad2-091820c0c1d7","method":"POST","route":"/api/challenge/achievements/ucl","status":500,"elapsedMs":8}
{"type":"worker-request","timestamp":"2026-08-01T23:07:08.723Z","requestId":"bfde344b-ca03-4228-9f42-0211f517c983","method":"POST","route":"/api/challenge/achievements/ucl"}
[wrangler:info] POST /api/challenge/achievements/ucl 500 Internal Server Error (14ms)
{"type":"worker-request-complete","timestamp":"2026-08-01T23:07:08.732Z","requestId":"bfde344b-ca03-4228-9f42-0211f517c983","method":"POST","route":"/api/challenge/achievements/ucl","status":500,"elapsedMs":9}
{"type":"worker-request","timestamp":"2026-08-01T23:07:09.530Z","requestId":"58304b96-147c-4a53-a1ae-389a55301570","method":"POST","route":"/api/challenge/achievements/ucl"}
[wrangler:info] POST /api/challenge/achievements/ucl 500 Internal Server Error (15ms)
{"type":"worker-request-complete","timestamp":"2026-08-01T23:07:09.539Z","requestId":"58304b96-147c-4a53-a1ae-389a55301570","method":"POST","route":"/api/challenge/achievements/ucl","status":500,"elapsedMs":9}
{"type":"worker-request","timestamp":"2026-08-01T23:07:09.833Z","requestId":"85698223-8ef1-4c49-a22a-af67a586531a","method":"POST","route":"/api/challenge/achievements/ucl"}
[wrangler:info] POST /api/challenge/achievements/ucl 500 Internal Server Error (12ms)
{"type":"worker-request-complete","timestamp":"2026-08-01T23:07:09.841Z","requestId":"85698223-8ef1-4c49-a22a-af67a586531a","method":"POST","route":"/api/challenge/achievements/ucl","status":500,"elapsedMs":8}
{"type":"worker-request","timestamp":"2026-08-01T23:07:11.065Z","requestId":"41c7207b-9603-4428-ae54-493162cd9a0f","method":"POST","route":"/api/challenge/achievements/ucl"}
[wrangler:info] POST /api/challenge/achievements/ucl 500 Internal Server Error (21ms)
{"type":"worker-request-complete","timestamp":"2026-08-01T23:07:11.081Z","requestId":"41c7207b-9603-4428-ae54-493162cd9a0f","method":"POST","route":"/api/challenge/achievements/ucl","status":500,"elapsedMs":16}
{"type":"worker-request","timestamp":"2026-08-01T23:07:12.280Z","requestId":"d9905219-1cc9-47f0-aa62-29c2d7204b20","method":"POST","route":"/api/challenge/achievements/ucl"}
[wrangler:info] POST /api/challenge/achievements/ucl 500 Internal Server Error (16ms)
{"type":"worker-request-complete","timestamp":"2026-08-01T23:07:12.292Z","requestId":"d9905219-1cc9-47f0-aa62-29c2d7204b20","method":"POST","route":"/api/challenge/achievements/ucl","status":500,"elapsedMs":12}
{"type":"worker-request","timestamp":"2026-08-01T23:07:14.887Z","requestId":"7a386082-3481-435b-8f9c-58b8589538bc","method":"POST","route":"/api/challenge/achievements/ucl"}
[wrangler:info] POST /api/challenge/achievements/ucl 500 Internal Server Error (15ms)
{"type":"worker-request-complete","timestamp":"2026-08-01T23:07:14.897Z","requestId":"7a386082-3481-435b-8f9c-58b8589538bc","method":"POST","route":"/api/challenge/achievements/ucl","status":500,"elapsedMs":10}
{"type":"worker-request","timestamp":"2026-08-01T23:07:15.526Z","requestId":"29a8b5fc-999e-419e-8b27-638ef23c5987","method":"POST","route":"/api/challenge/achievements/ucl"}
[wrangler:info] POST /api/challenge/achievements/ucl 500 Internal Server Error (13ms)
{"type":"worker-request-complete","timestamp":"2026-08-01T23:07:15.535Z","requestId":"29a8b5fc-999e-419e-8b27-638ef23c5987","method":"POST","route":"/api/challenge/achievements/ucl","status":500,"elapsedMs":9}
{"type":"worker-request","timestamp":"2026-08-01T23:07:16.731Z","requestId":"af930c61-7d98-4531-b240-dc494b03336e","method":"POST","route":"/api/challenge/achievements/ucl"}
[wrangler:info] POST /api/challenge/achievements/ucl 500 Internal Server Error (9ms)
{"type":"worker-request-complete","timestamp":"2026-08-01T23:07:16.737Z","requestId":"af930c61-7d98-4531-b240-dc494b03336e","method":"POST","route":"/api/challenge/achievements/ucl","status":500,"elapsedMs":6}
{"type":"worker-request","timestamp":"2026-08-01T23:07:16.898Z","requestId":"6f9b207d-8d89-4dd3-b3fa-09a6ea2fbd7e","method":"POST","route":"/api/challenge/achievements/ucl"}
[wrangler:info] POST /api/challenge/achievements/ucl 500 Internal Server Error (9ms)
{"type":"worker-request-complete","timestamp":"2026-08-01T23:07:16.903Z","requestId":"6f9b207d-8d89-4dd3-b3fa-09a6ea2fbd7e","method":"POST","route":"/api/challenge/achievements/ucl","status":500,"elapsedMs":5}
{"type":"worker-request","timestamp":"2026-08-01T23:07:17.069Z","requestId":"0275b2bc-5190-4a00-a8b2-3ad2937df8ca","method":"POST","route":"/api/challenge/achievements/ucl"}
[wrangler:info] POST /api/challenge/achievements/ucl 500 Internal Server Error (10ms)
{"type":"worker-request-complete","timestamp":"2026-08-01T23:07:17.076Z","requestId":"0275b2bc-5190-4a00-a8b2-3ad2937df8ca","method":"POST","route":"/api/challenge/achievements/ucl","status":500,"elapsedMs":7}
{"type":"worker-request","timestamp":"2026-08-01T23:07:17.228Z","requestId":"62da2615-dfa8-427b-a40c-6e88112ba2fc","method":"POST","route":"/api/challenge/achievements/ucl"}
[wrangler:info] POST /api/challenge/achievements/ucl 500 Internal Server Error (11ms)
{"type":"worker-request-complete","timestamp":"2026-08-01T23:07:17.235Z","requestId":"62da2615-dfa8-427b-a40c-6e88112ba2fc","method":"POST","route":"/api/challenge/achievements/ucl","status":500,"elapsedMs":7}
{"type":"worker-request","timestamp":"2026-08-01T23:07:17.412Z","requestId":"957410df-7732-4ecf-820e-c24d2b8e3523","method":"POST","route":"/api/challenge/achievements/ucl"}
[wrangler:info] POST /api/challenge/achievements/ucl 500 Internal Server Error (10ms)
{"type":"worker-request-complete","timestamp":"2026-08-01T23:07:17.419Z","requestId":"957410df-7732-4ecf-820e-c24d2b8e3523","method":"POST","route":"/api/challenge/achievements/ucl","status":500,"elapsedMs":7}
{"type":"worker-request","timestamp":"2026-08-01T23:07:17.638Z","requestId":"3532bc73-7c2c-4482-831d-9607cd534e16","method":"POST","route":"/api/challenge/achievements/ucl"}
[wrangler:info] POST /api/challenge/achievements/ucl 500 Internal Server Error (13ms)
{"type":"worker-request-complete","timestamp":"2026-08-01T23:07:17.647Z","requestId":"3532bc73-7c2c-4482-831d-9607cd534e16","method":"POST","route":"/api/challenge/achievements/ucl","status":500,"elapsedMs":9}
{"type":"worker-request","timestamp":"2026-08-01T23:07:18.189Z","requestId":"8eba79c1-0de5-4e3a-9fb6-d7f84c953417","method":"POST","route":"/api/challenge/achievements/ucl"}
[wrangler:info] POST /api/challenge/achievements/ucl 500 Internal Server Error (12ms)
{"type":"worker-request-complete","timestamp":"2026-08-01T23:07:18.197Z","requestId":"8eba79c1-0de5-4e3a-9fb6-d7f84c953417","method":"POST","route":"/api/challenge/achievements/ucl","status":500,"elapsedMs":8}
{"type":"worker-request","timestamp":"2026-08-01T23:07:19.367Z","requestId":"9c5b4d91-7407-4193-96be-cce8eefc567b","method":"POST","route":"/api/challenge/achievements/ucl"}
{"type":"worker-request-complete","timestamp":"2026-08-01T23:07:19.382Z","requestId":"9c5b4d91-7407-4193-96be-cce8eefc567b","method":"POST","route":"/api/challenge/achievements/ucl","status":500,"elapsedMs":15}
[wrangler:info] POST /api/challenge/achievements/ucl 500 Internal Server Error (18ms)
⎔ Reloading local server...
[wrangler:info] ✨ Parsed 3 valid header rules.
⎔ Local server updated and ready
⎔ Reloading local server...
[wrangler:info] ✨ Parsed 3 valid header rules.
⎔ Local server updated and ready
{"type":"worker-request","timestamp":"2026-08-01T23:07:21.333Z","requestId":"ef129b8b-4726-446d-9158-ddfba3ea2b3e","method":"POST","route":"/api/challenge/achievements/ucl"}
[wrangler:info] POST /api/challenge/achievements/ucl 500 Internal Server Error (978ms)
{"type":"worker-request-complete","timestamp":"2026-08-01T23:07:21.422Z","requestId":"ef129b8b-4726-446d-9158-ddfba3ea2b3e","method":"POST","route":"/api/challenge/achievements/ucl","status":500,"elapsedMs":89}
{"type":"worker-request","timestamp":"2026-08-01T23:07:21.452Z","requestId":"4da3e6d1-ff77-483f-9c99-f1e56b440cf1","method":"POST","route":"/api/challenge/achievements/ucl"}
[wrangler:info] POST /api/challenge/achievements/ucl 500 Internal Server Error (12ms)
{"type":"worker-request-complete","timestamp":"2026-08-01T23:07:21.459Z","requestId":"4da3e6d1-ff77-483f-9c99-f1e56b440cf1","method":"POST","route":"/api/challenge/achievements/ucl","status":500,"elapsedMs":7}
{"type":"worker-request","timestamp":"2026-08-01T23:07:23.003Z","requestId":"00da67d1-6ac1-47b2-af14-0f89dac787ef","method":"POST","route":"/api/challenge/achievements/ucl"}
[wrangler:info] POST /api/challenge/achievements/ucl 500 Internal Server Error (12ms)
{"type":"worker-request-complete","timestamp":"2026-08-01T23:07:23.011Z","requestId":"00da67d1-6ac1-47b2-af14-0f89dac787ef","method":"POST","route":"/api/challenge/achievements/ucl","status":500,"elapsedMs":8}
{"type":"worker-request","timestamp":"2026-08-01T23:07:23.303Z","requestId":"79e0d025-a089-48da-bf1b-1afba512f2c9","method":"POST","route":"/api/challenge/achievements/ucl"}
[wrangler:info] POST /api/challenge/achievements/ucl 500 Internal Server Error (10ms)
{"type":"worker-request-complete","timestamp":"2026-08-01T23:07:23.309Z","requestId":"79e0d025-a089-48da-bf1b-1afba512f2c9","method":"POST","route":"/api/challenge/achievements/ucl","status":500,"elapsedMs":7}
{"type":"worker-request","timestamp":"2026-08-01T23:07:23.604Z","requestId":"1d388c24-b0bd-40a6-92de-7fa1dd3363d2","method":"POST","route":"/api/challenge/achievements/ucl"}
[wrangler:info] POST /api/challenge/achievements/ucl 500 Internal Server Error (11ms)
{"type":"worker-request-complete","timestamp":"2026-08-01T23:07:23.610Z","requestId":"1d388c24-b0bd-40a6-92de-7fa1dd3363d2","method":"POST","route":"/api/challenge/achievements/ucl","status":500,"elapsedMs":6}
{"type":"worker-request","timestamp":"2026-08-01T23:07:23.926Z","requestId":"5a482cb5-4d7c-4074-9122-b290bf22700f","method":"POST","route":"/api/challenge/achievements/ucl"}
[wrangler:info] POST /api/challenge/achievements/ucl 500 Internal Server Error (9ms)
{"type":"worker-request-complete","timestamp":"2026-08-01T23:07:23.932Z","requestId":"5a482cb5-4d7c-4074-9122-b290bf22700f","method":"POST","route":"/api/challenge/achievements/ucl","status":500,"elapsedMs":6}
{"type":"worker-request","timestamp":"2026-08-01T23:07:24.412Z","requestId":"ebd811a2-3173-45a9-8658-ec805841ff1f","method":"POST","route":"/api/challenge/achievements/ucl"}
[wrangler:info] POST /api/challenge/achievements/ucl 500 Internal Server Error (12ms)
{"type":"worker-request-complete","timestamp":"2026-08-01T23:07:24.421Z","requestId":"ebd811a2-3173-45a9-8658-ec805841ff1f","method":"POST","route":"/api/challenge/achievements/ucl","status":500,"elapsedMs":9}
{"type":"worker-request","timestamp":"2026-08-01T23:07:26.095Z","requestId":"c5cb632e-ef67-48d0-8748-4f17f5323902","method":"POST","route":"/api/challenge/achievements/ucl"}
[wrangler:info] POST /api/challenge/achievements/ucl 500 Internal Server Error (13ms)
{"type":"worker-request-complete","timestamp":"2026-08-01T23:07:26.104Z","requestId":"c5cb632e-ef67-48d0-8748-4f17f5323902","method":"POST","route":"/api/challenge/achievements/ucl","status":500,"elapsedMs":9}
{"type":"worker-request","timestamp":"2026-08-01T23:07:28.035Z","requestId":"016d8bf7-6f62-426c-9e45-76bc8810af49","method":"POST","route":"/api/challenge/achievements/ucl"}
[wrangler:info] POST /api/challenge/achievements/ucl 500 Internal Server Error (16ms)
{"type":"worker-request-complete","timestamp":"2026-08-01T23:07:28.045Z","requestId":"016d8bf7-6f62-426c-9e45-76bc8810af49","method":"POST","route":"/api/challenge/achievements/ucl","status":500,"elapsedMs":10}
{"type":"worker-request","timestamp":"2026-08-01T23:07:29.228Z","requestId":"133daaae-d63c-40aa-bde6-37d3100fdcf8","method":"POST","route":"/api/challenge/achievements/ucl"}
[wrangler:info] POST /api/challenge/achievements/ucl 500 Internal Server Error (9ms)
{"type":"worker-request-complete","timestamp":"2026-08-01T23:07:29.235Z","requestId":"133daaae-d63c-40aa-bde6-37d3100fdcf8","method":"POST","route":"/api/challenge/achievements/ucl","status":500,"elapsedMs":7}
[wrangler:info] GET /assets/pl-26-27/badges/chelsea.webp 304 Not Modified (122ms)
{"type":"worker-request","timestamp":"2026-08-01T23:07:37.562Z","requestId":"477338a0-5110-4284-b0a7-ddec03c9c894","method":"POST","route":"/api/challenge/achievements/ucl"}
[wrangler:info] POST /api/challenge/achievements/ucl 500 Internal Server Error (86ms)
{"type":"worker-request-complete","timestamp":"2026-08-01T23:07:37.641Z","requestId":"477338a0-5110-4284-b0a7-ddec03c9c894","method":"POST","route":"/api/challenge/achievements/ucl","status":500,"elapsedMs":79}
{"type":"worker-request","timestamp":"2026-08-01T23:07:38.731Z","requestId":"6419d8cc-f242-4b81-9f21-cb41ba9cecaf","method":"POST","route":"/api/challenge/achievements/ucl"}
[wrangler:info] POST /api/challenge/achievements/ucl 500 Internal Server Error (14ms)
{"type":"worker-request-complete","timestamp":"2026-08-01T23:07:38.741Z","requestId":"6419d8cc-f242-4b81-9f21-cb41ba9cecaf","method":"POST","route":"/api/challenge/achievements/ucl","status":500,"elapsedMs":10}
{"type":"worker-request","timestamp":"2026-08-01T23:07:42.693Z","requestId":"04ceaedc-ac81-4605-aea3-5868e28ae27e","method":"POST","route":"/api/challenge/achievements/ucl"}
[wrangler:info] POST /api/challenge/achievements/ucl 500 Internal Server Error (66ms)
{"type":"worker-request-complete","timestamp":"2026-08-01T23:07:42.743Z","requestId":"04ceaedc-ac81-4605-aea3-5868e28ae27e","method":"POST","route":"/api/challenge/achievements/ucl","status":500,"elapsedMs":50}
{"type":"worker-request","timestamp":"2026-08-01T23:08:21.242Z","requestId":"bd00f72c-9632-4997-afe1-04f9a2d9832a","method":"POST","route":"/api/challenge/achievements/ucl"}
{"type":"worker-request-complete","timestamp":"2026-08-01T23:08:21.476Z","requestId":"bd00f72c-9632-4997-afe1-04f9a2d9832a","method":"POST","route":"/api/challenge/achievements/ucl","status":500,"elapsedMs":234}
[wrangler:info] POST /api/challenge/achievements/ucl 500 Internal Server Error (254ms)
⎔ Reloading local server...
[wrangler:info] ✨ Parsed 3 valid header rules.
⎔ Local server updated and ready
⎔ Reloading local server...
[wrangler:info] ✨ Parsed 3 valid header rules.
⎔ Local server updated and ready
{"type":"worker-request","timestamp":"2026-08-01T23:18:52.857Z","requestId":"6a1af2a9-0646-47dc-9072-dc1882c4c1ec","method":"GET","route":"/ucl-simulator"}
{"type":"worker-request-complete","timestamp":"2026-08-01T23:18:52.924Z","requestId":"6a1af2a9-0646-47dc-9072-dc1882c4c1ec","method":"GET","route":"/ucl-simulator","status":200,"elapsedMs":67}
[wrangler:info] GET /ucl-simulator 200 OK (79ms)
[wrangler:info] GET /redirect.js 304 Not Modified (9ms)
[wrangler:info] GET /styles.css 304 Not Modified (25ms)
[wrangler:info] GET /ucl-simulator.css 200 OK (22ms)
[wrangler:info] GET /clean.css 304 Not Modified (43ms)
[wrangler:info] GET /premier-league.css 304 Not Modified (56ms)
[wrangler:info] GET /assets/flags/palestine.svg 304 Not Modified (58ms)
[wrangler:info] GET /assets/retro-world-cup-2014.png 304 Not Modified (73ms)
[wrangler:info] GET /assets/prem-logo.webp 304 Not Modified (23ms)
[wrangler:info] GET /assets/ucl-starball-white.png 304 Not Modified (46ms)
[wrangler:info] GET /data.js 304 Not Modified (61ms)
[wrangler:info] GET /retro-data.js 304 Not Modified (87ms)
[wrangler:info] GET /retro-2006-squads.js 304 Not Modified (123ms)
[wrangler:info] GET /retro-2006-schedule.js 304 Not Modified (137ms)
[wrangler:info] GET /player-pools.generated.js 304 Not Modified (188ms)
[wrangler:info] GET /retro-2010-squads.js 304 Not Modified (200ms)
[wrangler:info] GET /retro-2010-schedule.js 304 Not Modified (189ms)
[wrangler:info] GET /retro-2014-squads.js 304 Not Modified (196ms)
[wrangler:info] GET /retro-2014-schedule.js 304 Not Modified (186ms)
[wrangler:info] GET /retro-euro-2016-squads.js 304 Not Modified (202ms)
[wrangler:info] GET /retro-euro-2016-schedule.js 304 Not Modified (183ms)
[wrangler:info] GET /retro-2018-squads.js 304 Not Modified (174ms)
[wrangler:info] GET /retro-2018-schedule.js 304 Not Modified (178ms)
[wrangler:info] GET /retro-2022-squads.js 304 Not Modified (180ms)
[wrangler:info] GET /retro-2022-schedule.js 304 Not Modified (181ms)
[wrangler:info] GET /retro-2026-squads.js 304 Not Modified (191ms)
[wrangler:info] GET /retro-2026-schedule.js 304 Not Modified (198ms)
[wrangler:info] GET /retro-engine.js 304 Not Modified (189ms)
[wrangler:info] GET /presentation-engine.js 304 Not Modified (187ms)
[wrangler:info] GET /simulation-engine.js 304 Not Modified (177ms)
[wrangler:info] GET /legacy-data/catalog.generated.js 200 OK (176ms)
[wrangler:info] GET /premier-league-squads.generated.js 304 Not Modified (140ms)
{"type":"worker-request","timestamp":"2026-08-01T23:18:53.849Z","requestId":"94807d15-6c25-41cf-b472-f45a8182404b","method":"GET","route":"/premier-league-fc26-ratings.js"}
{"type":"worker-request-complete","timestamp":"2026-08-01T23:18:53.851Z","requestId":"94807d15-6c25-41cf-b472-f45a8182404b","method":"GET","route":"/premier-league-fc26-ratings.js","status":404,"elapsedMs":2}
[wrangler:info] GET /premier-league-fc26-ratings.js 404 Not Found (126ms)
[wrangler:info] GET /premier-league-data.js 304 Not Modified (124ms)
[wrangler:info] GET /ucl-draw-solver.js 304 Not Modified (116ms)
[wrangler:info] GET /ucl-engine.js 304 Not Modified (110ms)
[wrangler:info] GET /ucl-squads.generated.js 304 Not Modified (105ms)
[wrangler:info] GET /app.js 200 OK (308ms)
[wrangler:info] GET /premier-league.js 304 Not Modified (316ms)
[wrangler:info] GET /ucl-simulator.js 200 OK (303ms)
[wrangler:info] GET /challenge.js 304 Not Modified (307ms)
[wrangler:info] GET /site.webmanifest 304 Not Modified (276ms)
[wrangler:info] GET /analytics.js 304 Not Modified (42ms)
[wrangler:info] GET /assets/world-cup-2026-logo.png 304 Not Modified (16ms)
[wrangler:info] GET /assets/ucl-26-27/badges/barcelona.png 304 Not Modified (30ms)
[wrangler:info] GET /assets/ucl-26-27/badges/feyenoord.png 304 Not Modified (44ms)
[wrangler:info] GET /assets/ucl-26-27/badges/agf-aarhus.png 304 Not Modified (59ms)
[wrangler:info] GET /assets/ucl-26-27/badges/atletico-madrid.png 304 Not Modified (75ms)
[wrangler:info] GET /assets/ucl-26-27/badges/club-brugge.png 304 Not Modified (84ms)
[wrangler:info] GET /assets/ucl-26-27/badges/slovan-bratislava.svg 304 Not Modified (102ms)
{"type":"worker-request","timestamp":"2026-08-01T23:18:54.465Z","requestId":"cfbd0834-27ce-419b-8a3b-ed3ec1512718","method":"GET","route":"/api/challenge"}
{"type":"worker-request-complete","timestamp":"2026-08-01T23:18:54.512Z","requestId":"cfbd0834-27ce-419b-8a3b-ed3ec1512718","method":"GET","route":"/api/challenge","status":200,"elapsedMs":47}
[wrangler:info] GET /api/challenge 200 OK (141ms)
[wrangler:info] GET /assets/ucl-26-27/badges/borussia-dortmund.png 304 Not Modified (161ms)
[wrangler:info] GET /assets/ucl-26-27/badges/napoli-2007.png 304 Not Modified (156ms)
[wrangler:info] GET /assets/ucl-26-27/badges/paris-saint-germain.png 304 Not Modified (155ms)
[wrangler:info] GET /assets/ucl-26-27/badges/bayern-munich.png 304 Not Modified (157ms)
[wrangler:info] GET /assets/ucl-26-27/badges/real-madrid.png 304 Not Modified (153ms)
[wrangler:info] GET /assets/ucl-26-27/badges/aston-villa.png 304 Not Modified (83ms)
[wrangler:info] GET /assets/ucl-26-27/badges/arsenal.png 304 Not Modified (81ms)
[wrangler:info] GET /assets/ucl-26-27/badges/manchester-united.png 304 Not Modified (82ms)
[wrangler:info] GET /assets/ucl-26-27/badges/manchester-city.png 304 Not Modified (76ms)
[wrangler:info] GET /assets/ucl-26-27/badges/liverpool.png 304 Not Modified (78ms)
[wrangler:info] GET /assets/256-teams-icon.svg 304 Not Modified (69ms)
{"type":"worker-request","timestamp":"2026-08-01T23:18:54.711Z","requestId":"4c1f60c8-5e60-4a10-95e4-497a08627c25","method":"POST","route":"/api/challenge/achievements/retro-2022"}
{"type":"worker-request-complete","timestamp":"2026-08-01T23:18:54.726Z","requestId":"4c1f60c8-5e60-4a10-95e4-497a08627c25","method":"POST","route":"/api/challenge/achievements/retro-2022","status":200,"elapsedMs":15}
[wrangler:info] POST /api/challenge/achievements/retro-2022 200 OK (32ms)
{"type":"worker-request","timestamp":"2026-08-01T23:18:54.729Z","requestId":"1f3194cc-7129-4dd7-872a-17fbecdd0991","method":"POST","route":"/api/challenge/achievements/retro-2014"}
{"type":"worker-request-complete","timestamp":"2026-08-01T23:18:54.741Z","requestId":"1f3194cc-7129-4dd7-872a-17fbecdd0991","method":"POST","route":"/api/challenge/achievements/retro-2014","status":200,"elapsedMs":12}
[wrangler:info] POST /api/challenge/achievements/retro-2014 200 OK (48ms)
{"type":"worker-request","timestamp":"2026-08-01T23:18:54.743Z","requestId":"81833e67-e34a-4271-b1eb-3d1fba2518b3","method":"POST","route":"/api/challenge/achievements/retro-2006"}
{"type":"worker-request-complete","timestamp":"2026-08-01T23:18:54.755Z","requestId":"81833e67-e34a-4271-b1eb-3d1fba2518b3","method":"POST","route":"/api/challenge/achievements/retro-2006","status":200,"elapsedMs":12}
[wrangler:info] POST /api/challenge/achievements/retro-2006 200 OK (63ms)
{"type":"worker-request","timestamp":"2026-08-01T23:18:54.757Z","requestId":"d4c5aea6-c85c-411f-b0fc-214a2276483d","method":"GET","route":"/api/challenge/custom-teams"}
{"type":"worker-request-complete","timestamp":"2026-08-01T23:18:54.763Z","requestId":"d4c5aea6-c85c-411f-b0fc-214a2276483d","method":"GET","route":"/api/challenge/custom-teams","status":200,"elapsedMs":6}
[wrangler:info] GET /api/challenge/custom-teams 200 OK (75ms)
{"type":"worker-request","timestamp":"2026-08-01T23:18:54.766Z","requestId":"d148a240-b335-4c13-bf7b-01da4eb12ce8","method":"POST","route":"/api/challenge/achievements/retro-2018"}
{"type":"worker-request-complete","timestamp":"2026-08-01T23:18:54.779Z","requestId":"d148a240-b335-4c13-bf7b-01da4eb12ce8","method":"POST","route":"/api/challenge/achievements/retro-2018","status":200,"elapsedMs":13}
[wrangler:info] POST /api/challenge/achievements/retro-2018 200 OK (74ms)
{"type":"worker-request","timestamp":"2026-08-01T23:18:54.782Z","requestId":"25a9cdf8-e47c-464a-88cd-b488a07262d4","method":"POST","route":"/api/challenge/achievements/retro-2022"}
{"type":"worker-request-complete","timestamp":"2026-08-01T23:18:54.792Z","requestId":"25a9cdf8-e47c-464a-88cd-b488a07262d4","method":"POST","route":"/api/challenge/achievements/retro-2022","status":200,"elapsedMs":10}
[wrangler:info] POST /api/challenge/achievements/retro-2022 200 OK (82ms)
{"type":"worker-request","timestamp":"2026-08-01T23:18:54.797Z","requestId":"d4988965-d6e1-490a-8eaf-c4a1be714177","method":"POST","route":"/api/challenge/achievements/premier-league"}
{"type":"worker-request","timestamp":"2026-08-01T23:18:54.802Z","requestId":"7139b9de-1f5f-4553-8b87-27f6db7ed163","method":"POST","route":"/api/challenge/achievements/ucl"}
[wrangler:info] GET /assets/256-teams-icon.svg 304 Not Modified (12ms)
{"type":"worker-request-complete","timestamp":"2026-08-01T23:18:54.822Z","requestId":"d4988965-d6e1-490a-8eaf-c4a1be714177","method":"POST","route":"/api/challenge/achievements/premier-league","status":200,"elapsedMs":25}
[wrangler:info] POST /api/challenge/achievements/premier-league 200 OK (30ms)
[wrangler:info] POST /api/challenge/achievements/ucl 500 Internal Server Error (85ms)
{"type":"worker-request-complete","timestamp":"2026-08-01T23:18:54.881Z","requestId":"7139b9de-1f5f-4553-8b87-27f6db7ed163","method":"POST","route":"/api/challenge/achievements/ucl","status":500,"elapsedMs":78}
{"type":"worker-request","timestamp":"2026-08-01T23:18:54.891Z","requestId":"1a08aaf5-df85-476b-aff1-dd19195459bd","method":"GET","route":"/api/challenge/achievements/leaderboard"}
[wrangler:info] GET /api/challenge/achievements/leaderboard 500 Internal Server Error (26ms)
{"type":"worker-request-complete","timestamp":"2026-08-01T23:18:54.912Z","requestId":"1a08aaf5-df85-476b-aff1-dd19195459bd","method":"GET","route":"/api/challenge/achievements/leaderboard","status":500,"elapsedMs":21}
{"type":"worker-request","timestamp":"2026-08-01T23:32:46.728Z","requestId":"6c43ad5c-ef5f-4963-9452-b3f54c9ab4a4","method":"POST","route":"/api/challenge/achievements/ucl"}
{"type":"worker-request-complete","timestamp":"2026-08-01T23:32:46.896Z","requestId":"6c43ad5c-ef5f-4963-9452-b3f54c9ab4a4","method":"POST","route":"/api/challenge/achievements/ucl","status":500,"elapsedMs":168}
[wrangler:info] POST /api/challenge/achievements/ucl 500 Internal Server Error (177ms)
⎔ Reloading local server...
[wrangler:info] ✨ Parsed 3 valid header rules.
⎔ Local server updated and ready
⎔ Reloading local server...
[wrangler:info] ✨ Parsed 3 valid header rules.
⎔ Local server updated and ready
{"type":"worker-request","timestamp":"2026-08-01T23:36:34.769Z","requestId":"0864e17f-d016-4cab-9424-c7948a61da5e","method":"GET","route":"/ucl-simulator"}
{"type":"worker-request-complete","timestamp":"2026-08-01T23:36:34.811Z","requestId":"0864e17f-d016-4cab-9424-c7948a61da5e","method":"GET","route":"/ucl-simulator","status":200,"elapsedMs":42}
[wrangler:info] GET /ucl-simulator 200 OK (47ms)
{"type":"worker-request","timestamp":"2026-08-02T00:18:31.118Z","requestId":"801887d8-6e01-4464-80a8-c0cbf92c4f91","method":"POST","route":"/api/challenge/achievements/ucl"}
{"type":"worker-request-complete","timestamp":"2026-08-02T00:18:31.156Z","requestId":"801887d8-6e01-4464-80a8-c0cbf92c4f91","method":"POST","route":"/api/challenge/achievements/ucl","status":500,"elapsedMs":38}
[wrangler:info] POST /api/challenge/achievements/ucl 500 Internal Server Error (53ms)
[wrangler:info] GET /assets/pl-26-27/badges/chelsea.webp 304 Not Modified (75ms)
{"type":"worker-request","timestamp":"2026-08-02T00:19:59.057Z","requestId":"1ce45825-c03e-4e02-a420-e9ddcd359414","method":"POST","route":"/api/challenge/achievements/ucl"}
{"type":"worker-request-complete","timestamp":"2026-08-02T00:19:59.090Z","requestId":"1ce45825-c03e-4e02-a420-e9ddcd359414","method":"POST","route":"/api/challenge/achievements/ucl","status":500,"elapsedMs":33}
[wrangler:info] POST /api/challenge/achievements/ucl 500 Internal Server Error (40ms)
[wrangler:info] GET /assets/audio/ucl-legacy-anthem.mp3 304 Not Modified (23ms)
[wrangler:info] GET /favicon.png 304 Not Modified (24ms)
{"type":"worker-request","timestamp":"2026-08-02T00:20:00.926Z","requestId":"c6b5cb33-bb90-4cd1-8d80-f0942a74bd1a","method":"POST","route":"/api/challenge/achievements/ucl"}
{"type":"worker-request-complete","timestamp":"2026-08-02T00:20:00.941Z","requestId":"c6b5cb33-bb90-4cd1-8d80-f0942a74bd1a","method":"POST","route":"/api/challenge/achievements/ucl","status":500,"elapsedMs":15}
[wrangler:info] POST /api/challenge/achievements/ucl 500 Internal Server Error (24ms)
[wrangler:info] GET /assets/ucl-26-27/badges/galatasaray.png 304 Not Modified (34ms)
[wrangler:info] GET /assets/ucl-26-27/badges/roma.png 304 Not Modified (53ms)
[wrangler:info] GET /assets/ucl-26-27/badges/fenerbahce.svg 304 Not Modified (73ms)
[wrangler:info] GET /assets/ucl-26-27/badges/psv-eindhoven.png 304 Not Modified (72ms)
⎔ Reloading local server...
{"type":"worker-request","timestamp":"2026-08-02T00:20:11.514Z","requestId":"4d84e8b8-fda0-4659-be81-d24cfa59769e","method":"GET","route":"/"}
{"type":"worker-request-complete","timestamp":"2026-08-02T00:20:11.552Z","requestId":"4d84e8b8-fda0-4659-be81-d24cfa59769e","method":"GET","route":"/","status":200,"elapsedMs":38}
[wrangler:info] GET / 200 OK (44ms)
[wrangler:info] ✨ Parsed 3 valid header rules.
⎔ Local server updated and ready
⎔ Reloading local server...
[wrangler:info] ✨ Parsed 3 valid header rules.
⎔ Local server updated and ready
{"type":"worker-request","timestamp":"2026-08-02T00:20:13.169Z","requestId":"0b62f8ef-254b-46d5-9f47-8f4ade1bc39b","method":"POST","route":"/api/challenge/achievements/ucl"}
{"type":"worker-request-complete","timestamp":"2026-08-02T00:20:13.290Z","requestId":"0b62f8ef-254b-46d5-9f47-8f4ade1bc39b","method":"POST","route":"/api/challenge/achievements/ucl","status":500,"elapsedMs":121}
[wrangler:info] POST /api/challenge/achievements/ucl 500 Internal Server Error (594ms)
